usgs_id,gage_name,latitude,longitude,nwm_feature_id,geoglows_river_id,verification_status
USGS-02339495,OSELIGEE CREEK NEAR LANETT AL,32.9015159,-85.1963308,3296804,750182109,Unverified
USGS-02342500,"UCHEE CREEK NEAR FORT MITCHELL, AL.",32.31681467,-85.014931,3435970,750241324,Unverified
USGS-02342937,"SOUTH FORK COWIKEE CREEK NR HOWE, AL",32.0167861,-85.2138,3437910,750214100,Unverified
USGS-023432415,"CHATTAHOOCHEE R .36 MI DS WFG DAM NR FT GAINES, GA",31.62219444,-85.0591667,,750229503,Unverified
USGS-02361000,"CHOCTAWHATCHEE RIVER NEAR NEWTON, AL.",31.3429492,-85.6104912,2188031,750237798,Unverified
USGS-02361500,CHOCTAWHATCHEE RIVER NEAR BELLWOOD AL,31.15934229,-85.7843789,2189757,750224187,Unverified
USGS-02362240,"LITTLE DOUBLE BRIDGES CREEK NR ENTERPRISE, AL.",31.27239318,-85.9582737,2188549,750171496,Unverified
USGS-02363000,PEA RIVER NEAR ARITON AL,31.59488716,-85.7829975,2210130,750244896,Unverified
USGS-02364500,PEA RIVER NEAR SAMSON AL,31.11267588,-86.0993868,2214110,750221228,Unverified
USGS-02369800,BLACKWATER RIVER NEAR BRADLEY AL,31.02767985,-86.7099567,789206,750159071,Unverified
USGS-02371500,CONECUH RIVER AT BRANTLEY AL,31.57349458,-86.2516226,2377281,750249040,Unverified
USGS-02372250,PATSALIGA CREEK NEAR BRANTLEY AL,31.59627177,-86.40551809,2323396,750237792,Unverified
USGS-02372422,"CONECUH RIVER BEL PT A DAM NR RIVER FALLS, AL.",31.3612799,-86.5196826,2378929,750249046,Unverified
USGS-02372430,"CONECUH RIVER AT RIVER FALLS, ALABAMA",31.34822474,-86.5294047,2378189,750249046,Unverified
USGS-02373000,SEPULGA RIVER NEAR MCKENZIE AL,31.4537758,-86.7869139,2402121,750238386,Unverified
USGS-02374250,"CONECUH RIVER AT STATE HWY 41 NEAR BREWTON, AL.",31.06715578,-87.0616644,2413994,750250238,Unverified
USGS-02374500,MURDER CREEK NEAR EVERGREEN AL,31.41850006,-86.9866403,933140017,750184516,Unverified
USGS-02374700,"MURDER CREEK AT STATE HWY 41 AT BREWTON, AL.",31.10101137,-87.06885829,2413350,750213532,Unverified
USGS-02374745,"BURNT CORN CREEK AT STATE HWY 41 NEAR BREWTON, AL.",31.1298991,-87.0871928,2413254,750196364,Unverified
USGS-02374950,BIG ESCAMBIA CR AT SARDINE BR NR STANLEY CROSSROAD,31.12962115,-87.3705353,445834,750201099,Unverified
USGS-02375000,BIG ESCAMBIA CREEK AT FLOMATON AL,31.01076847,-87.2627814,446386,750183343,Unverified
USGS-02377570,"STYX RIVER NEAR ELSANOR, AL.",30.6057484,-87.5472057,2171465,750187498,Unverified
USGS-02378170,"WOLF CREEK BELOW FOLEY, ALA",30.38828617,-87.6527928,10854075,,Unverified
USGS-02378185,"INTRACOASTAL WATERWAY - GULF SHORES, AL.",30.27964626,-87.6866524,10854443,,Unverified
USGS-02378300,"MAGNOLIA RIVER AT US 98 NEAR FOLEY, ALABAMA",30.40658669,-87.7369323,18516128,750111135,Unverified
USGS-02378500,FISH RIVER NEAR SILVER HILL AL,30.54547146,-87.79860149,18514402,750160860,Unverified
USGS-0237854520,"FISH RIVER NEAR MARLOW, AL",30.47466944,-87.8026444,,750175662,Unverified
USGS-02378780,"D'OLIVE CREEK NEAR BRIDGEHEAD, AL",30.65206944,-87.8896472,,,Unverified
USGS-02397530,"COOSA RIVER AT STATE LINE, AL/GA",34.20194444,-85.45325,15823427,750278570,Unverified
USGS-02398300,CHATTOOGA RIVER ABOVE GAYLESVILLE AL,34.29036965,-85.5091268,15822925,750262583,Unverified
USGS-02399200,LITTLE RIVER NEAR BLUE POND AL,34.2889813,-85.6805204,15822929,750243639,Unverified
USGS-02400100,TERRAPIN CREEK AT ELLISVILLE AL,34.06509836,-85.6141287,15823141,750284494,Unverified
USGS-02400496,"COOSA RIVER AT GADSDEN STEAM PLANT NR GADSDEN, AL",34.01398655,-85.9702488,22199835,750322383,Unverified
USGS-02400680,"BIG WILLS CREEK AT STATE HWY 35 NR FORT PAYNE, AL",34.43814386,-85.7671907,22198487,750176739,Unverified
USGS-02401000,BIG WILLS CREEK NEAR REECE CITY,34.0981515,-86.0380286,22200595,750275020,Unverified
USGS-02401330,"COOSA RIVER NR SOUTHSIDE, ALA",33.9431535,-86.02608309,26132567,750317648,Unverified
USGS-02401390,BIG CANOE CREEK AT ASHVILLE AL,33.8398211,-86.2627559,22203349,750260227,Unverified
USGS-02401895,"OHATCHEE CREEK AT OHATCHEE, AL",33.7803769,-85.9983035,22201495,750247797,Unverified
USGS-02403170,"SHOAL CREEK NEAR HEFLIN, AL",33.72522778,-85.6011972,22201681,750180310,Unverified
USGS-02403310,"CHOCCOLOCCO CREEK NEAR BOILING SPRING, ALABAMA",33.60204998,-85.7852411,22201973,750247802,Unverified
USGS-02404400,CHOCCOLOCCO CREEK AT JACKSON SHOAL NR LINCOLN AL,33.5484383,-86.0969163,22204871,750240107,Unverified
USGS-02405500,KELLY CREEK NEAR VINCENT AL,33.4476497,-86.3869219,22206103,750244254,Unverified
USGS-02406500,TALLADEGA CREEK AT ALPINE AL,33.35955497,-86.2341414,22206629,750251360,Unverified
USGS-02406930,"SHIRTEE CREEK NEAR ODENA, ALABAMA",33.21178164,-86.273308,22271988,750192165,Unverified
USGS-02407000,COOSA RIVER AT CHILDERSBURG AL,33.29182009,-86.3638657,22273668,750296946,Unverified
USGS-02407514,"YELLOWLEAF CREEK NEAR WESTOVER, AL",33.32066689,-86.4952592,22271288,750251362,Unverified
USGS-02408150,"WALNUT CREEK ABOVE CLANTON, ALA",32.89027778,-86.5791667,22274808,750173821,Unverified
USGS-02408540,HATCHET CREEK BELOW ROCKFORD AL,32.9168292,-86.2702519,22274612,750237756,Unverified
USGS-02411590,"COOSA RIVER AT HWY 14 NEAR WETUMPKA, AL",32.5505472,-86.1957944,22276662,750257302,Unverified
USGS-02412000,"TALLAPOOSA RIVER NEAR HEFLIN, AL",33.622885,-85.5132894,15810691,750267929,Unverified
USGS-02413300,LITTLE TALLAPOOSA RIVER NEAR NEWELL AL,33.43733498,-85.399118,15811667,750247214,Unverified
USGS-02414300,"TALLAPOOSA RIVER AT MALONE, ALABAMA",33.19706256,-85.5771772,22035629,750269124,Unverified
USGS-02414500,TALLAPOOSA RIVER AT WADLEY AL,33.11678684,-85.5607875,22042575,750048903,Unverified
USGS-02414715,"TALLAPOOSA RIVER NR NEW SITE, AL.(HORSESHOE BEND)",32.97738315,-85.7396804,22038591,750272682,Unverified
USGS-02415000,HILLABEE CREEK NEAR HACKNEYVILLE AL,33.06539786,-85.8780186,22035157,750230648,Unverified
USGS-02416360,"LITTLE SANDY CREEK AT CAMP HILL, AL",32.78545278,-85.64283889,22038019,750176783,Unverified
USGS-02418230,"SOUGAHATCHEE CREEK AT CO RD 188 NR LOACHAPOKA, AL.",32.62680015,-85.5880076,21712124,750179748,Unverified
USGS-02418760,CHEWACLA CREEK AT CHEWACLA STATE PARK NR AUBURN,32.5481918,-85.4805044,21712732,750204022,Unverified
USGS-02419000,UPHAPEE CREEK NEAR TUSKEGEE AL,32.4768401,-85.69495709,21717690,750219416,Unverified
USGS-02419890,TALLAPOOSA RIVER NEAR MONT.-MONT. WATER WORKS,32.43989677,-86.1955275,21719268,750240729,Unverified
USGS-02420000,"ALABAMA RIVER NEAR MONTGOMERY, AL.",32.41152597,-86.40830579,21687086,750257306,Unverified
USGS-02421000,CATOMA CREEK NEAR MONTGOMERY AL,32.30736239,-86.2994126,21682252,750248429,Unverified
USGS-02421480,"BIG SWAMP CREEK SW OF HAYNEVILLE, AL",32.16718333,-86.5917,21684294,,Unverified
USGS-02422500,MULBERRY CREEK AT JONES AL,32.5829103,-86.9035991,21676818,750213492,Unverified
USGS-02423110,"CAHABA RIVER NEAR TRUSSVILLE, ALA",33.66565755,-86.592209,21654088,750044743,Unverified
USGS-02423130,"CAHABA RIVER AT TRUSSVILLE, AL.",33.62232504,-86.599431,21654166,750171432,Unverified
USGS-02423160,CAHABA RIVER NEAR WHITES CHAPEL AL,33.60371416,-86.5491517,21654200,750197481,Unverified
USGS-02423380,CAHABA RIVER NEAR MOUNTAIN BROOK AL,33.4817724,-86.7127653,21655350,750230637,Unverified
USGS-02423397,"LITTLE CAHABA RIVER BELOW LEEDS, AL.",33.53454886,-86.5624847,21654312,750169660,Unverified
USGS-02423400,"LITTLE CAHABA RIVER NR JEFFERSON PARK, AL.",33.4998273,-86.6141521,21655328,750169660,Unverified
USGS-02423414,LITTLE CAHABA RIVER AT CAH BEA RD NR CAHABA HTS AL,33.43982948,-86.6988758,21655412,750196301,Unverified
USGS-02423425,CAHABA RIVER NEAR CAHABA HEIGHTS AL,33.4156637,-86.7397099,21655464,750259055,Unverified
USGS-02423496,"CAHABA RIVER NEAR HOOVER, AL",33.3692767,-86.7841551,21655568,750254320,Unverified
USGS-02423500,CAHABA RIVER NEAR ACTON AL,33.36344373,-86.8130446,21656498,750254320,Unverified
USGS-0242354650,CAHABA VALLEY CR AT INDIAN TRAIL RD NR INDIAN SPRS,33.3449441,-86.7594183,,750157824,Unverified
USGS-0242354750,"CAHABA VALLEY CREEK AT CROSS CR RD AT PELHAM, AL.",33.31344546,-86.8063775,,750181505,Unverified
USGS-02423555,CAHABA RIVER NEAR HELENA AL,33.28455786,-86.8824901,21655896,750276818,Unverified
USGS-02423571,SHADES CREEK AT ELDER ST NEAR SPRINGDALE AL,33.52093809,-86.7169325,21654348,750143612,Unverified
USGS-02423586,"SHADES CREEK NR HOMEWOOD, ALA",33.4487185,-86.8136007,21655410,750212286,Unverified
USGS-02423630,SHADES CREEK NEAR GREENWOOD AL,33.3262234,-86.9497141,21655718,750231825,Unverified
USGS-02423647,CAHABA RIVER NEAR WEST BLOCTON AL,33.09817509,-87.054716,21658214,750265575,Unverified
USGS-02423800,LITTLE CAHABA RIVER NEAR BRIERFIELD AL,33.0576205,-86.95276899,21656310,750234792,Unverified
USGS-02424000,CAHABA RIVER AT CENTREVILLE AL,32.9451238,-87.1391623,21661814,750237163,Unverified
USGS-02425000,CAHABA RIVER NEAR MARION JUNCTION AL,32.4440634,-87.180279,21662336,750229481,Unverified
USGS-02427020,"BOGUE CHITTO CREEK AT CO RD 115 BELOW ORRVILLE, AL",32.27712327,-87.2813932,21456438,750234221,Unverified
USGS-02427250,"PINE BARREN CREEK NEAR SNOW HILL, AL.",31.99629727,-87.0683313,21457950,750228901,Unverified
USGS-02428400,ALABAMA RIVER AT CLAIBORNE L&D NEAR MONROEVILLE,31.61515849,-87.550548,18239647,750233055,Unverified
USGS-02429000,LIMESTONE CREEK NEAR MONROEVILLE AL,31.5626977,-87.351673,166745596,750181553,Unverified
USGS-02429540,"ALABAMA RIVER AT CHOCTAW BLUFF, AL.",31.3637786,-87.7649946,18242505,750257334,Unverified
USGS-02438000,BUTTAHATCHEE RIVER BELOW HAMILTON AL,34.10621294,-87.9894765,18670534,750266732,Unverified
USGS-02442500,"LUXAPALLILA CREEK AT MILLPORT, AL",33.57511416,-88.0833605,18648072,750254907,Unverified
USGS-02444160,"TOMBIGBEE RIVER AT BEVILL L&D NR PICKENSVILLE, AL",33.21067874,-88.2886454,18631042,750273268,Unverified
USGS-02446500,"SIPSEY RIVER NR ELROD, AL",33.2570987,-87.776408,166759201,750269715,Unverified
USGS-02447025,"TOMBIGBEE R AT HEFLIN L&D NR GAINESVILLE, AL",32.8481856,-88.1561363,18634038,750259070,Unverified
USGS-02448500,"NOXUBEE RIVER NR GEIGER, AL",32.9326287,-88.2978103,18604126,750256108,Unverified
USGS-02448900,"BODKA CREEK NEAR GEIGER, AL.",32.80707585,-88.3119761,18604744,750250783,Unverified
USGS-02449838,"DUCK RIVER ABOVE HWY 278 NEAR BERLIN, AL",34.1725,-86.69388889,18588458,750211674,Unverified
USGS-02449882,"BLUE SPRINGS CREEK NEAR BLOUNTSVILLE, AL.",34.07985725,-86.6077617,18588844,750186221,Unverified
USGS-02450000,"MULBERRY FORK NEAR GARDEN CITY, AL.",34.01204356,-86.73666329,18589030,750268510,Unverified
USGS-02450180,"MULBERRY FORK NEAR ARKADELPHIA, AL.",33.87204689,-86.9222211,18590656,750263778,Unverified
USGS-02450250,SIPSEY FORK NEAR GRAYSON AL,34.28537757,-87.3989084,18578829,750233575,Unverified
USGS-02450825,"CLEAR C AT NEW HOPE CHURCH NR POPLAR SPRINGS, AL.",34.08121506,-87.422793,18579837,750256669,Unverified
USGS-02452505,"SIPSEY FORK AT SIPSEY, ALA",33.82121589,-87.0702788,18581833,750280947,Unverified
USGS-02453000,BLACKWATER CREEK NEAR MANCHESTER AL,33.90843985,-87.2569514,18591938,750292193,Unverified
USGS-02453500,MULBERRY FORK AT CORDOVA AL,33.75760677,-87.1702791,18592074,750273254,Unverified
USGS-02454000,LOST CREEK NEAR OAKMAN AL,33.76399789,-87.3583383,18591722,750263781,Unverified
USGS-02455000,"LOCUST FORK NEAR CLEVELAND, AL.",34.02454235,-86.5741573,18563487,750282718,Unverified
USGS-02455185,BLACKBURN FORK LITTLE WARRIOR R NR HOLLY SPRINGS,33.8606544,-86.4458178,18565189,750238323,Unverified
USGS-02455980,TURKEY CREEK AT SEWAGE PLANT NEAR PINSON AL,33.71121273,-86.6961013,18565735,750217015,Unverified
USGS-02456000,TURKEY CREEK AT MORRIS AL,33.74037995,-86.8124936,18566313,750236550,Unverified
USGS-02456500,"LOCUST FORK AT SAYRE, AL.",33.7098268,-86.9833305,18566317,750279766,Unverified
USGS-02457595,"FIVEMILE CREEK NEAR REPUBLIC, AL",33.5970492,-86.8680483,18566081,750169066,Unverified
USGS-02457704,"FIVE MILE CREEK NR SAYRE, ALA",33.66343834,-86.9736073,18565921,750218201,Unverified
USGS-02458148,"VILLAGE CREEK AT 86TH ST NORTH AT ROEBUCK, AL.",33.5770483,-86.7188778,18566151,750145387,Unverified
USGS-02458190,TRIB TO VILLAGE CREEK AT 50th ST IN BIRMINGHAM,33.54843779,-86.7613783,18566335,,Unverified
USGS-02458450,"VILLAGE CREEK AT AVENUE W AT ENSLEY, AL",33.5176059,-86.8791584,18566201,750162555,Unverified
USGS-02458502,"VILLAGE CREEK NEAR PRATT CITY, ALABAMA",33.5239948,-86.8911032,18566201,750193340,Unverified
USGS-02458600,"VILLAGE CREEK NEAR DOCENA, ALABAMA",33.5481615,-86.9258266,18566179,750214059,Unverified
USGS-02460500,"VILLAGE CREEK NEAR ADAMSVILLE, AL.",33.6056616,-87.0069405,18567389,750232411,Unverified
USGS-02461130,"VALLEY CREEK AT CENTER ST AT BIRMINGHAM, AL",33.5057722,-86.8364556,18223461,750154860,Unverified
USGS-02461192,"VALLEY CREEK AT AVE W NEAR ENSLEY, AL",33.4926111,-86.8721722,18225339,750154860,Unverified
USGS-02461405,"VALLEY CREEK BELOW BRIGHTON, ALA",33.4256647,-86.9527705,18225411,750182093,Unverified
USGS-02461500,"VALLEY CREEK NEAR BESSEMER, AL",33.4192762,-86.9827711,18225427,750230639,Unverified
USGS-02462000,VALLEY CREEK NEAR OAK GROVE AL,33.44733226,-87.1222186,18229157,750238926,Unverified
USGS-02464000,NORTH RIVER NEAR SAMANTHA AL,33.47928058,-87.5972297,18229143,750228861,Unverified
USGS-02465000,BLACK WARRIOR RIVER AT NORTHPORT AL,33.20928528,-87.5900074,18229923,750275044,Unverified
USGS-02465292,"CRIBBS MILL CREEK AT WW PLANT AT TUSCALOOSA, AL.",33.17484164,-87.5647288,18206880,750025221,Unverified
USGS-02465493,ELLIOTTS CREEK AT MOUNDVILLE AL,32.99734636,-87.6222295,18208346,750219994,Unverified
USGS-02466030,"BLACK WARRIOR RIVER AT SELDEN L & D NEAR EUTAW, AL",32.77790835,-87.8405687,18215736,750152512,Unverified
USGS-02466500,"BIG PRAIRIE CREEK NEAR GALLION, AL.",32.54128314,-87.68112729,18210332,,Unverified
USGS-02467000,"TOMBIGBEE R AT DEMOPOLIS L&D NEAR COATOPA, AL.",32.51958077,-87.8783476,18540822,750237767,Unverified
USGS-02467500,SUCARNOOCHEE RIVER AT LIVINGSTON AL,32.5737822,-88.1933648,18531726,750227109,Unverified
USGS-02469500,TUCKABUM CREEK NEAR BUTLER AL,32.18351447,-88.1700306,18545406,750185088,Unverified
USGS-02469525,"TOMBIGBEE RIVER NEAR NANAFALIA, AL.",32.13014697,-88.0411267,18546646,750249024,Unverified
USGS-02469761,"TOMBIGBEE R AT COFFEEVILLE L&D NR COFFEEVILLE, AL.",31.75849066,-88.1291763,18548516,750278635,Unverified
USGS-02469800,SATILPA CREEK NEAR COFFEEVILLE AL,31.7443247,-88.0225066,21640642,750214107,Unverified
USGS-02470072,"BASSETT CREEK AT US HIGHWAY 43 NR THOMASVILLE, AL.",31.8640785,-87.7472402,21638314,750150168,Unverified
USGS-02471001,CHICKASAW CREEK NEAR KUSHLA AL,30.80296466,-88.1433355,18523647,750175653,Unverified
USGS-02471078,"FOWL RIVER AT HALF-MILE RD NEAR LAURENDINE, AL.",30.50075106,-88.1813906,18515610,,Unverified
USGS-02479500,"ESCATAWPA RIVER NEAR WILMER, AL",30.8624092,-88.417792,18094145,750201107,Unverified
USGS-02479945,"BIG CREEK AT COUNTY RD 63 NEAR WILMER, AL.",30.85601968,-88.3338988,18094191,750176244,Unverified
USGS-02479980,"CROOKED CREEK NEAR FAIRVIEW, AL.",30.78018805,-88.3188979,18094345,,Unverified
USGS-02480002,"HAMILTON CREEK AT SNOW ROAD NEAR SEMMES, AL.",30.72605413,-88.2764221,18095029,750010487,Unverified
USGS-02480020,BIG CREEK NEAR SEVEN HILLS AL,30.6393899,-88.3930922,18094651,750196377,Unverified
USGS-03572110,"CROW CREEK AT BASS, AL",34.9342828,-85.9174627,19644594,760490414,Unverified
USGS-03572690,"SOUTH SAUTY CREEK NEAR RAINSVILLE, ALA",34.4986981,-85.9296966,19647854,760307410,Unverified
USGS-03572900,TOWN CREEK NEAR GERALDINE AL,34.3784235,-85.9902524,19648068,760395611,Unverified
USGS-03574100,ESTILL FORK AT ESTILLFORK AL,34.91,-86.1683333,19618866,760438832,Unverified
USGS-03574500,PAINT ROCK RIVER NEAR WOODVILLE AL,34.6242547,-86.3063737,19621426,760455495,Unverified
USGS-0357479650,"HESTER CREEK AT BUDDY WILLIAMSON RD NR PLEVNA, AL",34.96092128,-86.4636024,,760440492,Unverified
USGS-03575100,"FLINT RIVER AT BROWNSBORO, AL.",34.7492568,-86.4466551,19621328,760497086,Unverified
USGS-0357526200,"BIG COVE CREEK AT DUG HILL ROAD NR HUNTSVILLE, AL.",34.70481325,-86.512212,,760339010,Unverified
USGS-03575272,"PEEVEY CREEK NEAR GURLEY, ALA",34.68203467,-86.44832149,19620186,,Unverified
USGS-0357568650,"ALDRIDGE CREEK AT TONEY DRIVE AT HUNTSVILLE, AL.",34.6981466,-86.5505467,,760367302,Unverified
USGS-0357568980,"ALDRIDGE C AT SHERWOOD DR NR HUNTSVILLE, ALA",34.6642578,-86.5541579,,760367302,Unverified
USGS-03575700,ALDRIDGE CREEK NEAR FARLEY AL,34.6239801,-86.54110169,19620688,760367302,Unverified
USGS-03575830,INDIAN CREEK NEAR MADISON AL,34.6973134,-86.6999967,19621386,760485442,Unverified
USGS-0357586650,"FAGAN CREEK AT ADAMS STREET AT HUNTSVILLE, AL.",34.7226208,-86.5749828,,,Unverified
USGS-0357587090,WEST FORK PINHOOK CR AT BLUE SPRS RD AT HUNTSVILLE,34.7884527,-86.5985946,,760315708,Unverified
USGS-0357587140,EAST FORK PINHOOK CR AT WINCHESTER RD AT HUNTSVIL,34.79289707,-86.5891499,,760315708,Unverified
USGS-0357587400,"PINHOOK C AT MASTIN LAKE RD AT HUNTSVILLE, ALA",34.77150864,-86.5922056,,760370621,Unverified
USGS-0357587728,"DALLAS BRANCH AT COLEMAN ST IN HUNTSVILLE, AL",34.74567586,-86.5741495,,,Unverified
USGS-03575890,"PINHOOK CREEK AT CLINTON AVE. AT HUNTSVILLE, AL.",34.72759099,-86.5933262,19619900,760339007,Unverified
USGS-0357591500,"BROGLAN BRANCH AT OAKWOOD AVENUE AT HUNTSVILLE, AL",34.74956467,-86.6252621,,760295743,Unverified
USGS-03575950,"HUNTSVILLE SP BR AT JOHNSON ROAD, HUNTSVILLE AL",34.6900911,-86.5963817,19620296,760478786,Unverified
USGS-03575980,MCDONALD CREEK AT PATTON ROAD NR HUNTSVILLE AL,34.69259115,-86.627494,19620232,760292417,Unverified
USGS-03576148,COTACO CREEK AT FLORETTE AL,34.4137049,-86.687774,19625212,760354009,Unverified
USGS-03576250,LIMESTONE CREEK NEAR ATHENS AL,34.751757,-86.8233348,19621374,760467134,Unverified
USGS-03576500,FLINT CREEK NEAR FALKVILLE AL,34.373184,-86.9336049,19626108,760380636,Unverified
USGS-03577119,"FLINT CREEK AT RED BANK RD SE NR DECATUR, AL",34.5061111,-86.9561111,19633494,760427217,Unverified
USGS-03577225,"SWAN CREEK BELOW ATHENS, ALA",34.7639782,-86.9463954,19619792,760483773,Unverified
USGS-03586500,BIG NANCE CREEK AT COURTLAND AL,34.67009046,-87.3172429,19581387,760428869,Unverified
USGS-03589500,TENNESSEE RIVER AT FLORENCE AL,34.78703254,-87.6700288,,760527035,Unverified
USGS-03590000,CYPRESS CREEK NEAR FLORENCE AL,34.8078655,-87.7005847,19581347,760447161,Unverified
USGS-03591800,BEAR CREEK NEAR HACKLEBURG AL,34.28370839,-87.7739189,19569230,760314083,Unverified
USGS-03592000,"BEAR CREEK AT REDBAY, AL",34.4439866,-88.1155963,19569910,,Unverified
USGS-03592500,"BEAR CREEK AT BISHOP,AL.",34.65592635,-88.1225408,19567882,760553670,Unverified
USGS-09379025,"CHINLE CREEK AT CHINLE, AZ",36.155,-109.5375,,710730528,Unverified
USGS-09379200,"CHINLE CREEK NEAR MEXICAN WATER, AZ",36.943891,-109.7106684,,710865399,Unverified
USGS-09380000,"COLORADO RIVER AT LEES FERRY, AZ",36.8643333,-111.5878722,,710803901,Unverified
USGS-09382000,"PARIA RIVER AT LEES FERRY, AZ",36.87220977,-111.5946052,,710684857,Unverified
USGS-09383100,COLORADO R ABV LITTLE COLORADO R NR DESERT VIEW,36.2040833,-111.8007222,,710682909,Unverified
USGS-09383400,"LITTLE COLORADO RIVER AT GREER, AZ",34.0167143,-109.4573125,,710464781,Unverified
USGS-09384000,"LITTLE COLORADO R ABV LYMAN LAKE NR ST. JOHNS, AZ",34.31448635,-109.362315,,710540158,Unverified
USGS-09385700,"LITTLE COLORADO RIVER BELOW SALADO SPRINGS, AZ",34.4505935,-109.3623199,,710671095,Unverified
USGS-09386030,"LITTLE COLORADO RVR ABV ZION RES. NR ST. JOHNS, AZ",34.5836456,-109.4070467,,710677040,Unverified
USGS-09386300,"LITTLE COLORADO RVR BLW ZION RES. NR ST JOHNS, AZ",34.6047544,-109.4892735,,710694895,Unverified
USGS-09390500,"SHOW LOW CREEK NEAR LAKESIDE, AZ",34.17948755,-109.9878858,,710538181,Unverified
USGS-09394500,"LITTLE COLORADO RIVER AT WOODRUFF, AZ",34.7828076,-110.0442837,,710635366,Unverified
USGS-09396100,"PUERCO RIVER NEAR CHAMBERS, AZ",35.18224625,-109.4470509,20557681,710794065,Unverified
USGS-09397000,"LITTLE COLORADO RIVER AT HOLBROOK, AZ",34.8978039,-110.1631768,21747017,710643296,Unverified
USGS-09397300,"LITTLE COLORADO RIVER NEAR JOSEPH CITY, AZ",34.90113674,-110.2554013,21747127,710653216,Unverified
USGS-09397500,"CHEVELON FORK BELOW WILDCAT CANYON, NR WINSLOW, AZ",34.6364196,-110.7142957,,710599661,Unverified
USGS-09398000,"CHEVELON CREEK NEAR WINSLOW, AZ",34.92438889,-110.5289306,,710659167,Unverified
USGS-09399400,"JACKS CANYON CREEK NEAR WINSLOW, AZ",34.92141094,-110.7976357,,710589727,Unverified
USGS-09400350,"LITTLE COLORADO RIVER NEAR WINSLOW, AZ",35.006725,-110.6542806,,710700826,Unverified
USGS-09400815,"NEWMAN CANYON ABOVE UPPER LAKE MARY, AZ",35.05494444,-111.4892222,,710504408,Unverified
USGS-09401260,"MOENKOPI WASH AT MOENKOPI, AZ",36.10499334,-111.2018069,,710704738,Unverified
USGS-09402000,"LITTLE COLORADO RIVER NEAR CAMERON, AZ",35.9263819,-111.5673682,,710805931,Unverified
USGS-09402300,"LITTLE COLORADO RIVER ABV MOUTH NR DESERT VIEW, AZ",36.1952642,-111.7771024,,710678941,Unverified
USGS-09402500,"COLORADO RIVER NEAR GRAND CANYON, AZ",36.10137176,-112.0862795,,710825763,Unverified
USGS-09403013,"PUMP HOUSE WASH SPRING NEAR GRAND CANYON, AZ",36.0785939,-112.1260026,20719586,710456739,Unverified
USGS-09403043,"HERMIT CREEK ABOVE TONTO TRAIL NR GRAND CANYON, AZ",36.08081566,-112.2137829,20719582,710474596,Unverified
USGS-09403850,"KANAB CREEK ABOVE THE MOUTH NEAR SUPAI, AZ",36.39581624,-112.6318566,,710760274,Unverified
USGS-09404104,"CATARACT CREEK AT REDLANDS CROSSING NEAR VALLE, AZ",35.80444444,-112.4263889,,710782129,Unverified
USGS-09404115,"HAVASU CREEK ABOVE THE MOUTH, NEAR SUPAI, AZ",36.30581618,-112.761305,,710790041,Unverified
USGS-09404120,COLORADO R ABV NATIONAL CANYON NR SUPAI,36.25970396,-112.8907533,,710815833,Unverified
USGS-09404200,COLORADO RVR ABV DIAMOND CREEK NR PEACH SPRINGS AZ,35.7735994,-113.363544,,710758323,Unverified
USGS-09404208,"DIAMOND CREEK NEAR PEACH SPRINGS, AZ",35.76498839,-113.3682663,,710601588,Unverified
USGS-09404222,"SPENCER CREEK NEAR PEACH SPRINGS, AZ",35.7999,-113.65535,,710678962,Unverified
USGS-09413700,"VIRGIN RV ABV THE NARROWS NR LITTLEFIELD, AZ",36.92138889,-113.8313889,4916164,710831672,Unverified
USGS-09415000,"VIRGIN RV AT LITTLEFIELD, AZ",36.8916437,-113.9244098,4916262,710736442,Unverified
USGS-09415060,"MESQUITE CANAL NR MESQUITE, NV",36.80988889,-114.01475,4915742,710786046,Unverified
USGS-09423560,"FIREBREAK CANAL AT HAVASU NWR NEAR NEEDLES, CA",34.8077833,-114.5713222,,710698851,Unverified
USGS-09424380,"TROUT CREEK ABOVE KNIGHT CREEK, NEAR WIKIEUP, AZ",34.94702778,-113.6191389,,710591709,Unverified
USGS-09424447,"BURRO CREEK AT OLD US 93 BRIDGE, NEAR BAGDAD, AZ",34.5416838,-113.4452053,,710688945,Unverified
USGS-09424450,"BIG SANDY RIVER NEAR WIKIEUP, AZ",34.46251664,-113.6243774,,710708790,Unverified
USGS-09424580,"UPPER LITTLE SYCAMORE WASH NEAR BAGDAD, AZ",34.57073889,-113.067561,,710504432,Unverified
USGS-09424600,"LITTLE SYCAMORE WASH NEAR BAGDAD, AZ",34.54916667,-113.0577778,,710514353,Unverified
USGS-09424900,"SANTA MARIA RIVER NEAR BAGDAD, AZ",34.305854,-113.3471441,,710552062,Unverified
USGS-09426000,"BILL WILLIAMS RIVER BELOW ALAMO DAM, AZ",34.2308539,-113.6088195,,710573889,Unverified
USGS-09426620,"BILL WILLIAMS RIVER NEAR PARKER, AZ",34.2612361,-114.0289806,,710619520,Unverified
USGS-09428500,"CRIR MAIN CANAL NEAR PARKER, AZ",34.16779378,-114.2766175,,710615557,Unverified
USGS-09428505,"GARDNER LATERAL SPILL NEAR PARKER, AZ",34.02779463,-114.433566,,710579851,Unverified
USGS-09428510,"POSTON WASTEWAY NEAR POSTON, AZ",33.99845278,-114.4563389,,710546125,Unverified
USGS-09429030,"PALO VERDE DRAIN NEAR PARKER, AZ",33.75696536,-114.4974554,,710395347,Unverified
USGS-09429070,"CRIR LWR MAIN DRAIN BLW TYSON WW, NR EHRENBERG, AZ",33.72951944,-114.497561,,710542171,Unverified
USGS-09439000,"GILA RIVER AT DUNCAN, AZ",32.72444444,-109.0991667,,710452943,Unverified
USGS-09442000,"GILA RIVER NEAR CLIFTON, AZ",32.96527778,-109.3086111,,710482691,Unverified
USGS-09444200,"BLUE RIVER NEAR CLIFTON, AZ.",33.29089456,-109.1961832,,710480689,Unverified
USGS-09444500,"SAN FRANCISCO RIVER AT CLIFTON, AZ",33.05604444,-109.2990167,,710556094,Unverified
USGS-09446320,"EAGLE CREEK AT EAGLE SCHOOL RD, NEAR MORENCI, AZ",33.35905556,-109.4915278,,710415214,Unverified
USGS-09446500,"EAGLE CREEK NR DOUBLE CIRCLE RANCH, NR MORENCI, AZ",33.3000815,-109.4923173,,710528306,Unverified
USGS-09447000,"EAGLE CREEK ABOVE PUMPING PLANT, NEAR MORENCI, AZ.",33.06615,-109.444975,,710458877,Unverified
USGS-09447800,"BONITA CREEK NEAR MORENCI, AZ.",32.9556458,-109.5312047,,710448962,Unverified
USGS-09448500,"GILA RIVER AT HEAD OF SAFFORD VALLEY, NR SOLOMON,",32.8827222,-109.4796056,,710490631,Unverified
USGS-09457000,"SAN SIMON RIVER NEAR SOLOMON, ARIZ.",32.8017604,-109.639262,,710454924,Unverified
USGS-09466500,"GILA RIVER AT CALVA, AZ.",33.18561278,-110.2200903,,710516407,Unverified
USGS-09468500,"SAN CARLOS RIVER NEAR PERIDOT, AZ.",33.29644678,-110.4514876,,710476721,Unverified
USGS-09469500,"GILA RIVER BELOW COOLIDGE DAM, AZ.",33.1695055,-110.5312109,,710480696,Unverified
USGS-09470500,"SAN PEDRO RIVER AT PALOMINAS, AZ.",31.3801309,-110.1112093,,710312147,Unverified
USGS-09470700,"BANNING CREEK NEAR BISBEE, AZ",31.50345,-110.0056694,,,Unverified
USGS-09470750,"RAMSEY CANYON NEAR SIERRA VISTA, AZ",31.44666667,-110.3058333,,,Unverified
USGS-09470800,"GARDEN CANYON NEAR FORT HUACHUCA, AZ",31.47287518,-110.3478588,,710224847,Unverified
USGS-09471000,"SAN PEDRO RIVER AT CHARLESTON, AZ",31.62594167,-110.1751028,,710347848,Unverified
USGS-09471310,"HUACHUCA CANYON NEAR FORT HUACHUCA, AZ",31.51805556,-110.3872222,,,Unverified
USGS-09471380,"UPPER BABOCOMARI RIVER NEAR HUACHUCA CITY, AZ",31.63201389,-110.4020472,,710385543,Unverified
USGS-09471400,"BABOCOMARI RIVER NEAR TOMBSTONE, AZ",31.70051389,-110.2275778,,710351812,Unverified
USGS-09471550,"SAN PEDRO RIVER NEAR TOMBSTONE, AZ",31.75144444,-110.2013333,,710480768,Unverified
USGS-09472050,"SAN PEDRO R AT REDINGTON BRIDGE NR REDINGTON, AZ",32.44636667,-110.488275,,710498589,Unverified
USGS-09473000,"ARAVAIPA CREEK NEAR MAMMOTH, AZ.",32.84467778,-110.6292861,,710502537,Unverified
USGS-09474000,"GILA RIVER AT KELVIN, AZ.",33.1028404,-110.9765014,,710530299,Unverified
USGS-09475500,"FLORENCE-CASA GRANDE CANAL, NEAR FLORENCE, AZ.",33.09440556,-111.26015,,,Unverified
USGS-09478500,"QUEEN CREEK BELOW WHITLOW DAM NR SUPERIOR, AZ.",33.29922128,-111.2776263,,710439025,Unverified
USGS-09479350,"GILA RIVER NEAR MARICOPA, AZ.",33.168661,-112.0073648,,710490616,Unverified
USGS-09480000,"SANTA CRUZ RIVER NEAR LOCHIEL, AZ",31.35540695,-110.5895553,,710318100,Unverified
USGS-09480500,"SANTA CRUZ RIVER NEAR NOGALES, AZ.",31.34457256,-110.8515066,,710347861,Unverified
USGS-09481000,"NOGALES WASH AT NOGALES, AZ",31.3432722,-110.9316722,,710250646,Unverified
USGS-09481740,"SANTA CRUZ RIVER AT TUBAC, AZ.",31.61304167,-111.040125,,710353800,Unverified
USGS-09482000,"SANTA CRUZ RIVER AT CONTINENTAL, AZ",31.87150114,-110.980125,,710413307,Unverified
USGS-09482440,"SANTA CRUZ RIVER AT SILVERLAKE RD, AT TUCSON, AZ",32.2001111,-110.9878333,,710492650,Unverified
USGS-09482490,SANTA CRUZ RIVER AT STARR PASS GCS AT TUCSON AZ,32.20705278,-110.9885333,,710445033,Unverified
USGS-09482495,"SANTA CRUZ RIVER AT MISSION LANE GCS AT TUCSON, AZ",32.2142222,-110.9833056,,710445033,Unverified
USGS-09482500,"SANTA CRUZ RIVER AT TUCSON, AZ",32.22118727,-110.9817589,,710447017,Unverified
USGS-09484000,"SABINO CREEK NEAR TUCSON, AZ",32.3147222,-110.8109167,,710357731,Unverified
USGS-09484500,"TANQUE VERDE CREEK AT TUCSON, AZ.",32.26425556,-110.8413,,710484710,Unverified
USGS-09484550,"CIENEGA CREEK NEAR SONOITA, AZ.",31.86555556,-110.57,,710353787,Unverified
USGS-09484580,"BARREL CANYON NEAR SONOITA, AZ",31.86175124,-110.691193,,710258555,Unverified
USGS-09484600,"PANTANO WASH NEAR VAIL, AZ.",32.03594255,-110.677618,,710425202,Unverified
USGS-09485000,"RINCON CREEK NEAR TUCSON, AZ.",32.12976667,-110.6258333,,710324013,Unverified
USGS-09485450,"PANTANO WASH AT BROADWAY BLVD. AT TUCSON, AZ.",32.22083056,-110.8289278,,710468842,Unverified
USGS-09485700,"RILLITO CREEK AT DODGE BOULEVARD, AT TUCSON, AZ.",32.2714643,-110.9145354,,710526374,Unverified
USGS-09486055,"RILLITO CREEK AT LA CHOLLA BLVD NEAR TUCSON, AZ.",32.3027611,-111.011375,,710425188,Unverified
USGS-09486350,"CANADA DEL ORO BLW INA ROAD, NEAR TUCSON, AZ.",32.33621,-111.0420746,,710389473,Unverified
USGS-09486500,"SANTA CRUZ RIVER AT CORTARO, AZ",32.3507222,-111.095875,,710512482,Unverified
USGS-09486520,"SANTA CRUZ RIVER AT TRICO ROAD, NR MARANA, AZ.",32.47158889,-111.3019667,,710502556,Unverified
USGS-09486800,"ALTAR WASH NEAR THREE POINTS, AZ.",31.83908056,-111.4042667,,710363708,Unverified
USGS-09487000,"BRAWLEY WASH NEAR THREE POINTS, AZ.",32.0756601,-111.3387473,,710464880,Unverified
USGS-09489000,"SANTA CRUZ RIVER NEAR LAVEEN, AZ.",33.23226977,-112.169593,,710450933,Unverified
USGS-09489082,"NORTH FORK THOMAS CREEK NEAR ALPINE, AZ",33.67502778,-109.2701111,,,Unverified
USGS-09489500,"BLACK RVR BLW PUMPING PLANT, NR POINT OF PINES, AZ",33.47672039,-109.7639775,,710514408,Unverified
USGS-09490500,"BLACK RIVER NEAR FORT APACHE, AZ.",33.71282949,-110.2117674,,710573918,Unverified
USGS-09492400,"EAST FORK WHITE RIVER NEAR FORT APACHE, AZ.",33.8222723,-109.8145413,,710345751,Unverified
USGS-09494000,"WHITE RIVER NEAR FORT APACHE, AZ.",33.73644059,-110.166767,,710548123,Unverified
USGS-09496500,"CARRIZO CREEK NEAR SHOW LOW, AZ.",33.9858809,-110.2809417,,710512398,Unverified
USGS-09497500,"SALT RIVER NEAR CHRYSOTILE, AZ",33.79810588,-110.4998292,,710520344,Unverified
USGS-09497700,"CIBECUE CREEK NEAR OVERGAARD, AZ",34.1572222,-110.5111111,,710468740,Unverified
USGS-09497800,"CIBECUE CREEK NEAR CHRYSOTILE, AZ",33.8431053,-110.5576092,,710448917,Unverified
USGS-09497980,"CHERRY CREEK NEAR GLOBE, AZ",33.8278262,-110.8562266,,710532246,Unverified
USGS-09498400,"PINAL CREEK AT INSPIRATION DAM, NR GLOBE, AZ.",33.5731068,-110.9012251,,710500516,Unverified
USGS-09498500,"SALT RIVER NEAR ROOSEVELT, AZ",33.6194949,-110.9215037,,710577889,Unverified
USGS-094985005,"PINTO CREEK ABOVE HAUNTED CANYON NR MIAMI, AZ",33.4058333,-110.9986111,,710387437,Unverified
USGS-09498501,"PINTO CREEK BLW HAUNTED CANYON NR MIAMI, AZ",33.41866469,-111.0095609,,710385451,Unverified
USGS-09498502,"PINTO CREEK NEAR MIAMI, AZ",33.4878297,-110.9953942,22443884,710415209,Unverified
USGS-09498503,"SOUTH FORK PARKER CREEK NEAR ROOSEVELT, AZ",33.79694444,-110.9598111,,,Unverified
USGS-09499000,"TONTO CREEK ABOVE GUN CREEK, NEAR ROOSEVELT, AZ",33.9800413,-111.3034659,,710579855,Unverified
USGS-09502000,"SALT RIVER BLW STEWART MOUNTAIN DAM, AZ.",33.55282304,-111.5765243,,710567973,Unverified
USGS-09502800,"WILLIAMSON VALLEY WASH NEAR PAULDEN, AZ",34.8666865,-112.6132308,,710599650,Unverified
USGS-09502830,"BIG CHINO WASH AT PAULDEN, AZ",34.8703611,-112.4699444,,710655201,Unverified
USGS-09502900,"DEL RIO SPRINGS NEAR CHINO VALLEY, AZ",34.8255769,-112.4446148,,710490532,Unverified
USGS-09502960,"GRANITE CREEK AT PRESCOTT, AZ",34.55196864,-112.4623913,,710514354,Unverified
USGS-09503000,"GRANITE CREEK NEAR PRESCOTT, AZ",34.56307975,-112.4448909,,710577841,Unverified
USGS-09503300,"GRANITE CREEK BELOW WATSON LAKE NEAR PRESCOTT, AZ",34.6136111,-112.4172222,,710617519,Unverified
USGS-09503700,"VERDE RIVER NEAR PAULDEN, AZ",34.89502016,-112.3429468,,710679009,Unverified
USGS-09503990,"SYCAMORE CREEK ABOVE VERDE RVR, NEAR CLARKDALE, AZ",34.8648611,-112.0741667,,710637345,Unverified
USGS-09504000,"VERDE RIVER NEAR CLARKDALE, AZ",34.8522416,-112.065994,,710682978,Unverified
USGS-09504350,"WEST FORK OAK CREEK NR SEDONA, AZ",34.98775,-111.7461944,,710593691,Unverified
USGS-09504420,"OAK CREEK NEAR SEDONA, AZ",34.86153889,-111.7619972,,710635361,Unverified
USGS-09504500,"OAK CREEK NEAR CORNVILLE, AZ",34.76446436,-111.8909885,,710675045,Unverified
USGS-09504950,"VERDE RIVER ABOVE CAMP VERDE, AZ",34.6116972,-111.8984306,,710611566,Unverified
USGS-09505200,"WET BEAVER CREEK NEAR RIMROCK, AZ",34.67474409,-111.672094,,710591723,Unverified
USGS-09505350,"DRY BEAVER CREEK NEAR RIMROCK, AZ",34.72863146,-111.775708,,710593704,Unverified
USGS-09505400,"BEAVER CREEK NR LAKE MONTEZUMA, AZ",34.615,-111.8372222,,710554030,Unverified
USGS-09505800,"WEST CLEAR CREEK NEAR CAMP VERDE, AZ",34.53863606,-111.6940356,,710583794,Unverified
USGS-09506000,"VERDE RIVER NEAR CAMP VERDE, AZ",34.4483605,-111.7898705,,710712758,Unverified
USGS-09507480,"FOSSIL CREEK NEAR STRAWBERRY, AZ",34.39430556,-111.63,,710458809,Unverified
USGS-09507580,"EAST VERDE R DIV FROM EAST CLEAR CR NR PINE, AZ",34.41780739,-111.2637469,,,Unverified
USGS-09507980,"EAST VERDE RIVER NEAR CHILDS, AZ",34.27642068,-111.6387561,,710601664,Unverified
USGS-09508000,"VERDE RIVER BELOW EAST VERDE RIVER NEAR CHILDS, AZ",34.2635583,-111.6815278,,710554047,Unverified
USGS-09508300,"WET BOTTOM CREEK NEAR CHILDS, AZ",34.16086787,-111.6929235,,710458820,Unverified
USGS-09508500,"VERDE RVR BLW TANGLE CREEK, ABV HORSESHOE DAM, AZ",34.0730922,-111.7162569,,710575883,Unverified
USGS-09510000,"VERDE RIVER BELOW BARTLETT DAM, AZ",33.80837509,-111.6634729,,710506455,Unverified
USGS-09510200,"SYCAMORE CREEK NEAR FORT MCDOWELL, AZ",33.69421054,-111.541802,,710528285,Unverified
USGS-09511300,"VERDE RIVER NEAR SCOTTSDALE, AZ",33.5586557,-111.6693043,,710562020,Unverified
USGS-09512165,"SALT RIVER AT PRIEST DRIVE NEAR PHOENIX, AZ.",33.43948927,-111.9609781,,710312042,Unverified
USGS-09512280,"CAVE CREEK BLW COTTONWOOD CR NEAR CAVE CREEK, AZ.",33.88725977,-111.9540388,,710496531,Unverified
USGS-09512450,"AGUA FRIA RIVER NEAR HUMBOLDT, AZ",34.48527778,-112.2375,20412230,710637365,Unverified
USGS-09512500,"AGUA FRIA RIVER NEAR MAYER, AZ",34.3153073,-112.0640455,,710536190,Unverified
USGS-09512800,"AGUA FRIA RIVER NEAR ROCK SPRINGS, AZ",34.01558948,-112.1679378,,710550093,Unverified
USGS-09513780,"NEW RIVER NEAR ROCK SPRINGS, AZ.",33.97420168,-112.0990458,,710500495,Unverified
USGS-09513860,"SKUNK CREEK NEAR PHOENIX, AZ",33.72920456,-112.1198755,,710462811,Unverified
USGS-09514100,"GILA RIVER AT ESTRELLA PARKWAY, NEAR GOODYEAR, AZ",33.3875427,-112.3923808,,710500525,Unverified
USGS-09516500,"HASSAYAMPA RIVER NEAR MORRISTOWN, AZ.",33.88503188,-112.6621198,,710550099,Unverified
USGS-09517000,"HASSAYAMPA RIVER NEAR ARLINGTON, AZ",33.3472844,-112.7257391,20405291,710516399,Unverified
USGS-09517490,CENTENNIAL WASH AT SOUTHERN PACIFIC RAILROAD BRDG,33.31031984,-112.8818423,,710500529,Unverified
USGS-09519000,"ENTERPRISE CANAL AT GILLESPIE DAM, AZ",33.2292104,-112.7715597,,710437045,Unverified
USGS-09519501,"GILA R BLW GILLESPIE DAM, AZ (LOW-FLOW STATION)",33.22921044,-112.7673929,,710558068,Unverified
USGS-09519800,"GILA RIVER BELOW PAINTED ROCK DAM, AZ",33.0750458,-113.0146217,20377291,710597758,Unverified
USGS-09520280,"GILA RIVER NEAR DATELAND, AZ",32.87928056,-113.5412639,,710462854,Unverified
USGS-09520500,"GILA RIVER NEAR DOME, AZ",32.7608789,-114.4205019,,710510477,Unverified
USGS-09520900,"COLORADO RVR ABV OCEAN TO OCEAN BRIDGE NR YUMA, AZ",32.72652778,-114.6019333,,710476751,Unverified
USGS-09522500,"GILA GRAVITY MAIN CANAL AT IMPERIAL DAM, AZ-CA",32.8712,-114.4500806,,710302153,Unverified
USGS-09522600,"NORTH GILA MAIN CANAL NEAR YUMA, AZ",32.80296389,-114.4953222,,,Unverified
USGS-09522650,"NORTH GILA MAIN CANAL NO. 2 NEAR YUMA, AZ",32.75266667,-114.4939472,,,Unverified
USGS-09522660,"GILA MONSTER FARMS TURNOUT NO. 1 NEAR YUMA, AZ",32.74586944,-114.4787944,,,Unverified
USGS-09522680,"GILA MONSTER FARMS TURNOUT NO. 2 NEAR YUMA, AZ",32.74388889,-114.4616667,,,Unverified
USGS-09522700,"WELLTON-MOHAWK MAIN CANAL NEAR YUMA, AZ",32.7422683,-114.4338356,,710300173,Unverified
USGS-09522800,"SOUTH GILA MAIN CANAL NEAR YUMA, AZ",32.68743889,-114.4721778,,710343824,Unverified
USGS-09522850,"GILA GRAVITY CANAL AT YUMA-MESA PUMPING PLANT, AZ",32.68175,-114.4703639,,,Unverified
USGS-09522860,CITY OF YUMA DIVERSION AT AVENUE 9E PUMPING PLANT,32.67888889,-114.478611,,,Unverified
USGS-09522880,"MCAS DIVERSION OF B CANAL NEAR YUMA, AZ",32.64888889,-114.5822222,,,Unverified
USGS-09522900,"UNIT B CANAL NEAR YUMA, AZ",32.6180361,-114.6304306,,,Unverified
USGS-09525500,"YUMA MAIN CANAL BLW COLORADO R. SIPHON AT YUMA, AZ",32.7274,-114.6212694,,710480719,Unverified
USGS-09526000,DIVERSION FROM YUMA MAIN CANAL FOR YUMA MUNICIPAL,32.72638889,-114.6172222,,710480719,Unverified
USGS-09528200,COCOPAH DIVERSION FROM WEST MAIN CANAL NR SOMERTON,32.61833333,-114.7616667,,,Unverified
USGS-09528800,"LEVEE CANAL WASTEWAY NEAR YUMA, AZ",32.75868889,-114.5240028,21412863,710514445,Unverified
USGS-09529000,"GILA DRAIN NO. 1 NEAR YUMA, AZ",32.75877778,-114.5226139,,710276365,Unverified
USGS-09529150,"NORTH GILA MAIN CANAL WASTEWAY NEAR YUMA, AZ",32.72628056,-114.5042444,,710470799,Unverified
USGS-09529250,"BRUCE CHURCH WASTEWAY NEAR YUMA, AZ",32.71555556,-114.533386,,710472783,Unverified
USGS-09529300,"WELLTON-MOHAWK MAIN OUTLET DRAIN NR YUMA, AZ",32.74210278,-114.4369028,,710302158,Unverified
USGS-09529420,"SOUTH GILA TERMINAL CANAL WASTEWAY NR YUMA, AZ",32.693659,-114.58134,,710290256,Unverified
USGS-09530200,"YUMA MESA OUTLET DRAIN NEAR YUMA, AZ",32.730047,-114.658287,21412723,710480719,Unverified
USGS-09537200,"LESLIE CREEK NEAR MCNEAL, AZ.",31.59012789,-109.5089722,,710306185,Unverified
USGS-09537500,"WHITEWATER DRAW NEAR DOUGLAS, AZ.",31.35285278,-109.5857194,,710361748,Unverified
USGS-09537700,"BLACK DRAW AT SAN BERNARDINO NWR NEAR DOUGLAS, AZ",31.35136944,-109.2670861,945080061,710328021,Unverified
USGS-07047932,"L'ANGUILLE R NR WHITEHALL, AR",35.473702,-90.79039,22859811,760495367,Unverified
USGS-070479376,"Brushy Creek Near Vanndale, AR",35.32345,-90.9323972,,760543634,Unverified
USGS-07047942,"LAnguille River near Colt, AR",35.1447222,-90.8780556,22860477,,Unverified
USGS-07047950,"LAnguille River at Palestine, AR",34.97277778,-90.8855556,22864529,760568620,Unverified
USGS-07047980,"White River at Elkins, AR",36.0008333,-94.0036111,8590574,760556895,Unverified
USGS-07048493,"Town Br. at S Morningside at Fayetteville, AR",36.0449333,-94.1494333,,760418779,Unverified
USGS-07048550,"West Fork White River east of Fayetteville, AR",36.05388889,-94.0830556,8590430,760595163,Unverified
USGS-07048600,"White River near Fayetteville, AR",36.07305556,-94.0811111,8590894,760633434,Unverified
USGS-07048780,"Richland Creek near Goshen, AR",36.04855556,-93.9742222,8588914,760571868,Unverified
USGS-07049000,"War Eagle Creek near Hindsville, AR",36.2,-93.855,8588002,760650063,Unverified
USGS-07050500,"Kings River near Berryville, AR",36.4272222,-93.6208333,8586784,760630079,Unverified
USGS-07053250,"Yocum Creek near Oak Grove, AR",36.45444444,-93.3561111,8586574,760516925,Unverified
USGS-07055607,"Crooked Creek at Kelly Crossing at Yellville, AR",36.23027778,-92.7094444,7628072,760633420,Unverified
USGS-07055646,"Buffalo River near Boxley, AR",35.93888889,-93.405,11819355,760560230,Unverified
USGS-07055660,"Buffalo River at Ponca, AR",36.0225,-93.3547222,11817087,760640093,Unverified
USGS-07055680,"Buffalo River at Pruitt, AR",36.05916667,-93.1377778,11816741,760643418,Unverified
USGS-07055875,"Richland Creek near Witts Spring, AR",35.7972222,-92.9288889,11818809,760485358,Unverified
USGS-07056000,"Buffalo River near St. Joe, AR",35.98305556,-92.7472222,11818755,760608480,Unverified
USGS-07056515,"Bear Creek near Silver Hill, AR",35.94,-92.7133333,11817935,760516965,Unverified
USGS-07056700,"Buffalo River near Harriet, AR",36.06777778,-92.5775,11816353,760660059,Unverified
USGS-07057370,"White River near Norfork, AR",36.2236111,-92.3,11830560,760708303,Unverified
USGS-07060500,"White River at Calico Rock, AR",36.11666667,-92.1430556,11829944,760375508,Unverified
USGS-07060710,"North Sylamore Creek near Fifty Six, AR",35.99166667,-92.2138889,11834118,760355552,Unverified
USGS-07061000,"White River at Batesville, AR",35.76027778,-91.6411111,11833608,760743281,Unverified
USGS-07064000,"Black River near Corning, AR",36.40194444,-90.5413889,7672652,760658367,Unverified
USGS-07064026,"Black River near Peach Orchard, AR",36.3159722,-90.7155278,7672890,760698308,Unverified
USGS-07064040,"Little River near Peach Orchard, AR",36.29716667,-90.6990833,7672930,760420422,Unverified
USGS-07069000,"Black River at Pocahontas, AR",36.25416667,-90.9702778,7548159,760638411,Unverified
USGS-07069220,"Spring River near Mammoth Spring, AR",36.46034879,-91.5268031,,760610106,Unverified
USGS-07069295,"South Fork Spring River at Saddle, AR",36.3522222,-91.6336111,7560625,760575171,Unverified
USGS-07069305,"Spring River at Spring Street Bridge at Hardy, AR",36.3136111,-91.4827778,7561723,760636742,Unverified
USGS-07069500,"Spring River at Imboden, AR",36.20555556,-91.1716667,7561621,760675023,Unverified
USGS-07072000,"Eleven Point River near Ravenden Springs, AR",36.34638889,-91.1141667,7573907,760626755,Unverified
USGS-07072500,"Black River at Black Rock, AR",36.1025,-91.0977778,7549123,760626775,Unverified
USGS-07074420,"Black River at Elgin Ferry, AR",35.76555556,-91.3002778,7551125,760683373,Unverified
USGS-07074500,"White River at Newport, AR",35.60527778,-91.2888889,11799733,760595195,Unverified
USGS-07074670,"Tuckerman Ditch at Tuckerman, AR",35.7265,-91.2004722,11798549,760388851,Unverified
USGS-07074850,"White River near Augusta, AR",35.29444444,-91.3941667,11802413,760608530,Unverified
USGS-07075000,"Middle Fork of Little Red River at Shirley, AR",35.65666667,-92.2927778,11777983,760623481,Unverified
USGS-07075270,"South Fork of Little Red River near Scotland, AR",35.5697222,-92.6219444,11777215,760571904,Unverified
USGS-07075300,"South Fork of Little Red River at Clinton, AR",35.58694444,-92.4513889,11777113,760511999,Unverified
USGS-07076000,Little Red River near Heber Springs,35.5172222,-91.9972222,,760630147,Unverified
USGS-07076517,"Little Red River near Dewey, AR",35.43805556,-91.7458333,11779377,760518666,Unverified
USGS-07076750,"White River at Georgetown, AR",35.12888889,-91.4497222,14320639,760595230,Unverified
USGS-07077000,"White River at DeValls Bluff, AR",34.79444444,-91.4447222,25189323,760560314,Unverified
USGS-07077380,"Cache River at Egypt, AR",35.8575,-90.9330556,9273022,760653417,Unverified
USGS-07077500,"Cache River at Patterson, AR",35.2697222,-91.2363889,9277778,760626837,Unverified
USGS-07077555,"Cache River near Cotton Plant, AR",35.03555556,-91.3225,9278434,760575264,Unverified
USGS-07077700,"Bayou DeView near Morton, AR",35.25194444,-91.1119444,9280092,,Unverified
USGS-07191160,"Spavinaw Creek near Maysville, AR",36.36452259,-94.5513299,21770953,760481987,Unverified
USGS-07191179,"Spavinaw Creek near Cherokee City, AR",36.3420235,-94.58772,21771041,760528580,Unverified
USGS-07194800,"Illinois River at Savoy, AR",36.10305556,-94.3444444,398478,760545239,Unverified
USGS-071948095,"Mud Creek near Johnson, AR",36.1228083,-94.1625611,,760438742,Unverified
USGS-07194880,"Osage Creek near Cave Springs, AR",36.2814592,-94.227997,397364,760475336,Unverified
USGS-07194906,"Spring Creek at Sanders Ave at Springdale, AR",36.19566667,-94.1358889,397814,760450383,Unverified
USGS-07194933,"Spring Creek at Hwy 112 nr Springdale, AR",36.24377778,-94.2391389,397506,760445389,Unverified
USGS-07195000,"Osage Creek near Elm Springs, AR",36.22194444,-94.2883333,399500,760478670,Unverified
USGS-07195400,Illinois River at Hwy. 16 near Siloam Springs AR,36.1447222,-94.4947222,398128,760590162,Unverified
USGS-07195430,"Illinois River South of Siloam Springs, AR",36.1086111,-94.5333333,398430,760581847,Unverified
USGS-07195800,"Flint Creek at Springtown, AR",36.2561111,-94.4336111,399452,760388811,Unverified
USGS-07196900,"Baron Fork at Dutch Mills, AR",35.88,-94.4863889,400822,760518633,Unverified
USGS-07247000,"Poteau River at Cauthron, AR",34.91888889,-94.2994444,6048196,760465458,Unverified
USGS-07249400,"James Fork near Hackett, AR",35.1625,-94.4069444,6041516,760515359,Unverified
USGS-07249455,"Arkansas River at Ft. Smith, Ar.",35.3917577,-94.4324373,1543497,760610190,Unverified
USGS-07250550,"AR River at James W. Trimble L&D nr Van Buren, AR",35.34888889,-94.2983333,7756168,760621840,Unverified
USGS-07250551,"ARK RIVER HYDROPLANT AT TRIMBLE L&D NR VAN BUREN,",35.34953529,-94.2985448,,760621840,Unverified
USGS-07250935,"Jones Creek at Winfrey, AR",35.7358333,-94.1030556,7752590,760448754,Unverified
USGS-07250965,"Frog Bayou at Winfrey, AR",35.7222222,-94.1136111,7753306,760465396,Unverified
USGS-07250974,"Jack Creek near Winfrey, AR",35.70444444,-94.0916667,7753312,,Unverified
USGS-07252000,"Mulberry River near Mulberry, AR",35.57694444,-94.0152778,7752938,760535295,Unverified
USGS-07257006,"Big Piney Creek at Highway 164 near Dover, AR",35.5058333,-93.1813889,7766271,760608517,Unverified
USGS-07257500,"Illinois Bayou near Scottsville, AR",35.46638889,-93.0411111,7770981,760513671,Unverified
USGS-07258500,"Petit Jean River near Booneville, AR",35.10694444,-93.9236111,7803109,760591907,Unverified
USGS-07259950,"Dutch Creek Near Waltreak, AR",34.9566611,-93.7205917,7805733,760487087,Unverified
USGS-07260500,"Petit Jean River at Danville, AR",35.0586111,-93.3955556,7803469,760633511,Unverified
USGS-07260673,"West Fork Point Remove Creek near Hattieville, AR",35.3247222,-92.8730556,7787118,760546961,Unverified
USGS-07260800,"Arkansas River near Morrilton, AR",35.12694444,-92.7316667,7789096,760571937,Unverified
USGS-07261000,"Cadron Creek near Guy, AR",35.2986111,-92.4038889,7817394,760556948,Unverified
USGS-07261090,"Cypress Creek nr Birdtown, AR",35.2708333,-92.6302778,7817578,760470421,Unverified
USGS-07261200,"East Fork Cadron Creek near Enola, AR",35.2183333,-92.2794444,,760535322,Unverified
USGS-07261500,"Fourche LaFave River Near Gravelly, AR",34.8725,-93.6572222,7830338,760571957,Unverified
USGS-07263012,"Fourche LaFave River near Aplin, AR",34.95666667,-92.985,7835620,760538671,Unverified
USGS-07263115,"Fourche La Fave River near Houston, AR",35.0120319,-92.7234984,7825920,760610219,Unverified
USGS-07263295,"Maumelle River at Williams Junction, AR",34.8761111,-92.7744444,22846153,760500405,Unverified
USGS-07263296,"Maumelle River near Wye, AR",34.87888889,-92.6855556,22846155,760477108,Unverified
USGS-072632962,"Bringle Creek at Martindale, AR",34.8811111,-92.6811111,,760518709,Unverified
USGS-072632963,"Maumelle River below Bringle Creek nr Wye, AR",34.87488889,-92.6745833,,760520373,Unverified
USGS-072632966,"Lake Maumelle at State Hwy 10 near Wye, AR",34.87527778,-92.6538889,,760522037,Unverified
USGS-072632971,"Yount Creek near Martindale, AR",34.8897222,-92.6466667,,,Unverified
USGS-072632982,"Reece Creek at Little Italy, AR",34.93,-92.5930556,,,Unverified
USGS-07263300,"Maumelle River at Maumelle Dam at Natural Steps,AR",34.86305556,-92.4852778,22848029,760535349,Unverified
USGS-07263450,"Arkansas River at Murray Dam near Little Rock, AR",34.79305556,-92.3583333,22848089,760528699,Unverified
USGS-07263555,"Fourche Creek at Univ. Avenue at Little Rock, AR",34.70694444,-92.3444444,22846795,760447171,Unverified
USGS-07263580,"Rock Creek at 36th Street at Little Rock, AR",34.72416667,-92.3588889,22846695,760382270,Unverified
USGS-07263605,"Fourche Creek at Lindsey St. E of Little Rock, AR",34.71871627,-92.2134876,22847829,760452161,Unverified
USGS-07263875,"WABBASEKA BAYOU AT WABBASEKA, ARK.",34.35900246,-91.79903,15332358,,Unverified
USGS-07263878,"Salt Bayou Ditch nr Humphrey, AR",34.3947222,-91.7202778,15332372,,Unverified
USGS-072638805,"Fish Lake Ditch near Altheimer, AR",34.26116389,-91.6990833,,,Unverified
USGS-07264000,"Bayou Meto near Lonoke, AR",34.73666667,-91.9158333,938020696,760490431,Unverified
USGS-07264200,"BAYOU TWO PRAIRIE AT CARLISLE, ARK.",34.77899329,-91.766252,15306587,760513724,Unverified
USGS-07264500,"BAYOU METO NR STUTTGART, AR",34.45426349,-91.61624,15314143,760260821,Unverified
USGS-07265000,"CROOKED CREEK NEAR HUMPHREY, ARK.",34.42648556,-91.66790759,15314243,760440533,Unverified
USGS-07337000,"Red River at Index, AR",33.55194444,-94.0411111,9544237,760237593,Unverified
USGS-07340000,"Little River near Horatio, AR",33.91944444,-94.3866667,3750770,760335742,Unverified
USGS-07340300,"Cossatot River near Vandervoort, AR",34.38,-94.2363889,3746094,760373979,Unverified
USGS-07341200,"Saline River near Lockesburg, AR",33.9622222,-94.0616667,3748876,760320761,Unverified
USGS-07341500,"Red River at Fulton, AR",33.60734285,-93.8137942,19947688,760300822,Unverified
USGS-07344370,"Red River at Spring Bank, AR",33.08944444,-93.8594444,19950146,760191037,Unverified
USGS-07355860,"Board Camp Cr nr Wolf Pen Gap Rec nr Nunley, AR",34.4859722,-94.1178611,15239000,760279122,Unverified
USGS-07355870,"Gap Cr nr Wolf Pen Gap Rec Area nr Nunley, AR",34.4841111,-94.1261389,15238998,760279122,Unverified
USGS-07356000,"Ouachita River near Mount Ida, AR",34.61,-93.6975,15234772,760432202,Unverified
USGS-07358250,"Whittington Cr at Whitt. Pk at Hot Springs, AR",34.51344444,-93.0804167,15233884,,Unverified
USGS-07358253,"Whittington Cr at Tunnel Ent at Hot Springs, AR",34.51716667,-93.0575,,,Unverified
USGS-07358257,"Hot Sprngs Cr US of T.E. at Glade St at Hot Sp.,AR",34.5236111,-93.0544444,,,Unverified
USGS-07358284,"Hot Springs Cr DS of Grand Ave at Hot Springs, AR",34.50277778,-93.0505556,15238142,,Unverified
USGS-07358550,"Gulpha Creek at Hot Springs, AR",34.50888889,-93.0091667,15234082,760225871,Unverified
USGS-07358570,"Gulpha Cr at Ridgeway St at Hot Springs, AR",34.494,-93.0065,15238014,760274130,Unverified
USGS-07359002,"Ouachita River at Remmel Dam above Jones Mill, AR",34.4261111,-92.8908333,21999712,760425558,Unverified
USGS-07359610,"Caddo River near Caddo Gap, AR",34.38277778,-93.6061111,22000700,760330714,Unverified
USGS-07360200,"Little Missouri River near Langley, AR",34.31166667,-93.8997222,22698054,760345695,Unverified
USGS-07361500,"Antoine River at Antoine, AR",34.03888889,-93.4180556,22699700,760330740,Unverified
USGS-07362000,"Ouachita River at Camden, AR",33.59638889,-92.8180556,22005200,760352402,Unverified
USGS-07362100,"Smackover Creek near Smackover, AR",33.37527778,-92.7766667,21956120,760182695,Unverified
USGS-07362500,"Moro Creek near Fordyce, AR",33.7922222,-92.3333333,,,Unverified
USGS-07362579,"South Alum Creek nr Jessieville, AR",34.79555556,-93.0069444,21921793,760423866,Unverified
USGS-07362587,"Alum Fork Saline River near Reform, AR",34.7975,-92.9338889,21919761,760418875,Unverified
USGS-07363000,"Saline River at Benton, AR",34.56777778,-92.6102778,21920889,760427212,Unverified
USGS-07363054,"Saline River near Shaw, AR",34.49898229,-92.5629383,21922819,,Unverified
USGS-07363200,"Saline River near Sheridan, AR",34.1161111,-92.4055556,21928243,760277486,Unverified
USGS-07363400,"Hurricane Creek below Sheridan, AR",34.2286111,-92.3725,21926169,760354022,Unverified
USGS-07363500,"Saline River near Rye, AR",33.7008333,-92.0258333,21813112,760300815,Unverified
USGS-07364078,Ouachita River at Felsenthal L&D (lower),33.0561111,-92.1208333,17916483,760186047,Unverified
USGS-07364130,"Deep Bayou near Star City, AR",33.963125,-91.6924472,19469311,,Unverified
USGS-07364133,"Bayou Bartholomew at Garrett Bridge, AR",33.86638889,-91.6561111,19469497,,Unverified
USGS-07364150,"Bayou Bartholomew near McGehee, AR",33.62777778,-91.4458333,19470295,,Unverified
USGS-07364185,"Bayou Bartholomew near Portland, AR",33.23555556,-91.5355556,19473063,,Unverified
USGS-07367680,"Boeuf River nr Eudora, AR",33.12416667,-91.3477778,19345441,760192697,Unverified
USGS-07369680,"Bayou Macon at Eudora, AR",33.10027778,-91.2544444,19302981,,Unverified
USGS-09423350,CARUTHERS C NR IVANPAH CA,35.24500556,-115.2989889,10017314,,Unverified
USGS-09429000,"PALO VERDE CANAL NEAR BLYTHE, CA",33.73160278,-114.5119472,10010638,710308060,Unverified
USGS-09429100,"COLORADO RIVER BELOW PALO VERDE DAM, AZ-CA",33.7191361,-114.4975389,,710522332,Unverified
USGS-09429155,"PVID F-CANAL SPILL NEAR BLYTHE, CA",33.5748861,-114.546811,,,Unverified
USGS-09429180,"PVID D23 SPILL NEAR BLYTHE, CA",33.4918,-114.603611,,,Unverified
USGS-09429200,"PVID C CANAL SPILL NEAR BLYTHE, CA",33.42833056,-114.673336,,,Unverified
USGS-09429500,"COLORADO RIVER BELOW IMPERIAL DAM, AZ-CA",32.86758333,-114.472111,,710500551,Unverified
USGS-09429600,"COLORADO RIVER BELOW LAGUNA DAM, AZ-CA",32.8122666,-114.5149494,,710466826,Unverified
USGS-09521100,"COLORADO R BLW YUMA MAIN CANAL WW AT YUMA, AZ",32.73171354,-114.6327306,,710480719,Unverified
USGS-09523000,"ALL-AMERICAN CANAL NR IMPERIAL DAM, CA-AZ",32.87099444,-114.4804639,,710323976,Unverified
USGS-09523200,"RESERVATION MAIN CANAL NEAR YUMA, AZ",32.8177222,-114.5145889,,710466826,Unverified
USGS-09523400,"TITSINK CANAL NEAR YUMA, AZ",32.82363333,-114.5431167,,,Unverified
USGS-09523600,"YAQUI CANAL NEAR YUMA, AZ",32.8094861,-114.5884944,,710302154,Unverified
USGS-09523800,"PONTIAC CANAL NEAR YUMA, AZ",32.79420278,-114.61525,,710345802,Unverified
USGS-09524000,"YUMA MAIN CANAL AT SIPHON DROP P.P. NR YUMA, AZ",32.7762361,-114.6354083,,,Unverified
USGS-09524700,"YUMA MAIN CANAL ABOVE WASTEWAY NR WINTERHAVEN, CA",32.73408333,-114.6230556,,,Unverified
USGS-09525000,"YUMA MAIN CANAL WASTEWAY AT YUMA, AZ",32.7333801,-114.623008,,710480719,Unverified
USGS-09526200,"YPSILANTI CANAL NEAR WINTERHAVEN, CA",32.76589444,-114.6550056,,710308108,Unverified
USGS-09527590,COACHELLA CANAL ABOVE ALL-AMERICAN CANAL DIVERSION,32.71469444,-114.9431417,,710425167,Unverified
USGS-09527594,"COACHELLA CANAL NEAR NILAND, CA",33.2562222,-115.4511667,,710460852,Unverified
USGS-09527597,"COACHELLA CANAL NEAR DESERT BEACH, CA",33.53808109,-115.9186083,,710439014,Unverified
USGS-09527630,"BROCK RESERVOIR INLET NEAR CALEXICO, CA",32.7094932,-115.0254425,,710425167,Unverified
USGS-09527660,"BROCK RESERVOIR OUTLET NEAR CALEXICO, CA",32.70575278,-115.0343306,,710433104,Unverified
USGS-09527700,ALL-AMERICAN CANAL BELOW DROP 2 RESERVOIR OUTLET,32.70425,-115.0481139,,710433104,Unverified
USGS-09530000,"RESERVATION MAIN DRAIN NO. 4 NEAR YUMA, AZ",32.7361472,-114.6221194,,,Unverified
USGS-09530500,"DRAIN 8-B NEAR WINTERHAVEN, CA",32.74688889,-114.6940806,,710349773,Unverified
USGS-10251259,AMARGOSA RV AT HWY 127 NR CA-NV STATE LINE,36.3866218,-116.4236549,,710774164,Unverified
USGS-10251290,"BOREHOLE SPG CHANNEL NR TECOPA HOT SPGS, CA",35.88569444,-116.23425,20247214,710542061,Unverified
USGS-10251300,"AMARGOSA RV AT TECOPA, CA",35.84944444,-116.2308333,948090452,710742447,Unverified
USGS-10251330,"AMARGOSA RV ABV CHINA RANCH WASH NR TECOPA, CA",35.79052778,-116.2076389,20247386,710744434,Unverified
USGS-10251335,"WILLOW CK AT CHINA RANCH, CA",35.80094444,-116.1944167,20247362,710627378,Unverified
USGS-10254050,SALT C NR MECCA,33.44698439,-115.8433229,22599679,710387434,Unverified
USGS-10254730,ALAMO R NR NILAND CA,33.19893706,-115.5969252,22598685,710490615,Unverified
USGS-10255550,NEW R NR WESTMORLAND CA,33.10477248,-115.664426,22599619,710466812,Unverified
USGS-10256500,SNOW C NR WHITE WATER CA,33.87057878,-116.6811266,22593463,710304084,Unverified
USGS-10257500,FALLS C NR WHITE WATER CA,33.86946776,-116.6716819,22591931,,Unverified
USGS-10257548,WHITEWATER R A WINDY POINT MAIN CHANNEL CA,33.8989045,-116.6211256,948100389,710492563,Unverified
USGS-10257549,WHITEWATER R A WINDY POINT OVERFLOW CHANNEL CA,33.8989045,-116.6211256,948100389,710492563,Unverified
USGS-10257720,CHINO CYN C BL TRAMWAY NR PALM SPRINGS CA,33.84385,-116.6058083,22591957,,Unverified
USGS-10258000,TAHQUITZ C NR PALM SPRINGS CA,33.80502575,-116.5591784,22593497,710347736,Unverified
USGS-10258500,PALM CYN C NR PALM SPRINGS CA,33.74502747,-116.535566,22593537,710442971,Unverified
USGS-10258700,MURRAY CYN C NR PALM SPRINGS CA,33.75277778,-116.5444444,22593539,710048155,Unverified
USGS-10259000,ANDREAS C NR PALM SPRINGS CA,33.76002698,-116.550011,22592131,710062042,Unverified
USGS-10259050,PALM CYN WASH NR CATHEDRAL CITY CA,33.7972487,-116.481954,948100382,710458840,Unverified
USGS-10259100,WHITEWATER R A RANCHO MIRAGE CA,33.74947257,-116.4227854,22593529,710488601,Unverified
USGS-10259200,DEEP C NR PALM DESERT CA,33.63113647,-116.3922342,22592497,710373539,Unverified
USGS-10259300,WHITEWATER R A INDIO CA,33.7372519,-116.2361137,22593695,710494556,Unverified
USGS-10259540,WHITEWATER R NR MECCA,33.52475856,-116.0774964,22592737,710500508,Unverified
USGS-10260200,PIPES WASH NR YUCCA VALLEY CA,34.17194444,-116.5466667,22630702,710351685,Unverified
USGS-10260400,CUSHENBURY CANYON C NR LUCERNE VALLEY CA,34.34777778,-116.8458333,22628698,710444923,Unverified
USGS-10260500,DEEP C NR HESPERIA CA,34.34305858,-117.2264316,22658309,710446908,Unverified
USGS-10260950,WF MOJAVE R AB MOJAVE R FORKS RES NR HESPERIA CA,34.33889196,-117.2578213,22660257,710429052,Unverified
USGS-10261500,MOJAVE R A LO NARROWS NR VICTORVILLE CA,34.57304916,-117.3206018,948090919,710692913,Unverified
USGS-10262000,MOJAVE R NR HODGE CA,34.83551667,-117.1916778,948090834,710677027,Unverified
USGS-10262500,MOJAVE R A BARSTOW CA,34.90693947,-117.0228129,22656105,710637343,Unverified
USGS-10262700,MOJAVE R A DAGGETT CA,34.8696611,-116.8876583,948090843,710671073,Unverified
USGS-10263000,MOJAVE R A AFTON CA,35.03720565,-116.3841887,948091323,710692889,Unverified
USGS-10263500,BIG ROCK C NR VALYERMO CA,34.42083115,-117.8395072,22684930,710427064,Unverified
USGS-10265100,DEADMAN C A BIG SPRINGS NR CRESTVIEW CA,37.75027778,-118.9394444,20274997,710639182,Unverified
USGS-10265150,HOT C A FLUME NR MAMMOTH LAKES CA,37.66881076,-118.8176148,20273931,710668948,Unverified
USGS-10289000,"VIRGINIA CK NR BRIDGEPORT, CA",38.19186474,-119.2101533,8915923,710770104,Unverified
USGS-10289500,"GREEN CK NR BRIDGEPORT, CA",38.17380969,-119.2337656,8915933,710585596,Unverified
USGS-10290500,"ROBINSON CK AT TWIN LKS OUTLET NR BRIDGEPORT, CA",38.17214225,-119.3246032,8915935,710573689,Unverified
USGS-10291500,"BUCKEYE CK NR BRIDGEPORT, CA",38.23880787,-119.3259923,8915907,710742325,Unverified
USGS-10293000,"E WALKER RV NR BRIDGEPORT, CA",38.3276958,-119.2148759,8915857,710787953,Unverified
USGS-10296000,"W WALKER RV BLW L WALKER RV NR COLEVILLE, CA",38.3796366,-119.4501649,10744424,710833582,Unverified
USGS-10296500,"W WALKER RV NR COLEVILLE, CA",38.51324495,-119.4498872,946050152,710768103,Unverified
USGS-10296750,"TOPAZ CANAL BLW DIV W WALKER RVR NR TOPAZ, CA",38.63666667,-119.5075,10742458,710821665,Unverified
USGS-10308200,E FK CARSON RV BLW MARKLEEVILLE CK NR MARKLEEVILLE,38.7146274,-119.7648985,8922715,710895069,Unverified
USGS-10308783,LEVIATHAN C AB MINE NR MARKLEEVILLE CA,38.70128509,-119.6565398,8922761,,Unverified
USGS-103087835,UNNAMED TRIB 1 TO LEVIATHAN C AT LEVIATHAN MINE CA,38.7033333,-119.6591667,8922761,,Unverified
USGS-10308784,LEVIATHAN MINE ADIT DRAIN NR MARKLEEVILLE CA,38.7040628,-119.6587622,8922761,,Unverified
USGS-10308785,LEVIATHAN MINE PIT FLOW NR MARKLEEVILLE CA,38.7040628,-119.6587622,8922761,,Unverified
USGS-103087855,LEVIATHAN MINE PIT JUNCTION BOX NR MARKLEEVILLE CA,38.7058333,-119.6566667,8922761,,Unverified
USGS-103087865,UNNAMED TRIB 2 TO LEVIATHAN C AT LEVIATHAN MINE CA,38.70555556,-119.6622222,8922761,,Unverified
USGS-103087889,4L C NR MARKLEEVILLE CA,38.7108333,-119.6630556,8922717,,Unverified
USGS-10308789,LEVIATHAN C AB ASPEN C NR MARKLEEVILLE CA,38.71684034,-119.6601513,8922717,,Unverified
USGS-103087891,ASPEN C ABV LEVIATHAN MINE NR MARKLEEVILLE CA,38.7086111,-119.648611,8922743,,Unverified
USGS-10308792,LEVIATHAN C AB MOUNTAINEER C NR MARKLEEVILLE CA,38.735729,-119.6454289,8922665,710716508,Unverified
USGS-10308794,BRYANT C BL MOUNTAINEER C NR MARKLEEVILLE CA,38.735729,-119.6454289,8922665,710716508,Unverified
USGS-10310000,"W FK CARSON RV AT WOODFORDS, CA",38.76962765,-119.833789,8924041,710686746,Unverified
USGS-103366092,"UPPER TRUCKEE RV AT HWY 50 ABV MEYERS, CA",38.8485185,-120.0271275,8943677,710789910,Unverified
USGS-10336610,"UPPER TRUCKEE RV AT SOUTH LAKE TAHOE, CA",38.9224078,-119.9915706,8944439,710738325,Unverified
USGS-10336645,GENERAL C NR MEEKS BAY CA,39.05183077,-120.1185016,8941733,710750217,Unverified
USGS-10336660,BLACKWOOD C NR TAHOE CITY CA,39.107385,-120.1621147,8941693,710071690,Unverified
USGS-10336676,WARD C AT HWY 89 NR TAHOE PINES CA,39.13210688,-120.1576705,8941685,,Unverified
USGS-10336780,"TROUT CK NR TAHOE VALLEY, CA",38.9199077,-119.9724036,8944453,710714515,Unverified
USGS-10337500,TRUCKEE R A TAHOE CITY CA,39.16627309,-120.1443373,8934074,710881158,Unverified
USGS-10338000,TRUCKEE R NR TRUCKEE CA,39.29627044,-120.2054519,8933958,711004161,Unverified
USGS-10338500,DONNER C A DONNER LK NR TRUCKEE CA,39.3235172,-120.2343654,8933876,710494270,Unverified
USGS-10338700,DONNER C AT HWY 89 NR TRUCKEE CA,39.32099225,-120.2079523,8933890,710615294,Unverified
USGS-10339410,TRUCKEE R BL MARTIS C NR TRUCKEE CA,39.35305556,-120.1194444,8933802,710906941,Unverified
USGS-10340500,PROSSER C BL PROSSER C DAM NR TRUCKEE CA,39.37324026,-120.131587,8933736,710670843,Unverified
USGS-10343000,INDEPENDENCE C NR TRUCKEE CA,39.45654494,-120.287123,8933376,710635126,Unverified
USGS-10343500,SAGEHEN C NR TRUCKEE CA,39.43154577,-120.2379547,8933522,710075640,Unverified
USGS-10344400,LITTLE TRUCKEE R AB BOCA RES NR TRUCKEE CA,39.4357137,-120.0843395,8933494,710736311,Unverified
USGS-10344500,LITTLE TRUCKEE R BL BOCA DAM NR TRUCKEE CA,39.38682549,-120.0954502,8933684,710791866,Unverified
USGS-10344505,TRUCKEE R A BOCA BRIDGE NR TRUCKEE CA,39.3851589,-120.0876722,8933706,710930747,Unverified
USGS-10346000,TRUCKEE R A FARAD CA,39.42793648,-120.0340602,8933532,710934715,Unverified
USGS-11012500,CAMPO C NR CAMPO CA,32.59116984,-116.5255548,20326431,710361685,Unverified
USGS-11014000,JAMUL C NR JAMUL CA,32.6375566,-116.8841893,20334508,710417235,Unverified
USGS-11015000,SWEETWATER R NR DESCANSO CA,32.8347735,-116.6230596,20334440,710395401,Unverified
USGS-11016200,SWEETWATER R A DEHESA CA,32.77416667,-116.8502778,948070230,710411276,Unverified
USGS-11022200,LOS COCHES C NR LAKESIDE CA,32.83616156,-116.9003035,20332986,710407305,Unverified
USGS-11022480,SAN DIEGO R A MAST RD NR SANTEE CA,32.8403262,-117.0258478,20331402,710488649,Unverified
USGS-11022830,ALVARADO C NR LA MESA CA,32.778325,-117.0633972,20331494,710224780,Unverified
USGS-11023000,SAN DIEGO R A FASHION VALLEY AT SAN DIEGO CA,32.76504998,-117.1686449,20331516,710448973,Unverified
USGS-11023100,TECOLOTE C AB FOOTBRIDGE NR SAN DIEGO CA,32.78952778,-117.188111,20331496,710232715,Unverified
USGS-11023340,LOS PENASQUITOS C NR POWAY CA,32.9431013,-117.1216999,20331196,710423172,Unverified
USGS-11025500,SANTA YSABEL C NR RAMONA CA,33.1069866,-116.866137,20330878,710454907,Unverified
USGS-11027000,GUEJITO C NR SAN PASQUAL CA,33.11587469,-116.9530708,20330872,710423162,Unverified
USGS-11028500,SANTA MARIA C NR RAMONA CA,33.0522655,-116.9455844,20330908,710351743,Unverified
USGS-11042000,SAN LUIS REY R A OCEANSIDE CA,33.21809135,-117.3603045,20342539,710506484,Unverified
USGS-11042400,TEMECULA C NR AGUANGA CA,33.459199,-116.9236289,22549471,710425130,Unverified
USGS-11042800,WARM SPRINGS C NR MURRIETA CA,33.53224867,-117.1769771,22547091,710423140,Unverified
USGS-11042900,SANTA GERTRUDIS C NR TEMECULA CA,33.52447338,-117.1647469,948070502,710524325,Unverified
USGS-11043000,MURRIETA C A TEMECULA CA,33.47975066,-117.1439203,22549073,710470759,Unverified
USGS-11044000,SANTA MARGARITA R NR TEMECULA CA,33.4739175,-117.1422536,22549075,710512424,Unverified
USGS-11044250,RAINBOW C NR FALLBROOK CA,33.4075318,-117.2008578,22548475,,Unverified
USGS-11044300,SANTA MARGARITA R A FPUD SUMP NR FALLBROOK CA,33.41364246,-117.2411367,22548457,710492588,Unverified
USGS-11044350,SANDIA C NR FALLBROOK CA,33.42447545,-117.2491926,22548429,710345771,Unverified
USGS-11044800,DE LUZ C NR DE LUZ CA,33.41975285,-117.3216944,22548441,710343787,Unverified
USGS-11045300,FALLBROOK C NR FALLBROOK CA,33.34697705,-117.3178047,22549115,710433072,Unverified
USGS-11045600,ONEILL LAKE OUTLET CH NR FALLBROOK CA,33.32503314,-117.3255824,22548547,710433072,Unverified
USGS-11045700,ONEILL LK SPILL CH NR FALLBROOK CA,33.3289219,-117.3272492,22548545,710433072,Unverified
USGS-11046000,SANTA MARGARITA R A YSIDORA CA,33.3111436,-117.3472604,22548559,710534256,Unverified
USGS-11046300,SAN MATEO C NR SAN CLEMENTE CA,33.47085987,-117.4730986,20351605,710395369,Unverified
USGS-11046360,CRISTIANITOS C AB SAN MATEO C NR SAN CLEMENTE CA,33.42641717,-117.5703242,20350869,710327914,Unverified
USGS-11046530,SAN JUAN C AT LA NOVIA ST BR AT SAN JUAN CAPIS CA,33.50252614,-117.6480925,20348919,710478694,Unverified
USGS-11047300,ARROYO TRABUCO A SAN JUAN CAPISTRANO CA,33.49835946,-117.6658707,20350681,710444967,Unverified
USGS-11048175,AGUA CHINON WASH A PORTOLA SPRINGS RD NR IRVINE CA,33.6870833,-117.6954167,20355400,710373535,Unverified
USGS-11048600,BONITA C A IRVINE CA,33.64502086,-117.861155,20355520,,Unverified
USGS-11051499,SANTA ANA R NR MENTONE (RIVER ONLY) CA,34.10834489,-117.1005911,22558244,710611592,Unverified
USGS-11051502,SAR SUPP GAGE NR MENTONE CA,34.10834489,-117.1005911,22558244,710611592,Unverified
USGS-11055500,PLUNGE C NR EAST HIGHLANDS CA,34.11834458,-117.141704,22555860,710345734,Unverified
USGS-11055800,CITY C NR HIGHLAND CA,34.14390158,-117.1886426,22555756,710395333,Unverified
USGS-11057500,SAN TIMOTEO C NR LOMA LINDA CA,34.0614024,-117.2675419,22557960,710542155,Unverified
USGS-11058500,E TWIN C NR ARROWHEAD SPRINGS CA,34.1791779,-117.2655894,22555146,710329860,Unverified
USGS-11058600,WATERMAN CANYON CREEK NR ARROWHEAD SPRINGS CA,34.1858333,-117.2722222,22555344,,Unverified
USGS-11059300,SANTA ANA R A E ST NR SAN BERNARDINO CA,34.0650131,-117.3003208,24843752,710534218,Unverified
USGS-11060400,WARM C NR SAN BERNARDINO CA,34.07834596,-117.3003209,22557922,710472713,Unverified
USGS-11062000,LYTLE C NR FONTANA CA,34.21184444,-117.4578667,22554826,710433026,Unverified
USGS-11062399,FONTANA WATER CO SURFACE DIV WEIR 2 NR FONTANA CA,34.20278567,-117.4494936,24843814,710433026,Unverified
USGS-11062400,FONTANA WATER CO SURFACE DIV NR FONTANA CA,34.20306344,-117.4494936,24843814,710433026,Unverified
USGS-11062450,FONTANA PH FOREBAY SPILLWAY NR FONTANA CA,34.2027871,-117.4492056,24843814,710433026,Unverified
USGS-11062700,LYTLE C DIV TO FONTANA PH AVM NR FONTANA CA,34.1554722,-117.3975833,,,Unverified
USGS-11062800,FONTANA WATER CO SPILL CH FROM AFTERBAY NR FONTANA,34.155565,-117.3956025,22555450,,Unverified
USGS-11063510,CAJON C BL LONE PINE C NR KEENBROOK CA,34.2633392,-117.4669944,22557744,710512384,Unverified
USGS-11063680,DEVIL CYN C NR SAN BERNARDINO CA,34.20834338,-117.3314248,22554872,710355651,Unverified
USGS-11065000,LYTLE C A COLTON CA,34.07890146,-117.3055989,22557922,710544134,Unverified
USGS-11069500,SAN JACINTO R NR SAN JACINTO,33.73807629,-116.8339098,22535256,710435035,Unverified
USGS-11070150,SAN JACINTO R AB STATE STREET NR SAN JACINTO CA,33.8214075,-116.973358,,710456856,Unverified
USGS-11070210,SAN JACINTO R A RAMONA EXPRESSWAY NR LAKEVIEW CA,33.83974065,-117.135866,22534640,710516374,Unverified
USGS-11070270,PERRIS VALLEY STORM DR A NUEVO RD NR PERRIS CA,33.80113024,-117.2061469,22534638,710433048,Unverified
USGS-11070365,SAN JACINTO R NR SUN CITY CA,33.74613375,-117.2316953,22532938,710504475,Unverified
USGS-11070465,SALT C A MURRIETA RD NR SUN CITY CA,33.69419084,-117.205583,22532978,710480669,Unverified
USGS-11070500,SAN JACINTO R NR ELSINORE CA,33.66418858,-117.293927,22534666,710544158,Unverified
USGS-11071760,COLDWATER CANYON C NR CORONA CA,33.75444444,-117.4958056,22563268,710363609,Unverified
USGS-11071900,TEMESCAL C A CORONA LK NR CORONA CA,33.75027778,-117.4458333,22563462,710528282,Unverified
USGS-11072100,TEMESCAL C AB MAIN ST A CORONA CA,33.8891821,-117.5628274,22560716,710484628,Unverified
USGS-11073300,SAN ANTONIO C A RIVERSIDE DRIVE NR CHINO CA,34.01862319,-117.7306118,22557914,710522315,Unverified
USGS-11073360,CHINO C A SCHAEFER AVENUE NR CHINO CA,34.00390144,-117.7270006,22556372,710520333,Unverified
USGS-11073495,CUCAMONGA C NR MIRA LOMA CA,33.9827912,-117.5994966,22563070,710488589,Unverified
USGS-11074000,SANTA ANA R BL PRADO DAM CA,33.88334875,-117.6453296,22563116,710016404,Unverified
USGS-11075720,CARBON C BL CARBON CYN DAM CA,33.9133473,-117.8425461,22527369,710371538,Unverified
USGS-11077500,SANTIAGO C A SANTA ANA CA,33.77029518,-117.8844902,22563210,710454872,Unverified
USGS-11078000,SANTA ANA R A SANTA ANA CA,33.75112815,-117.9083906,22563212,710554073,Unverified
USGS-11085000,SAN GABRIEL R BL SANTA FE DAM NR BALDWIN PK CA,34.11223019,-117.9695092,22524845,710629448,Unverified
USGS-11087020,SAN GABRIEL R AB WHITTIER NARROWS DAM CA,34.03417767,-118.0381225,22521721,710494540,Unverified
USGS-11088500,BREA C BL BREA DAM NR FULLERTON CA,33.8877918,-117.9264369,22527375,710389393,Unverified
USGS-11089500,FULLERTON C BL FULLERTON DAM NR BREA CA,33.89584744,-117.8861582,22527373,710379477,Unverified
USGS-11092450,LOS ANGELES R A SEPULVEDA DAM CA,34.16167247,-118.466749,22515812,710569925,Unverified
USGS-11097000,BIG TUJUNGA C BL HANSEN DAM CA,34.25361395,-118.38897,22515762,710583808,Unverified
USGS-11098000,ARROYO SECO NR PASADENA CA,34.22222629,-118.1775727,22514774,710421121,Unverified
USGS-11101250,RIO HONDO AB WHITTIER NARROWS DAM CA,34.05834368,-118.0717348,22515826,710524298,Unverified
USGS-11102300,RIO HONDO BL WHITTIER NARROWS DAM CA,34.0166788,-118.0884018,22515830,710476684,Unverified
USGS-11109000,SANTA CLARA R NR PIRU CA,34.403606,-118.739241,17575785,710508409,Unverified
USGS-11109600,PIRU CREEK ABOVE LAKE PIRU CA,34.5230473,-118.7570206,17572335,710589746,Unverified
USGS-11109800,PIRU CREEK BELOW SANTA FELICIA DAM CA,34.46027116,-118.7520198,17575859,710696886,Unverified
USGS-11111500,SESPE CREEK NEAR WHEELER SPRINGS CA,34.5777657,-119.2573347,17567911,710595696,Unverified
USGS-11113000,SESPE C NR FILLMORE,34.4416592,-118.9273019,17574397,710651255,Unverified
USGS-11113500,SANTA PAULA C NR SANTA PAULA,34.4133295,-119.0823272,,710458808,Unverified
USGS-11114495,MATILIJA C NR RES NR MATILIJA HOT SPRINGS CA,34.50276555,-119.3573136,17585808,710571892,Unverified
USGS-11118500,VENTURA R NR VENTURA,34.35221417,-119.3084218,948070372,710452860,Unverified
USGS-11119500,CARPINTERIA C NR CARPINTERIA CA,34.4013836,-119.4865103,17596159,,Unverified
USGS-11119745,MISSION C A ROCKY NOOK PARK A SANTA BARBARA CA,34.44055266,-119.7118027,,,Unverified
USGS-11119750,MISSION C NR MISSION ST NR SANTA BARBARA CA,34.42662778,-119.7236694,17595453,,Unverified
USGS-11119940,MARIA YGNACIO C A UNIVERSITY DRIVE NR GOLETA CA,34.4449965,-119.80375,17596111,710393334,Unverified
USGS-11120000,ATASCADERO C NR GOLETA CA,34.4247085,-119.8117688,17595429,710514360,Unverified
USGS-11120500,SAN JOSE C NR GOLETA CA,34.4591521,-119.8089913,17596109,,Unverified
USGS-11120520,SAN PEDRO C A GOLETA CA,34.4486111,-119.8402778,17596097,710454840,Unverified
USGS-11121900,GIBRALTAR DAM DIV WEIR A GIBRALTAR DAM CA,34.5241514,-119.6870445,17610919,710629427,Unverified
USGS-11122010,GIBRALTAR DAM RELEASE WEIR A GIBRALTAR DAM CA,34.52415139,-119.6873223,17610919,710629427,Unverified
USGS-11123000,SANTA YNEZ R BL GIBRALTAR DAM NR SANTA BARBARA CA,34.52442917,-119.6873223,17610919,710629427,Unverified
USGS-11123500,SANTA YNEZ R BL LOS LAURLS CYN NR SNTA YNEZ CA,34.54359399,-119.864827,17611449,710573874,Unverified
USGS-11124500,SANTA CRUZ C NR SANTA YNEZ CA,34.5966563,-119.9087519,17611425,710530222,Unverified
USGS-11125600,HILTON CYN C NR SANTA YNEZ CA,34.5822032,-119.9826082,,710641328,Unverified
USGS-11125605,HILTON CYN C 0.25 MI BL BRADBURY DAM NR SANTA YNEZ,34.58388889,-119.985,17610419,710641328,Unverified
USGS-11126000,SANTA YNEZ R NR SANTA YNEZ CA,34.58914745,-119.9887195,,710643312,Unverified
USGS-11126400,SANTA YNEZ R A HWY 154 NR SANTA YNEZ CA,34.5901111,-120.025361,17608033,710647279,Unverified
USGS-11128250,ALAMO PINTADO C NR SOLVANG CA,34.61831236,-120.1206677,17607945,710458796,Unverified
USGS-11128500,SANTA YNEZ R A SOLVANG CA,34.58497968,-120.1445568,17609015,710661168,Unverified
USGS-11129800,ZACA C NR BUELLTON CA,34.64858889,-120.1842807,17607773,710522284,Unverified
USGS-11132500,SALSIPUEDES C NR LOMPOC CA,34.58858865,-120.4084524,17609017,710540144,Unverified
USGS-11133000,SANTA YNEZ R A NARROWS NR LOMPOC CA,34.6360873,-120.4245645,948060325,710581806,Unverified
USGS-11134000,SANTA YNEZ R A H ST NR LOMPOC CA,34.66830848,-120.457899,17608959,710569900,Unverified
USGS-11135800,SAN ANTONIO C A LOS ALAMOS CA,34.74330807,-120.2709507,17620166,710510376,Unverified
USGS-11136040,HARRIS CANYON C NR ORCUTT CA,34.77777778,-120.4316667,17620080,710470694,Unverified
USGS-11136045,SAN ANTONIO C A SAN ANTONIO RD E NR ORCUTT CA,34.76691944,-120.43335,17620130,710520295,Unverified
USGS-11136100,SAN ANTONIO C NR CASMALIA CA,34.78219396,-120.5301244,17620568,710522278,Unverified
USGS-11136500,CUYAMA R NR VENTUCOPA CA,34.68804167,-119.3587333,17637968,710486570,Unverified
USGS-11136600,SANTA BARBARA CYN C NR VENTUCOPA CA,34.82081167,-119.5573223,17636636,710516325,Unverified
USGS-11136710,CUYAMA R NR NEW CUYAMA CA,35.0561111,-119.9595472,17633486,710653208,Unverified
USGS-11136800,CUYAMA R BL BUCKHORN CYN NR SANTA MARIA CA,35.02191265,-120.2284528,17633130,710675033,Unverified
USGS-11137900,HUASNA R NR ARROYO GRANDE CA,35.0777435,-120.3717905,17632398,710601623,Unverified
USGS-11138500,SISQUOC R NR SISQUOC CA,34.83995556,-120.1671694,17625379,710659171,Unverified
USGS-11140000,SISQUOC R NR GAREY,34.8938596,-120.3065089,17625349,710589728,Unverified
USGS-11140585,SANTA MARIA R A SUEY CROSSING NR SANTA MARIA CA,34.96830147,-120.4040122,17625465,710665116,Unverified
USGS-11141050,ORCUTT C NR ORCUTT CA,34.8835806,-120.4948469,17624441,710460769,Unverified
USGS-11141280,LOPEZ C NR ARROYO GRANDE CA,35.23551667,-120.4723504,8193647,710508366,Unverified
USGS-11143000,BIG SUR R NR BIG SUR CA,36.24576038,-121.7732293,8189809,710547994,Unverified
USGS-11143200,CARMEL R A ROBLES DEL RIO CA,36.4748611,-121.7288889,17600471,710780111,Unverified
USGS-11143250,CARMEL R NR CARMEL CA,36.5390863,-121.880458,17599295,710649164,Unverified
USGS-11147070,SANTA RITA C NR TEMPLETON CA,35.5238408,-120.7659725,8212151,710385344,Unverified
USGS-11147098,PASO ROBLES C A GARCIA RD NR TEMPLETON CA,35.52613889,-120.7138583,8212871,710555967,Unverified
USGS-11147500,SALINAS R A PASO ROBLES CA,35.6285813,-120.6843373,8212843,710722619,Unverified
USGS-11148500,ESTRELLA R NR ESTRELLA CA,35.71719096,-120.6401683,,710790070,Unverified
USGS-11148900,NACIMIENTO R BL SAPAQUE C NR BRYSON CA,35.78857918,-121.0938048,8209947,710377394,Unverified
USGS-11149400,NACIMIENTO R BL NACIMIENTO DAM NR BRADLEY CA,35.76135678,-120.855458,8212787,710651188,Unverified
USGS-11149900,SAN ANTONIO R NR LOCKWOOD CA,35.89663404,-121.0882491,8210533,710686893,Unverified
USGS-11150500,SALINAS R NR BRADLEY CA,35.9302434,-120.8687915,8211251,710674988,Unverified
USGS-11151300,SAN LORENZO C BL BITTERWATER C NR KING CITY CA,36.26802087,-121.066303,8205487,710712666,Unverified
USGS-11151700,SALINAS R A SOLEDAD CA,36.4110383,-121.319331,948060170,710774163,Unverified
USGS-11151870,ARROYO SECO NR GREENFIELD CA,36.23746164,-121.4816027,8203373,710665051,Unverified
USGS-11152000,ARROYO SECO NR SOLEDAD CA,36.28052076,-121.3227063,8205291,710702746,Unverified
USGS-11152050,ARROYO SECO BL RELIZ C NR SOLEDAD CA,36.39968708,-121.3240962,8205489,710758292,Unverified
USGS-11152300,SALINAS R NR CHUALAR CA,36.55357267,-121.5493856,8200795,710686860,Unverified
USGS-11152500,SALINAS R NR SPRECKELS CA,36.631071,-121.672446,8200523,710803913,Unverified
USGS-11152650,RECLAMATION DITCH NR SALINAS CA,36.7049586,-121.7049475,17604479,710728516,Unverified
USGS-11152900,CEDAR C NR BELL STATION CA,37.04991347,-121.327395,17661409,710514226,Unverified
USGS-11153000,PACHECO C NR DUNNEVILLE CA,36.98,-121.3802778,17663037,710670965,Unverified
USGS-11153650,LLAGAS C NR GILROY,36.98741308,-121.5271216,948060250,710668981,Unverified
USGS-11156500,SAN BENITO R NR WILLOW CREEK SCHOOL CA,36.60936829,-121.2029416,17665649,710786057,Unverified
USGS-11157500,TRES PINOS C NR TRES PINOS CA,36.765753,-121.2996128,17663791,710680898,Unverified
USGS-11158600,SAN BENITO R BL HOSPITAL RD BRIDGE NR HOLLISTER CA,36.81675,-121.3926806,17663647,710768192,Unverified
USGS-11159000,PAJARO R A CHITTENDEN CA,36.90019209,-121.5976778,17663281,710726522,Unverified
USGS-11159200,CORRALITOS C A FREEDOM CA,36.9393968,-121.7705065,17665491,710649143,Unverified
USGS-11159490,SALSIPUEDES C NR WATSONVILLE CA,36.9181222,-121.733611,17663255,710573752,Unverified
USGS-11159500,PAJARO R A WATSONVILLE CA,36.9056111,-121.7518889,17665505,710698745,Unverified
USGS-11159690,APTOS C NR APTOS CA,37.00161665,-121.9060688,17683402,,Unverified
USGS-11160000,SOQUEL C A SOQUEL CA,36.9913389,-121.9557933,17684378,710641205,Unverified
USGS-11160500,SAN LORENZO R A BIG TREES CA,37.0443931,-122.072464,17682474,710694770,Unverified
USGS-11161000,SAN LORENZO R A SANTA CRUZ CA,36.9907832,-122.0319076,17684066,710696754,Unverified
USGS-11162500,PESCADERO C NR PESCADERO CA,37.2607338,-122.3288125,17688105,710663014,Unverified
USGS-11162540,BUTANO C NR PESCADERO CA,37.233825,-122.3673389,17688327,710476521,Unverified
USGS-11162570,SAN GREGORIO C A SAN GREGORIO CA,37.32573199,-122.3865927,17687965,710788004,Unverified
USGS-111626182,PILARCITOS C BL SPILLWAY NR HILLSBOROUGH CA,37.54769444,-122.4208889,17687407,710587612,Unverified
USGS-11162619,PILARCITOS C AB STONE DAM NR HILLSBOROUGH CA,37.52813889,-122.4000833,17687547,710587612,Unverified
USGS-11162620,PILARCITOS C BL STONE DAM NR HILLSBOROUGH CA,37.52461674,-122.3993735,17687547,710587612,Unverified
USGS-11162630,PILARCITOS C A HALF MOON BAY CA,37.46656205,-122.4340958,17688275,710597533,Unverified
USGS-11162735,SAN MATEO C AB JUNCTION BOX A DAM1 NR HILLSBOROUGH,37.5569722,-122.41825,2805011,710553881,Unverified
USGS-11162737,SAN MATEO C BL JUNCTION BOX A DAM1 NR HILLSBOROUGH,37.5559722,-122.4177222,2805011,710553881,Unverified
USGS-11162753,SAN MATEO C BL LO CRYSTAL SP RES NR SAN MATEO CA,37.52944444,-122.3583333,2804621,710645146,Unverified
USGS-11164500,SAN FRANCISQUITO C A STANFORD UNIVERSITY CA,37.42327257,-122.1894095,17693217,710789983,Unverified
USGS-11169025,GUADALUPE R ABV HWY 101 A SAN JOSE CA,37.3738296,-121.9330129,17694137,710684835,Unverified
USGS-11169500,SARATOGA C A SARATOGA CA,37.25438808,-122.039404,17693069,710460648,Unverified
USGS-11169800,COYOTE C NR GILROY CA,37.07768925,-121.4943442,17694891,710716593,Unverified
USGS-11169860,COYOTE C BL COYOTE RES NR SAN MARTIN CA,37.1229656,-121.5526796,17694841,710843566,Unverified
USGS-11170000,COYOTE C NR MADRONE CA,37.1682416,-121.6496271,17694721,710841580,Unverified
USGS-11172175,COYOTE C AB HWY 237 A MILPITAS CA,37.4221617,-121.9274577,17695611,710863391,Unverified
USGS-11172945,ALAMEDA C AB DIV DAM NR SUNOL CA,37.4974356,-121.7735644,2809681,710710619,Unverified
USGS-11172955,ALAMEDA C BL DIV DAM NR SUNOL CA,37.4986111,-121.7794444,2809679,710710619,Unverified
USGS-11173200,ARROYO HONDO NR SAN JOSE CA,37.46160337,-121.769397,2809859,710801886,Unverified
USGS-11173500,CALAVERAS C NR SUNOL CA,37.50194444,-121.8183333,2807009,710772123,Unverified
USGS-11173510,ALAMEDA C BL CALAVERAS C NR SUNOL CA,37.5035472,-121.8246774,2806979,710774107,Unverified
USGS-11173575,ALAMEDA C BL WELCH C NR SUNOL CA,37.5404908,-121.856345,2806865,710768153,Unverified
USGS-11173800,INDIAN C NR SUNOL CA,37.5611111,-121.7969444,2808579,,Unverified
USGS-11174000,SAN ANTONIO C NR SUNOL CA,37.5773982,-121.8576936,2806745,710545943,Unverified
USGS-11174160,ALAMEDA C A SUNOL WATER TEMPLE A SUNOL CA,37.58362778,-121.8852917,2808565,710676887,Unverified
USGS-11174600,ALAMO CN NR PLEASANTON CA,37.69444444,-121.9194444,2806353,710649105,Unverified
USGS-11176340,ARROYO DE LA LAGUNA A CORTE MADRID NR PLEASANTON,37.66830556,-121.9094167,2806461,710639186,Unverified
USGS-11176400,ARROYO VALLE BL LANG CYN NR LIVERMORE CA,37.56132196,-121.6838389,2806807,710676888,Unverified
USGS-11176500,ARROYO VALLE NR LIVERMORE CA,37.62323149,-121.7588028,2808553,710668951,Unverified
USGS-11176900,ARROYO DE LA LAGUNA A VERONA CA,37.62659915,-121.8830126,2806611,710799892,Unverified
USGS-11179000,ALAMEDA C NR NILES CA,37.5871193,-121.960752,2806725,710807830,Unverified
USGS-11179100,ALAMEDA C NR FREMONT CA,37.56660245,-122.0016278,2805115,710807830,Unverified
USGS-11180500,DRY C A UNION CITY CA,37.6060452,-122.0238504,2804369,710597525,Unverified
USGS-11180700,ALAMEDA C FLOOD CHANNEL A UNION CITY CA,37.58576818,-122.0482955,2805109,710809814,Unverified
USGS-11180825,SAN LORENZO C AB DON CASTRO RES NR CASTRO V CA,37.695172,-122.0449223,2803945,710518161,Unverified
USGS-11180900,CROW C NR HAYWARD CA,37.70493008,-122.0438508,2803935,710498319,Unverified
USGS-11180960,CULL C AB CULL C RES NR CASTRO VALLEY CA,37.7176715,-122.0543673,2804901,,Unverified
USGS-11181000,SAN LORENZO C A HAYWARD CA,37.68548644,-122.064407,2803983,710565777,Unverified
USGS-11181008,CASTRO VALLEY C A HAYWARD CA,37.6799311,-122.0805186,2803985,710391186,Unverified
USGS-11181040,SAN LORENZO C A SAN LORENZO CA,37.6840977,-122.1399649,2804929,,Unverified
USGS-11182500,SAN RAMON C A SAN RAMON CA,37.7729487,-121.9946443,2790443,710430861,Unverified
USGS-11189500,SF KERN R NR ONYX CA,35.7374672,-118.1736856,14961121,710682932,Unverified
USGS-11200800,DEER C NR FOUNTAIN SPRINGS CA,35.9416243,-118.8228716,14934716,710609516,Unverified
USGS-11203580,SF TULE R NR CHOLOLLO CAMPGROUND NR PORTERVILLE CA,36.0482899,-118.6542574,14930711,710544036,Unverified
USGS-11204100,SF TULE R NR RESERVATION BNDRY NR PORTERVILLE CA,36.02411648,-118.8134258,14930789,710649190,Unverified
USGS-11206820,MARBLE FORK KAWEAH R AB HORSE C NR LODGEPOLE CA,36.61166667,-118.7016667,14917771,710577736,Unverified
USGS-11224000,MF SAN JOAQUIN R NR MAMMOTH LAKES CA,37.63194444,-119.0863889,17112805,710645140,Unverified
USGS-11224500,LOS GATOS C AB NUNEZ CYN NR COALINGA CA,36.21466074,-120.4706956,14883269,710551964,Unverified
USGS-11251000,SAN JOAQUIN R BL FRIANT CA,36.98439397,-119.7243124,19791955,710815797,Unverified
USGS-11253310,CANTUA C NR CANTUA CREEK CA,36.40217399,-120.4334917,14882615,710647187,Unverified
USGS-11254000,SAN JOAQUIN R NR MENDOTA CA,36.8105046,-120.3782256,,710801918,Unverified
USGS-11255575,PANOCHE C A I-5 NR SILVER CREEK CA,36.65245145,-120.6321186,19784451,710770183,Unverified
USGS-11261100,SALT SLOUGH A HWY 165 NR STEVINSON CA,37.2476912,-120.8521075,19777307,,Unverified
USGS-11261500,SAN JOAQUIN R A FREMONT FORD BRIDGE CA,37.3099115,-120.9309993,19771455,710750309,Unverified
USGS-11262900,MUD SLOUGH NR GUSTINE CA,37.26241267,-120.9065536,19771685,710607466,Unverified
USGS-11264500,MERCED R A HAPPY ISLES BRIDGE NR YOSEMITE CA,37.73130354,-119.5590243,21609533,710670927,Unverified
USGS-11266500,MERCED R A POHONO BRIDGE NR YOSEMITE CA,37.71627778,-119.6656667,21609641,710762192,Unverified
USGS-11273400,SAN JOAQUIN R AB MERCED R NR NEWMAN CA,37.34718815,-120.9761399,2829236,710750307,Unverified
USGS-11274000,SAN JOAQUIN R NR NEWMAN CA,37.35046585,-120.9771121,2829226,710752291,Unverified
USGS-11274500,ORESTIMBA C NR NEWMAN CA,37.3154653,-121.125171,2828012,710666981,Unverified
USGS-11274550,SAN JOAQUIN R NR CROWS LANDING CA,37.43218889,-121.0133444,,710865374,Unverified
USGS-11274630,DEL PUERTO C NR PATTERSON CA,37.48657227,-121.2090645,2827982,710742363,Unverified
USGS-11274790,TUOLUMNE R A GRAND CYN OF TUOLUMNE AB HETCH HETCHY,37.91657698,-119.6598627,17081597,710724486,Unverified
USGS-11276500,TUOLUMNE R NR HETCH HETCHY CA,37.93740877,-119.7982,17081559,710758212,Unverified
USGS-11276600,TUOLUMNE R AB EARLY INTAKE NR MATHER CA,37.87935307,-119.947092,17082145,710791943,Unverified
USGS-11276900,TUOLUMNE R BL EARLY INTAKE NR MATHER CA,37.88157506,-119.9701483,17082145,710791943,Unverified
USGS-11277300,CHERRY C BL VALLEY DAM NR HETCH HETCHY CA,37.96769944,-119.9174029,17081431,710760195,Unverified
USGS-11278000,ELEANOR C NR HETCH HETCHY CA,37.96907415,-119.8820916,17081409,710782018,Unverified
USGS-11278300,CHERRY C NR EARLY INTAKE CA,37.89435266,-119.9626483,17082139,710795909,Unverified
USGS-11278400,CHERRY C BL DION R HOLM PH NR MATHER CA,37.890186,-119.9698706,17081685,710789959,Unverified
USGS-11284400,BIG C AB WHITES GULCH NR GROVELAND CA,37.8418714,-120.1849103,17078425,710470538,Unverified
USGS-11289000,MODESTO CN NR LA GRANGE CA,37.67240817,-120.474881,2823718,,Unverified
USGS-11289500,TURLOCK CN NR LA GRANGE CA,37.6657419,-120.4409912,2823750,710710610,Unverified
USGS-11289650,TUOLUMNE R BL LAGRANGE DAM NR LAGRANGE CA,37.66629746,-120.4421023,2823750,710710610,Unverified
USGS-11289850,DRY C A CRABTREE RD NR LA GRANGE CA,37.71144167,-120.6098028,2823570,710684816,Unverified
USGS-11290000,TUOLUMNE R A MODESTO CA,37.627153,-120.9843777,2823972,710813780,Unverified
USGS-11299600,BLACK C NR COPPEROPOLIS CA,37.96103615,-120.6152035,348419,710532035,Unverified
USGS-11303000,STANISLAUS R A RIPON CA,37.72962389,-121.110454,2819818,710738383,Unverified
USGS-11303500,SAN JOAQUIN R NR VERNALIS CA,37.67601249,-121.2662907,1897416,710718546,Unverified
USGS-11304810,SAN JOAQUIN R BL GARWOOD BRIDGE A STOCKTON CA,37.93547987,-121.3302245,,710787974,Unverified
USGS-11311300,TURNER CUT NR HOLT CA,37.9925,-121.4538889,,,Unverified
USGS-11312672,VICTORIA CANAL NR BYRON CA,37.8708333,-121.53,,710557831,Unverified
USGS-11312676,MIDDLE R AT MIDDLE RIVER CA,37.94226944,-121.5337,,710518148,Unverified
USGS-11312685,MIDDLE R NR HOLT CA,38.00305556,-121.5108333,1889722,,Unverified
USGS-11312968,OLD R NR DELTA MENDOTA CANAL CA,37.81048298,-121.5424488,,710649099,Unverified
USGS-11313240,GRANT LINE CN NR TRACY CA,37.82,-121.5447222,,710797899,Unverified
USGS-11313315,OLD RIVER NEAR BYRON CA,37.89103627,-121.5702283,,710867336,Unverified
USGS-11313405,OLD R A BACON ISLAND CA,37.96992306,-121.572174,,710833604,Unverified
USGS-11313431,HOLLAND CUT NR BETHEL ISLAND CA,38.01638889,-121.5819444,,,Unverified
USGS-11313433,DUTCH SLOUGH BL JERSEY ISLAND RD A JERSEY ISLAND,38.0135326,-121.667731,,710541953,Unverified
USGS-11313434,OLD R A QUIMBY ISLAND NR BETHEL ISLAND CA,38.0272222,-121.5644444,,710897089,Unverified
USGS-11313440,FALSE R NR OAKLEY CA,38.0558333,-121.6669444,,710791935,Unverified
USGS-11313452,OLD R A FRANKS TRACT NR TERMINOUS CA,38.0711111,-121.5788889,,710762175,Unverified
USGS-11313460,SAN JOAQUIN R A PRISONERS PT NR TERMINOUS CA,38.05944444,-121.5572222,,710762175,Unverified
USGS-11335000,COSUMNES R A MICHIGAN BAR CA,38.5001656,-121.0451852,20192498,710815719,Unverified
USGS-11336585,LAGUNA C NR ELK GROVE CA,38.42321988,-121.3532478,,710690732,Unverified
USGS-11336600,DELTA CROSS CHANNEL NR WALNUT GROVE,38.2447222,-121.5052778,,,Unverified
USGS-11336680,S MOKELUMNE R A NEW HOPE BR NR WALNUT GROVE CA,38.22555556,-121.491111,,710829621,Unverified
USGS-11336685,N MOKELUMNE NR WALNUT GROVE CA,38.2233333,-121.5072222,,710835573,Unverified
USGS-11336790,LITTLE POTATO SLOUGH A TERMINOUS CA,38.09638889,-121.496111,,710732410,Unverified
USGS-11336930,MOKELUMNE R A ANDRUS ISLAND NR TERMINOUS CA,38.10851944,-121.5772194,,710772091,Unverified
USGS-11336955,SAN JOAQUIN R A CHANNEL MARKER 42 NR ISELTON CA,38.10065278,-121.602686,,710809788,Unverified
USGS-11337080,THREEMILE SLOUGH NR RIO VISTA CA,38.1033333,-121.686111,,,Unverified
USGS-11337190,SAN JOAQUIN R A JERSEY POINT CA,38.0521424,-121.6888428,,710791935,Unverified
USGS-11342000,SACRAMENTO R A DELTA CA,40.93959397,-122.4172351,7966063,710833451,Unverified
USGS-11345500,SF PIT R NR LIKELY CA,41.2306851,-120.437154,7932193,710829469,Unverified
USGS-11348500,PIT R NR CANBY CA,41.40600116,-120.9277458,7932045,710908819,Unverified
USGS-11355010,PIT R BL PIT NO 1 PH NR FALL RIVER MILLS CA,40.9832178,-121.511927,7952678,710900905,Unverified
USGS-11355500,HAT C NR HAT CREEK CA,40.6891111,-121.4228056,7952754,710896953,Unverified
USGS-11362890,NELSON C RELEASE WEIR BL PP DIV NR BIG BEND CA,41.04210268,-121.8772172,,710561638,Unverified
USGS-11370500,SACRAMENTO R A KESWICK CA,40.6009835,-122.4444553,2495224,710928701,Unverified
USGS-11370700,ANDERSON-COTTONWOOD ID CN AT SHARON AVE REDDING CA,40.5687315,-122.381363,2495178,710488255,Unverified
USGS-11372000,CLEAR C NR IGO CA,40.51320587,-122.5241795,2495296,710748161,Unverified
USGS-11374000,COW C NR MILLVILLE CA,40.50487467,-122.2330577,2495212,710722369,Unverified
USGS-11376000,COTTONWOOD C NR COTTONWOOD CA,40.38709797,-122.2386119,4296241,710944584,Unverified
USGS-11376550,BATTLE C BL COLEMAN FISH HATCHERY NR COTTONWOOD CA,40.39820996,-122.1463869,2496048,710799750,Unverified
USGS-11377100,SACRAMENTO R AB BEND BRIDGE NR RED BLUFF CA,40.2884596,-122.1866312,12068830,711055691,Unverified
USGS-11379500,ELDER C NR PASKENTA CA,40.02376507,-122.5119462,12068798,710827546,Unverified
USGS-11381500,MILL C NR LOS MOLINOS CA,40.0546022,-122.0241541,8019544,710944598,Unverified
USGS-11383500,DEER C NR VINA CA,40.0140214,-121.9482872,8020924,710881114,Unverified
USGS-11389500,SACRAMENTO R A COLUSA CA,39.21403369,-122.0002208,24688709,710879159,Unverified
USGS-11390000,BUTTE C NR CHICO CA,39.72599524,-121.7088643,1680009,710885097,Unverified
USGS-11390500,SACRAMENTO R BL WILKINS SLOUGH NR GRIMES CA,39.00987205,-121.8246576,2851625,710853380,Unverified
USGS-11401920,SPANISH C A QUINCY CA,39.9458333,-120.9425,8029658,710756126,Unverified
USGS-11402000,SPANISH C AB BLACKHAWK C AT KEDDIE CA,40.0029195,-120.9543714,8027910,710837467,Unverified
USGS-11413000,N YUBA R BL GOODYEARS BAR CA,39.52487147,-120.9379749,8058675,710908915,Unverified
USGS-11418500,DEER C NR SMARTSVILLE CA,39.22431786,-121.2685349,8061235,710684739,Unverified
USGS-11421000,YUBA R NR MARYSVILLE CA,39.1757251,-121.5249647,7981844,710891077,Unverified
USGS-11424000,BEAR R NR WHEATLAND CA,39.0001537,-121.4065908,948020363,710902990,Unverified
USGS-11425500,SACRAMENTO R A VERONA CA,38.77432258,-121.5982593,15039097,710926810,Unverified
USGS-11427000,NF AMERICAN R A NORTH FORK DAM CA,38.9359915,-121.023802,14996611,710932751,Unverified
USGS-11446500,AMERICAN R A FAIR OAKS CA,38.6354394,-121.227692,948021150,710853409,Unverified
USGS-11447360,ARCADE C NR DEL PASO HEIGHTS CA,38.6418268,-121.3826961,15022679,710682784,Unverified
USGS-11447650,SACRAMENTO R A FREEPORT CA,38.45566389,-121.5016167,15048349,710897065,Unverified
USGS-11447830,SUTTER SLOUGH A COURTLAND CA,38.32916667,-121.5791667,,710869292,Unverified
USGS-11447850,STEAMBOAT SLOUGH NR WALNUT GROVE CA,38.2847222,-121.5866667,,,Unverified
USGS-11447890,SACRAMENTO R AB DELTA CROSS CHANNEL CA,38.25769218,-121.5182865,,710922867,Unverified
USGS-11447903,GEORGIANA SLOUGH NR SACRAMENTO R,38.2372222,-121.5175,,710922867,Unverified
USGS-11447905,SACRAMENTO R BL GEORGIANA SLOUGH CA,38.23880385,-121.5227309,,710922867,Unverified
USGS-11448750,SF SCOTTS C NR LAKEPORT CA,39.04027778,-122.9833056,8006673,710510157,Unverified
USGS-11448800,SCOTTS C BL SF SCOTTS C NR LAKEPORT CA,39.04194444,-122.9808333,8006589,710629196,Unverified
USGS-11449235,CLOVER C BYPASS A ELK MTN RD NR UPPER LAKE CA,39.17577778,-122.9028889,8005901,710652997,Unverified
USGS-11449255,SCOTTS C AB STATE ROUTE 29 A UPPER LAKE CA,39.1576361,-122.9207333,8006099,710849414,Unverified
USGS-11449370,MOLESWORTH C NR CLEARLAKE CA,38.93894444,-122.6288889,8009239,,Unverified
USGS-11449500,KELSEY C NR KELSEYVILLE CA,38.9273642,-122.8435719,948020963,710728403,Unverified
USGS-11449820,COLE C A KELSEYVILLE CA,38.97932778,-122.8305778,8009227,710696656,Unverified
USGS-11451000,CACHE C NR LOWER LAKE CA,38.92403349,-122.5657869,8009269,710829586,Unverified
USGS-11451100,NF CACHE C A HOUGH SPRING NR CLEARLAKE OAKS CA,39.1654458,-122.6199862,8005975,710716486,Unverified
USGS-11451300,NF CACHE C NR CLEARLAKE OAKS CA,39.07542006,-122.5341216,8006491,710851402,Unverified
USGS-11451715,BEAR C AB HOLSTEN CHIMNEY CYN NR RUMSEY CA,38.95764605,-122.342726,8009213,710835536,Unverified
USGS-11451800,CACHE C A RUMSEY CA,38.8898988,-122.2383082,15027105,710865300,Unverified
USGS-11452500,CACHE C A YOLO CA,38.727126,-121.8071874,15030099,710926814,Unverified
USGS-11452800,CACHE C OVERFLOW WEIR FROM SETTLING BAS NR WOOD'LD,38.68265687,-121.6729821,,710926814,Unverified
USGS-11452900,CACHE C OUTFLOW FROM SETTLING BASIN NR WOODLAND CA,38.67851526,-121.6727386,948021159,710926814,Unverified
USGS-11453000,YOLO BYPASS NR WOODLAND CA,38.6776572,-121.6440924,15039097,710498268,Unverified
USGS-11453500,PUTAH C NR GUENOC CA,38.7787587,-122.51745,8015823,710746266,Unverified
USGS-11453590,POPE C A WALTER SPRINGS CA,38.6469722,-122.365825,8015617,710579617,Unverified
USGS-11454000,PUTAH C NR WINTERS CA,38.5151562,-122.0818793,15033009,710781991,Unverified
USGS-11455095,SACRAMENTO R DEEP WATER SHIP CHANNEL NR FREEPORT,38.47686944,-121.5836417,,710549863,Unverified
USGS-11455140,TOE DRAIN A LIBERTY ISLAND NR COURTLAND CA,38.34916667,-121.6447222,,711008175,Unverified
USGS-11455276,SHAG SLOUGH A LIBERTY ISLAND NR COURTLAND CA,38.3078583,-121.6924278,,710849457,Unverified
USGS-11455315,CACHE SLOUGH A S LIBERTY ISLAND NR RIO VISTA CA,38.2430111,-121.684286,,710843509,Unverified
USGS-11455338,SACRAMENTO R DEEP WATER SHIP CHANNEL MARKER 51 CA,38.23739167,-121.6739556,,710549863,Unverified
USGS-11455385,CACHE SLOUGH AB RYER ISLAND FERRY NR RIO VISTA CA,38.19395556,-121.6580028,,710920887,Unverified
USGS-11455420,SACRAMENTO R A RIO VISTA CA,38.14904444,-121.6889444,,710895098,Unverified
USGS-11456000,NAPA R NR ST HELENA CA,38.51126405,-122.4557779,1668313,710662951,Unverified
USGS-11458000,NAPA R NR NAPA CA,38.36821248,-122.3032719,1669113,710841518,Unverified
USGS-11458433,SONOMA CREEK A KENWOOD CA,38.4188004,-122.5627606,1669045,710470508,Unverified
USGS-11458500,SONOMA C A AGUA CALIENTE CA,38.32321159,-122.4943873,948050091,710803824,Unverified
USGS-11458600,NATHANSON C A SONOMA CA,38.2808333,-122.4558333,1669289,710662964,Unverified
USGS-11459500,NOVATO C A NOVATO CA,38.1076593,-122.5799419,1669845,710619323,Unverified
USGS-11460000,CORTE MADERA C A ROSS CA,37.96294006,-122.5568837,1671509,710631235,Unverified
USGS-11460151,REDWOOD C A HWY 1 BRIDGE A MUIR BEACH CA,37.8661111,-122.578611,5330719,,Unverified
USGS-11460400,LAGUNITAS C A SAMUEL P TAYLOR STATE PARK CA,38.0268261,-122.7363337,5329621,710688769,Unverified
USGS-11460600,LAGUNITAS C NR PT REYES STATION CA,38.08019988,-122.7844348,5329511,710668926,Unverified
USGS-11460605,OLEMA C A VEDANTA BRIDGE A OLEMA CA,38.0386111,-122.7858333,5329573,,Unverified
USGS-11460750,WALKER C NR MARSHALL CA,38.1757531,-122.8183254,5329357,710569721,Unverified
USGS-11461500,EF RUSSIAN R NR CALPELLA CA,39.24652277,-123.1302509,8269091,710740290,Unverified
USGS-11462080,RUSSIAN R NR TALMAGE CA,39.1129134,-123.183028,8268521,710833544,Unverified
USGS-11462500,RUSSIAN R NR HOPLAND CA,39.0265265,-123.1305253,8269119,710774029,Unverified
USGS-11463000,RUSSIAN R NR CLOVERDALE CA,38.87930758,-123.0535767,8271445,710863316,Unverified
USGS-11463170,BIG SULPHUR C A G RESORT NR CLOVERDALE CA,38.79768326,-122.8024929,8271917,710674841,Unverified
USGS-11463200,BIG SULPHUR C NR CLOVERDALE CA,38.8259757,-122.9969077,8271875,710770071,Unverified
USGS-11463500,RUSSIAN R A GEYSERVILLE CA,38.7126453,-122.8957923,8272107,710899036,Unverified
USGS-11463682,RUSSIAN R A JIMTOWN CA,38.65820245,-122.8294009,8272211,710827616,Unverified
USGS-11463900,MAACAMA C NR KELLOGG CA,38.6409811,-122.7638434,8272605,710601441,Unverified
USGS-11463980,RUSSIAN R A DIGGER BEND NR HEALDSBURG CA,38.63292489,-122.8555123,8272297,710885155,Unverified
USGS-11464000,RUSSIAN R NR HEALDSBURG CA,38.6132032,-122.8363448,8272379,710885155,Unverified
USGS-11465240,DRY C BLW LAMBERT BR NR GEYSERVILLE CA,38.65320165,-122.927181,8272227,710770080,Unverified
USGS-11465350,DRY C NR MOUTH NR HEALDSBURG CA,38.58737009,-122.8621784,8272363,710849443,Unverified
USGS-11465390,RUSSIAN R NR WINDSOR CA,38.5157047,-122.8646775,8272685,710924838,Unverified
USGS-11465660,COPELAND C A ROHNERT PARK CA,38.34324776,-122.7019317,8273423,710581616,Unverified
USGS-11465680,LAGUNA DE SANTA ROSA A STONY PT RD NR COTATI CA,38.3520977,-122.7441164,8273659,710785967,Unverified
USGS-11465690,COLGAN C NR SANTA ROSA CA,38.40209687,-122.7330057,8273311,,Unverified
USGS-11465700,COLGAN C NR SEBASTOPOL CA,38.37348597,-122.768284,8273657,,Unverified
USGS-11465750,LAGUNA DE SANTA ROSA C NR SEBASTOPOL CA,38.42546874,-122.8291584,8273287,710726445,Unverified
USGS-11466065,BRUSH C A SANTA ROSA CA,38.45491127,-122.6802637,,710532010,Unverified
USGS-11466170,MATANZAS C A SANTA ROSA CA,38.43876314,-122.7024499,948010118,710732395,Unverified
USGS-11466200,SANTA ROSA C A SANTA ROSA CA,38.43654076,-122.7246727,8273645,710807787,Unverified
USGS-11466320,SANTA ROSA C A WILLOWSIDE RD NR SANTA ROSA CA,38.44519026,-122.8072129,8273639,710811755,Unverified
USGS-11466800,MARK WEST C NR MIRABEL HEIGHTS CA,38.4940385,-122.853288,8273161,710774056,Unverified
USGS-11467000,RUSSIAN R A HACIENDA BRIDGE NR GUERNEVILLE CA,38.50848204,-122.9277345,8272725,710857383,Unverified
USGS-11467200,AUSTIN C NR CAZADERO CA,38.5065363,-123.0696826,8271049,710639143,Unverified
USGS-11467510,SF GUALALA R NR THE SEA RANCH CA,38.70902938,-123.4266393,8280869,710857374,Unverified
USGS-11467553,NF GUALALA R AB SF GUALALA R NR GUALALA CA,38.78986049,-123.5094204,8281665,710764121,Unverified
USGS-11468000,NAVARRO R NR NAVARRO CA,39.1704079,-123.6680415,2665613,710885126,Unverified
USGS-11468500,NOYO R NR FORT BRAGG CA,39.42822378,-123.7377917,2665525,710815673,Unverified
USGS-11468900,MATTOLE R NR ETTERSBURG CA,40.139278,-123.9913987,2546355,710853332,Unverified
USGS-11469000,MATTOLE R NR PETROLIA CA,40.31316145,-124.2833536,2544433,711016011,Unverified
USGS-11472180,OUTLET C NR WILLITS CA,39.42044444,-123.3406667,8306992,710700601,Unverified
USGS-11473900,MF EEL R NR DOS RIOS CA,39.7062356,-123.3252632,8295207,710910890,Unverified
USGS-11475000,EEL R A FORT SEWARD CA,40.21816919,-123.6325017,2706571,710998161,Unverified
USGS-11475500,SF EEL R NR BRANSCOMB CA,39.71904456,-123.652796,8287608,710793835,Unverified
USGS-11475560,ELDER C NR BRANSCOMB CA,39.72956555,-123.643883,8287590,710825577,Unverified
USGS-11475800,SF EEL R A LEGGETT CA,39.8745957,-123.7205775,8287256,710926755,Unverified
USGS-11476500,SF EEL R NR MIRANDA CA,40.18177947,-123.776116,8285120,711008082,Unverified
USGS-11476600,BULL C NR WEOTT CA,40.3514969,-124.0050136,8284190,710696585,Unverified
USGS-11477000,EEL R A SCOTIA CA,40.49149394,-124.0997407,2704735,710946563,Unverified
USGS-11478500,VAN DUZEN R NR BRIDGEVILLE CA,40.480385,-123.8908461,2705477,710885059,Unverified
USGS-11480390,MAD R AB RUTH RES NR FOREST GLEN CA,40.28428216,-123.3352727,8320019,710891021,Unverified
USGS-11481000,MAD R NR ARCATA CA,40.9098217,-124.06058,8316811,710912813,Unverified
USGS-11481200,LITTLE R NR TRINIDAD CA,41.00982016,-124.0814157,8315847,710664808,Unverified
USGS-11481500,REDWOOD C NR BLUE LAKE CA,40.90596479,-123.815335,8319319,710730286,Unverified
USGS-11482500,REDWOOD C A ORICK CA,41.2992896,-124.0511825,8315607,710706457,Unverified
USGS-11516530,KLAMATH R BL IRON GATE DAM CA,41.92791865,-122.4441882,361671,710511993,Unverified
USGS-11517000,SHASTA R NR  MONTAGUE CA,41.70903196,-122.5380787,3917252,710690564,Unverified
USGS-11517500,SHASTA R NR YREKA CA,41.82288,-122.5955565,3917058,710605247,Unverified
USGS-11519500,SCOTT R NR FORT JONES CA,41.64069017,-123.015037,3798909,710637000,Unverified
USGS-11520500,KLAMATH R NR SEIAD VALLEY CA,41.8537379,-123.2322733,4440518,710569533,Unverified
USGS-11521500,INDIAN C NR HAPPY CAMP CA,41.83509438,-123.383078,4440524,710494140,Unverified
USGS-11522500,SALMON R A SOMES BAR CA,41.37648796,-123.4769615,8261865,710785813,Unverified
USGS-11523000,KLAMATH R A ORLEANS,41.30343278,-123.5344618,4442602,710946521,Unverified
USGS-11523200,TRINITY R AB COFFEE C NR TRINITY CENTER CA,41.11122108,-122.7055474,8242324,710835426,Unverified
USGS-11525500,TRINITY R A LEWISTON CA,40.7247222,-122.801111,8246426,710889013,Unverified
USGS-11525530,RUSH C NR LEWISTON CA,40.72455839,-122.834711,8246406,710720374,Unverified
USGS-11525655,TRINITY R BL LIMEKILN GULCH NR DOUGLAS CITY CA,40.67261385,-122.9205459,8245886,710869176,Unverified
USGS-11525670,INDIAN C NR DOUGLAS CITY CA,40.65178087,-122.9144343,8245912,710551740,Unverified
USGS-11525854,TRINITY R A DOUGLAS CITY CA,40.64527778,-122.9566667,8245896,710960442,Unverified
USGS-11526250,TRINITY R A JUNCTION CITY CA,40.7284768,-123.0619736,8244482,710861238,Unverified
USGS-11526400,TRINITY R AB NF TRINITY R NR HELENA CA,40.76649958,-123.1144415,8244344,710904885,Unverified
USGS-11527000,TRINITY R NR BURNT RANCH CA,40.78871835,-123.440006,8245172,710892979,Unverified
USGS-11528700,SF TRINITY R BL HYAMPOM CA,40.64983089,-123.4941718,8232392,710936634,Unverified
USGS-11530000,TRINITY R A HOOPA CA,41.0498236,-123.6736278,8241662,710894950,Unverified
USGS-11530500,KLAMATH R NR KLAMATH CA,41.51092575,-123.9794772,4440630,710817550,Unverified
USGS-11532500,SMITH R NR CRESCENT CITY CA,41.7914769,-124.0761515,22226812,710583424,Unverified
USGS-340229116510601,BURNT CANYON C ABV DIV DAM NR BANNING CA,34.04129167,-116.8516417,22590125,710365581,Unverified
USGS-340242116492901,WHITEWATER R DIV FLUME IN UP BURNT CYN NR BANNING,34.045,-116.8247222,22590121,,Unverified
USGS-351813119150601,KERN R A ENOS PARK FOOT BR NR BAKERSFIELD CA,35.3035361,-119.2516472,17172888,710651208,Unverified
USGS-360013118575201,DEER C A ROAD 272 BRIDGE NR PORTERVILLE CA,36.0036722,-118.9643639,17159752,710690855,Unverified
USGS-361240119340701,CROSS C A KANSAS AVE NR HANFORD CA,36.211,-119.568636,17154440,710738458,Unverified
USGS-362227119531401,NF KINGS R A 24TH AVE BR NR LEMOORE CA,36.3742611,-119.8872472,17153694,,Unverified
USGS-373507121472101,SAN ANTONIO C A INDIAN CREEK ROAD NR SUNOL CA,37.58527778,-121.7891667,2806705,710472535,Unverified
USGS-381427121305401,SACRAMENTO R BL WALNUT GROVE BR A WALNUT GROVE CA,38.2408583,-121.515836,15048405,710922867,Unverified
USGS-06614800,"MICHIGAN RIVER NEAR CAMERON PASS, CO",40.49609409,-105.8650119,16000378,760363527,Unverified
USGS-06620000,"NORTH PLATTE RIVER NEAR NORTHGATE, CO",40.93663889,-106.3391944,15994940,760658022,Unverified
USGS-06696980,"TARRYALL CREEK AT UPPER STATION NEAR COMO, CO",39.33943296,-105.9116813,5239426,760456799,Unverified
USGS-06700000,"SOUTH PLATTE RIVER ABOVE CHEESMAN LAKE, CO.",39.16276858,-105.3102732,190871,760684783,Unverified
USGS-06701900,"SOUTH PLATTE RIVER BLW BRUSH CRK NEAR TRUMBULL, CO",39.25999025,-105.2219379,190643,760673126,Unverified
USGS-06708600,"WEST PLUM CREEK NEAR PERRY PARK, CO",39.2594722,-104.9519028,192089,760523367,Unverified
USGS-06708690,"WEST PLUM CREEK AT SEDALIA, CO",39.42927778,-104.9677778,191785,760586587,Unverified
USGS-06708800,"EAST PLUM CR ABV HASKINS GULCH NR CASTLE ROCK, CO",39.423,-104.9046111,191767,760594907,Unverified
USGS-06709000,"PLUM CREEK NEAR SEDALIA, CO.",39.43832246,-104.9830387,191739,760634841,Unverified
USGS-06709530,"PLUM CREEK AT TITAN ROAD NEAR LOUVIERS, CO",39.50736944,-105.0244667,188691,760659796,Unverified
USGS-06709740,"LEE GULCH AT LITTLETON, CO",39.5961111,-105.0160278,188283,,Unverified
USGS-06709910,"DUTCH CR AT PLATTE CANYON DRIVE NEAR LITTLETON, CO",39.6001111,-105.0419222,940190148,760485068,Unverified
USGS-06710150,"BIG DRY CREEK BELOW C-470 AT HIGHLANDS RANCH, CO",39.5633216,-104.927758,189869,760501712,Unverified
USGS-06710247,"SOUTH PLATTE RIVER BELOW UNION AVE, AT ENGLEWOOD,C",39.6324876,-105.014983,188209,760723017,Unverified
USGS-06710385,"BEAR CREEK ABOVE EVERGREEN, CO",39.63316667,-105.3369444,188199,760594889,Unverified
USGS-06710605,"BEAR CREEK ABOVE BEAR CREEK LAKE NEAR MORRISON, CO",39.65202778,-105.17325,188633,760574920,Unverified
USGS-06711040,TURKEY CREEK ABOVE BEAR CREEK LAKE NEAR MORRISON C,39.6407083,-105.15935,188637,760515019,Unverified
USGS-06711515,"LITTLE DRY CREEK NR ARAPAHOE RD AT CENTENNIAL, CO",39.5937361,-104.9065,189861,760486732,Unverified
USGS-06711555,"LITTLE DRY CREEK ABOVE ENGLEWOOD, CO",39.6491542,-104.9788705,189361,760470088,Unverified
USGS-06711565,"SOUTH PLATTE RIVER AT ENGLEWOOD, CO.",39.66498738,-105.004149,194423,760714695,Unverified
USGS-06711570,"HARVARD GULCH AT COLORADO BLVD. AT DENVER, CO",39.66920278,-104.9425083,189855,760436806,Unverified
USGS-06711575,"HARVARD GULCH AT HARVARD PARK AT DENVER, CO",39.6717222,-104.9770278,189899,760436806,Unverified
USGS-06711618,"WEIR GULCH UPSTREAM FROM 1ST AVE. AT DENVER, CO",39.7172472,-105.0420111,188107,,Unverified
USGS-06711770,"DRY GULCH AT DENVER, CO",39.734375,-105.0395556,188073,760446786,Unverified
USGS-06711780,"LAKEWOOD GULCH AT DENVER, CO",39.73519444,-105.0313611,188073,760508354,Unverified
USGS-06712000,"CHERRY CREEK NEAR FRANKTOWN, CO.",39.3558234,-104.7633092,231167,760668128,Unverified
USGS-06713000,"CHERRY CREEK BELOW CHERRY CREEK LAKE, CO",39.65359899,-104.8630326,230645,760646472,Unverified
USGS-06713500,"CHERRY CREEK AT DENVER, CO.",39.74248685,-104.9999817,233727,760737988,Unverified
USGS-06714215,"SOUTH PLATTE R AT 64TH AVE. COMMERCE CITY, CO.",39.81220846,-104.9583129,229709,760791228,Unverified
USGS-06714360,"SAND CRK ABV BURLINGTON DITCH NR COMMERCE CITY, CO",39.81025,-104.9503333,229677,760684733,Unverified
USGS-06714400,"S CLEAR CR ABV LOWER CABIN CR RES NR GEORGETOWN,CO",39.64900556,-105.7074833,2885330,760004171,Unverified
USGS-06714500,S CLEAR CR ABV LWR CABIN CR RES SPILWY NR GEORGTWN,39.6631,-105.7063278,2885314,760004171,Unverified
USGS-06714800,"LEAVENWORTH CREEK AT MOUTH NEAR GEORGETOWN, CO",39.68720955,-105.7002821,2885578,760004171,Unverified
USGS-06715000,CLEAR CREEK ABV WEST FORK CLEAR CREEK NR EMPIRE CO,39.7519319,-105.661947,2885542,760624835,Unverified
USGS-06716100,"WEST FORK CLEAR CREEK ABV MOUTH NR EMPIRE, CO",39.75887636,-105.6600025,2885144,760571584,Unverified
USGS-06716500,"CLEAR CREEK NEAR LAWSON, CO",39.7658209,-105.6261123,2885140,760646464,Unverified
USGS-06718550,"NORTH CLEAR CREEK ABOVE MOUTH NR BLACK HAWK, CO",39.74887674,-105.3997159,2885552,760548288,Unverified
USGS-06719505,"CLEAR CREEK AT GOLDEN, CO",39.75304299,-105.2352667,2885178,760713025,Unverified
USGS-06719560,"LENA GULCH AT LAKEWOOD, CO",39.74040278,-105.1488333,2886824,,Unverified
USGS-06719840,"LITTLE DRY CREEK AT WESTMINSTER, CO",39.82655278,-105.0400639,2884976,760468410,Unverified
USGS-06719845,"LITTLE DRY CRK BLW FEDERAL BLVD AT WESTMINSTER, CO",39.81936667,-105.0214472,2885002,760468410,Unverified
USGS-06720460,"FIRST CR BEL BUCKLEY RD, AT ROCKY MTN ARSENAL, CO",39.8080421,-104.7938618,229717,760581565,Unverified
USGS-06720820,"BIG DRY CREEK AT WESTMINSTER, CO",39.90568056,-105.0353889,228553,760571573,Unverified
USGS-06720990,"BIG DRY CREEK AT MOUTH NEAR FORT LUPTON, CO",40.0688333,-104.8319861,225687,760643116,Unverified
USGS-06721000,"SOUTH PLATTE RIVER AT FORT LUPTON, CO.",40.11609435,-104.8185831,225621,760734628,Unverified
USGS-06724970,"LEFT HAND CREEK AT HOVER ROAD NEAR LONGMONT, CO",40.13427778,-105.1308194,2888948,760413475,Unverified
USGS-06727410,"FOURMILE CREEK AT LOGAN MILL ROAD NEAR CRISMAN, CO",40.04202778,-105.3649167,2889346,760486697,Unverified
USGS-06727500,"FOURMILE CREEK AT ORODELL, CO",40.01866667,-105.32625,2889346,760486697,Unverified
USGS-06730160,"FOURMILE CANYON CREEK NEAR SUNSHINE, CO",40.0576111,-105.3487778,2889178,760430121,Unverified
USGS-06730200,"BOULDER CREEK AT NORTH 75TH ST. NEAR BOULDER, CO",40.05165184,-105.1788754,2889214,760564905,Unverified
USGS-06730500,"BOULDER CREEK AT MOUTH NEAR LONGMONT, CO",40.13877778,-105.0202222,2888998,,Unverified
USGS-06730525,ST VRAIN CR BLW BOULDER CR AT HWY 119 NR LONGMONT,40.16046667,-105.0079361,2888828,760599841,Unverified
USGS-06741510,"BIG THOMPSON RIVER AT LOVELAND, CO.",40.37873889,-105.0608167,12932,760702991,Unverified
USGS-06746110,"JOE WRIGHT CREEK BELOW JOE WRIGHT RESERVOIR, CO",40.5619264,-105.8639,2900061,760426754,Unverified
USGS-06751145,N FK CACHE LA POUDRE R ABV HALLIGAN RES NR VA DALE,40.8945833,-105.3672222,2898115,760603113,Unverified
USGS-06751150,N FK CACHE LA POUDRE R BLW HALLIGAN RES NR VA DALE,40.87831637,-105.3380411,2898187,760646378,Unverified
USGS-06751490,"NORTH FORK CACHE LA POUDRE RIVER AT LIVERMORE, CO",40.7874815,-105.2522047,2900581,760646384,Unverified
USGS-06752260,"CACHE LA POUDRE RIVER AT FORT COLLINS, CO",40.5880833,-105.0692222,2900003,760731264,Unverified
USGS-06752280,"CACHE LA POUDRE RIV AB BOXELDER CRK NR TIMNATH, CO",40.5519269,-105.011365,2900123,760704642,Unverified
USGS-06759500,"SOUTH PLATTE RIVER AT FORT MORGAN, CO",40.26840278,-103.8011917,3561878,760734616,Unverified
USGS-07079300,"EF ARKANSAS R AT US HIGHWAY 24, NR LEADVILLE, CO.",39.2724892,-106.3064133,916493,760559973,Unverified
USGS-07081200,"ARKANSAS RIVER NEAR LEADVILLE, CO",39.249,-106.3481111,916811,760568294,Unverified
USGS-07083000,"HALFMOON CREEK NEAR MALTA, CO",39.17221259,-106.3891926,916821,760523374,Unverified
USGS-07083200,"HALFMOON CR BL HALFMOON DIVERSION NR LEADVILLE, CO",39.1857222,-106.3833611,916821,760523374,Unverified
USGS-07083710,"ARKANSAS RIVER BELOW EMPIRE GULCH NEAR MALTA, CO",39.1638798,-106.320024,916565,760691437,Unverified
USGS-07086000,"ARKANSAS RIVER AT GRANITE, CO.",39.04277116,-106.2658553,,760603254,Unverified
USGS-07087050,"ARKANSAS RIVER BELOW GRANITE, CO",38.97693889,-106.2139833,917441,760674809,Unverified
USGS-07091200,"ARKANSAS RIVER NEAR NATHROP, CO",38.6522188,-106.051126,918597,760683155,Unverified
USGS-07093700,"ARKANSAS RIVER NEAR WELLSVILLE, CO.",38.50277496,-105.9397333,,760673183,Unverified
USGS-07094500,"ARKANSAS RIVER AT PARKDALE, CO.",38.4872189,-105.373604,920981,760395296,Unverified
USGS-07096000,"ARKANSAS RIVER AT CANON CITY, CO.",38.43388674,-105.2572128,,760704805,Unverified
USGS-07096250,"FOURMILE CREEK BELOW CRIPPLE CREEK NEAR VICTOR, CO",38.66388094,-105.228041,947431,760669843,Unverified
USGS-07097000,"ARKANSAS RIVER AT PORTLAND, CO.",38.38833418,-105.0160961,,760793000,Unverified
USGS-07099050,"BEAVER CR ABV UPPER BEAVER CEMETERY NR PENROSE, CO",38.56166228,-105.0219257,947577,760618266,Unverified
USGS-07099060,"BEAVER CREEK ABOVE HIGHWAY 115 NEAR PENROSE, CO",38.4891658,-104.9974832,950343,760696480,Unverified
USGS-07099230,"TURKEY CREEK AB TELLER RES NEAR STONE CITY, CO.",38.46499989,-104.8272009,950371,760634912,Unverified
USGS-07099238,"TELLER RESERVOIR SPILLWAY NEAR STONE CITY, CO",38.43888889,-104.8208333,,760618276,Unverified
USGS-07099400,"ARKANSAS RIVER ABOVE PUEBLO, CO",38.2716694,-104.718033,,760751410,Unverified
USGS-07099970,"ARKANSAS RIVER AT MOFFAT STREET AT PUEBLO, CO",38.25361396,-104.6060854,951131,760763058,Unverified
USGS-07099973,ARKANSAS RIVER TRIBUTARY ABOVE HWY 227 AT PUEBLO,38.25388889,-104.5958333,951131,760763058,Unverified
USGS-07103100,"WILLIAMS CANYON ABV MOUTH NEAR MANITOU SPRINGS, CO",38.88880278,-104.918825,1529669,,Unverified
USGS-07103700,"FOUNTAIN CREEK NEAR COLORADO SPRINGS, CO.",38.85471357,-104.8780314,1529693,760654852,Unverified
USGS-07103703,"CAMP CREEK AT GARDEN OF THE GODS, CO",38.87693609,-104.8727543,1529691,,Unverified
USGS-07103780,"MONUMENT C AB N.GATE BLVD AT USAF ACADEMY, CO.",39.03102778,-104.8466111,1528197,760581623,Unverified
USGS-07103784,"GOAT CAMP CREEK ABV RESERVOIR NO. 4 AT USAFA, CO",39.00888889,-104.8981,1528233,,Unverified
USGS-07103790,"MONUMENT CR BEL SEWAGE TR PLANT AT USAF ACADEMY,CO",38.98138889,-104.8305556,,760618234,Unverified
USGS-07103791,"LEHMAN RUN BLW STADIUM BLVD AT USAFA, CO",39.00007778,-104.8378417,1528233,,Unverified
USGS-07103792,"RESERVOIR NO. 1 SPILLWAY AT HUSTED RD AT USAFA, CO",39.0012333,-104.8340111,1531269,760638201,Unverified
USGS-07103797,"WEST MONUMENT CREEK BELOW RAMPART RESERVOIR, CO",38.97499176,-104.9555374,1529459,760461820,Unverified
USGS-07103800,"WEST MONUMENT CREEK AT U.S. AIR FORCE ACADEMY, CO",38.97054766,-104.902758,1531145,760461820,Unverified
USGS-07103960,"KETTLE CREEK ABOVE USAF ACADEMY, CO",38.9761111,-104.7986111,1529445,760420217,Unverified
USGS-07103970,"MONUMENT CR ABV WOODMEN RD AT COLORADO SPRINGS, CO",38.9338817,-104.8171992,1529541,760666494,Unverified
USGS-07103980,"COTTONWOOD CREEK AT WOODMEN RD NR COLO SPRINGS, CO",38.93943809,-104.7410863,1531159,760420221,Unverified
USGS-07103987,"COTTONWOOD CK AT UNION BLVD, AT COLO SPRINGS, CO",38.9303611,-104.77615,1529539,760545023,Unverified
USGS-07103990,"COTTONWOOD CREEK AT MOUTH AT PIKEVIEW, CO",38.9272222,-104.8141667,1529539,760545023,Unverified
USGS-07104000,"MONUMENT CREEK AT PIKEVIEW, CO.",38.91777057,-104.8185877,1529569,760634879,Unverified
USGS-07104905,"MONUMENT CREEK AT BIJOU ST. AT COLO. SPRINGS, CO",38.83721474,-104.8294192,1529719,760686469,Unverified
USGS-07105000,"BEAR CREEK NEAR COLORADO SPRINGS, CO",38.82249078,-104.888586,1529743,,Unverified
USGS-07105490,"CHEYENNE CREEK AT EVANS AVE AT COLORADO SPRINGS,CO",38.79054685,-104.8641404,1529797,760450186,Unverified
USGS-07105500,"FOUNTAIN CREEK AT COLORADO SPRINGS, CO",38.81638158,-104.8227519,1529751,760669831,Unverified
USGS-07105530,"FOUNTAIN CR BLW JANITELL RD BLW COLO. SPRINGS, CO",38.8030491,-104.7958069,1529807,760718089,Unverified
USGS-07105600,"SAND CREEK ABOVE MOUTH AT COLORADO SPRINGS, CO",38.78832768,-104.773862,1529805,760598280,Unverified
USGS-07105800,"FOUNTAIN CREEK AT SECURITY, CO",38.7294404,-104.7338611,1529977,760693132,Unverified
USGS-07105815,"CLOVER DITCH DRAIN AT QUINN ST NR WIDEFIELD, CO",38.7297222,-104.7676389,1531233,,Unverified
USGS-07105820,"CLOVER DITCH DRAIN NEAR WIDEFIELD, CO.",38.71860726,-104.729139,1530027,760748047,Unverified
USGS-07105900,"JIMMY CAMP CREEK AT FOUNTAIN, CO.",38.6844413,-104.688583,1530241,760636561,Unverified
USGS-07105932,LITTLE FOUNTAIN CR BELOW RIPLEY DITCH NR FT CARSON,38.67885,-104.8515278,1530257,760383632,Unverified
USGS-07105940,"LITTLE FOUNTAIN CREEK NEAR FOUNTAIN, CO",38.64265,-104.7483833,1531241,760563348,Unverified
USGS-07105945,"ROCK CREEK ABOVE FORT CARSON RESERVATION, CO",38.707493,-104.8466403,1530177,760560018,Unverified
USGS-07106000,"FOUNTAIN CREEK NEAR FOUNTAIN, CO.",38.6016647,-104.6702503,1530529,760704792,Unverified
USGS-07106300,"FOUNTAIN CREEK NEAR PINON, CO",38.42944444,-104.5980556,1531919,760674853,Unverified
USGS-07106500,"FOUNTAIN CREEK AT PUEBLO, CO.",38.2877801,-104.6010849,1532253,760669872,Unverified
USGS-07106510,"FOUNTAIN CREEK AT 8TH STREET AT PUEBLO, CO",38.27444444,-104.6005556,1532253,760669872,Unverified
USGS-07108900,"ST. CHARLES RIVER AT VINELAND, CO.",38.24555835,-104.4863597,952325,760623286,Unverified
USGS-07109500,"ARKANSAS RIVER NEAR AVONDALE, CO.",38.24805799,-104.3991356,952589,760729779,Unverified
USGS-07116500,"HUERFANO RIVER NEAR BOONE, CO.",38.2250024,-104.2607996,1423102,760683191,Unverified
USGS-07119500,"APISHAPA RIVER NEAR FOWLER, CO",38.1085,-103.9676111,981799,760634942,Unverified
USGS-07121500,"TIMPAS CREEK AT MOUTH NEAR SWINK, CO.",38.0030644,-103.6560588,975692,760644935,Unverified
USGS-07124000,"ARKANSAS RIVER AT LAS ANIMAS, CO.",38.0808399,-103.2196523,1594283,760751424,Unverified
USGS-07124200,"PURGATOIRE RIVER AT MADRID, CO.",37.12946459,-104.6399888,937408,760595081,Unverified
USGS-07124410,"PURGATOIRE RIVER BELOW TRINIDAD LAKE, CO.",37.14390846,-104.5477644,937330,760678280,Unverified
USGS-07126200,"VAN BREMER ARROYO NEAR MODEL, CO",37.34557255,-103.9580186,938902,760578424,Unverified
USGS-07126300,"PURGATOIRE RIVER NEAR THATCHER, CO.",37.3564059,-103.9002383,938894,760684920,Unverified
USGS-07126485,"PURGATOIRE RIVER AT ROCK CROSSING NR TIMPAS, CO.",37.6183474,-103.593557,934978,760659940,Unverified
USGS-07128500,"PURGATOIRE RIVER NEAR LAS ANIMAS, CO",38.0342222,-103.2014167,933650,760701509,Unverified
USGS-07130500,"ARKANSAS RIVER BELOW JOHN MARTIN RESERVOIR, CO.",38.06639635,-102.9324228,1596199,760799681,Unverified
USGS-07133000,"ARKANSAS RIVER AT LAMAR, CO",38.10579167,-102.6182056,1596083,760658238,Unverified
USGS-07134180,"ARKANSAS RIVER NEAR GRANADA, CO.",38.0955649,-102.3107453,1601213,760749759,Unverified
USGS-07134990,"WILD HORSE CREEK ABOVE HOLLY, CO",38.05702778,-102.1384722,1595583,,Unverified
USGS-07135500,"ARKANSAS RIVER AT HOLLY, CO.",38.04362258,-102.1196294,1596515,760623299,Unverified
USGS-08220000,"RIO GRANDE NEAR DEL NORTE, CO",37.6886111,-106.4598611,,770090506,Unverified
USGS-08251500,"RIO GRANDE NEAR LOBATOS, CO",37.0786111,-105.7569444,,770072847,Unverified
USGS-09010500,"COLORADO RIVER BELOW BAKER GULCH NR GRAND LAKE, CO",40.32581784,-105.8566791,1234461,710910859,Unverified
USGS-09014050,"GRAND LAKE OUTLET BLW CHIPMUNK LN AT GRAND LK, CO",40.2461111,-105.8288333,1234531,710787855,Unverified
USGS-09015000,"COLORADO RIVER BL SHADOW MOUNTAIN RESERVOIR, CO.",40.20519444,-105.8375611,1234105,710934672,Unverified
USGS-09019000,"COLORADO RIVER BELOW LAKE GRANBY, CO.",40.1441524,-105.8672348,1234505,710944596,Unverified
USGS-09019500,"COLORADO RIVER NEAR GRANBY, CO",40.12081915,-105.9005694,1234513,710914837,Unverified
USGS-09019850,"WILLOW CREEK BELOW CABIN CREEK NEAR GRANBY, CO",40.21426944,-106.0506611,1231147,710885072,Unverified
USGS-09021000,"WILLOW CREEK BELOW WILLOW CREEK RESERVOIR, CO.",40.14581899,-105.9400156,1234173,710837459,Unverified
USGS-09022000,"FRASER RIVER AT UPPER STA, NEAR WINTER PARK, CO.",39.8458204,-105.7519507,1239663,710579556,Unverified
USGS-09024000,"FRASER RIVER AT WINTER PARK, CO.",39.89998695,-105.7766741,1239657,710734305,Unverified
USGS-09025000,"VASQUEZ CREEK AT WINTER PARK, CO",39.92026468,-105.7852857,1239617,710773984,Unverified
USGS-09025300,"ELK CREEK AT UPPER STATION, NEAR FRASER, CO",39.8894312,-105.8325098,1239635,710619232,Unverified
USGS-09026500,"ST. LOUIS CREEK NEAR FRASER, CO.",39.90998657,-105.8783451,1239619,710772000,Unverified
USGS-09027100,"FRASER RIVER AT TABERNASH, CO",39.9903333,-105.8297778,1239255,710843421,Unverified
USGS-09029995,MIDDLE FORK RANCH CREEK ABV DIVERSION NR FRASER CO,39.92896944,-105.7343389,1239621,710645022,Unverified
USGS-09031600,"VASQUEZ DIVERSION 3 NR WINTER PARK, CO",39.86610556,-105.8196472,1239667,710577572,Unverified
USGS-09031700,"VASQUEZ DIVERSION 2 NR WINTER PARK, CO",39.8891472,-105.8117694,1239667,710577572,Unverified
USGS-09032000,"RANCH CREEK NEAR FRASER, CO.",39.94998694,-105.7655627,1239605,710647006,Unverified
USGS-09032050,"LITTLE CABIN CREEK NEAR TABERNASH, CO",39.97454444,-105.7395361,1239595,,Unverified
USGS-09032100,"CABIN CREEK NEAR FRASER, CO.",39.9858203,-105.7450064,1239593,710525980,Unverified
USGS-09032200,"HAMILTON CREEK NEAR TABERNASH, CO",39.99727778,-105.7468056,1239589,710795803,Unverified
USGS-09032300,"HURD CREEK NEAR TABERNASH, CO",40.01325,-105.7616944,1234519,710795803,Unverified
USGS-09032400,"TRAIL CREEK NEAR TABERNASH, CO",40.02841667,-105.7806389,1234373,,Unverified
USGS-09032990,"MEADOW CREEK BLW MEADOW CREEK RES NR TABERNASH, CO",40.05202778,-105.7541667,1234517,710525977,Unverified
USGS-09033010,"MEADOW CREEK DIVERSION NEAR TABERNASH, CO",40.0502861,-105.7797056,1234517,710525977,Unverified
USGS-09033100,"RANCH CREEK BLW MEADOW CR NR TABERNASH, CO",39.9990861,-105.8265583,1239233,710819611,Unverified
USGS-09033300,FRASER RIVER BLW CROOKED CR AT TABERNASH CO,40.00689167,-105.8482722,1234355,710875163,Unverified
USGS-09034250,"COLORADO RIVER AT WINDY GAP, NEAR GRANBY, CO.",40.108319,-106.0041847,1231703,710960470,Unverified
USGS-09034900,"BOBTAIL CREEK NEAR JONES PASS, CO",39.76026447,-105.9064014,1239681,710662887,Unverified
USGS-09035500,"WILLIAMS FORK BELOW STEELMAN CREEK, CO.",39.77887549,-105.9283469,1239423,710662887,Unverified
USGS-09035700,"WILLIAMS FORK ABOVE DARLING CREEK, NEAR LEAL, CO",39.79719444,-106.0256389,1238141,710772007,Unverified
USGS-09035900,"SOUTH FORK OF WILLIAMS FORK NEAR LEAL, CO",39.79581958,-106.0305734,1238533,710750186,Unverified
USGS-09036000,"WILLIAMS FORK NEAR LEAL, CO.",39.833875,-106.0564079,1237943,710801764,Unverified
USGS-09037500,"WILLIAMS FORK NEAR PARSHALL, CO",40.0002,-106.1803667,1232821,710885084,Unverified
USGS-09038500,"WILLIAMS FORK BELOW WILLIAMS FORK RESERVOIR, CO",40.03592778,-106.2050139,1232803,710930714,Unverified
USGS-09040500,"TROUBLESOME CREEK NEAR TROUBLESOME, CO.",40.05866389,-106.3051778,1232041,710883096,Unverified
USGS-09041090,"MUDDY CREEK ABOVE ANTELOPE CREEK NR. KREMMLING, CO",40.2024844,-106.4225335,1231205,710950544,Unverified
USGS-09041400,"MUDDY CRK BLW WOLFORD MTN RESER. NR KREMMLING, CO",40.10859628,-106.4139212,1231609,710958484,Unverified
USGS-09041900,"MONTE CRISTO DIVERSION NEAR HOOSIER PASS, CO",39.38082156,-106.0714082,1314767,710518075,Unverified
USGS-09044300,"BEMROSE-HOOSIER DIVERSION NEAR HOOSIER PASS, CO",39.38054378,-106.0708526,1314767,710518075,Unverified
USGS-09044800,"MCCULLOUGH-SP-CRYS-DIVERSION NEAR HOOSIER PASS, CO",39.38082156,-106.0711304,1314767,710518075,Unverified
USGS-09046490,"BLUE RIVER AT BLUE RIVER, CO.",39.45582067,-106.0316849,1314651,710682743,Unverified
USGS-09046600,"BLUE RIVER NEAR DILLON, CO",39.56665329,-106.0494632,1312907,710732338,Unverified
USGS-09047500,"SNAKE RIVER NEAR MONTEZUMA, CO",39.6053611,-105.9431306,1314289,710627183,Unverified
USGS-09047700,"KEYSTONE GULCH NEAR DILLON, CO.",39.59443117,-105.9725158,1314083,,Unverified
USGS-09050100,"TENMILE CREEK BL NORTH TENMILE C, AT FRISCO, CO.",39.57526424,-106.1105765,1312885,710849393,Unverified
USGS-09050700,"BLUE RIVER BELOW DILLON, CO.",39.625542,-106.0664082,1312847,710787887,Unverified
USGS-09051050,"STRAIGHT CR BLW LASKEY GULCH NR DILLON, CO",39.6397087,-106.040296,1313259,710510125,Unverified
USGS-09053500,"BLUE RIVER ABOVE GREEN MOUNTAIN RESERVOIR, CO.",39.83193005,-106.2228033,,710904932,Unverified
USGS-09056500,"ELLIOTT CREEK FEEDER CANAL TO GREEN MTN RES, CO",39.873725,-106.3305972,1312357,710863266,Unverified
USGS-09057500,"BLUE RIVER BELOW GREEN MOUNTAIN RESERVOIR, CO",39.88026354,-106.3339175,1313213,710863266,Unverified
USGS-09058000,"COLORADO RIVER NEAR KREMMLING, CO",40.03665248,-106.4400324,1232797,710920793,Unverified
USGS-09058500,"PINEY RIVER BELOW PINEY LAKE, NEAR MINTURN, CO.",39.70804158,-106.4266968,1238569,,Unverified
USGS-09059500,"PINEY RIVER NEAR STATE BRIDGE, CO",39.7957222,-106.5743472,1238531,710728358,Unverified
USGS-09060770,"ROCK CREEK AT MCCOY, CO.",39.91394444,-106.7273056,1237327,710851358,Unverified
USGS-09060799,"COLORADO RIVER AT CATAMOUNT BRIDGE, CO",39.8911,-106.8316944,1237521,710944609,Unverified
USGS-09061600,"EAST FORK EAGLE RIVER NEAR CLIMAX, CO",39.4102654,-106.2497468,1321062,710575610,Unverified
USGS-09062600,"RESOLUTION CREEK AT CAMP HALE NEAR RED CLIFF, CO",39.4478361,-106.3192167,1320848,710522039,Unverified
USGS-09063000,"EAGLE RIVER AT RED CLIFF, CO.",39.50831949,-106.3666948,1320016,710698615,Unverified
USGS-09063440,"TURKEY CREEK BELOW TATES GULCH NR RED CLIFF, CO",39.5193333,-106.3514167,1319892,710607348,Unverified
USGS-09063900,"MISSOURI CREEK NEAR GOLD PARK, CO.",39.39026486,-106.4700294,1321052,710605371,Unverified
USGS-09064000,"HOMESTAKE CREEK AT GOLD PARK, CO.",39.4055426,-106.433362,1320914,710690682,Unverified
USGS-09064600,"EAGLE RIVER NEAR MINTURN, CO",39.55387495,-106.402529,1319752,710859315,Unverified
USGS-09065100,"CROSS CREEK NEAR MINTURN, CO",39.56829167,-106.4124306,1320280,710706549,Unverified
USGS-09065500,"GORE CREEK AT UPPER STATION, NEAR MINTURN, CO.",39.6258193,-106.2780823,1320264,710746222,Unverified
USGS-09066000,"BLACK GORE CREEK NEAR MINTURN, CO.",39.59637495,-106.2650264,1320274,710680752,Unverified
USGS-09066200,"BOOTH CREEK NEAR MINTURN, CO.",39.64831927,-106.3230833,1320244,710756141,Unverified
USGS-09066300,"MIDDLE CREEK NEAR MINTURN, CO.",39.6458193,-106.3822512,1319214,710803758,Unverified
USGS-09066310,"GORE CREEK, LOWER STATION, AT VAIL, COLORADO",39.6410971,-106.3941959,,710805742,Unverified
USGS-09066325,"GORE CREEK ABV RED SANDSTONE CREEK AT VAIL, CO",39.6410971,-106.3947515,1319236,710805742,Unverified
USGS-09066510,"GORE CREEK AT MOUTH NEAR MINTURN, CO",39.60943048,-106.447808,1319426,710809710,Unverified
USGS-09067000,"BEAVER CREEK AT AVON, CO",39.62970826,-106.5228096,1319442,710918830,Unverified
USGS-09067005,"EAGLE RIVER AT AVON, CO.",39.6316527,-106.5225318,,710920814,Unverified
USGS-09067020,"EAGLE R BLW WASTEWATER TREATMENT PLANT AT AVON, CO",39.6348611,-106.5319444,1319278,710920814,Unverified
USGS-09067200,"LAKE CREEK NEAR EDWARDS, CO",39.647486,-106.6092003,1319324,710855342,Unverified
USGS-09070000,"EAGLE RIVER BELOW GYPSUM, CO.",39.64942954,-106.9536554,1320238,710902957,Unverified
USGS-09070500,"COLORADO RIVER NEAR DOTSERO, CO",39.6446111,-107.0780139,1236065,711018028,Unverified
USGS-09071295,"GRIZZLY CREEK NR GRIZZLY LAKE NR GLENWOOD SPGS, CO",39.71762778,-107.3177194,1235615,710555754,Unverified
USGS-09072550,"ROARING FORK RIVER ABV LOST MAN CR NEAR ASPEN, CO",39.1193611,-106.6239167,1327457,710609352,Unverified
USGS-09073005,"LINCOLN CREEK BELOW GRIZZLY RESERVOIR NR ASPEN, CO",39.0802361,-106.6165833,1327239,710728394,Unverified
USGS-09073300,"ROARING FORK RIVER AB DIFFICULT C NR ASPEN, CO.",39.14109959,-106.7742039,1327173,710809735,Unverified
USGS-09073400,"ROARING FORK RIVER NEAR ASPEN, CO.",39.17998755,-106.8019826,1327153,710754180,Unverified
USGS-09073721,"HUNTER CREEK CONDUIT BYPASS NEAR ASPEN, CO",39.20756944,-106.6803917,1327447,710595460,Unverified
USGS-09073791,"MIDWAY CREEK CONDUIT BYPASS NEAR ASPEN, CO",39.19102778,-106.6859,1327165,710595460,Unverified
USGS-09073891,"NO NAME CREEK CONDUIT BYPASS NEAR ASPEN, CO",39.18360738,-106.7198577,1327167,,Unverified
USGS-09074500,"HUNTER CREEK AT ASPEN, CO",39.19688889,-106.8189167,1327445,710597444,Unverified
USGS-09076000,"MAROON CREEK NEAR ASPEN, CO.",39.1634083,-106.8807472,1327203,710700617,Unverified
USGS-09076300,"ROARING FORK RIVER BLW MAROON CREEK NR ASPEN, CO",39.2232,-106.8573083,1327097,710720451,Unverified
USGS-09078141,"NORTH CUNNINGHAM CREEK CONDUIT BYPASS NR NORRIE,CO",39.33596219,-106.5442115,1326967,710563709,Unverified
USGS-09078475,"LAST CHANCE CREEK NEAR NORRIE, CO",39.34388889,-106.6565278,1326915,710547835,Unverified
USGS-09079450,"LIME CREEK NEAR THOMASVILLE, CO",39.3604111,-106.6852444,1326907,710708540,Unverified
USGS-09080400,"FRYINGPAN RIVER NEAR RUEDI, CO.",39.36554075,-106.8255948,1326889,710847420,Unverified
USGS-09081000,"ROARING FORK RIVER NEAR EMMA, CO",39.37331729,-107.0839367,1325991,710893051,Unverified
USGS-09081600,"CRYSTAL RIVER ABV AVALANCHE CRK, NEAR REDSTONE, CO",39.23263889,-107.2275,1326465,710789893,Unverified
USGS-09085000,"ROARING FORK RIVER AT GLENWOOD SPRINGS, CO.",39.54666667,-107.3308333,1324997,710940660,Unverified
USGS-09085100,"COLORADO RIVER BELOW GLENWOOD SPRINGS, CO",39.5549819,-107.337554,3175612,710887090,Unverified
USGS-09085500,"CANYON CREEK NEAR NEW CASTLE, CO.",39.5745361,-107.447925,3175930,710807728,Unverified
USGS-09087500,"ELK CREEK AT NEW CASTLE, CO.",39.5737972,-107.5399333,3175474,710893041,Unverified
USGS-09090785,"DIVIDE CREEK NEAR SILT, CO",39.54050278,-107.6230722,3175678,710916852,Unverified
USGS-09092570,"COLORADO RIVER AT RULISON, CO.",39.49414529,-107.9389593,3181252,710940661,Unverified
USGS-09093500,"PARACHUTE CREEK AT PARACHUTE, CO.",39.45344444,-108.0606944,1255204,710801782,Unverified
USGS-09095500,"COLORADO RIVER NEAR CAMEO, CO.",39.2391463,-108.2661946,3179476,710859330,Unverified
USGS-09105000,"PLATEAU CREEK NEAR CAMEO, CO",39.1836111,-108.2683333,3179298,710853381,Unverified
USGS-09106150,"COLO RIVER BELOW GRAND VALLEY DIV NR PALISADE, CO",39.09859226,-108.355086,3179692,710946633,Unverified
USGS-09106485,"COLORADO R. ABV GUNNISON R. AT GRAND JUNCTION, CO",39.0545833,-108.5411111,944010028,710851404,Unverified
USGS-09106800,"TAYLOR RIVER ABOVE TRAIL CREEK NR TAYLOR PARK, CO",38.92469444,-106.6009444,1332750,710672850,Unverified
USGS-09107000,"TAYLOR RIVER AT TAYLOR PARK, CO.",38.86027127,-106.5666966,1333022,710766101,Unverified
USGS-09107500,"TEXAS CREEK AT TAYLOR PARK, CO",38.84694444,-106.5546389,1333486,710559765,Unverified
USGS-09108250,"WILLOW CREEK ABOVE TAYLOR PARK RESERVOIR, CO.",38.8179361,-106.56075,1333130,710694680,Unverified
USGS-09109000,"TAYLOR RIVER BELOW TAYLOR PARK RESERVOIR, CO.",38.8183269,-106.6091977,1333490,710793879,Unverified
USGS-09110000,"TAYLOR RIVER AT ALMONT, CO.",38.66443715,-106.8453172,1333564,710857375,Unverified
USGS-09110970,"COAL CREEK ABOVE ELK CREEK NEAR CRESTED BUTTE, CO",38.85566667,-107.0729167,1332238,710504214,Unverified
USGS-09110990,"ELK CREEK AT COAL CREEK ABV CRESTED BUTTE, CO",38.85665,-107.0597722,1332232,710506198,Unverified
USGS-09111250,"COAL CREEK ABV MCCORMICK DTCH AT CRESTED BUTTE, CO",38.87155556,-106.9852972,1332944,710520085,Unverified
USGS-09112200,"EAST RIVER BELOW CEMENT CREEK NR CRESTED BUTTE, CO",38.7841599,-106.8708736,1333198,710827609,Unverified
USGS-09112500,"EAST RIVER AT ALMONT, CO",38.66443715,-106.848095,1333418,710869279,Unverified
USGS-09113500,"OHIO CREEK NEAR BALDWIN, CO.",38.70304167,-106.9999472,3252767,710831581,Unverified
USGS-09113980,"OHIO CREEK ABOVE MOUTH NR GUNNISON, CO",38.5877696,-106.931432,3252623,710823651,Unverified
USGS-09114500,"GUNNISON RIVER NEAR GUNNISON, CO.",38.54193567,-106.9497661,3252637,710837541,Unverified
USGS-09114520,"GUNNISON RIVER AT GUNNISON WHITEWATER PARK, CO",38.5332722,-106.9490861,3252657,710837541,Unverified
USGS-09115500,"TOMICHI CREEK AT SARGENTS, CO",38.39502778,-106.422625,9773517,710762157,Unverified
USGS-09118450,"COCHETOPA CREEK BELOW ROCK CREEK NEAR PARLIN, CO",38.3372222,-106.7736111,9773615,710793905,Unverified
USGS-09119000,"TOMICHI CREEK AT GUNNISON, CO",38.5211111,-106.9409583,9773129,710819687,Unverified
USGS-09123450,"LAKE FORK BLW LAKE SAN CRISTOBAL NR LAKE CITY, CO",37.9843611,-107.2920972,3255135,710772099,Unverified
USGS-09124010,"HENSON CREEK AT LAKE CITY, CO",38.02566944,-107.3163472,3253663,710692736,Unverified
USGS-09124500,"LAKE FORK AT GATEVIEW, CO.",38.2988834,-107.2300557,3253975,710823668,Unverified
USGS-09126000,"CIMARRON RIVER NEAR CIMARRON, CO",38.25819444,-107.5461111,3253985,710692725,Unverified
USGS-09127000,"CIMARRON RIVER BLW CIMARRON CREEK AT CIMARRON, CO",38.44694444,-107.5552222,3253137,710901035,Unverified
USGS-09127450,"DYER CREEK ABOVE DYER FORK DITCH NEAR MAHER, CO",38.56930556,-107.4895833,3251743,710603428,Unverified
USGS-09128000,"GUNNISON RIVER BELOW GUNNISON TUNNEL, CO",38.52915336,-107.648947,3252173,710920870,Unverified
USGS-09129600,"SMITH FORK NEAR LAZEAR, CO",38.70744444,-107.7101389,3251413,710819678,Unverified
USGS-09132050,"ANTHRACITE CREEK NEAR SOMERSET, CO.",38.95425,-107.27175,1337170,710793873,Unverified
USGS-09132095,ANTHRACITE CREEK ABOVE MOUTH NEAR SOMERSET,38.9372222,-107.3583333,1337252,710770066,Unverified
USGS-09132500,"NORTH FORK GUNNISON RIVER NEAR SOMERSET, CO.",38.9258228,-107.4342211,1337236,710785938,Unverified
USGS-09132960,"HUBBARD CREEK AT HIGHWAY 133 AT MOUTH NR BOWIE, CO",38.92554385,-107.5183894,1337230,710742287,Unverified
USGS-09134100,"NORTH FORK GUNNISON RIVER BELOW PAONIA, CO",38.8575,-107.6219444,1337472,710918870,Unverified
USGS-09135920,"LEROUX CREEK ABOVE MOUTH NEAR HOTCHKISS, CO",38.79311667,-107.7304611,1337694,710789911,Unverified
USGS-09136100,"NORTH FK GUNNISON RIVER ABOVE MOUTH NR LAZEAR, CO",38.78516667,-107.8334167,1338068,710879193,Unverified
USGS-09143000,"SURFACE CREEK NEAR CEDAREDGE, CO",38.9847034,-107.8545077,3233449,710662926,Unverified
USGS-09143500,"SURFACE CREEK AT CEDAREDGE, CO.",38.9016487,-107.921176,3233455,710732369,Unverified
USGS-09144250,"GUNNISON RIVER AT DELTA, CO",38.75303944,-108.078403,3232789,710859355,Unverified
USGS-09146020,"UNCOMPAHGRE RIVER NEAR OURAY, CO",38.04332665,-107.6831154,9769472,710722496,Unverified
USGS-09146200,"UNCOMPAHGRE RIVER NEAR RIDGWAY, CO.",38.1838791,-107.7458924,9769826,710879224,Unverified
USGS-09147000,"DALLAS CREEK NEAR RIDGWAY, CO",38.17776806,-107.7583927,9769828,710694713,Unverified
USGS-09147025,"UNCOMPAHGRE RIVER BELOW RIDGWAY RESERVOIR, CO",38.24055556,-107.7603056,9769294,710768118,Unverified
USGS-09147500,"UNCOMPAHGRE RIVER AT COLONA, CO",38.33143056,-107.779225,9769790,710803825,Unverified
USGS-09149500,"UNCOMPAHGRE RIVER AT DELTA, CO",38.74194444,-108.0804167,9767880,710930781,Unverified
USGS-09151500,"ESCALANTE CREEK NEAR DELTA, CO.",38.75694444,-108.2598333,3232471,710875229,Unverified
USGS-09152500,"GUNNISON RIVER NEAR GRAND JUNCTION, CO.",38.98331575,-108.4506446,3232569,710980367,Unverified
USGS-09153270,"BIG SALT WASH AT FRUITA, CO.",39.16416667,-108.7502611,3179304,710956551,Unverified
USGS-09163492,"SALT CREEK NEAR MOUTH NEAR MACK, CO.",39.21463889,-108.9011667,3177958,710770051,Unverified
USGS-09163500,COLORADO RIVER NEAR COLORADO-UTAH STATE LINE,39.13276047,-109.0270546,3176490,710912904,Unverified
USGS-09165000,"DOLORES RIVER BELOW RICO, CO.",37.63888428,-108.0603517,18384141,710690771,Unverified
USGS-09166500,"DOLORES RIVER AT DOLORES, CO.",37.47249296,-108.4975908,18385551,710756252,Unverified
USGS-09166950,"LOST CANYON CREEK NEAR DOLORES, CO.",37.44610459,-108.4692562,18385437,710762206,Unverified
USGS-09168730,"DOLORES RIVER NEAR SLICK ROCK, CO",38.04443666,-108.905382,18382615,710817728,Unverified
USGS-09169500,"DOLORES RIVER AT BEDROCK, CO",38.3102675,-108.8853805,18382377,710903027,Unverified
USGS-09171100,"DOLORES RIVER NEAR BEDROCK, CO.",38.3569337,-108.8334347,18382337,710996271,Unverified
USGS-09171240,LAKE FORK SAN MIGUEL RV ABV TROUT LAKE NR OPHIR CO,37.8178333,-107.8791111,18377654,710496330,Unverified
USGS-09171310,"SOUTH FORK SAN MIGUEL RIVER NEAR OPHIR, CO",37.8731111,-107.8944444,18377596,710637192,Unverified
USGS-09172500,"SAN MIGUEL RIVER NEAR PLACERVILLE, CO",38.03070556,-108.1102889,18375594,710758208,Unverified
USGS-09174600,SAN MIGUEL RIVER AT BROOKS BRIDGE NEAR NUCLA CO,38.2441571,-108.5020343,18375940,710805813,Unverified
USGS-09177000,"SAN MIGUEL RIVER AT URAVAN, CO.",38.35721157,-108.712875,18374906,710783983,Unverified
USGS-09179450,"DOLORES RIVER NEAR GATEWAY, CO",38.66803889,-108.9655194,18370392,710835552,Unverified
USGS-09237450,"YAMPA RIVER ABOVE STAGECOACH RESERVOIR, CO",40.2642611,-106.8917667,1357658,710950542,Unverified
USGS-09237500,"YAMPA RIVER BELOW STAGECOACH RESERVOIR, CO",40.28654444,-106.8290556,1358238,710928717,Unverified
USGS-09238900,"FISH CR AT UPPER STA NR STEAMBOAT SPRINGS, CO",40.4749775,-106.7869926,1358214,710662851,Unverified
USGS-09239500,"YAMPA RIVER AT STEAMBOAT SPRINGS, CO",40.4829861,-106.8324306,1357212,710883075,Unverified
USGS-09240020,"YAMPA RIVER BELOW SODA CREEK AT STEAMBOAT SPGS, CO",40.4892222,-106.8415278,1357198,710863234,Unverified
USGS-09242500,"ELK RIVER NEAR MILNER, CO.",40.5146975,-106.9539407,1354270,710744193,Unverified
USGS-09244490,"YAMPA RIVER ABOVE ELKHEAD CREEK NEAR HAYDEN, CO",40.51793056,-107.3989444,,710789825,Unverified
USGS-09246200,"ELKHEAD CREEK ABOVE LONG GULCH, NEAR HAYDEN, CO",40.59163879,-107.3208933,1352456,710851326,Unverified
USGS-09246500,"ELKHEAD CREEK NEAR CRAIG, CO",40.5310829,-107.4361735,1352642,710922752,Unverified
USGS-09247600,"YAMPA RIVER BELOW CRAIG, CO.",40.48080479,-107.6142338,1356774,710938627,Unverified
USGS-09251000,"YAMPA RIVER NEAR MAYBELL, CO",40.50274666,-108.0334152,3109519,710916802,Unverified
USGS-09253000,"LITTLE SNAKE RIVER NEAR SLATER, CO",40.99941048,-107.143388,18279713,710740200,Unverified
USGS-09255000,"SLATER FORK NEAR SLATER, CO",40.9824657,-107.3828391,18279725,710765993,Unverified
USGS-09260000,"LITTLE SNAKE RIVER NEAR LILY, CO",40.54901667,-108.4243222,18277857,710914815,Unverified
USGS-09260050,"YAMPA RIVER AT DEERLODGE PARK, CO",40.45163387,-108.525101,3111399,710998149,Unverified
USGS-09303000,"NORTH FORK WHITE RIVER AT BUFORD, CO",39.9874772,-107.6145076,,710916827,Unverified
USGS-09303400,"SOUTH FORK WHITE RIVER NEAR BUDGES RESORT, CO.",39.86414636,-107.5339478,,710823586,Unverified
USGS-09303500,"SOUTH FORK WHITE RIVER NEAR BUFORD, CO.",39.9216455,-107.5517269,,710920800,Unverified
USGS-09304000,"SOUTH FORK WHITE RIVER AT BUFORD, CO.",39.97442169,-107.6253412,,710896989,Unverified
USGS-09304115,"WHITE RIVER BELOW NORTH ELK CREEK NEAR BUFORD, CO",39.94997674,-107.6947878,,710904926,Unverified
USGS-09304200,"WHITE RIVER ABOVE COAL CREEK NEAR MEEKER, CO",40.00497428,-107.8253486,1343034,710944603,Unverified
USGS-09304500,"WHITE RIVER NEAR MEEKER, CO.",40.03359167,-107.8624194,1343194,710946586,Unverified
USGS-09304800,"WHITE RIVER BELOW MEEKER, CO",40.0225833,-108.1199444,1341408,710958491,Unverified
USGS-09306200,"PICEANCE CREEK BL RYAN GULCH, NR RIO BLANCO, CO.",39.9210833,-108.2975876,3241429,710966431,Unverified
USGS-09306222,"PICEANCE CREEK AT WHITE RIVER, CO",40.0780264,-108.2364753,3239735,710950552,Unverified
USGS-09306242,"CORRAL GULCH NEAR RANGELY, CO",39.9202502,-108.4728719,3240437,710779935,Unverified
USGS-09306255,"YELLOW CREEK NEAR WHITE RIVER, CO.",40.1685813,-108.4012046,3239621,710928724,Unverified
USGS-09306290,"WHITE RIVER BELOW BOISE CREEK, NEAR RANGELY, CO.",40.17969335,-108.5653775,5307716,711039826,Unverified
USGS-09342500,"SAN JUAN RIVER AT PAGOSA SPRINGS, CO",37.26552778,-107.011,17034895,710704679,Unverified
USGS-09346400,"SAN JUAN RIVER NEAR CARRACAS, CO.",37.01361667,-107.312267,17034995,710788020,Unverified
USGS-09349800,"PIEDRA RIVER NEAR ARBOLES, CO.",37.08833797,-107.397826,17031044,710746352,Unverified
USGS-09352800,"LOS PINOS R ABV VALLECITO RES NR BAYFIELD, CO",37.4147242,-107.5133893,17034227,710823711,Unverified
USGS-09352900,"VALLECITO CREEK NEAR BAYFIELD, CO.",37.47750126,-107.5436688,17034207,710680860,Unverified
USGS-09353800,"LOS PINOS RIVER NEAR IGNACIO, CO",37.1661111,-107.5825,17034425,710734441,Unverified
USGS-09354500,"LOS PINOS RIVER AT LA BOCA, CO.",37.0094484,-107.5994997,17034665,710795955,Unverified
USGS-09358000,"ANIMAS RIVER AT SILVERTON, CO.",37.8111077,-107.6592278,17013767,710593546,Unverified
USGS-09358550,"CEMENT CREEK AT SILVERTON, CO",37.8197187,-107.6636723,17013769,710482439,Unverified
USGS-09359010,"MINERAL CREEK AT SILVERTON, CO",37.8027744,-107.6728392,17013783,710599499,Unverified
USGS-09359020,"ANIMAS RIVER BELOW SILVERTON, CO",37.7883333,-107.6682222,17013793,710682828,Unverified
USGS-09359080,CASCADE CR ABV CASCADE CR DIVERSION NR ROCKWOOD CO,37.66727778,-107.822625,17014191,710541969,Unverified
USGS-09359082,CASCADE CR BLW CASCADE CR DIVERSION NR ROCKWOOD CO,37.667,-107.82225,17014191,710541969,Unverified
USGS-09359500,"ANIMAS RIVER AT TALL TIMBER RESORT ABOVE TACOMA,CO",37.59741667,-107.7769667,17013983,710760214,Unverified
USGS-09361000,"HERMOSA CREEK NEAR HERMOSA, CO.",37.4219611,-107.8450944,17015217,710829663,Unverified
USGS-09361500,"ANIMAS RIVER AT DURANGO, CO",37.2791688,-107.8803445,17014841,710740390,Unverified
USGS-09362520,"ANIMAS RIVER BLW DURANGO PUMP PLANT NR DURANGO, CO",37.24926389,-107.8725833,17015233,710760231,Unverified
USGS-09363500,"ANIMAS RIVER NEAR CEDAR HILL, NM",37.03656944,-107.8753333,17015297,710805874,Unverified
USGS-09371000,"MANCOS RIVER NEAR TOWAOC, CO.",37.02749425,-108.7414838,16963957,710788019,Unverified
USGS-09371010,"SAN JUAN RIVER AT FOUR CORNERS, CO",37.00113889,-109.0295833,1403494,710867380,Unverified
USGS-09371492,"MUD CREEK AT STATE HIGHWAY 32, NEAR CORTEZ, CO.",37.3127716,-108.6612067,3262783,710476517,Unverified
USGS-09371520,"MCELMO CREEK ABOVE TRAIL CANYON NEAR CORTEZ, CO",37.3266601,-108.7006527,3262733,710732452,Unverified
USGS-09372000,MCELMO CREEK NEAR COLORADO-UTAH STATE LINE,37.32415968,-109.015666,3261785,710780068,Unverified
USGS-382628104493700,"TURKEY CR WEST SEEP BL TELLER RES NR STONE CITY,CO",38.4411111,-104.8269444,950417,760618276,Unverified
USGS-382629104493000,"TURKEY C EAST SEEP BL TELLER RES NR STONE CITY, CO",38.44138889,-104.8258333,950417,760618276,Unverified
USGS-383103106594200,"GUNNISON RIVER AT CNTY RD 32 BELOW GUNNISON, CO",38.51725556,-106.99545,3252693,710821671,Unverified
USGS-383619104520401,"LYTLE DITCH AT FT. CARSON, CO",38.6052735,-104.8683099,948501,760426901,Unverified
USGS-383637104531301,"STROBEL DITCH FROM TURKEY CR AT FT. CARSON, CO",38.61027298,-104.8874767,948497,760426901,Unverified
USGS-383926107593001,LOUTSENHIZER ARROYO AT HWY 50 NEAR OLATHE CO,38.657207,-107.9922886,9768048,710724448,Unverified
USGS-384037104472001,"MERRIAMS ROCK CREEK DITCH AT FT. CARSON, CO",38.67694,-104.7894182,1531239,760560018,Unverified
USGS-384047104510301,"RIPLEY DITCH FROM L. FOUNTAIN CR AT FT. CARSON, CO",38.67971594,-104.8513632,1530257,760383632,Unverified
USGS-384048104504901,"WOMACK DITCH FROM L. FOUNTAIN CR NR FT. CARSON, CO",38.6799938,-104.8480298,1530257,760383632,Unverified
USGS-385106106571000,"SLATE R AB BAXTER GL @HWY 135 NR CRESTED BUTTE, CO",38.85165929,-106.9533773,1333026,710779989,Unverified
USGS-385450107015700,"SLATE RIVER ABV O-B-J CREEK NR CRESTED BUTTE, CO",38.9144111,-107.0340389,1332206,710559761,Unverified
USGS-391953108130201,"ROAN CREEK AT DE BEQUE, CO.",39.33119444,-108.2178056,1255396,710944636,Unverified
USGS-393109104464500,"CHERRY CREEK NEAR PARKER, CO",39.5191557,-104.7796975,230137,760686418,Unverified
USGS-394220106431500,"EAGLE RIVER BELOW MILK CREEK NEAR WOLCOTT, CO",39.705,-106.7258333,1318968,710897002,Unverified
USGS-394329104490101,"TOLL GATE CREEK ABOVE 6TH AVE AT AURORA, CO",39.72508889,-104.8178944,230619,760523331,Unverified
USGS-394839104570300,"SAND CREEK AT MOUTH NR COMMERCE CITY,CO",39.8109722,-104.9515833,229677,760684733,Unverified
USGS-401530105475401,NORTH INLET BLW SUMMERLAND PARK AT RMNP,40.2575,-105.7997222,1234473,710666829,Unverified
USGS-401723105400000,ANDREWS CREEK-LOCH VALE-RMNP,40.29,-105.6666667,13302,760415127,Unverified
USGS-401733105392404,THE LOCH OUTLET - LOCH VALE,40.29305556,-105.6544444,13288,760415127,Unverified
USGS-402114105350101,"BIG THOMPSON BL MORAINE PARK NR ESTES PARK, CO",40.3538611,-105.5841389,13584,760501650,Unverified
USGS-01118300,"PENDLETON HILL BROOK NEAR CLARKS FALLS, CT",41.4748222,-71.8342361,6140826,750123862,Unverified
USGS-01119382,"WILLIMANTIC RIVER AT MERROW RD. NEAR MERROW, CT",41.8240111,-72.3128472,6162555,750188972,Unverified
USGS-01119500,"WILLIMANTIC RIVER NEAR COVENTRY, CT",41.75053857,-72.26561677,6162965,750184829,Unverified
USGS-01120790,"NATCHAUG RIVER AT MARCY RD. NEAR CHAPLIN, CT",41.81616944,-72.1061694,6162939,750186012,Unverified
USGS-01121000,"MOUNT HOPE RIVER NEAR WARRENVILLE, CT",41.84359288,-72.1689462,6162583,750167068,Unverified
USGS-01121330,"FENTON RIVER AT MANSFIELD, CT",41.83319444,-72.2427806,6162579,750165884,Unverified
USGS-01122000,"NATCHAUG RIVER AT WILLIMANTIC, CT",41.7201,-72.195575,6163159,750190751,Unverified
USGS-01122500,"SHETUCKET RIVER NEAR WILLIMANTIC, CT",41.70037644,-72.1820223,6163185,750195487,Unverified
USGS-01123000,"LITTLE RIVER NEAR HANOVER, CT",41.6717651,-72.05229807,6162981,750174768,Unverified
USGS-011230695,"SHETUCKET RIVER AT TAFTVILLE, CT",41.57000278,-72.0462444,,750204371,Unverified
USGS-01124000,"QUINEBAUG RIVER AT QUINEBAUG, CT",42.0223189,-71.9556289,6144833,750184822,Unverified
USGS-01124151,"QUINEBAUG RIVER AT WEST THOMPSON, CT",41.94356667,-71.8995972,6148415,750194888,Unverified
USGS-01125100,"FRENCH RIVER AT NORTH GROSVENORDALE, CT",41.97846389,-71.90051389,6148379,750172983,Unverified
USGS-01125490,"LITTLE RIVER AT HARRISVILLE, CT",41.92784444,-71.9300083,6148469,750191338,Unverified
USGS-01125500,"QUINEBAUG RIVER AT PUTNAM, CT",41.909475,-71.91386389,6148535,750194890,Unverified
USGS-01127000,"QUINEBAUG RIVER AT JEWETT CITY, CT",41.59749167,-71.9840944,6149075,750206738,Unverified
USGS-01127500,"YANTIC RIVER AT YANTIC, CT",41.55859526,-72.1214469,6168318,750150499,Unverified
USGS-0112779610,"BRIDE BROOK NR EAST LYME, CT",41.3232222,-72.24175,,,Unverified
USGS-01184000,"CONNECTICUT RIVER AT THOMPSONVILLE, CT",41.9873186,-72.6053669,,750214424,Unverified
USGS-01184100,"STONY BROOK NEAR WEST SUFFIELD, CT",41.96083889,-72.7104861,7699976,750109049,Unverified
USGS-01184490,"BROAD BROOK AT BROAD BROOK, CT",41.9138972,-72.5497,7700014,750156410,Unverified
USGS-01186000,"WEST BRANCH FARMINGTON RIVER AT RIVERTON, CT",41.9628729,-73.017606,6111421,750188376,Unverified
USGS-01186500,"STILL RIVER AT ROBERTSVILLE, CT",41.9679222,-73.0334444,6111419,750187192,Unverified
USGS-01187300,"HUBBARD RIVER NEAR WEST HARTLAND, CT",42.0375,-72.93932778,6105951,750152263,Unverified
USGS-01187800,"NEPAUG R NR NEPAUG, CT.",41.8206529,-72.9701041,6109457,750145756,Unverified
USGS-01188000,"BUNNELL BROOK NEAR BURLINGTON, CT",41.78609674,-72.9648059,6109247,750141614,Unverified
USGS-01188090,"FARMINGTON RIVER AT UNIONVILLE, CT",41.7555472,-72.8870417,6109643,750196670,Unverified
USGS-01189000,"PEQUABUCK R AT FORESTVILLE, CT.",41.673154,-72.90065738,6109479,750182464,Unverified
USGS-01189995,"FARMINGTON RIVER AT TARIFFVILLE, CT",41.9082833,-72.75935278,6109717,750204362,Unverified
USGS-01191000,"NORTH BRANCH PARK RIVER AT HARTFORD, CT",41.78443889,-72.7080556,7700166,750157597,Unverified
USGS-01192500,"HOCKANUM RIVER NEAR EAST HARTFORD, CT",41.7831548,-72.5873114,7700148,750178318,Unverified
USGS-01192704,MATTABESSET RIVER AT ROUTE 372 AT EAST BERLIN,41.6081545,-72.7150953,,750175954,Unverified
USGS-01192883,"COGINCHAUG RIVER AT MIDDLEFIELD, CT",41.5202333,-72.7065306,7700532,750172405,Unverified
USGS-01193050,"CONNECTICUT RIVER AT MIDDLE HADDAM, CT",41.5417656,-72.5531454,7701224,750216804,Unverified
USGS-01193500,"SALMON RIVER NEAR EAST HAMPTON, CT",41.55232124,-72.44925287,7700458,750187203,Unverified
USGS-01194000,"EIGHTMILE RIVER AT NORTH PLAIN, CT",41.44166944,-72.33267778,7702612,750099589,Unverified
USGS-01194500,"EAST BRANCH EIGHTMILE RIVER NEAR NORTH LYME, CT",41.42751667,-72.33477778,7702618,750156422,Unverified
USGS-01195100,"INDIAN RIVER NEAR CLINTON, CT",41.3061722,-72.5310333,6177558,750133931,Unverified
USGS-01195399,"FARM RIVER AT TOTOKET ROAD AT TOTOKET, CT",41.3335583,-72.8148861,6177416,,Unverified
USGS-01195490,"QUINNIPIAC RIVER AT SOUTHINGTON, CT",41.6034722,-72.8832,6174422,750152274,Unverified
USGS-01196210,"HONEYPOT BROOK AT CREAMERY ROAD AT CHESHIRE, CT",41.5323197,-72.88982417,6174472,,Unverified
USGS-01196500,"QUINNIPIAC RIVER AT WALLINGFORD, CT",41.45026389,-72.841275,6177020,750207334,Unverified
USGS-01196561,"MUDDY RIVER NEAR EAST WALLINGFORD, CT",41.4356083,-72.7794917,6177058,750106102,Unverified
USGS-01196620,"MILL RIVER NEAR HAMDEN, CT",41.42041389,-72.9026583,6177114,750188983,Unverified
USGS-01199000,"HOUSATONIC RIVER AT FALLS VILLAGE, CT",41.95731548,-73.36928577,7711932,750204952,Unverified
USGS-01199050,"SALMON CREEK AT LIME ROCK, CT",41.9422082,-73.3909298,7711950,750164104,Unverified
USGS-01200500,"HOUSATONIC RIVER AT GAYLORDSVILLE, CT",41.6531496,-73.4898462,7713698,750210881,Unverified
USGS-01200600,"HOUSATONIC RIVER NEAR NEW MILFORD, CT",41.5931499,-73.4495669,166182149,750209106,Unverified
USGS-01201487,"STILL RIVER AT ROUTE 7 AT BROOKFIELD CENTER, CT",41.4658222,-73.40320278,7716694,750184244,Unverified
USGS-01202501,"SHEPAUG RIVER AT PETERS DAM AT WOODVILLE, CT",41.719575,-73.29260278,7713634,750177727,Unverified
USGS-01203000,"SHEPAUG R NR ROXBURY, CT",41.54981744,-73.32984029,,750199635,Unverified
USGS-012035055,POOTATUCK RIVER AT BERKSHIRE,41.4065472,-73.2731833,,750164119,Unverified
USGS-01203510,"POOTATUCK RIVER AT SANDY HOOK, CT",41.41925,-73.2821,7716956,750164711,Unverified
USGS-01203600,"NONEWAUG RIVER AT MINORTOWN, CT",41.57630278,-73.1771194,7713080,750159378,Unverified
USGS-01203805,"WEEKEEPEEMEE RIVER AT HOTCHKISSVILLE, CT",41.5577083,-73.21535278,7713138,750143395,Unverified
USGS-01204000,"POMPERAUG RIVER AT SOUTHBURY, CT",41.48193889,-73.2245722,7716608,750199638,Unverified
USGS-01205500,"HOUSATONIC RIVER AT STEVENSON, CT",41.38380278,-73.16663889,7718288,750207928,Unverified
USGS-01206900,"NAUGATUCK RIVER AT THOMASTON, CT",41.6737084,-73.0695527,7712706,750184832,Unverified
USGS-01208171,"NAUGATUCK RIVER AT WATERBURY, CT",41.5570413,-73.05427449,7713176,750202003,Unverified
USGS-01208500,"NAUGATUCK RIVER AT BEACON FALLS, CT",41.4423,-73.0622833,7718060,750223318,Unverified
USGS-01208760,"HOUSATONIC R. AT BEACON PT MARINA NEAR SHELTON, CT",41.2724361,-73.0896583,7718496,750172411,Unverified
USGS-01208873,"ROOSTER RIVER AT FAIRFIELD, CT",41.1797146,-73.21898519,7733285,,Unverified
USGS-01208925,"MILL RIVER NEAR FAIRFIELD, CT",41.165475,-73.2700083,7732355,750128013,Unverified
USGS-01208950,"SASCO BROOK NEAR SOUTHPORT, CT",41.15287436,-73.3059495,7733309,,Unverified
USGS-01208990,"SAUGATUCK RIVER NEAR REDDING, CT",41.29454,-73.39512029,7731665,750142219,Unverified
USGS-01209005,"SAUGATUCK R BELOW SAUGATUCK RES NR LYONS PLAIN, CT",41.24551389,-73.3492361,7731877,750140444,Unverified
USGS-01209105,"ASPETUCK RIVER AT ASPETUCK, CT",41.22874167,-73.3241194,7733259,750128012,Unverified
USGS-01209500,"SAUGATUCK RIVER NEAR WESTPORT, CT",41.17073056,-73.3648167,7732315,750136302,Unverified
USGS-012095493,"RIDGEFIELD BROOK AT SHIELDS LANE NR RIDGEFIELD, CT",41.31408889,-73.4928944,,750128011,Unverified
USGS-01209700,"NORWALK RIVER AT SOUTH WILTON, CT",41.16376667,-73.4195444,7732387,750135117,Unverified
USGS-01209761,"FIVEMILE RIVER NEAR NEW CANAAN, CT",41.1743222,-73.51107778,7732311,,Unverified
USGS-01209901,"RIPPOWAM RIVER AT STAMFORD, CT.",41.0661111,-73.5492722,7733045,750122096,Unverified
USGS-01212500,"BYRAM RIVER AT PEMBERWICK, CT",41.0272972,-73.66175,7733091,750107889,Unverified
USGS-01477800,"SHELLPOT CREEK AT WILMINGTON, DE",39.7609722,-75.5186944,4651906,,Unverified
USGS-01478000,"CHRISTINA RIVER AT COOCHS BRIDGE, DE",39.63738889,-75.72788889,4651956,750102007,Unverified
USGS-01478650,"WHITE CLAY CREEK AT NEWARK, DE",39.6892222,-75.74875,4651944,750113252,Unverified
USGS-01478950,"PIKE CREEK NEAR NEWARK, DE",39.70688889,-75.6950833,4651360,,Unverified
USGS-01479000,"WHITE CLAY CREEK NEAR NEWARK, DE",39.6992222,-75.67502778,4651938,750107926,Unverified
USGS-01480000,"RED CLAY CREEK AT WOODDALE, DE",39.76280556,-75.6365,4651912,750104963,Unverified
USGS-01480015,"RED CLAY CREEK NEAR STANTON, DE",39.71575,-75.6399444,4651930,750108516,Unverified
USGS-01480017,"CALF RUN AT MARSHALLTON, DE",39.72741667,-75.6518611,4651346,,Unverified
USGS-01481500,"BRANDYWINE CREEK AT WILMINGTON, DE",39.7695,-75.5766944,4655440,750121540,Unverified
USGS-01482100,DELAWARE RIVER AT DEL MEM BRIDGE AT WILMINGTON DE,39.68927997,-75.521588,932040360,750097270,Unverified
USGS-01482695,"C AND D CANAL NR DELAWARE CITY, DE",39.55405556,-75.6188611,4652234,,Unverified
USGS-01483155,"SILVER LAKE TRIBUTARY AT MIDDLETOWN, DE",39.4309722,-75.7094722,4653400,,Unverified
USGS-01483200,"BLACKBIRD CREEK AT BLACKBIRD, DE",39.36627778,-75.66938889,4653422,,Unverified
USGS-01483700,"ST JONES RIVER AT DOVER, DE",39.1637222,-75.5190833,8074660,750075971,Unverified
USGS-01484080,"MURDERKILL RIVER AT FREDERICA, DE",39.0105,-75.4583056,8074904,750086632,Unverified
USGS-01484085,"MURDERKILL RIVER AT BOWERS, DE",39.05830556,-75.3976111,,750104391,Unverified
USGS-01484100,"BEAVERDAM BRANCH AT HOUSTON, DE",38.90577778,-75.51275,8077030,,Unverified
USGS-01484525,"MILLSBORO POND OUTLET AT MILLSBORO, DE",38.59455556,-75.29102778,8407597,750074803,Unverified
USGS-01484695,"BEAVERDAM DITCH NEAR MILLVILLE, DE",38.52144444,-75.13338889,8408255,,Unverified
USGS-01487000,"NANTICOKE RIVER NEAR BRIDGEVILLE, DE",38.7283333,-75.5618611,8392898,,Unverified
USGS-01488500,"MARSHYHOPE CREEK NEAR ADAMSVILLE, DE",38.84969444,-75.6731111,8391164,750090188,Unverified
USGS-02228500,"NORTH PRONG ST. MARYS RIVER AT MONIAC, GA",30.51773125,-82.2303954,18258887,750188684,Unverified
USGS-02231000,"ST. MARYS RIVER NEAR MACCLENNY, FL",30.35884726,-82.0815013,18260325,750160273,Unverified
USGS-02231291,"NASSAU RIVER NEAR TISONIA, FL",30.5507931,-81.5898179,18252975,750192236,Unverified
USGS-02231322,"S-253 WEIR NEAR FORT DRUM, FL",27.59294167,-80.6781444,933080053,750065628,Unverified
USGS-02231342,"FT DRUM CREEK AT SUNSHINE ST PKY NEAR FT DRUM, FL",27.5686473,-80.7961709,11014543,750046684,Unverified
USGS-02231396,"BLUE CYPRESS CREEK NEAR FELLSMERE, FL",27.72808533,-80.80505949,11012797,,Unverified
USGS-02231600,"JANE GREEN CREEK NEAR DEER PARK, FL",28.074462,-80.8881155,11002981,750056142,Unverified
USGS-02232000,"ST. JOHNS RIVER NEAR MELBOURNE, FL",28.08473879,-80.752001,11002255,750061470,Unverified
USGS-02232155,"PENNYWASH CREEK NEAR DEER PARK, FL",28.18195808,-80.8953373,11002833,,Unverified
USGS-02232200,"WOLF CREEK NEAR DEER PARK, FL",28.2130681,-80.91089309,11002807,750036011,Unverified
USGS-02232400,"ST. JOHNS RIVER NEAR COCOA, FL",28.36972837,-80.8725578,11003333,750051991,Unverified
USGS-02232415,"TAYLOR CREEK NEAR COCOA, FL",28.3525071,-80.9283928,10999305,750038375,Unverified
USGS-02232500,"ST. JOHNS RIVER NEAR CHRISTMAS, FL",28.54305529,-80.943392,10991435,750064419,Unverified
USGS-02233475,"LT ECONLOCKHATCHEE R AT STATE HWY434 NR OVIEDO, FL",28.6199987,-81.20784299,10996629,750053761,Unverified
USGS-02233484,"ECONLOCKHATCHEE RIVER NEAR OVIEDO, FL",28.65555285,-81.169786,10996491,750050207,Unverified
USGS-02233500,"ECONLOCKHATCHEE RIVER NEAR CHULUOTA, FL",28.67777778,-81.1141667,10996421,750059678,Unverified
USGS-02234000,"ST. JOHNS RIVER ABOVE LAKE HARNEY NEAR GENEVA, FL",28.7141611,-81.0353374,10997905,750054941,Unverified
USGS-02234308,"HOWELL CREEK NEAR ALTAMONTE SPRINGS, FL",28.6315,-81.32463889,10996529,750050208,Unverified
USGS-02234324,"HOWELL CREEK NEAR SLAVIA, FL",28.64777587,-81.2645109,10997289,750050208,Unverified
USGS-02234344,"HOWELL CREEK AT STATE HWY 434 NEAR OVIEDO, FL",28.68999664,-81.2475656,10997281,750055534,Unverified
USGS-02234384,"SOLDIER CREEK NEAR LONGWOOD, FL",28.71888466,-81.308678,10996335,750032445,Unverified
USGS-02234400,"GEE CREEK NEAR LONGWOOD, FL",28.7041629,-81.2906221,10997263,,Unverified
USGS-02234435,"LAKE JESUP OUTLET NEAR SANFORD, FL",28.78415969,-81.18117379,10997585,750045468,Unverified
USGS-02234500,"ST. JOHNS RIVER NEAR SANFORD, FL",28.83804694,-81.3242323,11033091,750067962,Unverified
USGS-02234990,"LITTLE WEKIVA RIVER NEAR ALTAMONTE SPRINGS, FL",28.6872192,-81.3970138,10997271,750057310,Unverified
USGS-02235000,"WEKIVA RIVER NEAR SANFORD, FL",28.81426389,-81.4193056,10997569,750048427,Unverified
USGS-02235200,"BLACKWATER CREEK NEAR CASSIA, FL",28.87444444,-81.4897222,10997161,750043689,Unverified
USGS-02236000,"ST. JOHNS RIVER NEAR DE LAND, FL",29.00831827,-81.3825651,10989245,750056710,Unverified
USGS-02236125,"ST. JOHNS RIVER AT ASTOR, FL",29.16693056,-81.52206109,10989141,750056113,Unverified
USGS-02236350,"GREEN SWAMP RUN NEAR EVA, FL",28.3111212,-81.6853534,16644098,750020024,Unverified
USGS-02236500,"BIG CREEK NEAR CLERMONT, FL",28.44778229,-81.74007599,16644086,750043700,Unverified
USGS-02236605,"LITTLE CREEK AT GREEN SWAMP ROAD NEAR CLERMONT, FL",28.4486152,-81.7814655,933080181,750012325,Unverified
USGS-02236900,"PALATLAKAHA R AT CHERRY LK OUT NEAR GROVELAND, FL",28.59277586,-81.8222998,16636656,,Unverified
USGS-02237293,"PALATLAKAHA R AT STRUCTURE M-1, NR OKAHUMPKA, FL",28.7444364,-81.8725798,16636378,,Unverified
USGS-02237700,"APOPKA-BEAUCLAIR CANAL NEAR ASTATULA, FL",28.72249444,-81.6847976,16634294,750049614,Unverified
USGS-02237734,"WOLF BRANCH AT FCRR NEAR MOUNT DORA, FL",28.79665898,-81.60785149,16636366,750033628,Unverified
USGS-02238000,"HAYNES CREEK AT LISBON, FL",28.87082178,-81.7836894,16633716,750050201,Unverified
USGS-02238500,"OCKLAWAHA RIVER AT MOSS BLUFF, FL",29.0811111,-81.8808333,16628636,750051380,Unverified
USGS-02239000,"OCKLAWAHA RIVER NR OCALA,FLA.",29.18331078,-81.9923091,16629118,750054337,Unverified
USGS-02239501,"SILVER RIVER NEAR OCALA, FL",29.2149764,-82.0412,16630398,750059072,Unverified
USGS-02240000,"OCKLAWAHA RIVER NEAR CONNER, FL",29.21469888,-81.9859203,16629114,750060256,Unverified
USGS-02240500,"OCKLAWAHA RIVER AT EUREKA, FL",29.37166667,-81.9019444,16629290,750059068,Unverified
USGS-02243000,"ORANGE CREEK AT ORANGE SPRINGS, FL",29.50969267,-81.9461999,16624508,750072088,Unverified
USGS-02243960,"OCKLAWAHA R AT RODMAN DAM NEAR ORANGE SPRINGS, FL",29.50833333,-81.8041667,16624840,750077416,Unverified
USGS-02244040,"ST. JOHNS R AT BUFFALO BLUFF NEAR SATSUMA, FL",29.596362,-81.6831761,16665209,750069718,Unverified
USGS-02244333,HAW CREEK AB RUSSELLS LANDING NR ST JOHNS PARK FL,29.39469798,-81.3711787,16667949,,Unverified
USGS-02244440,"DUNNS CREEK NEAR SATSUMA, FL",29.57774783,-81.626191,16665419,750046631,Unverified
USGS-02245260,"DEEP CREEK AT SPUDS, FL",29.72338056,-81.4843667,16663809,750048994,Unverified
USGS-02245500,"SOUTH FORK BLACK CREEK NEAR PENNEY FARMS, FL",29.9794075,-81.8520426,16662855,750099899,Unverified
USGS-02246000,"NORTH FORK BLACK CREEK NEAR MIDDLEBURG, FL",30.1132953,-81.9064915,16658901,750113511,Unverified
USGS-02246160,"JULINGTON CRK AT OLD ST AUGUST RD NR BAYARD, FL",30.14333056,-81.5559,16658873,750089239,Unverified
USGS-022462002,"DURBIN CREEK NEAR FRUIT COVE, FL",30.11916667,-81.54638889,,,Unverified
USGS-02246318,"ORTEGA RIVER AT KIRWIN ROAD NEAR JACKSONVILLE,FL",30.19635087,-81.7684315,16659533,750089237,Unverified
USGS-02246459,"CEDAR RIVER AT SAN JUAN AVENUE AT JACKSONVILLE, FL",30.28218375,-81.7403761,16660333,750121795,Unverified
USGS-02246500,"ST. JOHNS RIVER AT JACKSONVILLE, FL",30.3224616,-81.6653735,16660267,750156722,Unverified
USGS-02246515,"POTTSBURG CREEK NR SOUTH JACKSONVILLE, FLA.",30.2644071,-81.5900917,16658595,750098707,Unverified
USGS-02246518,"POTTSBURG CRK AT US90 NR S. JACKSONVILLE, FL",30.28696944,-81.57,16658559,750098707,Unverified
USGS-02246621,TROUT R NR JACKSONVILLE FLA,30.41746058,-81.69648758,16659947,750178623,Unverified
USGS-02246751,"BROWARD RIVER BL BISCAYNE BLVD NR JACKSONVILLE, FL",30.44333889,-81.6682,16657937,750111134,Unverified
USGS-02246804,"DUNN CREEK AT DUNN CREEK RD NR EASTPORT, FL",30.45494167,-81.59688889,16657895,,Unverified
USGS-02246825,"CLAPBOARD CREEK NR JACKSONVILLE, FL",30.44838056,-81.5182611,16659671,750120015,Unverified
USGS-02247222,"PELLICER CREEK NEAR ESPANOLA, FL",29.66941676,-81.2595108,16683929,750056692,Unverified
USGS-02247510,"TOMOKA RIVER NEAR HOLLY HILL, FL",29.21748099,-81.1086687,16687209,750037168,Unverified
USGS-02248000,"SPRUCE CREEK NEAR SAMSULA, FL",29.05081845,-81.0464455,16686741,,Unverified
USGS-02248380,"HAULOVER CANAL NEAR MIMS,FL",28.73638079,-80.754773,16697923,750052573,Unverified
USGS-02249007,EAU GALLIE RIV AT HEATHER GLEN CIR AT MELBOURNE FL,28.12695888,-80.6467205,16698495,750046077,Unverified
USGS-02249500,"CRANE CREEK AT MELBOURNE, FL",28.07946057,-80.6294983,16698617,750042526,Unverified
USGS-02250030,"TURKEY CREEK AT PALM BAY, FL",28.01724054,-80.59588719,16699533,750053776,Unverified
USGS-02251000,"SOUTH PRONG ST SEBASTIAN RIVER NEAR SEBASTIAN,FL",27.76947258,-80.5058868,20112884,750052599,Unverified
USGS-02251500,"NORTH PRONG SAINT SEBASTIAN RIVER NEAR MICCO, FL",27.85613569,-80.52422,20112458,750039572,Unverified
USGS-02251767,"FELLSMERE CANAL NEAR MICCO, FL",27.83058119,-80.5342203,933080070,750047269,Unverified
USGS-02252500,"NORTH CANAL NEAR VERO BEACH, FL",27.69308613,-80.42005169,20119028,,Unverified
USGS-02253000,"MAIN CANAL AT VERO BEACH, FL",27.64780983,-80.405607,20115270,750056154,Unverified
USGS-02253500,"SOUTH CANAL NEAR VERO BEACH, FL",27.6044779,-80.386579,20116164,750047275,Unverified
USGS-02255600,"FISHEATING CREEK NEAR LAKE PLACID,FL",27.20921499,-81.4614637,16726626,750059126,Unverified
USGS-02256500,"FISHEATING CREEK AT PALMDALE, FL",26.9325585,-81.3147949,16731760,750053213,Unverified
USGS-02257000,"FISHEATING CREEK AT LAKEPORT, FL",26.96295833,-81.1208278,166757653,750063868,Unverified
USGS-02257750,"HARNEY POND CANAL 2.4 MILES BL S70 NR LAKEPORT, FL",27.09083333,-81.1327222,16728038,750067417,Unverified
USGS-02257790,"HARNEY POND CANAL ABOVE S-71 NR LAKEPORT, FL",27.0389222,-81.0714972,16728706,750068601,Unverified
USGS-02258800,"INDIAN PRAIRIE CANAL AB PUMP STA NR OKEECHOBEE, FL",27.15438056,-81.0699806,16727792,750054983,Unverified
USGS-02259100,"INDIAN PRAIRIE CANAL ABOVE S-72 NR OKEECHOBEE, FL",27.0964472,-81.0091722,16728004,750058536,Unverified
USGS-02262900,"BOGGY CREEK NEAR TAFT, FL",28.37139699,-81.3106247,21476368,750047255,Unverified
USGS-02263800,"SHINGLE CREEK AT AIRPORT NEAR KISSIMMEE, FL",28.3041775,-81.450905,21477690,750044295,Unverified
USGS-02263869,"SOUTH LAKE OUTLET AT S-15, NEAR VINELAND, FL",28.41278456,-81.5378509,21476270,750041925,Unverified
USGS-02264000,"CYPRESS CREEK AT VINELAND, FL",28.39056323,-81.5195173,21478144,,Unverified
USGS-02264003,"CYPRESS CREEK CANAL AT S-103A NEAR VINELAND, FL",28.38945214,-81.5250729,21476322,750023574,Unverified
USGS-02264030,LK BUENA VIS TR AT HOTEL PL BLVD AT LK BUENA VISTA,28.3805,-81.5069722,21478146,,Unverified
USGS-02264051,"BLACK LK OUTLET AT S-101A, AT LAKE BUENA VISTA, FL",28.37444444,-81.515,21477658,750023574,Unverified
USGS-02264060,"LATERAL 101 AT S-101, NEAR LAKE BUENA VISTA, FL",28.37111947,-81.5289619,21477658,,Unverified
USGS-02264100,"BONNET CREEK NEAR VINELAND, FL",28.32528785,-81.5206284,21477692,750047254,Unverified
USGS-02264141,"BONNET CREEK BELOW CULVERTS NEAR KISSIMMEE, FL",28.30806625,-81.5245174,21477692,750047254,Unverified
USGS-02264495,"SHINGLE CREEK AT CAMPBELL, FL",28.26723444,-81.4478495,21476600,750062057,Unverified
USGS-02266025,"REEDY CREEK AT S-46 NEAR VINELAND, FL",28.4052845,-81.61146309,21476262,750046069,Unverified
USGS-02266200,"WHITTENHORSE CREEK NEAR VINELAND, FL",28.38500749,-81.6164632,21477644,750020022,Unverified
USGS-02266205,"WHITTENHORSE CREEK AT S-411, NEAR VINELAND, FL",28.39306276,-81.6109075,21477644,750020022,Unverified
USGS-02266291,"LATERAL 405 AT S-405A, NEAR DOCTOR PHILLIPS, FL",28.42702778,-81.6052778,21477628,750045477,Unverified
USGS-02266293,"10B LATERAL 405 AB S-405 NEAR VINELAND, FLA",28.39472948,-81.5844349,21477638,,Unverified
USGS-02266295,"LATERAL 410 AT S-410 NEAR VINELAND, FL",28.36644444,-81.5985,21476356,750036007,Unverified
USGS-02266299,"401 CANAL NR VINELAND, FL",28.34655556,-81.57623889,21477674,750041927,Unverified
USGS-02266300,"REEDY CREEK NEAR VINELAND, FL",28.33278738,-81.579796,21478176,750041927,Unverified
USGS-02266480,"DAVENPORT CREEK NEAR LOUGHMAN, FL",28.271123,-81.5909074,21476576,750037193,Unverified
USGS-02266496,"REEDY CREEK BELOW S-40, NEAR LOUGHMAN, FL",28.27584517,-81.54368439,21478164,750063833,Unverified
USGS-02266500,"REEDY CREEK NEAR LOUGHMAN, FL",28.2636234,-81.536462,,750064425,Unverified
USGS-02268390,TIGER CREEK NEAR BABSON PARK FL,27.81215,-81.4442861,21484018,750042533,Unverified
USGS-02269520,LIVINGSTON CREEK NEAR FROSTPROOF FL,27.708641,-81.4464626,21484146,750052009,Unverified
USGS-02270000,CARTER CREEK NEAR SEBRING FL,27.53225706,-81.3875724,21484344,750047869,Unverified
USGS-02270500,"ARBUCKLE CREEK NEAR DE SOTO CITY, FL",27.44238889,-81.2970278,21491584,750066815,Unverified
USGS-02271500,JOSEPHINE CREEK NEAR DE SOTO CITY FL,27.3742078,-81.3934062,21491646,750071553,Unverified
USGS-02272650,"FISH SLOUGH NEAR BASINGER, FL",27.46531709,-80.9220072,21486588,750054974,Unverified
USGS-02272676,"CYPRESS SLOUGH NEAR BASINGER, FL",27.38031945,-80.97589739,933090052,,Unverified
USGS-02273230,"C-41 CANAL NEAR BRIGHTON, FL",27.21393588,-81.201458,16726432,750060900,Unverified
USGS-02273630,"POPASH SLOUGH NEAR OKEECHOBEE, FL",27.24393485,-80.8964511,16712728,,Unverified
USGS-02274005,"OTTER CREEK NEAR OKEECHOBEE, FL",27.37754217,-80.8453388,16711844,750046689,Unverified
USGS-02274010,"TAYLOR CREEK NEAR OKEECHOBEE, FL",27.3653202,-80.8725617,16711976,750064450,Unverified
USGS-02274325,"TAYLOR CREEK AT GRASSY ISLAND NR OKEECHOBEE, FL",27.31638889,-80.8383333,16712134,750059715,Unverified
USGS-02274490,"WILLIAMSON DITCH NEAR OKEECHOBEE, FL",27.3047665,-80.8189493,16715354,,Unverified
USGS-02274505,"WOLFF CREEK NR OKEECHOBEE,FL",27.28087828,-80.8239494,16715394,750063860,Unverified
USGS-02275197,"MOSQUITO CREEK NEAR OKEECHOBEE, FL",27.2372685,-80.780615,16712778,,Unverified
USGS-02276877,"ST. LUCIE CANAL BLW S-308, NR PORT MAYACA (AUX) FL",26.98553333,-80.6156,16742601,750052028,Unverified
USGS-02276998,ST LUCIE CANAL ABV S-80 NR STUART FL,27.10866667,-80.28725,54392,750045514,Unverified
USGS-02277600,"LOXAHATCHEE RIVER NEAR JUPITER,FL",26.93925,-80.17525,66922,750040781,Unverified
USGS-02280500,HILLSBORO CANAL BELOW S351 NR SOUTH BAY FLA,26.70021389,-80.7090694,16742621,750040196,Unverified
USGS-02281200,HILLSBORO CANAL AT S-6 NEAR SHAWANO,26.47285,-80.4468833,72770,750047898,Unverified
USGS-02283500,N NEW RIVER CANAL BELOW S351 NR SOUTH  BAY FLA,26.6976,-80.7128167,16742621,750040196,Unverified
USGS-02286400,"MIAMI CANAL AT S-354 AND S-3 AT LAKE HARBOR, FLA",26.69534407,-80.8067278,59786,,Unverified
USGS-02287497,N.W. WELLFIELD CANAL NR DADE BROWARD LEVEE NR PENN,25.89123889,-80.4215472,82862,750021865,Unverified
USGS-02288800,"TAMIAMI CANAL OUTLETS, MONROE TO CARNESTOWN, FLA",25.88772088,-81.2616343,16770570,,Unverified
USGS-02288900,"TAMIAMI CANAL OUTLETS, 40-MILE BEND TO MONROE, FL",25.85176527,-80.9803467,16769442,750036666,Unverified
USGS-02289019,"TAMIAMI CANAL AT S-12-B  NR MIAMI, FL",25.76183333,-80.7694722,83976,750029564,Unverified
USGS-02289035,"THREE MILE CANAL BELOW G409 NEAR CLEWISTON, FL",26.32719444,-80.8816111,79142,750046127,Unverified
USGS-02289041,"TAMIAMI CANAL BELOW S-12-C, NEARMIAMI, FLA",25.76202778,-80.7271944,83922,750030157,Unverified
USGS-02289054,TAMIAMI CANAL WEST END 2.6 MILE BRIDGE NR MIAMI FL,25.76138889,-80.6547222,84092,,Unverified
USGS-02289056,TAMIAMI CANAL EAST END 2.6 MILE BRIDGE NR MIAMI FL,25.76138889,-80.6086111,83934,750030156,Unverified
USGS-02289060,"TAMIAMI CANAL OUTLETS L-30 TO L-67A NR MIAMI, FL",25.76114167,-80.5617056,83108,750019501,Unverified
USGS-02289080,"TAMIAMI CANAL WEST END 1 MILE BRIDGE NR MIAMI, FL",25.76138889,-80.5366667,83102,750019501,Unverified
USGS-02289085,"TAMIAMI CANAL EAST END 1 MILE BRIDGE NR MIAMI, FL",25.76138889,-80.5166667,83930,750020093,Unverified
USGS-02289500,"TAMIAMI CANAL NEAR CORAL GABLES, FL",25.7625,-80.3280833,83940,750024829,Unverified
USGS-022907085,"BLACK CREEK CANAL WEST OF U.S. 1 NR  GOULDS, FL",25.57091667,-80.37875,,,Unverified
USGS-0229070854,"BLACK CREEK CANAL EAST OF US1 NR GOULDS, FL",25.57,-80.3747778,,,Unverified
USGS-022907647,LEVEE 31 NORTH EXTENSION 1 MILE NR WEST MIAMI FL,25.74633333,-80.49763889,,750026605,Unverified
USGS-02290765,LEVEE 31 NORTH EXTENSION AT 3 MILE NR WEST MIAMI F,25.71758333,-80.4965556,83970,750027200,Unverified
USGS-02290766,LEVEE 31 NORTH EXTENSION AT 4 MILE NR WEST MIAMI F,25.70216667,-80.4959722,83970,750027200,Unverified
USGS-02290767,LEVEE 31 NORTH EXTENSION AT 5 MILE NR WEST MIAMI F,25.68598333,-80.4971,83970,750027200,Unverified
USGS-02290768,LEVEE 31 NORTH EXTENSION AT 7 MILE NR WEST MIAMI F,25.66338889,-80.4981667,83970,750027200,Unverified
USGS-02290769,"CANAL 111 AT S-18-C NEAR FLORIDA CITY, FL",25.3272222,-80.5248333,89846,750028392,Unverified
USGS-022908205,"NORTH RIVER UPSTREAM OF CUTOFF NEAR FLAMINGO, FL",25.3386722,-80.9132167,,750006488,Unverified
USGS-022908295,"BOTTLE CREEK AT ROOKERY BRANCH NEAR HOMESTEAD, FL",25.46797778,-80.8545278,,750020692,Unverified
USGS-02290878,"BROAD RIVER NEAR THE CUTOFF, FL",25.50138889,-81.0769444,85560,,Unverified
USGS-02290888,"CHATHAM RIVER NEAR THE WATSON PLACE, FL",25.70916667,-81.2497222,16770856,750037262,Unverified
USGS-02290918,"LOSTMANS RIVER BELOW SECOND BAY, FL",25.55555556,-81.1647222,85490,750024834,Unverified
USGS-02291001,"BARRON RIVER BELOW SR29-3 AT COPELAND, FL",25.95794444,-81.3551944,16770536,750033111,Unverified
USGS-02291500,"IMPERIAL RIVER NEAR BONITA SPRINGS, FL",26.33583333,-81.74938889,16768068,750042573,Unverified
USGS-02291524,"SPRING CREEK HEADWATER NEAR BONITA SPRINGS, FL",26.36233333,-81.7903611,16768004,750036061,Unverified
USGS-02291580,"NORTH BRANCH ESTERO RIVER AT ESTERO, FL",26.44294444,-81.7959722,16760252,,Unverified
USGS-02291597,"SOUTH BRANCH ESTERO RIVER AT ESTERO, FL",26.42875,-81.7934444,16760738,,Unverified
USGS-02291669,"SIXMILE CYPRESS CREEK NEAR FORT MYERS,  FL",26.52202778,-81.8544167,16754656,750062696,Unverified
USGS-02291673,"TENMILE CANAL AT CONTROL NEAR ESTERO, FL",26.50688889,-81.8544167,16754686,750062696,Unverified
USGS-02291710,"BRIARCLIFF DITCH AT MOUTH NEAR ESTERO,FL",26.50641667,-81.8527778,16754686,750051449,Unverified
USGS-02292010,CALOOSAHATCHEE CANAL DWS OF S-77 AT MOORE HAVEN FL,26.83333333,-81.08888889,10247863,750056176,Unverified
USGS-02292490,GOODNO CANAL BELOW S-78 NEAR LABELLE FL,26.78790556,-81.30495,10247435,750043746,Unverified
USGS-02292740,JACKS BRANCH AT CR 78 NR FT DENAUD FL,26.74742778,-81.5132333,10242741,750056770,Unverified
USGS-02292780,"TOWNSEND CANAL NEAR ALVA,FL",26.70775278,-81.5580361,10243375,,Unverified
USGS-02292900,"CALOOSAHATCHEE RIVER AT S-79, NR.OLGA, FLA",26.72173357,-81.6931806,10247723,750050259,Unverified
USGS-022929176,"TELEGRAPH CREEK AT STATE HIGHWAY AT OLGA, FL",26.72735833,-81.7034528,,750046707,Unverified
USGS-02293055,"ORANGE RIVER NEAR BUCKINGHAM, FL",26.69194444,-81.7594444,10247043,750053220,Unverified
USGS-02293090,"Popash Creek at Leetana Rd. nr North Fort Myers,FL",26.71571667,-81.8086667,10246713,,Unverified
USGS-02293230,"WHISKEY CREEK AT FT. MYERS, FL",26.57488889,-81.89188889,10245639,,Unverified
USGS-02293262,GATOR SLOUGH WEST OF US-41 NEAR FT. MYERS FL,26.74202778,-81.9209444,16846706,,Unverified
USGS-02293987,PEACE CREEK DRAINAGE CANAL NEAR WAHNETA FL,27.92474686,-81.7267463,16801441,750049635,Unverified
USGS-02294161,PEACE CREEK NEAR BARTOW FL,27.92444444,-81.7955556,16802865,750058515,Unverified
USGS-02294217,SADDLE CREEK AT ST.HWY 542 NEAR LAKELAND FL,28.04418733,-81.876192,16794835,750039567,Unverified
USGS-02294261,LAKE PARKER OUTLET AT COMBEE SETTLEMENT FL,28.0573472,-81.90215,16794295,,Unverified
USGS-02294290,SADDLE CREEK AT STATE HWY 570 NEAR EATON PARK FL,28.0100499,-81.853192,16794845,750046671,Unverified
USGS-02294330,LAKE LENA RUN NEAR AUBURNDALE FL,28.00002249,-81.8120249,933100032,750056144,Unverified
USGS-02294405,"BANANA-HANCOCK CANAL NR HIGHLAND CITY, FL",27.98277778,-81.8944444,16802829,750047265,Unverified
USGS-02294491,SADDLE CREEK AT STRUCTURE P-11 NEAR BARTOW FL,27.93788056,-81.8507083,16802843,750062066,Unverified
USGS-02294650,"PEACE RIVER AT SR 60 AT BARTOW, FL",27.90224784,-81.8173036,16802915,750060291,Unverified
USGS-02294655,PEACE RIVER NEAR BARTOW FL,27.88305556,-81.8044444,16802915,750061475,Unverified
USGS-02294747,SIXMILE CREEK AT BARTOW FL,27.8634972,-81.8094778,16802921,750061475,Unverified
USGS-02294760,BARBER BRANCH NEAR HOMELAND FL,27.83833333,-81.8122222,16801585,750056741,Unverified
USGS-02294775,PEACE RIVER AT CLEAR SPRINGS NEAR BARTOW FL,27.86333333,-81.8075,16801573,750061475,Unverified
USGS-02294781,PEACE RIVER NEAR HOMELAND FL,27.82447253,-81.8017485,16801585,750056741,Unverified
USGS-02294898,PEACE RIVER AT FORT MEADE FL,27.7514193,-81.7820266,16802959,750061479,Unverified
USGS-02295013,BOWLEGS CREEK NEAR FORT MEADE FL,27.70003166,-81.6953579,16802977,750038984,Unverified
USGS-02295163,WHIDDEN CREEK NEAR FORT MEADE FL,27.707254,-81.8075826,16802969,750056152,Unverified
USGS-02295194,PEACE RIVER AT BOWLING GREEN FL,27.6461448,-81.8023047,16801879,750067402,Unverified
USGS-02295420,PAYNE CREEK NEAR BOWLING GREEN FL,27.62059006,-81.8256384,16802007,750049643,Unverified
USGS-02295580,LITTLE CHARLIE CREEK NEAR MOUTH NEAR WAUCHULA FL,27.57905556,-81.7968333,16802169,750057932,Unverified
USGS-02295637,"PEACE RIVER AT US 17 AT ZOLFO SPRINGS, FL",27.50451944,-81.8001722,16803063,750069182,Unverified
USGS-02296260,CHARLIE CREEK NEAR CREWSVILLE FL,27.45948376,-81.6784128,16806253,750063263,Unverified
USGS-02296389,OAK CREEK NEAR GARDNER FL,27.4118611,-81.6956944,16806407,750067409,Unverified
USGS-02296500,CHARLIE CREEK NEAR GARDNER FL,27.37504297,-81.7964708,16806475,750082209,Unverified
USGS-02296750,"PEACE RIVER AT SR 70 AT ARCADIA, FL",27.22088245,-81.8761946,16807219,750072149,Unverified
USGS-02297100,JOSHUA CREEK AT NOCATEE FL,27.16671794,-81.8795282,16807555,750060311,Unverified
USGS-02297155,HORSE CREEK NEAR MYAKKA HEAD FL,27.4872613,-82.0234197,16812461,750052014,Unverified
USGS-02297251,HORSE CREEK NEAR LIMESTONE FL,27.36643259,-81.9734188,16809313,750075697,Unverified
USGS-02297310,"HORSE CREEK AT SR 72 NEAR ARCADIA, FL",27.19949477,-81.9884193,16807511,750065046,Unverified
USGS-02297600,SHELL CREEK AT CIRCLE K GROVES NEAR FT OGDEN FL,26.96734444,-81.8266361,16813909,750040780,Unverified
USGS-02297635,SHELL CREEK ON CR 764 NEAR PUNTA GORDA FL,26.975,-81.8875,16813889,750056172,Unverified
USGS-02298110,PRAIRIE CREEK UPSTREAM OF SR 31 NEAR FT OGDEN FL,27.04155556,-81.7431667,16808391,,Unverified
USGS-02298123,PRAIRIE CREEK NEAR FORT OGDEN FL,27.05199986,-81.7845267,16808187,750038410,Unverified
USGS-02298170,PRAIRIE CREEK ON CR 764 NEAR PUNTA GORDA FL,26.99027778,-81.8947222,16814763,750047292,Unverified
USGS-02298202,SHELL CREEK NEAR PUNTA GORDA FL,26.98478094,-81.9356414,16814857,750058540,Unverified
USGS-02298488,MYAKKA RIVER UPST FROM YOUNGS CK NR MYAKKA CITY FL,27.4292084,-82.1386997,16837004,750053792,Unverified
USGS-02298492,LONG CREEK NEAR MYAKKA CITY FL,27.4094869,-82.1264772,16838808,750069777,Unverified
USGS-02298495,MAPLE CREEK NEAR MYAKKA CITY FL,27.38448789,-82.1298107,16838820,,Unverified
USGS-02298527,OGLEBY CK DNSTR FROM BOGGY CK NEAR MYAKKA CITY FL,27.40365397,-82.181756,16838806,,Unverified
USGS-02298530,COKER CREEK NEAR MYAKKA CITY FL,27.4097648,-82.1750893,16838802,750045504,Unverified
USGS-02298554,MYAKKA RIVER NEAR MYAKKA CITY FL,27.3661553,-82.1492555,16838830,750065634,Unverified
USGS-02298608,MYAKKA RIVER AT MYAKKA CITY FL,27.3436562,-82.1567556,16837084,750066818,Unverified
USGS-02298760,HOWARD CREEK NEAR SARASOTA FL,27.3384722,-82.3475833,166743772,,Unverified
USGS-02298830,"MYAKKA RIVER NEAR SR 72 NEAR SARASOTA, FL",27.23521944,-82.3118944,16838908,750068004,Unverified
USGS-02298880,MYAKKA RIVER AT CONTROL NEAR LAUREL FL,27.1856073,-82.3556494,16837572,750068598,Unverified
USGS-02299410,BIG SLOUGH CANAL NEAR MYAKKA CITY FL,27.1933843,-82.1442558,16837536,750050838,Unverified
USGS-02299450,BIG SLOUGH AT TROPICAIRE BLVD NEAR NORTH PORT FL,27.11163889,-82.2048417,16837810,,Unverified
USGS-02299472,BIG SLOUGH AT WEST PRICE BLVD NEAR NORTH PORT FL,27.06933333,-82.2203333,16838064,750005257,Unverified
USGS-02299482,COCOPLUM WATERWAY AT NORTH PORT FL,27.0456111,-82.2353333,16838208,750005257,Unverified
USGS-02299861,WALKER CREEK NEAR SARASOTA FL,27.3678222,-82.5442639,16863757,,Unverified
USGS-02299950,"MANATEE RIVER AT SR 64 NEAR MYAKKA HEAD, FL",27.47365137,-82.211201,16877194,750044910,Unverified
USGS-02300017,GAMBLE CREEK AT COUNTY ROAD 675 NEAR PARRISH FL,27.57577778,-82.39738889,16875058,750044908,Unverified
USGS-02300018,GAMBLE CREEK NEAR PARRISH FL,27.55337054,-82.3895379,16875122,750060300,Unverified
USGS-02300033,BRADEN RIV AT LAKEWOOD RANCH NR LORRAINE FL,27.42055556,-82.4261111,16877722,750059120,Unverified
USGS-02300075,FROG CREEK AT BUFFALO ROAD NEAR RUBONIA FL,27.57991667,-82.51338889,16918338,,Unverified
USGS-02300082,FROG CREEK NEAR RUBONIA FL,27.58805556,-82.5397222,16918326,,Unverified
USGS-02300100,LITTLE MANATEE RIVER NEAR FT. LONESOME FL,27.70475366,-82.1978672,16883892,750038392,Unverified
USGS-02300210,SOUTH FORK LITTLE MANATEE RIVER NEAR PARRISH FL,27.60197978,-82.2112009,16883956,750041947,Unverified
USGS-02300300,SOUTH FORK LITTLE MANATEE RIVER NEAR WIMAUMA FL,27.6494778,-82.294258,16883564,750056155,Unverified
USGS-02300500,"LITTLE MANATEE RIVER AT US 301 NEAR WIMAUMA, FL",27.67114344,-82.3525925,16883900,750062073,Unverified
USGS-02300700,BULLFROG CREEK NEAR WIMAUMA FL,27.79197208,-82.3520369,16918210,,Unverified
USGS-02300882,NORTH PRONG ALAFIA RIVER NEAR NICHOLS FL,27.89030394,-82.01175129,16896600,750061476,Unverified
USGS-02301000,NORTH PRONG ALAFIA RIVER AT KEYSVILLE FL,27.8839148,-82.10008689,16896626,750063843,Unverified
USGS-02301150,SOUTH PRONG ALAFIA RIVER NEAR FT LONESOME FL,27.72930556,-82.0742778,16896704,750043128,Unverified
USGS-02301300,SOUTH PRONG ALAFIA RIVER NEAR LITHIA FL,27.79669525,-82.1175877,16896286,750052598,Unverified
USGS-02301328,ALAFIA RIVER NEAR KEYSVILLE FL,27.86636389,-82.1439861,16896616,750063844,Unverified
USGS-02301405,"TURKEY CREEK BLW MEDARD OUTFLOW NR DURANT,FL",27.89717778,-82.1892194,16896594,750008195,Unverified
USGS-02301500,"ALAFIA RIVER AT LITHIA PINECREST RD AT LITHIA, FL",27.872248,-82.2112008,16896602,750064436,Unverified
USGS-02301718,"ALAFIA RIVER AT US 301 AT RIVERVIEW, FL",27.86934167,-82.3264528,16918804,750068580,Unverified
USGS-02301738,ARCHIE CREEK AT 78TH STREET NEAR TAMPA FL,27.88002457,-82.3706484,16918144,,Unverified
USGS-02301740,NORTH ARCHIE CREEK AT PROGRESS BLVD. NEAR TAMPA FL,27.8966908,-82.3498147,16919448,,Unverified
USGS-02301745,DELANEY CREEK POPOFF CANAL NEAR TAMPA FL,27.902246,-82.3770375,16918140,,Unverified
USGS-02301750,DELANEY CREEK NEAR TAMPA FL,27.9258564,-82.3642595,16918094,,Unverified
USGS-02301793,EAST LAKE OUTFALL AT E. CHELSEA ST. NEAR TAMPA FL,27.985021,-82.37175969,16918022,,Unverified
USGS-02301900,"FOX BRANCH NEAR SOCRUM, FL",28.18194444,-82.0125,16906265,,Unverified
USGS-02301990,HILLSBOROUGH R AB CRYSTAL SPR NEAR ZEPHYRHILLS FL,28.18555556,-82.1841667,16906283,,Unverified
USGS-02302010,HILLSBOROUGH R BL CRYSTAL SPR NEAR ZEPHYRHILLS FL,28.1786111,-82.1891667,16906283,,Unverified
USGS-02302500,BLACKWATER CREEK NEAR KNIGHTS FL,28.1397222,-82.15,16906323,,Unverified
USGS-02303000,"HILLSBOROUGH RV AT STATE PARK NR ZEPHYRHILLS, FL",28.15029044,-82.23175318,16907135,750066205,Unverified
USGS-02303205,BAKER CREEK AT MCINTOSH ROAD NEAR ANTIOCH FL,28.02835317,-82.2453678,16907055,750052000,Unverified
USGS-02303330,HILLSBOROUGH R AT MORRIS BR NEAR THONOTOSASSA FL,28.0986111,-82.31138889,16907019,750059694,Unverified
USGS-02303348,TROUT CREEK AT WESLEY CHAPEL FL,28.17133333,-82.3622222,16906255,750057324,Unverified
USGS-02303350,TROUT CREEK NEAR SULPHUR SPRINGS FL,28.1347222,-82.3619444,166743841,,Unverified
USGS-02303400,CYPRESS CREEK NEAR SAN ANTONIO FL,28.32388889,-82.3836111,166743837,750034823,Unverified
USGS-02303410,CYPRESS CREEK TRIBUTARY NR WESLEY CHAPEL FL,28.2593611,-82.3861111,,750053177,Unverified
USGS-02303420,"CYPRESS CREEK AT SR 54 AT WORTHINGTON GARDENS, FL",28.1872222,-82.4022222,166743839,,Unverified
USGS-02303800,CYPRESS CREEK NEAR SULPHUR SPRINGS FL,28.08888889,-82.4091667,16907067,,Unverified
USGS-02304000,HILLSBOROUGH R AT FOWLER AV NEAR TEMPLE TERRACE FL,28.05446224,-82.3637032,16906571,750060878,Unverified
USGS-02304500,HILLSBOROUGH RIVER NEAR TAMPA FL,28.02390784,-82.4275939,16907115,750004640,Unverified
USGS-02304510,HILLSBOROUGH RIVER AT ROWLETT PK DR NEAR TAMPA FL,28.02113015,-82.4345385,166743843,750004640,Unverified
USGS-02305851,CURIOSITY CREEK AT 122ND AVE NEAR SULPHUR SPGS. FL,28.05862836,-82.4612055,16906491,,Unverified
USGS-02306500,SWEETWATER CREEK NEAR SULPHUR SPRINGS FL,28.04307328,-82.5117623,16916782,750049040,Unverified
USGS-02306647,SWEETWATER CREEK NEAR TAMPA FL,28.01390775,-82.5450963,16916386,750049040,Unverified
USGS-023066535,HENRY STREET CANAL AT BENJAMIN ROAD NEAR TAMPA FL,28.0000972,-82.5417667,,,Unverified
USGS-02306774,ROCKY CREEK AT ST HWY 587 AT CITRUS PARK FL,28.06583333,-82.5658333,16916300,,Unverified
USGS-02306950,BRUSHY CREEK NEAR CITRUS PARK FL,28.06501684,-82.5553744,16916302,,Unverified
USGS-02307000,ROCKY CREEK NEAR SULPHUR SPRINGS FL,28.03696237,-82.5759304,16916356,,Unverified
USGS-02307200,BROOKER CREEK AT VAN DYKE RD NEAR CITRUS PARK FL,28.12890323,-82.5703748,16916766,,Unverified
USGS-02307323,BROOKER CREEK NEAR LAKE FERN FL,28.14084726,-82.6398209,16916762,,Unverified
USGS-02307359,BROOKER CREEK NEAR TARPON SPRINGS FL,28.09643229,-82.6871441,166743866,,Unverified
USGS-02307445,SOUTH BRANCH BROOKER CREEK NEAR OLDSMAR FL,28.07705556,-82.6977778,16916774,,Unverified
USGS-02307496,COW BRANCH AT LAKE ST GEORGE DR NR PALM HARBOR FL,28.06850278,-82.72248889,16916816,,Unverified
USGS-02307498,"LAKE TARPON CANAL AT S-551, NEAR OLDSMAR FL",28.05362833,-82.7109336,16916816,750038975,Unverified
USGS-02307668,ALLIGATOR CREEK BELOW BELCHER RD AT CLEARWATER FL,27.9797421,-82.7423232,16918012,,Unverified
USGS-02307674,ALLIGATOR CREEK AT KAPOK PARK AT CLEARWATER FL,27.97550618,-82.7131558,16918578,,Unverified
USGS-02307780,LONG BRANCH NEAR PINELLAS PARK FL,27.91585545,-82.7248228,16918090,,Unverified
USGS-02308950,ST JOE CREEK AT 62ND ST NR PINELLAS PARK FL,27.81023889,-82.7203611,16934554,750047270,Unverified
USGS-02309200,RATTLESNAKE CREEK AT BELLEAIR FL,27.94240833,-82.804,,,Unverified
USGS-02309415,CURLEW CREEK AT EVANS ROAD NEAR DUNEDIN FL,28.02335166,-82.7406565,16932670,,Unverified
USGS-02309421,CURLEW CREEK AT BELCHER ROAD NEAR OZONA FL,28.04,-82.7475,16933128,,Unverified
USGS-02309425,CURLEW CREEK AT COUNTY ROAD 1 NEAR OZONA FL,28.0469618,-82.7587125,16932636,,Unverified
USGS-02309447,BEE BRANCH NEAR PALM HARBOR FL,28.07112778,-82.7636611,16932620,,Unverified
USGS-02309740,ANCLOTE RIVER NEAR ODESSA FL,28.22953268,-82.595306,16932102,750051403,Unverified
USGS-02309848,SOUTH BRANCH ANCLOTE RIVER NEAR ODESSA FL,28.18544444,-82.5533611,16932192,,Unverified
USGS-02310000,"ANCLOTE RIVER AT LITTLE RD NEAR ELFERS, FL",28.21417784,-82.6664882,16933094,750054363,Unverified
USGS-02310280,PITHLACHASCOTEE RIVER NEAR FIVAY JUNCTION FL,28.329172,-82.5367636,933100018,,Unverified
USGS-02310286,FIVEMILE CR BL SUNCOAST PKWY NR FIVAY JUNCTION FL,28.29413889,-82.5537222,933100018,750036009,Unverified
USGS-02310288,PITHLACHASCOTEE R BL SUNCOAST PKWY NR FIVAY JCT FL,28.29488889,-82.5728333,933100018,,Unverified
USGS-02310300,PITHLACHASCOTEE RIVER NEAR NEW PORT RICHEY FL,28.25731495,-82.6429044,933100018,,Unverified
USGS-02310308,PITHLACHASCOTEE R AT MAIN ST AT NEW PORT RICHEY FL,28.2502877,-82.7226006,16933068,,Unverified
USGS-02310356,BEAR CREEK AT SR 52 NR BAYONET POINT FL,28.33092778,-82.6732611,16931812,750048439,Unverified
USGS-02310368,BEAR CREEK NEAR BAYONET POINT FL,28.33877778,-82.6987778,,750062056,Unverified
USGS-02310525,WEEKI WACHEE RIVER NEAR BROOKSVILLE FL,28.51888454,-82.5823215,16928188,750060275,Unverified
USGS-02310650,CHASSAHOWITZKA RIVER NEAR HOMOSASSA FL,28.71526419,-82.5767656,16928606,,Unverified
USGS-02310689,HALLS RIVER AT HOMOSASSA SPRINGS FL,28.8131111,-82.60563889,16928268,,Unverified
USGS-02310700,HOMOSASSA R AT HOMOSASSA FL,28.78526096,-82.6178779,16928270,,Unverified
USGS-02310740,SARAGASSA CANAL AT CRYSTAL RIVER FL,28.890535,-82.5956566,16928252,750051385,Unverified
USGS-02310750,CRYSTAL RIVER NEAR CRYSTAL RIVER FL,28.90500349,-82.6351883,16928248,750059080,Unverified
USGS-02310947,"WITHLACOOCHEE RIVER NEAR CUMPRESSCO, FL",28.31195156,-82.05591468,16955670,750063240,Unverified
USGS-02311000,"WITHLACOOCHEE-HILLSBOROUGH OVFLO NEAR RICHLAND, FL",28.27139707,-82.0978598,16955326,,Unverified
USGS-02311500,"WITHLACOOCHEE RIVER NEAR DADE CITY, FL",28.3525042,-82.12591619,16955656,750065016,Unverified
USGS-02312000,"WITHLACOOCHEE RIVER AT US 301 AT TRILBY, FL",28.4799981,-82.17758499,933100042,750059092,Unverified
USGS-02312180,"LITTLE WITHLACOOCHEE RIVER NEAR TARRYTOWN, FL",28.5216647,-82.0548037,16949536,,Unverified
USGS-02312200,"LITTLE WITHLACOOCHEE RIVER AT RERDELL, FL",28.57277286,-82.155363,16949670,,Unverified
USGS-02312300,WITHLACOOCHEE RIVER AT RITAL FL,28.5211073,-82.209253,16949534,750061459,Unverified
USGS-02312500,"WITHLACOOCHEE RIVER AT CROOM, FL",28.5927714,-82.222032,16949962,750063233,Unverified
USGS-02312558,"WITHLACOOCHEE RIVER AT NOBLETON, FL",28.644436,-82.25703368,16949944,750050799,Unverified
USGS-02312598,"WITHLACOOCHEE RIVER NR PINEOLA, FL",28.7241557,-82.2423118,16949882,750053757,Unverified
USGS-02312600,"WITHLACOOCHEE RIVER NEAR FLORAL CITY, FL",28.74359973,-82.2200892,16949870,750054349,Unverified
USGS-02312640,"JUMPER CREEK CANAL NEAR BUSHNELL, FL",28.6972136,-82.1039741,16949648,,Unverified
USGS-02312645,"JUMPER CREEK CANAL NEAR WAHOO, FL",28.70443503,-82.1570313,16949386,750012318,Unverified
USGS-02312667,"SHADY BROOK NEAR SUMTERVILLE, FL",28.77026704,-82.0636961,16949630,,Unverified
USGS-02312675,"LITTLE JONES CREEK NEAR RUTLAND, FL.",28.8425,-82.1302778,16949330,,Unverified
USGS-02312700,"OUTLET RIVER AT PANACOOCHEE RETREATS, FL",28.8002651,-82.1528658,16949820,750049611,Unverified
USGS-02312720,"WITHLACOOCHEE RIVER AT WYSONG DAM, AT CARLSON, FL",28.82331955,-82.1831448,16949806,750061450,Unverified
USGS-02312722,"WITHLACOOCHEE RIVER NR RUTLAND, FL",28.85192929,-82.2209241,16949806,750062042,Unverified
USGS-02312762,"WITHLACOOCHEE RIVER NEAR INVERNESS, FL",28.91220435,-82.2800934,16949786,750062042,Unverified
USGS-02313000,"WITHLACOOCHEE RIVER AT SR 200 NEAR HOLDER, FL",28.98886759,-82.3495406,16949694,750054342,Unverified
USGS-02313098,"RAINBOW RIVER NEAR DUNNELLON, FL",29.07130556,-82.4266111,16944520,750057299,Unverified
USGS-02313100,"RAINBOW RIVER AT DUNNELLON, FL",29.04942056,-82.44759948,16944516,750057299,Unverified
USGS-02313200,"WITHLACOOCHEE RIVER AT US 41 AT DUNNELLON, FL",29.0460871,-82.4645443,16944484,750053748,Unverified
USGS-02313230,"WITHLACOOCHEE R AT INGLIS DAM NEAR DUNNELLON, FL",29.00997485,-82.6167699,16944472,,Unverified
USGS-02313250,WITHLACOOCHEE R BYPASS CHANNEL NR INGLIS FLA,29.02108538,-82.6378818,16944416,750057301,Unverified
USGS-02313700,"WACCASASSA RIVER NR GULF HAMMOCK, FLA.",29.20413378,-82.769001,3339996,750056703,Unverified
USGS-02315500,"SUWANNEE RIVER AT WHITE SPRINGS, FLA.",30.3257812,-82.7381826,166743978,750151394,Unverified
USGS-02315550,SUWANNEE RIVER AT SUWANNEE SPRINGS FLA,30.3929988,-82.9331875,166743979,750183360,Unverified
USGS-02317620,ALAPAHA RIVER NEAR JENNINGS FLA,30.59826888,-83.073195,2016602,750215914,Unverified
USGS-02319000,"WITHLACOOCHEE RIVER NEAR PINETTA, FLA.",30.59548716,-83.2595906,2067240,750214138,Unverified
USGS-02319300,WITHLACOOCHEE RIVER NR MADISON FLA,30.48243547,-83.2429207,,750190461,Unverified
USGS-02319394,"WITHLACOOCHEE RIVER NR LEE, FLA",30.41049435,-83.18013979,166758628,750191647,Unverified
USGS-02319500,"SUWANNEE RIVER AT ELLAVILLE, FLA",30.38466196,-83.1718058,2230475,750184544,Unverified
USGS-02319800,"SUWANNEE RIVER AT DOWLING PARK, FLORIDA",30.2449425,-83.24958439,2230489,750130676,Unverified
USGS-02320000,"SUWANNEE RIVER AT LURAVILLE, FLA.",30.09994513,-83.1715247,2230497,750124168,Unverified
USGS-02320500,"SUWANNEE RIVER AT BRANFORD, FLA.",29.955785,-82.9276278,2232693,750095164,Unverified
USGS-02320700,"SANTA FE RIVER NEAR GRAHAM, FLA.",29.84635394,-82.2195493,2161828,750060239,Unverified
USGS-02321000,NEW RIVER NR LAKE BUTLER FLA,29.9982954,-82.2739992,2161384,750095754,Unverified
USGS-02321500,"SANTA FE RIVER AT WORTHINGTON SPRINGS, FLA.",29.9219073,-82.4262246,2161874,750085693,Unverified
USGS-02321898,SANTA FE RIVER AT O'LENO STATE PARK FLA,29.92656389,-82.5596472,2161778,750089837,Unverified
USGS-02321958,"SANTA FE RIVER AT RIVER RISE NR HIGH SPRINGS, FL",29.8735723,-82.59122849,2161822,750091614,Unverified
USGS-02321975,"SANTA FE RIVER AT US HWY 441 NEAR HIGH SPRINGS,FL.",29.85273894,-82.6084508,2161822,750089247,Unverified
USGS-02322500,"SANTA FE RIVER NEAR FORT WHITE, FLA.",29.84884769,-82.7151204,2161822,750092207,Unverified
USGS-02322700,"ICHETUCKNEE R @ HWY27 NR HILDRETH, FL",29.95273288,-82.7859573,2161766,750065564,Unverified
USGS-02322800,SANTA FE RIVER NR HILDRETH FLA,29.91162076,-82.8604033,2161876,750094573,Unverified
USGS-02323000,"SUWANNEE RIVER NEAR BELL, FLORIDA",29.79134359,-82.924293,2232703,750083328,Unverified
USGS-02323500,"SUWANNEE RIVER NEAR WILCOX, FLA.",29.58968017,-82.9365131,2232713,750072086,Unverified
USGS-02323592,SUWANNEE RIVER AB GOPHER RIVER NR SUWANNEE FL,29.33940554,-83.086515,2235931,750055515,Unverified
USGS-02324000,"STEINHATCHEE RIVER NEAR CROSS CITY, FLA.",29.78661294,-83.3215262,1984358,750076816,Unverified
USGS-02324170,"STEINHATCHEE RIVER AT STEINHATCHEE, FL.",29.6682821,-83.37735989,1985172,750079779,Unverified
USGS-02324400,"FENHOLLOWAY RIVER NEAR FOLEY, FLA.",30.09827057,-83.4718112,1978648,750112920,Unverified
USGS-02324500,"FENHOLLOWAY RIVER AT FOLEY, FLA.",30.06549165,-83.5579246,,750102857,Unverified
USGS-02325000,"FENHOLLOWAY RIVER NEAR PERRY, FLA",30.0713236,-83.6623725,1978402,750107001,Unverified
USGS-02325543,"FENHOLLOWAY RIVER NEAR HAMPTON SPRINGS, FL",30.01132315,-83.7776534,1978476,750109370,Unverified
USGS-02326000,"ECONFINA RIVER NEAR PERRY, FLA.",30.17076448,-83.8237679,1978638,750127126,Unverified
USGS-02326050,"ECONFINA RV AT ECONFINA RV STATE PARK NR PERRY, FL",30.06811667,-83.8987028,1978658,750115880,Unverified
USGS-02326500,"AUCILLA RIVER AT LAMONT, FLA.",30.36992847,-83.80682559,2287321,750156721,Unverified
USGS-02326526,WACISSA RIVER NR WACISSA FLA,30.3013159,-83.9796085,2287383,750119427,Unverified
USGS-02326900,"ST. MARKS RIVER NEAR NEWPORT, FLA.",30.2714311,-84.1482508,10323850,750145475,Unverified
USGS-02327022,"WAKULLA RIVER NEAR CRAWFORDVILLE, FL",30.2138141,-84.261563,10320316,,Unverified
USGS-02327031,"SPRING CREEK NEAR SPRING CREEK, FL",30.07270485,-84.3273972,,,Unverified
USGS-02327033,LOST CREEK AT ARRAN FLA,30.18825753,-84.40823469,10319918,750110550,Unverified
USGS-02327100,"SOPCHOPPY RIVER NR SOPCHOPPY, FLA.",30.12936856,-84.4943482,10365698,750104039,Unverified
USGS-02328522,"OCHLOCKONEE RIVER NR CONCORD, FLA.",30.6690846,-84.3051807,10362516,750215912,Unverified
USGS-02329000,"OCHLOCKONEE RIVER NR HAVANA, FLA.",30.55408644,-84.3840715,10362924,750203484,Unverified
USGS-02329500,"LITTLE RIVER NR QUINCY, FLA.",30.58741806,-84.4965763,10363292,750181578,Unverified
USGS-02329600,"LITTLE RIVER NR MIDWAY, FLA.",30.5124192,-84.5235206,10363648,750185132,Unverified
USGS-02330000,"OCHLOCKONEE RIVER NR BLOXHAM, FLA.",30.38325266,-84.6549109,10366208,750179216,Unverified
USGS-02330100,"TELOGIA CREEK NR BRISTOL, FLA.",30.426585,-84.92769349,10365534,750155535,Unverified
USGS-02330150,"OCHLOCKONEE RIVER NR SMITH CREEK, FLA.",30.17658934,-84.6679637,10365922,750130678,Unverified
USGS-02330400,"NEW RIVER NEAR SUMATRA, FLA",30.03624444,-84.8433,2077651,750098713,Unverified
USGS-02358000,APALACHICOLA RIVER AT CHATTAHOOCHEE FLA,30.7010251,-84.8590871,2293124,750234264,Unverified
USGS-02358700,"APALACHICOLA RIVER NR BLOUNTSTOWN,FLORIDA",30.42519625,-85.0313059,2297254,750153167,Unverified
USGS-02358754,"APALACHICOLA R.AB CHIPOLA CUTOFF NR WEWAHITCHKA,FL",30.1322611,-85.1420111,2297468,750125943,Unverified
USGS-02358789,CHIPOLA RIVER AT MARIANNA FL,30.77297064,-85.2163178,2134102,750224196,Unverified
USGS-02359000,"CHIPOLA RIVER NR ALTHA, FLA.",30.53408319,-85.1651996,2133672,750202300,Unverified
USGS-02359170,"APALACHICOLA RIVER NR SUMATRA,FLA.",29.94937094,-85.0154686,2298964,750097532,Unverified
USGS-02359500,"ECONFINA CREEK NEAR BENNETT, FLA.",30.3846406,-85.5565932,2178951,750161456,Unverified
USGS-02365200,"CHOCTAWHATCHEE RIVER NR PITTMAN, FLA.",30.94990438,-85.84299,2242015,750230113,Unverified
USGS-02365470,"WRIGHTS CREEK AT SH 177-A NR BONIFAY,FL",30.8571301,-85.7621545,2240423,,Unverified
USGS-02365500,"CHOCTAWHATCHEE RIVER AT CARYVILLE, FLA.",30.77574389,-85.827711,2242113,750211765,Unverified
USGS-02365769,"BRUCE CREEK AT SH 81 NR REDBAY, FL",30.6246363,-85.9424358,2241851,750154346,Unverified
USGS-02366000,"HOLMES CREEK AT VERNON, FLA.",30.62685899,-85.7121531,2241831,750191642,Unverified
USGS-02366500,"CHOCTAWHATCHEE RIVER NR BRUCE, FLA.",30.4510296,-85.89826819,2244465,750202302,Unverified
USGS-02366996,"ALAQUA CREEK NEAR PLEASANT RIDGE, FL",30.66908,-86.1866092,476177,750171513,Unverified
USGS-02367310,"JUNIPER CREEK AT STATE HWY 85 NR NICEVILLE, FLA.",30.5574179,-86.5193954,476941,750127707,Unverified
USGS-02367900,"YELLOW RIVER NR OAK GROVE, FLA.",30.92518288,-86.5593967,896197,750221234,Unverified
USGS-02368000,"YELLOW RIVER AT MILLIGAN, FLA.",30.7529664,-86.6291207,897821,750228342,Unverified
USGS-02368500,"SHOAL RIVER NR MOSSY HEAD, FLA.",30.7960205,-86.3068906,896891,750183349,Unverified
USGS-02369000,"SHOAL RIVER NR CRESTVIEW, FLA.",30.69741268,-86.570786,897255,750218280,Unverified
USGS-02369600,"YELLOW RIVER NR MILTON, FLA.",30.569639,-86.9235732,897999,750203483,Unverified
USGS-02370000,"BLACKWATER RIVER NR BAKER, FLA.",30.8335197,-86.7346786,791526,750222420,Unverified
USGS-02370500,"BIG COLDWATER CREEK NR MILTON, FLA.",30.70852375,-86.972186,792126,750198744,Unverified
USGS-02375500,"ESCAMBIA RIVER NEAR CENTURY, FL",30.96518304,-87.2341395,448444,750231297,Unverified
USGS-02376033,"ESCAMBIA RIVER NR MOLINO, FLA.",30.6701917,-87.2669179,448560,750232488,Unverified
USGS-02376100,"BAYOU MARCUS CREEK NR PENSACOLA,FLA",30.44825279,-87.2905288,10854185,750112319,Unverified
USGS-02376115,"ELEVENMILE CREEK NR WEST PENSACOLA, FL",30.49825159,-87.3358086,10853975,750130669,Unverified
USGS-02376293,"BRUSHY CREEK NEAR BRATT, FL",30.97851588,-87.5280384,2171877,750159664,Unverified
USGS-02376500,"PERDIDO RIVER AT BARRINEAU PARK, FL",30.69027778,-87.4402778,2172289,750204072,Unverified
USGS-250802081035500,"EAST SIDE CREEK NEAR LAKE INGRAHAM, FL",25.13696944,-81.0643806,92138,750010637,Unverified
USGS-251003080435500,"MCCORMICK CREEK AT MOUTH NEAR KEY LARGO, FL",25.16819444,-80.73358889,,,Unverified
USGS-251032080473400,"ALLIGATOR CREEK NEAR GARFIELD BIGHT, FL",25.17555556,-80.7927778,89926,,Unverified
USGS-251033080440800,"OYSTER CREEK NEAR FLAMINGO, FL",25.17588889,-80.7355833,,,Unverified
USGS-251115081075800,"RAULERSON BROTHERS CANAL AT CAPE SABLE, FL",25.18765278,-81.1327778,92130,,Unverified
USGS-251127080382100,"TAYLOR RIVER AT MOUTH NEAR HOMESTEAD, FL",25.19059444,-80.6390528,89922,,Unverified
USGS-251152080370900,"EAST CREEK NEAR HOMESTEAD, FL",25.1982111,-80.6190944,,,Unverified
USGS-251154080471900,"CUTHBERT LAKE OUTLET NEAR FLAMINGO, FL",25.1983611,-80.7886667,89628,,Unverified
USGS-251203080480600,"WEST LAKE OUTLET TO LONG LAKE NEAR FLAMINGO, FL",25.2007222,-80.8016111,89626,,Unverified
USGS-251209080350100,"MUD CREEK AT MOUTH NR HOMESTEAD, FL",25.20330278,-80.5841111,89620,,Unverified
USGS-251241080385300,"UPSTREAM TAYLOR RIVER NEAR HOMESTEAD, FL",25.2102972,-80.6476667,90466,,Unverified
USGS-251253080320100,"TROUT CREEK AT MOUTH NEAR KEY LARGO, FL",25.2148972,-80.5335056,89604,,Unverified
USGS-251341080291200,"STILLWATER CREEK NEAR HOMESTEAD, FL",25.2283,-80.4859472,89592,,Unverified
USGS-251355080312800,"JOE BAY 2E, NEAR KEY LARGO, FL",25.232625,-80.5248667,89912,750013595,Unverified
USGS-251433080265000,"WEST HIGHWAY CREEK NEAR HOMESTEAD, FL",25.24210833,-80.4475722,89574,,Unverified
USGS-251549080251200,"MANATEE BAY CREEK NEAR HOMESTEAD, FL",25.2642111,-80.4201833,89482,750017738,Unverified
USGS-252230081021300,"SHARK RIVER BELOW GUNBOAT ISLAND NR FLAMINGO, FL",25.3749722,-81.0366944,92008,750026614,Unverified
USGS-252551081050900,HARNEY RIVER NEAR FLAMINGO FL,25.43055556,-81.0859583,91924,750002341,Unverified
USGS-253047080555600,UPSTREAM BROAD RIVER NEAR EVERGLADES CITY FL,25.50129167,-80.9322222,83782,,Unverified
USGS-254157080213800,"SNAPPER CREEK NO.5 ABV WATER PIPE NR S. MIAMI, FL",25.69905556,-80.3606111,83230,750024831,Unverified
USGS-254543080405401,"TAMIAMI CANAL AT S-12-D NEAR MIAMI, FL",25.7620472,-80.6820444,83922,750030157,Unverified
USGS-254543080491101,"TAMIAMI CANAL AT S-12-A, NR MIAMI, FL",25.76188056,-80.8213583,83114,750018909,Unverified
USGS-255154080371300,"L-67A CANAL AT S-152 NR COOPERTOWN, FL",25.86515,-80.6205667,83880,750031341,Unverified
USGS-255327081275900,"EAST RIVER NEAR EVERGLADES CITY, FL",25.89538889,-81.4555,16770178,,Unverified
USGS-255432081303900,FAKA-UNION RIVER NEAR THE MOUTH,25.90880556,-81.5109167,16770152,750050871,Unverified
USGS-255534081324000,"PUMPKIN RIVER NEAR GOODLAND, FL",25.926,-81.5443056,16770116,,Unverified
USGS-255654081350200,"BLACKWATER RIVER NEAR GOODLAND, FL",25.9523611,-81.5844222,,,Unverified
USGS-261533080571600,L-28 INTERCEPTOR CANAL BLW S-190 NEAR CLEWISTON FL,26.2585,-80.9534167,79362,750044943,Unverified
USGS-261543080495000,"L-28 CANAL ABOVE S-140 NEAR CLEWISTON, FL",26.26025,-80.8303611,79304,750044944,Unverified
USGS-261808081042800,WEST FEEDER CANAL ABV WEST WEIR NR  CLEWISTON FL,26.30233333,-81.0744444,81556,,Unverified
USGS-262038080584600,"NORTH FEEDER CANAL BLW PC17A NR CLEWISTON, FL",26.34375,-80.9793333,75306,,Unverified
USGS-264514080550700,INDUSTRIAL CANAL AT CLEWISTON,26.76075867,-80.9179804,16742615,750031314,Unverified
USGS-265501080364900,"LEVEE 8 CANAL NEAR CANAL POINT, FL",26.91719444,-80.6129444,66928,750057358,Unverified
USGS-295308085143700,"IWW EAST OF GULF CO CANAL NEAR PORT ST JOE, FL",29.88555556,-85.2436111,2180605,750081550,Unverified
USGS-295323085151700,"IWW WEST OF GULF CO CANAL NEAR PORT ST JOE, FL",29.8897222,-85.2547222,2180737,750063790,Unverified
USGS-02176930,"CHATTOOGA RIVER AT BURRELLS FORD, NR PINE MTN, GA",34.97452778,-83.1161667,6269146,750166660,Unverified
USGS-02178400,"TALLULAH RIVER NEAR CLAYTON, GA",34.8899722,-83.53063889,6267840,750175543,Unverified
USGS-02180400,"TIGER CREEK NEAR LAKEMONT, GA",34.78613889,-83.4155833,6268286,750160746,Unverified
USGS-02181350,"TALLULAH R AT TERRORA PWRHSE, NR TALLULAH FALLS,GA",34.75027778,-83.405,6269218,750216394,Unverified
USGS-02181580,"TALLULAH RIVER AB POWERHOUSE, NR TALLULAH FALLS,GA",34.73191667,-83.3754167,6269248,750216394,Unverified
USGS-02188600,"BEAVERDAM CREEK ABOVE ELBERTON, GA",34.1686111,-82.8966111,11736643,750243642,Unverified
USGS-02191227,"GROVE CREEK AT US 441 AND GA 15 NEAR COMMERCE, GA",34.26894444,-83.4680833,6278163,750245416,Unverified
USGS-02191300,"BROAD RIVER ABOVE CARLTON, GA",34.0742222,-83.0039444,6279431,750285084,Unverified
USGS-02192000,"BROAD RIVER NEAR BELL, GA",33.97263889,-82.7708611,6280111,750309952,Unverified
USGS-02193340,"KETTLE CREEK NEAR WASHINGTON, GA",33.68266667,-82.8585,6289497,750213463,Unverified
USGS-02193500,"LITTLE RIVER NEAR WASHINGTON, GA",33.61277778,-82.7425,6289757,750248393,Unverified
USGS-02195150,"KIOKEE CREEK AT US 221, AT APPLING, GA",33.54266667,-82.3154167,22720539,750194524,Unverified
USGS-02195320,"KIOKEE CREEK AT GA 104, NEAR EVANS, GA",33.6011111,-82.2326111,22720339,750239514,Unverified
USGS-02195470,"UCHEE CREEK AT GA 104, NEAR EVANS, GA",33.5673611,-82.18338889,22720481,750200443,Unverified
USGS-02196485,"AUGUSTA CANAL UPPER NR AUGUSTA, GA",33.54916667,-82.03713889,22720801,750098028,Unverified
USGS-02196670,"SAVANNAH RIVER JEFFERSON DAVIS BR, AT AUGUSTA, GA",33.4793333,-81.96338889,22723983,750262605,Unverified
USGS-02196835,"BUTLER CREEK BELOW 7TH AVENUE, AT FT. GORDON, GA",33.4386111,-82.1161111,22725225,750114014,Unverified
USGS-021968385,"BUTLER CR BELOW BUTLER CR RSVR AT FORT GORDON, GA",33.42509167,-82.09873889,,750114014,Unverified
USGS-02197000,"SAVANNAH RIVER AT AUGUSTA, GA",33.37252778,-81.9420833,22724061,750282143,Unverified
USGS-02197020,"SPIRIT CREEK AT US 1, NEAR AUGUSTA, GA",33.37366667,-82.1391944,22725411,750169664,Unverified
USGS-021973269,"SAVANNAH RIVER NEAR WAYNESBORO, GA",33.1503611,-81.7540833,,750298133,Unverified
USGS-02197500,"SAVANNAH R AT BURTONS FERRY BR NR MILLHAVEN, GA",32.93644444,-81.5025278,,750250779,Unverified
USGS-02197598,"BRUSHY CREEK AT CAMPGROUND ROAD, NEAR WRENS, GA",33.18055556,-82.3340833,9976933,750175589,Unverified
USGS-02197830,"BRIER CREEK NEAR WAYNESBORO, GA",33.11830556,-81.9636111,9975795,750267350,Unverified
USGS-02198000,"BRIER CREEK AT MILLHAVEN, GA",32.93333333,-81.6506667,9978725,750249596,Unverified
USGS-02198100,"BEAVERDAM CREEK NEAR SARDIS, GA",32.9375,-81.8153333,9978327,750116988,Unverified
USGS-02198500,"SAVANNAH RIVER NEAR CLYO, GA",32.52855556,-81.2683333,20104145,750254342,Unverified
USGS-02198690,"EBENEZER CREEK AT SPRINGFIELD, GA",32.36577778,-81.2970833,20106819,750201067,Unverified
USGS-02198810,"ABERCORN CREEK NEAR SAVANNAH,GA",32.25602778,-81.1780278,20106877,,Unverified
USGS-02198840,"SAVANNAH RIVER I-95 NEAR PORT WENTWORTH, GA",32.2354722,-81.1510833,20107171,750251390,Unverified
USGS-02198920,"SAVANNAH RIVER AT GA 25, AT PORT WENTWORTH, GA",32.16533333,-81.1549167,20107245,750247840,Unverified
USGS-02198950,"MIDDLE RIVER AT GA 25 AT PORT WENTWORTH, GA",32.1657222,-81.1379722,20107201,,Unverified
USGS-02198955,"MIDDLE RIVER AT FISH HOLE AT PORT WENTWORTH, GA",32.14277778,-81.1352778,20107203,,Unverified
USGS-021989773,"SAVANNAH RIVER AT USACE DOCK, AT SAVANNAH, GA",32.08041667,-81.0813611,,750254354,Unverified
USGS-021989792,"LITTLE BACK RIVER AT GA 25 AT PORT WENTWORTH, GA",32.16583333,-81.13,,750167328,Unverified
USGS-02198980,"SAVANNAH RIVER AT FORT PULASKI, GA",32.03580556,-80.9060556,20105349,750233043,Unverified
USGS-02200120,"OGEECHEE RIVER AT GA 88, NEAR GRANGE, GA",33.04458333,-82.6036667,9958312,750232425,Unverified
USGS-02201000,"WILLIAMSON SWAMP CREEK AT DAVISBORO, GA",32.97566667,-82.6098056,9961690,750247226,Unverified
USGS-02201230,"OGEECHEE RIVER AT MIDVILLE, GA",32.81469444,-82.235,9963082,750261439,Unverified
USGS-02202040,"OGEECHEE RIVER AT ROCKY FORD RD, NR ROCKY FORD, GA",32.64927778,-81.8407778,9941682,750240723,Unverified
USGS-02202190,"OGEECHEE RIVER AT GA 24, NEAR OLIVER, GA",32.49480556,-81.5555,9945090,750230071,Unverified
USGS-02202500,"OGEECHEE RIVER NEAR EDEN, GA",32.1901111,-81.4158611,9944828,750240736,Unverified
USGS-02202600,"BLACK CREEK NEAR BLITCHTON, GA",32.16755556,-81.48775,9944858,,Unverified
USGS-02202680,"OGEECHEE RIVER AT GA 204, NEAR ELLABELL, GA",32.0795,-81.38475,9944910,750228307,Unverified
USGS-02203000,"CANOOCHEE RIVER NEAR CLAXTON, GA",32.1843611,-81.8892222,9922304,750236000,Unverified
USGS-02203518,"CANOOCHEE RIVER AT BRIDGE 38, AT FORT STEWART, GA",31.969,-81.4586944,9927802,750247254,Unverified
USGS-02203536,"OGEECHEE RIVER AT US 17, NEAR RICHMOND HILL, GA",31.9769722,-81.2878611,9947104,750241333,Unverified
USGS-02203557,"PEACOCK CREEK AT ATLANTIC RR LINE NR MCINTOSH, GA",31.82055556,-81.5395556,6317069,750189242,Unverified
USGS-02203655,"SOUTH RIVER AT FORREST PARK ROAD, AT ATLANTA, GA",33.67891667,-84.35813889,6333720,750189784,Unverified
USGS-02203800,"SOUTH RIVER AT BOULDERCREST ROAD AT ATLANTA, GA",33.6796111,-84.3079444,6333716,750190968,Unverified
USGS-02203831,"DOOLITTLE CREEK AT FLAT SHOALS RD, NR DECATUR, GA",33.70569444,-84.2921944,6333690,,Unverified
USGS-02203863,"SHOAL CREEK AT COLUMBIA DRIVE NEAR ATLANTA, GA",33.69319444,-84.25388889,6334112,750176167,Unverified
USGS-02203873,"COBBS CREEK AT RAINBOW DR, NEAR DECATUR, GA",33.70941667,-84.2391667,6334120,750176167,Unverified
USGS-02203900,"SOUTH RIVER AT FLAKES MILL ROAD NR ATLANTA, GA",33.66577778,-84.224,6333752,750237144,Unverified
USGS-02203950,"SNAPFINGER CREEK NEAR DECATUR, GA",33.7632222,-84.2203611,6334110,750185045,Unverified
USGS-02203960,"SNAPFINGER CR AT THOMPSON MILL RD NR LITHONIA, GA",33.69666667,-84.1986111,6333710,750212278,Unverified
USGS-02204037,"POLE BRIDGE CR AT EVANS MILL RD NEAR LITHONIA, GA",33.66819444,-84.1511667,6333794,750177943,Unverified
USGS-02204070,"SOUTH RIVER AT KLONDIKE ROAD, NEAR LITHONIA, GA",33.6301111,-84.1284722,6333824,750245433,Unverified
USGS-02204130,"HONEY CREEK AT GA 212, NEAR CONYERS, GA",33.57975,-84.06425,6333958,750211098,Unverified
USGS-02204285,"PATES CREEK NEAR FLIPPEN, GA",33.49280556,-84.2450556,6339430,750071981,Unverified
USGS-02204520,"SOUTH RIVER AT GA 81, AT SNAPPING SHOALS, GA",33.4845833,-83.9579722,24645816,750239517,Unverified
USGS-02205522,"PEW CREEK AT PATTERSON RD, NEAR LAWRENCEVILLE, GA",33.92588889,-84.0378056,,750189185,Unverified
USGS-02205865,"SWEETWATER CREEK AT CLUB DRIVE NEAR LILBURN, GA",33.9411111,-84.1077778,6333380,750198064,Unverified
USGS-02206500,"YELLOW RIVER NEAR SNELLVILLE, GA",33.85305556,-84.0783333,6334090,750253123,Unverified
USGS-02207120,"YELLOW RIVER AT GA 124, NEAR LITHONIA, GA",33.7725,-84.0581944,6333538,750254901,Unverified
USGS-02207135,"LITTLE STONE MTN CR NEAR STONE MOUNTAIN, GA",33.83041667,-84.1393333,6333488,750160772,Unverified
USGS-02207160,"STONE MOUNTAIN CREEK AT GA 124, NEAR LITHONIA, GA",33.77327778,-84.0771667,6333546,750217605,Unverified
USGS-02207185,"NO BUSINESS CREEK AT LEE ROAD, BELOW SNELLVILLE,GA",33.7775,-84.0377778,6333534,750218197,Unverified
USGS-02207220,"YELLOW RIVER AT PLEASANT HILL ROAD, NR LITHONIA,GA",33.7335833,-84.0615556,6333628,750263190,Unverified
USGS-02207335,"YELLOW RIVER AT GEES MILL ROAD, NEAR MILSTEAD, GA",33.66694444,-83.9380556,6331142,750256680,Unverified
USGS-02207385,"BIG HAYNES CREEK AT LENORA ROAD, NR SNELLVILLE, GA",33.81527778,-83.99013889,6330798,750174979,Unverified
USGS-02207400,"BRUSHY FORK CREEK AT BEAVER ROAD, NR LOGANVILLE,GA",33.82138889,-83.9425,6330794,750082035,Unverified
USGS-02207418,"BIG HAYNES CREEK AT JACK TURNER DAM,NR MILSTEAD GA",33.72938889,-83.9363056,6330976,750250166,Unverified
USGS-02207435,LITTLE HAYNES CREEK AT DIAL MILL RD NR MILSTEAD GA,33.7111111,-83.9144444,6331014,750212870,Unverified
USGS-02207448,"BIG HAYNES CREEK AT BALD ROCK ROAD, NR MILSTEAD GA",33.66163889,-83.9280833,6331746,750262599,Unverified
USGS-02208000,"YELLOW RIVER ROCKY PLAINS RD NR ROCKY PLAINS, GA",33.4998611,-83.8841667,6334744,750228268,Unverified
USGS-02208050,"ALCOVY RIVER NEAR LAWRENCEVILLE, GA",33.97855556,-83.9391667,,750088543,Unverified
USGS-02208130,"SHOAL CREEK AT PAPER MILL RD, NR LAWRENCEVILLE, GA",33.9497222,-83.9483333,,,Unverified
USGS-02208150,"ALCOVY RIVER AT NEW HOPE ROAD, NEAR GRAYSON, GA",33.91694444,-83.8880556,6330580,750224705,Unverified
USGS-02208450,"ALCOVY RIVER ABOVE COVINGTON, GA",33.63938889,-83.7784167,6331754,750257273,Unverified
USGS-02208485,"CORNISH CREEK AT LOWER JERSEY RD, NR COVINGTON, GA",33.7108333,-83.8111111,6331032,750092694,Unverified
USGS-02208487,"LITTLE CORNISH CR COUNTY ROAD 95 NR OXFORD, GA",33.67944444,-83.8297222,6331116,750162552,Unverified
USGS-02208493,"CORNISH CREEK AT HAZELBRAND RD NR COVINGTON, GA",33.6285,-83.7988611,6331758,750191560,Unverified
USGS-02209000,"ALCOVY RIVER BELOW COVINGTON, GA",33.50725,-83.82438889,6331472,750244251,Unverified
USGS-02209360,"EAST BEAR CREEK AT POPLAR ROAD, NR MANSFIELD, GA",33.50725,-83.77025,6331514,750184461,Unverified
USGS-02210500,"OCMULGEE RIVER NEAR JACKSON, GA",33.3126111,-83.8373611,6336550,750260241,Unverified
USGS-02211375,"CABIN CREEK AT NORTH SECOND STREET, NR GRIFFIN, GA",33.27166667,-84.23638889,6338744,750088563,Unverified
USGS-02211800,"TOWALIGA RIVER AT GA 83 NEAR JULIETTE, GA",33.115,-83.8702222,6335784,750256695,Unverified
USGS-02212600,"FALLING CREEK NEAR JULIETTE, GA",33.10030556,-83.7231667,6335902,750225319,Unverified
USGS-02212735,"OCMULGEE RIVER AT GA 18, AT DAMES FERRY, GA",33.0168611,-83.7271944,6336816,750247225,Unverified
USGS-02213000,"OCMULGEE RIVER AT MACON, GA",32.8386111,-83.6205556,6341518,750252558,Unverified
USGS-02213500,"TOBESOFKEE CREEK NEAR MACON, GA",32.80888889,-83.7583333,6340800,750228287,Unverified
USGS-02214075,"ECHECONNEE CREEK AT HOUSTON RD, NEAR BYRON, GA",32.69187778,-83.7009722,6341180,750202242,Unverified
USGS-02214590,"BIG INDIAN CREEK AT US 341, NEAR CLINCHFIELD, GA",32.42669444,-83.6443056,6363594,750209353,Unverified
USGS-02215000,"OCMULGEE RIVER AT US 341, AT HAWKINSVILLE, GA",32.283,-83.4623056,6365360,750258493,Unverified
USGS-02215100,"TUCSAWHATCHEE CREEK NEAR HAWKINSVILLE, GA",32.2401111,-83.5018333,6365072,750222382,Unverified
USGS-02215260,"OCMULGEE RIVER AT ABBEVILLE, GA",31.99666667,-83.2790278,6369124,750247252,Unverified
USGS-02215500,"OCMULGEE RIVER AT LUMBER CITY, GA",31.91991667,-82.6740556,6367034,750240743,Unverified
USGS-02215900,"LITTLE OCMULGEE RIVER AT GA 149, AT SCOTLAND, GA",32.0523611,-82.8156111,6381757,750220019,Unverified
USGS-02216180,"TURNPIKE CREEK NEAR MCRAE, GA",31.99138889,-82.9219444,6383975,750195749,Unverified
USGS-02217274,"WHEELER CREEK AT BILL CHEEK ROAD, NEAR AUBURN, GA",34.0822222,-83.8544444,1047837,750208716,Unverified
USGS-02217297,"MULBERRY CREEK NEAR WINDER, GA",34.0459722,-83.7113611,1048063,750262590,Unverified
USGS-02217475,"MIDDLE OCONEE RIVER NEAR ARCADE, GA",34.03180556,-83.5630833,1048487,750279166,Unverified
USGS-02217500,"MIDDLE OCONEE RIVER NEAR ATHENS, GA",33.94666667,-83.4227778,1049699,750295152,Unverified
USGS-02217615,"NORTH OCONEE R AT WOODBRIDGE RD, NEAR COMMERCE, GA",34.20027778,-83.5158333,1047261,750238906,Unverified
USGS-02217643,"PARKS CREEK AT LYLE FIELD RD NR JEFFERSON, GA",34.1620583,-83.5250944,1047417,750167867,Unverified
USGS-02217770,"NORTH OCONEE RIVER AT COLLEGE ST, AT ATHENS, GA",33.9697222,-83.3775833,1049653,750285680,Unverified
USGS-02218300,"OCONEE RIVER NEAR PENFIELD, GA",33.72069444,-83.2956111,1050623,750270886,Unverified
USGS-02218565,"APALACHEE RIVER AT FENCE ROAD, NEAR DACULA, GA",34.01027778,-83.8941667,1048273,750203983,Unverified
USGS-02218900,"APALACHEE RIVER AT SNOWS MILL RD, NR BISHOP, GA",33.84063889,-83.55828889,1050153,750265555,Unverified
USGS-02219000,"APALACHEE RIVER NEAR BOSTWICK, GA",33.7878611,-83.47425,1050457,750256084,Unverified
USGS-02220788,"LITTLE RIVER AT NEWBORN RD NEAR NEWBORN, GA",33.5563611,-83.6665278,1052363,750178538,Unverified
USGS-02220900,"LITTLE RIVER NEAR EATONTON, GA",33.31413889,-83.4371111,1056233,750253137,Unverified
USGS-02221525,"MURDER CREEK BELOW EATONTON, GA",33.25275,-83.4826111,1056599,750262611,Unverified
USGS-02223000,"OCONEE RIVER AT MILLEDGEVILLE, GA",33.09016667,-83.2147778,1943829,750273863,Unverified
USGS-02223056,"OCONEE RIVER AT AVANT MINE, NEAR OCONEE, GA",32.93933333,-83.0669722,1949057,750244859,Unverified
USGS-02223110,"BUFFALO CREEK AT GA 272, NEAR OCONEE, GA",32.89166667,-82.9615278,1946441,750221181,Unverified
USGS-02223190,"COMMISSIONER CREEK AT US 441, AT MCINTYRE, GA",32.84994444,-83.1930556,1947891,750202830,Unverified
USGS-02223248,"OCONEE RIVER NEAR OCONEE, GA",32.7877222,-82.9569167,1946659,750273871,Unverified
USGS-02223360,"BIG SANDY CREEK AT US 441, NEAR IRWINTON, GA",32.76652778,-83.1672778,1948129,750215264,Unverified
USGS-02223382,"OCONEE RIVER NEAR DUBLIN, GA",32.69488308,-82.9387549,,750229474,Unverified
USGS-02223500,"OCONEE RIVER AT DUBLIN, GA",32.54394444,-82.8929722,1946791,750251382,Unverified
USGS-02224500,"OCONEE RIVER NEAR MOUNT VERNON, GA",32.19091667,-82.6310278,1958701,750243104,Unverified
USGS-02224940,"ALTAMAHA RIVER AT US 221, NR CHARLOTTEVILLE, GA",31.9578611,-82.5170278,14348516,750256726,Unverified
USGS-02225000,"ALTAMAHA RIVER NEAR BAXLEY, GA",31.9395,-82.35338889,14348510,750260870,Unverified
USGS-02225270,"OHOOPEE RIVER AT GA 297, NEAR SWAINSBORO, GA",32.4406111,-82.38188889,14456419,750224153,Unverified
USGS-02225500,"OHOOPEE RIVER NEAR REIDSVILLE, GA",32.07713889,-82.1765,14456707,750225939,Unverified
USGS-02226000,"ALTAMAHA RIVER AT DOCTORTOWN, GA",31.65466667,-81.8275,14347322,750244893,Unverified
USGS-02226160,"ALTAMAHA RIVER NEAR EVERETT CITY, GA",31.4268611,-81.6051111,14353056,750229508,Unverified
USGS-02226362,"SATILLA RIVER AT GA 158, NEAR WAYCROSS, GA",31.30275,-82.5611111,6397833,750219448,Unverified
USGS-02226500,"SATILLA RIVER NEAR WAYCROSS, GA",31.23844444,-82.3228333,25253215,750225369,Unverified
USGS-02227270,"ALABAHA RIVER AT GA 203, NEAR BLACKSHEAR, GA",31.37558333,-82.28863889,25253157,750217669,Unverified
USGS-02227500,"LITTLE SATILLA RIVER NEAR OFFERMAN, GA",31.45213889,-82.0543333,9915023,750243715,Unverified
USGS-02228000,"SATILLA RIVER AT ATKINSON, GA",31.21958333,-81.8664444,6396033,750233657,Unverified
USGS-02228070,"SATILLA RIVER AT US 17, AT WOODBINE, GA",30.97488889,-81.7268611,166743365,750225968,Unverified
USGS-02231175,"ST MARYS RIVER AT FERRY LANDING NEAR FOLKSTON, GA",30.78305556,-82.0241667,18258575,750241366,Unverified
USGS-02231254,"ST MARY'S RIVER AT I-95, NEAR KINGSLAND, GA",30.74427778,-81.654,18257723,750246102,Unverified
USGS-02314500,"SUWANNEE RIVER AT US 441, AT FARGO, GA",30.68102778,-82.56013889,1997544,750226568,Unverified
USGS-02315920,"ALAPAHA RIVER AT GA 125/32 NEAR IRWINVILLE, GA",31.63108333,-83.4178333,2008684,750205231,Unverified
USGS-02316000,"ALAPAHA RIVER NEAR ALAPAHA, GA",31.38527778,-83.1935,2014298,750220037,Unverified
USGS-02317500,"ALAPAHA RIVER AT STATENVILLE, GA",30.70383333,-83.0326667,2016562,750230120,Unverified
USGS-023177483,"WITHLACOOCHEE R AT SKIPPER BRIDGE RD,NR BEMISS, GA",30.94908333,-83.2718333,,750220049,Unverified
USGS-02317755,"WITHLACOOCHEE RIVER AT US 41 NEAR VALDOSTA, GA",30.8926111,-83.3188611,,750224194,Unverified
USGS-02317797,"LITTLE RIVER AT UPPER TY TY ROAD, NEAR TIFTON, GA",31.48169444,-83.5841111,2144821,750205827,Unverified
USGS-02318000,"LITTLE RIVER NEAR ADEL, GA",31.15555556,-83.5436111,2146221,750158475,Unverified
USGS-02318380,"LITTLE RIVER AT GA 122, NEAR HAHIRA, GA",31.0004722,-83.4567778,,750214720,Unverified
USGS-02318500,"WITHLACOOCHEE RIVER AT US 84, NEAR QUITMAN, GA",30.79330556,-83.4534444,2066998,750199333,Unverified
USGS-02327355,"OCHLOCKONEE RIVER AT GA 188, NEAR COOLIDGE, GA",31.00241667,-83.9390278,2948194,750201104,Unverified
USGS-02327500,"OCHLOCKONEE RIVER NEAR THOMASVILLE, GA",30.87583333,-84.0467778,2952892,750195187,Unverified
USGS-02329342,"LITTLE ATTAPULGUS CREEK AT ATTAPULGUS, GA",30.73555556,-84.4969444,10362340,750154935,Unverified
USGS-02330450,"CHATTAHOOCHEE RIVER AT HELEN, GA",34.7009722,-83.72925,2040783,750163708,Unverified
USGS-02331000,"CHATTAHOOCHEE RIVER NEAR LEAF, GA",34.5770833,-83.6360278,2041579,750195087,Unverified
USGS-023312495,"SOQUE RIVER AT GA 197, NEAR CLARKESVILLE, GA",34.6186111,-83.52888889,,750206334,Unverified
USGS-02331600,"CHATTAHOOCHEE RIVER NEAR CORNELIA, GA",34.5407222,-83.622775,2042071,750218176,Unverified
USGS-02333500,"CHESTATEE RIVER NEAR DAHLONEGA, GA",34.52827778,-83.9402222,2041805,750222321,Unverified
USGS-02334430,"CHATTAHOOCHEE RIVER AT BUFORD DAM, NEAR BUFORD, GA",34.15666667,-84.0784167,2045337,750266730,Unverified
USGS-02334480,"RICHLAND CREEK AT SUWANEE DAM ROAD, NEAR BUFORD,GA",34.1325,-84.07,2044673,,Unverified
USGS-02334578,"LEVEL CREEK AT SUWANEE DAM ROAD, NEAR SUWANEE, GA",34.09638889,-84.0780556,2044799,750069596,Unverified
USGS-02334620,"DICK CREEK AT OLD ATLANTA RD, NEAR SUWANEE, GA",34.07163889,-84.1304167,2044851,,Unverified
USGS-02334653,CHATTAHOOCHEE R 0.76 MI US MCGINNIS FY SUWANEE GA,34.0567222,-84.1083333,2045427,750279165,Unverified
USGS-02334885,"SUWANEE CREEK AT SUWANEE, GA",34.0325,-84.08888889,2044955,750254894,Unverified
USGS-02335000,"CHATTAHOOCHEE RIVER NEAR NORCROSS, GA",33.9972222,-84.2019444,2048087,750308175,Unverified
USGS-02335350,"CROOKED CREEK NEAR NORCROSS, GA",33.965,-84.2647222,2048057,750089136,Unverified
USGS-02335450,"CHATTAHOOCHEE RIVER ABOVE ROSWELL, GA",33.98580556,-84.3156944,2048135,750306400,Unverified
USGS-02335580,"BIG CREEK AT GA 9, NEAR CUMMING, GA",34.15591667,-84.2187222,2044625,750199243,Unverified
USGS-02335700,"BIG CREEK NEAR ALPHARETTA, GA",34.05055556,-84.2694444,2044921,750210493,Unverified
USGS-02335757,"BIG CREEK BELOW HOG WALLOW CREEK AT ROSWELL, GA",34.0175,-84.3533333,2045061,750275023,Unverified
USGS-02335790,"WILLEO CREEK AT GA 120, NEAR ROSWELL, GA",34.00266667,-84.3941667,2045079,750202207,Unverified
USGS-02335815,"CHATTAHOOCHEE RIVER BELOW MORGAN FALLS DAM, GA",33.96775,-84.3836667,2048157,750306992,Unverified
USGS-023358685,"SEWELL MILL CREEK AT GA 120, NEAR MARIETTA, GA",33.97902778,-84.4520278,,750201615,Unverified
USGS-02335870,"SOPE CREEK NEAR MARIETTA, GA",33.95388889,-84.4433333,2047815,750238912,Unverified
USGS-02335880,"CHATT R AT POWERS FY AND I-285 NR ATLANTA, GA",33.9019722,-84.4430278,2048193,750295745,Unverified
USGS-02335910,"ROTTENWOOD CR AT INTERSTATE N PKWY, NR SMYRNA, GA",33.89402778,-84.45788889,2048069,750188002,Unverified
USGS-02336000,"CHATTAHOOCHEE RIVER AT ATLANTA, GA",33.85916667,-84.4544444,2048241,750288643,Unverified
USGS-02336030,"N.F. PEACHTREE CREEK AT GRAVES RD, NR DORAVILLE,GA",33.9058333,-84.225,2047869,,Unverified
USGS-02336106,"N FK PEACHTREE CR AT BRIARWOOD RD, NR ATLANTA, GA",33.84166667,-84.3219444,2047951,750249571,Unverified
USGS-02336120,"N.F. PEACHTREE CREEK, BUFORD HWY, NEAR ATLANTA, GA",33.83155556,-84.3427778,2047971,750249571,Unverified
USGS-02336152,"SOUTH FORK PEACHTREE AT CASA DR, NR CLARKSTON, GA",33.81044444,-84.2479722,2048083,750062500,Unverified
USGS-023362095,"BURNT FORK CR AT MILLWOOD WAY NEAR CLARKSTON, GA",33.82138889,-84.2747222,,,Unverified
USGS-02336240,"S.F. PEACHTREE CREEK JOHNSON RD, NEAR ATLANTA, GA",33.8030833,-84.3406944,2048013,750172612,Unverified
USGS-02336300,"PEACHTREE CREEK AT ATLANTA, GA",33.82030556,-84.40763889,2047989,750234772,Unverified
USGS-02336313,"WOODALL CREEK AT DEFOORS FERRY RD, AT ATLANTA, GA",33.82163889,-84.43863889,2048017,750234772,Unverified
USGS-02336340,"NANCY CREEK AT JOHNSON FERRY RD, AT CHAMBLEE, GA",33.89775,-84.34525,2047893,750166098,Unverified
USGS-02336360,"NANCY CREEK AT RICKENBACKER DRIVE, AT ATLANTA, GA",33.86916667,-84.37888889,2047911,750175570,Unverified
USGS-02336410,"NANCY CREEK AT WEST WESLEY ROAD, AT ATLANTA, GA",33.8382222,-84.4392778,2047963,750201027,Unverified
USGS-02336490,"CHATTAHOOCHEE RIVER AT GA 280, NEAR ATLANTA, GA",33.81741667,-84.4803333,3286344,750276212,Unverified
USGS-02336517,"PROCTOR CREEK AT HORTENSE WAY, AT ATLANTA, GA",33.7759722,-84.4406111,3285704,,Unverified
USGS-02336526,"PROCTOR CREEK AT JACKSON PARKWAY, AT ATLANTA, GA",33.7944722,-84.4741944,3285608,750217013,Unverified
USGS-02336635,"NICKAJACK CREEK AT US 78/278, NEAR MABLETON, GA",33.8033333,-84.52138889,3285604,750179716,Unverified
USGS-02336728,"UTOY CREEK AT GREAT SOUTHWEST PKWY NR ATLANTA, GA",33.74352778,-84.5681667,3285770,750205766,Unverified
USGS-02336840,"SWEETWATER CREEK,BROWNSVILLE RD,POWDER SPRINGS,GA",33.8272222,-84.7198611,3285576,750215827,Unverified
USGS-02336870,"POWDER SPRINGS CREEK NEAR POWDER SPRINGS, GA",33.85916667,-84.6883611,3285566,750200435,Unverified
USGS-02336910,"SWEETWATER CR 0.05 MI US RR BRIDGE AT AUSTELL, GA",33.81777778,-84.65,3285574,750215236,Unverified
USGS-02336968,"NOSES CREEK AT POWDER SPRINGS RD,POWDER SPRINGS,GA",33.85925,-84.65275,3285562,750208131,Unverified
USGS-02336986,"OLLEY CREEK AT CLAY ROAD, NEAR AUSTELL, GA",33.83616667,-84.6314444,3285556,,Unverified
USGS-02337000,"SWEETWATER CREEK NEAR AUSTELL, GA",33.77677778,-84.6155,3286256,750253125,Unverified
USGS-02337040,"SWEETWATER CREEK BELOW AUSTELL, GA",33.72105556,-84.6149167,3285802,750258454,Unverified
USGS-02337170,"CHATTAHOOCHEE RIVER NEAR FAIRBURN, GA",33.65666667,-84.6736111,3286494,750280360,Unverified
USGS-02337410,"DOG RIVER AT GA 5, NEAR FAIRPLAY, GA",33.65380556,-84.8210278,3285980,750188008,Unverified
USGS-02337498,"SNAKE CRK DS SNAKE CRK RESERVIOR NR WHITESBURG, GA",33.52638889,-84.9367222,3286312,750179724,Unverified
USGS-02337500,"SNAKE CREEK NEAR WHITESBURG, GA",33.52930556,-84.9287222,3286312,750179724,Unverified
USGS-02338000,"CHATTAHOOCHEE RIVER NEAR WHITESBURG, GA",33.47652778,-84.9011944,3290264,750262013,Unverified
USGS-02338500,"CHATTAHOOCHEE RIVER AT GA 100, AT FRANKLIN, GA",33.2779722,-85.1009167,3291986,750293394,Unverified
USGS-02338523,"HILLABAHATCHEE CREEK AT THAXTON RD, NR FRANKLIN,GA",33.3407222,-85.2267222,3291248,750154865,Unverified
USGS-02338660,"NEW RIVER AT GA 100, NEAR CORINTH, GA",33.2357222,-84.9875556,3289348,750227683,Unverified
USGS-02338840,"YELLOWJACKET CREEK-HAMMETT RD, BLW HOGANSVILLE, GA",33.13980556,-84.97538889,3289600,750219990,Unverified
USGS-02339500,"CHATTAHOOCHEE RIVER AT WEST POINT, GA",32.88663889,-85.1815833,3298592,750247229,Unverified
USGS-02341460,"CHATTAHOOCHEE RIVER AT 14TH ST, AT COLUMBUS, GA",32.47277778,-84.9966667,3434274,750235399,Unverified
USGS-02341800,"UPATOI CREEK NEAR COLUMBUS, GA",32.413,-84.82,3432234,750233034,Unverified
USGS-02342850,"HANNAHATCHEE CREEK AT UNION ROAD, AT UNION, GA",32.1527222,-84.9059167,3433426,750197521,Unverified
USGS-02342881,"CHATTAHOOCHEE RIVER AT SPUR 39, NEAR OMAHA, GA",32.14066667,-85.04938889,3438596,750246656,Unverified
USGS-02343225,"PATAULA CREEK NEAR GEORGETOWN, GA",31.8182222,-84.97388889,3440880,750250810,Unverified
USGS-02343805,"CHATTAHOOCHEE RIVER AT MILE 46 NEAR COLUMBIA, ALA",31.24908333,-85.1066111,,750242537,Unverified
USGS-02343940,"SAWHATCHEE CREEK AT CEDAR SPRINGS, GA",31.18083333,-85.0436111,2310001,750208794,Unverified
USGS-02344143,"FLINT RIVER AT GA 85, NEAR FOREST PARK, GA",33.6054722,-84.4045,6411710,750174394,Unverified
USGS-02344350,"FLINT RIVER NEAR LOVEJOY, GA",33.41555556,-84.3847222,6415468,750247807,Unverified
USGS-02344396,"FLINT RIVER AT WOOLSEY ROAD, NEAR WOOLSEY, GA",33.3597222,-84.3944444,6415518,750248399,Unverified
USGS-02344424,"LAKE HORTON TAILRACE NEAR FAYETTEVILLE, GA",33.3186111,-84.4186111,6413630,750158417,Unverified
USGS-02344478,"SHOAL CREEK AT SHOAL CREEK ROAD, NEAR GRIFFIN, GA",33.2568611,-84.3627222,6413892,750201043,Unverified
USGS-02344500,"FLINT RIVER NEAR GRIFFIN, GA",33.24416667,-84.4291667,6415592,750260835,Unverified
USGS-02344605,"LINE CREEK BELOW GA 54, NEAR PEACHTREE CITY, GA",33.39555556,-84.6069444,6415488,750235375,Unverified
USGS-02344620,"SHOAL CREEK AT GA54, NEAR SHARPSBURG, GA",33.38916667,-84.6247222,6413164,750212287,Unverified
USGS-02344630,"LINE CREEK BLW LAKE MCINTOSH, NR PEACHTREE CITY,GA",33.35727778,-84.5826111,6415508,750234192,Unverified
USGS-02344655,"FLAT CR DS OF LAKE KEDRON, NR PEACHTREE CITY, GA",33.42166667,-84.5783333,6413022,750172030,Unverified
USGS-02344673,"FLAT CREEK DS OF LAKE AT PEACHTREE CITY, GA",33.38316667,-84.5727222,6415484,750203999,Unverified
USGS-02344700,"LINE CREEK NEAR SENOIA, GA",33.31916667,-84.5222222,6415544,750241889,Unverified
USGS-02344872,"FLINT RIVER BELOW BIG BRANCH, NEAR MOLENA, GA",33.04769444,-84.52663889,6415040,750252552,Unverified
USGS-02346180,"FLINT RIVER NEAR THOMASTON, GA",32.8385,-84.42425,6421210,750254335,Unverified
USGS-02346310,"POTATO CREEK AT COUNTY LINE RD, NR ORCHARD HILL,GA",33.18741667,-84.22663889,6415628,750082644,Unverified
USGS-02347500,"FLINT RIVER AT US 19, NEAR CARSONVILLE, GA",32.72219444,-84.2324167,6429916,750252561,Unverified
USGS-02349605,"FLINT RIVER AT GA 26, NEAR MONTEZUMA, GA",32.29305556,-84.0436111,6444276,750153115,Unverified
USGS-02349900,"TURKEY CREEK AT BYROMVILLE, GA",32.19555556,-83.9022222,6442680,750205216,Unverified
USGS-02350512,"FLINT RIVER AT GA 32, NEAR OAKFIELD, GA",31.725,-84.0186111,6447636,750221212,Unverified
USGS-02350600,"KINCHAFOONEE CREEK AT PRESTON, GA",32.0525,-84.5483333,6458195,750217651,Unverified
USGS-02350900,"KINCHAFOONEE CREEK AT PINEWOOD ROAD, NR DAWSON, GA",31.76458333,-84.2531111,6460293,750258506,Unverified
USGS-02351500,"MUCKALEE CREEK NEAR AMERICUS, GA",32.0836111,-84.2588056,6457483,750195155,Unverified
USGS-02351890,"MUCKALEE CREEK AT GA 195, NEAR LEESBURG, GA",31.77627778,-84.1390833,6460241,750256139,Unverified
USGS-02352500,"FLINT RIVER AT ALBANY, GA",31.59416667,-84.1441667,933130036,750252000,Unverified
USGS-02353000,"FLINT RIVER AT NEWTON, GA",31.30694444,-84.33888889,3424530,750232471,Unverified
USGS-02353265,"ICHAWAYNOCHAWAY CREEK AT GA 37, NEAR MORGAN, GA",31.52694444,-84.5827778,25727371,750219441,Unverified
USGS-02353400,"PACHITLA CREEK NEAR EDISON, GA",31.55513889,-84.6807778,6470130,750218848,Unverified
USGS-02353500,"ICHAWAYNOCHAWAY CREEK AT MILFORD, GA",31.38277778,-84.54638889,6471976,750218853,Unverified
USGS-02354350,"CHICKASAWHATCHEE CREEK NEAR ALBANY, GA",31.59358333,-84.4530278,25727251,,Unverified
USGS-02354475,"SPRING CREEK NEAR LEARY, GA",31.46555556,-84.4494444,6471704,,Unverified
USGS-02354500,"CHICKASAWHATCHEE CREEK AT ELMODEL, GA",31.35055556,-84.4825,6471974,750204646,Unverified
USGS-02354800,"ICHAWAYNOCHAWAY CREEK NEAR ELMODEL, GA",31.29366667,-84.4885556,6471984,750211159,Unverified
USGS-02355350,"ICHAWAYNOCHAWAY CREEK BELOW NEWTON, GA",31.21680556,-84.4701667,6471862,750228330,Unverified
USGS-02355662,"FLINT RIVER AT RIVERVIEW PLANTATION, NR HOPEFUL,GA",31.14055556,-84.4809722,3424532,750240763,Unverified
USGS-02356000,"FLINT RIVER AT BAINBRIDGE, GA",30.91030556,-84.5805,3425836,750239586,Unverified
USGS-02356638,"SPRING CREEK APPROX .25 MI US US27 NR COLQUITT, GA",31.17329694,-84.7444408,3516824,750214715,Unverified
USGS-02357000,"SPRING CREEK NEAR IRON CITY, GA",31.04008333,-84.7393056,3516630,750232478,Unverified
USGS-02357150,"SPRING CREEK NEAR REYNOLDSVILLE, GA",30.903,-84.7495,3517826,750227154,Unverified
USGS-02379500,"CARTECAY RIVER NEAR ELLIJAY, GA",34.68413889,-84.4588056,6478057,750199821,Unverified
USGS-02380500,"COOSAWATTEE RIVER NEAR ELLIJAY, GA",34.6758611,-84.5068333,6479383,750210477,Unverified
USGS-02381090,"MOUNTAINTOWN CREEK AT GA 282, NEAR ELLIJAY, GA",34.70338889,-84.5395278,6477993,750174956,Unverified
USGS-02381600,"FAUSETT CREEK NEAR TALKING ROCK, GA",34.57044444,-84.46888889,6478767,750027552,Unverified
USGS-02382200,"TALKING ROCK CREEK NEAR HINTON, GA",34.52325,-84.6110278,6479445,750221137,Unverified
USGS-02382500,"COOSAWATTEE RIVER AT CARTERS, GA",34.60380556,-84.6957778,6478589,750221135,Unverified
USGS-02383500,"COOSAWATTEE RIVER NEAR PINE CHAPEL, GA",34.56416667,-84.8330556,6478921,750222320,Unverified
USGS-02384500,"CONASAUGA RIVER AT GA 286, NEAR ETON, GA",34.8275,-84.8509722,12193538,750192712,Unverified
USGS-02384540,"MILL CREEK NEAR CRANDALL, GA",34.87194444,-84.7212778,12193270,750006231,Unverified
USGS-02385170,"COAHULLA CREEK AT KEITHS MILL ROAD, NEAR DALTON,GA",34.7433333,-84.8805278,12193830,750213434,Unverified
USGS-02385500,"MILL CREEK AT DALTON, GA",34.78844444,-84.9750278,12193674,750201001,Unverified
USGS-02385800,"HOLLY CREEK NEAR CHATSWORTH, GA",34.71675,-84.77025,12193956,750173772,Unverified
USGS-02387000,"CONASAUGA RIVER AT TILTON, GA",34.66691667,-84.9279167,12194190,750225277,Unverified
USGS-02387500,"OOSTANAULA RIVER AT RESACA, GA",34.5775,-84.9419167,6486392,750227648,Unverified
USGS-02387600,"OOTHKALOOGA CREEK AT GA 53 SPUR, AT CALHOUN, GA",34.4948611,-84.9654167,6487858,750211666,Unverified
USGS-02388320,"HEATH CREEK NEAR ARMUCHEE, GA",34.37166667,-85.26388889,6489304,750152469,Unverified
USGS-02388350,"ARMUCHEE CREEK AT OLD DALTON ROAD, NEAR ROME, GA",34.3608333,-85.1401667,6489404,750222325,Unverified
USGS-02388500,"OOSTANAULA RIVER NEAR ROME, GA",34.2989722,-85.138,6489904,750270871,Unverified
USGS-02388975,"ETOWAH RIVER AT GA 136, NEAR LANDDRUM, GA",34.4090833,-84.0198056,6495832,750196275,Unverified
USGS-02389050,"ETOWAH RIVER 0.2 MI DS GA 53, NR DAWSONVILLE, GA",34.37944444,-84.0647222,6496042,750209301,Unverified
USGS-02389150,"ETOWAH RIVER AT GA 9, NEAR DAWSONVILLE, GA",34.3575833,-84.1135833,6496178,750211077,Unverified
USGS-02390000,"AMICALOLA CREEK NEAR DAWSONVILLE, GA.",34.42627778,-84.2125278,6495864,750215220,Unverified
USGS-02390050,"ETOWAH RIVER AT KELLY BRIDGE ROAD, NEAR MATT, GA",34.35255556,-84.2062222,6496222,750217589,Unverified
USGS-02390140,"SETTINGDOWN CREEK NEAR BALL GROUND, GA",34.29316667,-84.2635556,6496726,750198647,Unverified
USGS-02391540,"SHARP MTN CREEK AT OLD GA 5, BELOW BALL GROUND, GA",34.31088889,-84.4034722,6496580,750215814,Unverified
USGS-02391840,"HICKORY LOG CREEK NEAR CANTON, GA",34.26505556,-84.4735,6497138,,Unverified
USGS-02391860,"ETOWAH RIVER DOWNSTREAM OF I-575, AT CANTON, GA",34.2508333,-84.4691667,6498590,750260808,Unverified
USGS-02392000,"ETOWAH RIVER AT CANTON, GA",34.24019444,-84.4945278,6498632,750260808,Unverified
USGS-02392360,"SHOAL CREEK AT GA 108, NEAR WALESKA, GA",34.2633333,-84.5954444,6497104,750209304,Unverified
USGS-02392780,"LITTLE RIVER AT GA 5, NEAR WOODSTOCK, GA",34.1225,-84.5045833,6497814,750247196,Unverified
USGS-02392920,"NOONDAY CR US CHASTAIN MEADOWS PKWY, MARIETTA, GA",34.0218611,-84.5529444,6498280,750196878,Unverified
USGS-02392950,"NOONDAY CREEK AT HAWKINS STORE RD, NR WOODSTOCK,GA",34.0565833,-84.5362778,6498178,750198654,Unverified
USGS-02392975,"NOONDAY CREEK AT SHALLOWFORD ROAD, NR WOODSTOCK,GA",34.0683333,-84.5355556,6498060,750193325,Unverified
USGS-02393377,"BUTLER CREEK AT MACK DOBBS ROAD, NR KENNESAW, GA",34.01730556,-84.6431111,6498314,750231214,Unverified
USGS-02393419,"ALLATOONA CREEK AT STILESBORO RD, NEAR ACWORTH, GA",33.99527778,-84.6930556,6500642,750221743,Unverified
USGS-02394000,"ETOWAH RIVER AT ALLATOONA DAM, ABV CARTERSVILLE,GA",34.1629722,-84.7410833,6499252,750285675,Unverified
USGS-02394670,"ETOWAH RIVER AT GA 61, NEAR CARTERSVILLE, GA",34.1427222,-84.839,6499076,750289819,Unverified
USGS-02394682,"RICHLAND CREEK AT OLD DALLAS RD, NEAR DALLAS, GA",34.0789722,-84.8544444,6498058,,Unverified
USGS-02394820,"EUHARLEE CREEK AT US 278, AT ROCKMART, GA",33.9974722,-85.0536944,6501484,750234767,Unverified
USGS-02395000,"ETOWAH RIVER NEAR KINGSTON,GA",34.20930556,-84.97875,6498944,750290409,Unverified
USGS-02395120,"TWO RUN CREEK NEAR KINGSTON, GA",34.24277778,-84.8897222,6498620,750170232,Unverified
USGS-02395980,"ETOWAH RIVER AT GA 1 LOOP, NEAR ROME, GA",34.2321111,-85.1169444,6505962,750295145,Unverified
USGS-02397000,"COOSA RIVER MAYO'S BAR NEAR ROME, GA",34.2005,-85.2564167,15823339,750277386,Unverified
USGS-02397410,"CEDAR CREEK AT GA AVE, AT CEDARTOWN, GA",33.99694444,-85.2660556,,750231807,Unverified
USGS-02397500,"CEDAR CREEK NEAR CEDARTOWN, GA",34.06019444,-85.3135556,15823139,750229438,Unverified
USGS-02398000,"CHATTOOGA RIVER AT SUMMERVILLE, GA",34.46780556,-85.3348333,15822875,750228242,Unverified
USGS-02398037,"CHATTOOGA RIVER AT CHATTOOGAVILLE, GA",34.3356461,-85.44523639,,750240086,Unverified
USGS-02411930,"TALLAPOOSA RIVER AT US 78, NEAR TALLAPOOSA, GA",33.74138889,-85.33613889,15810649,750251942,Unverified
USGS-02413000,"LITTLE TALLAPOOSA RIVER AT US 27, AT CARROLLTON,GA",33.59680556,-85.0794167,15809979,750230042,Unverified
USGS-02413205,"LITTLE TALLAPOOSA R AT REAVESVILLE RD NR BOWDON,GA",33.5008333,-85.2525,15810467,750225309,Unverified
USGS-02413210,"LITTLE TALLAPOOSA R AT GA 100, NEAR BOWDON, GA",33.49269444,-85.2793056,15811451,750231821,Unverified
USGS-02413215,"INDIAN CREEK UPSTREAM OF TEAGUE RD, NR BOWDON, GA",33.61277778,-85.2844444,15809937,,Unverified
USGS-03544970,"HIWASSEE RIVER AT RIVERSIDE DR, NR HIAWASSEE, GA",34.8836111,-83.7223056,19679561,760438837,Unverified
USGS-03550500,"NOTTELY RIVER NEAR BLAIRSVILLE, GA",34.84194444,-83.9358333,19679979,760452152,Unverified
USGS-03558000,"TOCCOA RIVER NEAR DIAL, GA",34.79,-84.24,19669291,760513725,Unverified
USGS-03566700,"SOUTH CHICKAMAUGA CREEK AT RINGGOLD, GA",34.91894444,-85.1257222,19697775,760482098,Unverified
USGS-03567340,"WEST CHICKAMAUGA CR AT GA 146, NEAR LAKEVIEW, GA",34.95755556,-85.2052778,19697599,760527025,Unverified
USGS-03568400,"CHATTANOOGA CREEK AT GA193, NEAR FLINTSTONE, GA",34.95738889,-85.3347222,19697495,760445487,Unverified
USGS-03568933,"LOOKOUT CREEK NEAR NEW ENGLAND, GA",34.8968611,-85.4635278,19697927,760515379,Unverified
USGS-10039500,"BEAR RIVER AT BORDER, WY",42.21104338,-111.0538022,7898927,710444523,Unverified
USGS-10068500,BEAR RIVER AT PESCADERO ID,42.4015929,-111.356875,4472049,710406817,Unverified
USGS-10075000,BEAR RIVER AT SODA SPRINGS ID,42.61379777,-111.5835813,,710337366,Unverified
USGS-10079500,BEAR RIVER AT ALEXANDER ID,42.6449078,-111.6983074,,710275860,Unverified
USGS-10086500,BEAR RIVER BL UPL TAILRACE AT ONEIDA ID,42.26657737,-111.7519153,,710482214,Unverified
USGS-10092700,BEAR RIVER AT IDAHO-UTAH STATE LINE,42.0129808,-111.92134,4560060,710579444,Unverified
USGS-10125500,MALAD RIVER AT WOODRUFF ID,42.0297222,-112.2295833,4602994,710519923,Unverified
USGS-12305000,"KOOTENAI RIVER AT LEONIA, ID",48.6168833,-116.0491944,22904899,720161897,Unverified
USGS-12306500,MOYIE RIVER AT EASTPORT ID,48.99916667,-116.1797222,22910585,720175742,Unverified
USGS-12308000,KOOTENAI RIVER BEL MOYIE RIVER NR BONNERS FERRY ID,48.6993,-116.1962389,22904823,720163870,Unverified
USGS-12310100,KOOTENAI RIVER  TRIBAL HATCHERY NR BONNERS FERRY,48.70527778,-116.3697222,,720155935,Unverified
USGS-12321500,BOUNDARY CREEK NR PORTHILL ID,48.9972222,-116.5691667,22904453,720144001,Unverified
USGS-12322000,KOOTENAI RIVER AT PORTHILL ID,48.99638889,-116.5075,22904467,720165827,Unverified
USGS-12391950,CLARK FORK RIVER BELOW CABINET GORGE DAM ID,48.08805556,-116.0727778,22975980,720173856,Unverified
USGS-12392155,LIGHTNING CREEK AT CLARK FORK ID,48.15166667,-116.1816667,22977134,720146072,Unverified
USGS-12392300,PACK RIVER NR COLBURN ID,48.42,-116.5019444,24114491,720153981,Unverified
USGS-12393501,"PRIEST R OUTFLOW NR COOLIN, ID",48.4880333,-116.9085833,22988681,720179766,Unverified
USGS-12395000,"Priest River near Priest River, ID",48.20852,-116.9146429,22988591,720171858,Unverified
USGS-12395500,PEND OREILLE RIVER AT NEWPORT WA,48.1822222,-117.0341667,22995167,720181782,Unverified
USGS-12411000,NF COEUR D ALENE R AB SHOSHONE CK NR PRICHARD ID,47.7061111,-115.9791667,24373072,720217544,Unverified
USGS-12413000,NF COEUR D ALENE RIVER AT ENAVILLE ID,47.5722,-116.2528,24372850,720191765,Unverified
USGS-12413040,SF COEUR D ALENE R ABV DEADMAN GULCH NR MULLAN ID,47.4732641,-115.766547,,720138210,Unverified
USGS-12413125,"CANYON CREEK AB MOUTH AT WALLACE, ID",47.4725,-115.9147222,23002228,720160033,Unverified
USGS-12413130,"NINEMILE CREEK AB MOUTH AT WALLACE, ID",47.4749,-115.9227,23002252,720142173,Unverified
USGS-12413131,SF COEUR D ALENE R ABV PLACER CR AT WALLACE ID,47.47518056,-115.9284444,23002182,720165985,Unverified
USGS-12413210,SF COEUR D ALENE AT ELIZABETH PARK NR KELLOGG ID,47.53138889,-116.0925,23002128,720175899,Unverified
USGS-12413355,SF COEUR D ALENE RIVER ABV PINE CR NR PINEHURST ID,47.5483333,-116.2197222,23002110,720163993,Unverified
USGS-12413445,PINE CREEK BELOW AMY GULCH NEAR PINEHURST ID,47.5081222,-116.2418,,720181855,Unverified
USGS-12413470,"SF Coeur D Alene River nr Pinehurst, ID",47.5513111,-116.2362917,23002030,720165977,Unverified
USGS-12413500,COEUR D ALENE RIVER NR CATALDO ID,47.5548222,-116.3246222,24379309,720197720,Unverified
USGS-12413860,COEUR D ALENE RIVER NR HARRISON ID,47.4786111,-116.7330556,24379201,720197728,Unverified
USGS-12413875,"St Joe River at Red Ives Ranger Station, ID",47.05602858,-115.3532001,23004793,720217613,Unverified
USGS-12414500,"ST JOE RIVER AT CALDER, ID",47.2744444,-116.1888889,23004329,720199735,Unverified
USGS-12414900,"ST MARIES RIVER NR SANTA, ID",47.1761111,-116.4933333,23003993,720241409,Unverified
USGS-12415135,ST JOE RIVER AT RAMSDELL NR ST MARIES ID,47.3522222,-116.6755556,23003843,720187822,Unverified
USGS-12417650,SPOKANE RIVER BLW BLACKWELL NR COEUR D ALENE ID,47.6947222,-116.8152778,23015070,720163980,Unverified
USGS-12419000,"Spokane River near Post Falls, ID",47.70295737,-116.9779747,23015048,720231432,Unverified
USGS-13032500,SNAKE RIVER NR IRWIN ID,43.3508333,-111.2188889,24438932,720198165,Unverified
USGS-13037500,SNAKE RIVER NR HEISE ID,43.6125,-111.66,24451737,720249721,Unverified
USGS-13038000,DRY BED NR RIRIE ID,43.63888889,-111.716111,24451683,,Unverified
USGS-13038500,SNAKE RIVER AT LORENZO ID,43.73527778,-111.8780556,24451635,720206066,Unverified
USGS-13039500,HENRYS FORK NR LAKE ID,44.5944444,-111.3497222,24460202,720168270,Unverified
USGS-13042500,HENRYS FORK NR ISLAND PARK ID,44.41666667,-111.3947222,24460018,720269475,Unverified
USGS-13046000,HENRYS FORK NR ASHTON ID,44.0697222,-111.5105556,23141671,720287365,Unverified
USGS-13046995,FALL RIVER AB YELLOWSTONE CANAL NR SQUIRREL ID,44.06194444,-111.1519444,23141953,720215945,Unverified
USGS-13047500,FALL RIVER NR SQUIRREL ID,44.0686111,-111.2413889,23141935,720215945,Unverified
USGS-13047600,FALL RIVER NR ASHTON ID,44.0561111,-111.358611,23141919,720223881,Unverified
USGS-13049500,FALL RIVER NR CHESTER ID,44.0183333,-111.5666667,23141743,720239760,Unverified
USGS-13050500,HENRYS FORK AT ST ANTHONY ID,43.96694444,-111.6725,23141633,720235790,Unverified
USGS-13052200,TETON RIVER AB SOUTH LEIGH CREEK NR DRIGGS ID,43.78194444,-111.2091667,24470594,720223911,Unverified
USGS-13055000,TETON RIVER NR ST ANTHONY ID,43.9272222,-111.6138889,24469174,720259607,Unverified
USGS-13055250,NF TETON RIVER NR SUGAR CITY ID,43.8875,-111.7577778,24469038,720215963,Unverified
USGS-13055340,SF TETON RIVER NEAR REXBURG ID,43.835,-111.7777778,24471640,720231840,Unverified
USGS-13056500,HENRYS FORK NR REXBURG ID,43.8258333,-111.905,23141419,720283426,Unverified
USGS-13057000,SNAKE RIVER NR MENAN ID,43.75277778,-111.9791667,,720251690,Unverified
USGS-13057132,GREAT WESTERN SPILLBACK NR IDAHO FALLS ID,43.6008333,-112.0619444,24451447,720259642,Unverified
USGS-13057155,SNAKE RIVER AB EAGLE ROCK NR IDAHO FALLS ID,43.6047222,-112.058611,24451447,720251705,Unverified
USGS-13057300,"GRAYS LAKE DIV TO BLACKFOOT R BASIN NR WAYAN, ID",43.00555556,-111.493611,24480725,720164473,Unverified
USGS-13057940,WILLOW CREEK BL TEX CREEK NR RIRIE ID,43.44194444,-111.7283333,23148424,720227915,Unverified
USGS-13058000,WILLOW CREEK NR RIRIE ID,43.5833333,-111.746111,23148386,720223937,Unverified
USGS-13058510,SAND CREEK NEAR UCON ID,43.57416667,-111.895,24452801,720225915,Unverified
USGS-13058520,WILLOW CREEK FLOODWAY CHANNEL NR UCON ID,43.57638889,-111.9130556,24452801,,Unverified
USGS-13058529,WILLOW CR FLOODWAY CHANNEL AT MOUTH NR ID FALLS ID,43.5747222,-112.0480556,24451447,720182269,Unverified
USGS-13058530,WILLOW CREEK BLW FLOODWAY CHANNEL NR UCON ID,43.5758333,-111.9119444,24452801,,Unverified
USGS-13060000,SNAKE RIVER NR SHELLEY ID,43.41305556,-112.135,24558141,720212046,Unverified
USGS-13062500,SNAKE RIVER AT BLACKFOOT ID,43.1975,-112.3691667,24558339,720200164,Unverified
USGS-13063000,BLACKFOOT RIVER AB RESERVOIR NR HENRY ID,42.81527778,-111.5066667,24479245,720148621,Unverified
USGS-13066000,BLACKFOOT RIVER NR SHELLEY ID,43.26277778,-112.0477778,24478945,720200158,Unverified
USGS-13068300,BLACKFOOT RIVER BELOW NORTH CANAL AT BLACKFOOT ID,43.1683333,-112.3347222,24478903,720231912,Unverified
USGS-13068495,BLACKFOOT RIVER BYPASS NR BLACKFOOT ID,43.1708333,-112.3877778,24478897,720233896,Unverified
USGS-13068500,BLACKFOOT RIVER NR BLACKFOOT ID,43.13055556,-112.4766667,24478889,720204138,Unverified
USGS-13068501,BLACKFOOT RIVER AND BYPASS CHANNEL NR BLACKFOOT ID,43.13047008,-112.4772036,24478889,720204138,Unverified
USGS-13069500,SNAKE RIVER NR BLACKFOOT ID,43.12527778,-112.5188889,24558135,720216044,Unverified
USGS-13071010,"Portneuf R. abv Toponce Rd, nr Chesterfield, Id",42.8697472,-111.934211,23156160,720146628,Unverified
USGS-13072400,PORTNEUF RIVER AT PEBBLE ID,42.7435361,-112.001636,23156134,720148625,Unverified
USGS-13073000,PORTNEUF RIVER AT TOPAZ ID,42.6247222,-112.0880556,23156080,720212129,Unverified
USGS-13074400,"Portneuf R. at Inkom, ID",42.7918333,-112.2520694,23155900,720190288,Unverified
USGS-13074810,MARSH CREEK AB HAWKINS CREEK NR VIRGINIA ID,42.5053333,-112.1924389,23156010,720128816,Unverified
USGS-13075000,MARSH CREEK NR MCCAMMON ID,42.63,-112.2255556,23155932,720200225,Unverified
USGS-13075500,PORTNEUF RIVER AT POCATELLO ID,42.87166667,-112.4680556,23155842,720190281,Unverified
USGS-13075910,PORTNEUF RIVER NR TYHEE ID,42.9447222,-112.5444444,23155834,720192257,Unverified
USGS-13075983,SPRING CREEK AT SHEEPSKIN RD NR FORT HALL ID,43.0425,-112.55,24558407,720140656,Unverified
USGS-13077000,SNAKE RIVER AT NEELEY ID,42.7675,-112.8794444,23163005,720162513,Unverified
USGS-13078000,RAFT RIVER AB ONEMILE CREEK NR MALTA ID,42.0636111,-113.4513889,23174319,720097117,Unverified
USGS-13079300,"CASSIA CREEK BELOW BLACKSMITH CK, ID",42.27766944,-113.4963417,23174141,720097094,Unverified
USGS-13081500,SNAKE R NR MINIDOKA ID AT HOWELLS FERRY,42.67277778,-113.5002778,23162805,720188316,Unverified
USGS-13082500,GOOSE CREEK AB TRAPPER CREEK NR OAKLEY ID,42.1261111,-113.9355556,23184823,720116950,Unverified
USGS-13087505,LOWER MILNER POWER PLANT AT MILNER ID,42.52463396,-114.0303054,,720194284,Unverified
USGS-13087995,SNAKE RIVER GAGING STATION AT MILNER ID,42.52805556,-114.0183333,24491294,720192300,Unverified
USGS-13088000,SNAKE RIVER AT MILNER ID  TOTAL FLOW,42.52796709,-114.0186386,,720192300,Unverified
USGS-13089500,DEVILS WASHBOWL SPRING NR KIMBERLY 10S 18E 04AAD1S,42.5897222,-114.3469444,24491446,720180388,Unverified
USGS-13090000,SNAKE RIVER NR KIMBERLY ID,42.5908333,-114.3602778,,720168485,Unverified
USGS-13090500,SNAKE RIVER NR TWIN FALLS ID,42.6061111,-114.4763889,24491198,720166499,Unverified
USGS-13092747,ROCK CREEK AB HWY 30/93 XING AT TWIN FALLS ID,42.5625,-114.4947222,24491020,720162536,Unverified
USGS-13093383,"SNAKE RIVER AT PIGEON COVE NR TWIN FALLS, ID",42.6518222,-114.6287528,24490990,720166494,Unverified
USGS-13094000,SNAKE RIVER NR BUHL ID,42.6658333,-114.7122222,24491000,720174429,Unverified
USGS-13108150,SALMON FALLS CREEK NR HAGERMAN ID,42.69638889,-114.8552778,23195742,720170460,Unverified
USGS-13112000,CAMAS CREEK AT CAMAS ID,44.00277778,-112.221111,23223074,720263567,Unverified
USGS-13116500,MEDICINE LODGE CREEK NR SMALL ID,44.25916667,-112.4102778,23227762,720295284,Unverified
USGS-13117020,BIRCH CREEK AT BLUE DOME INN NR RENO ID,44.1533333,-112.9091667,,720221886,Unverified
USGS-13118700,LITTLE LOST RIVER BL WET CREEK NR HOWE ID,44.1386111,-113.2452778,23233081,720233793,Unverified
USGS-13118975,LITTLE LOST RIVER AB FLOOD DIVERSION NR HOWE ID,43.884825,-113.0970083,23232999,720249688,Unverified
USGS-13119000,"LITTLE LOST RIVER NR HOWE, ID",43.87027778,-113.0880556,23233005,720225886,Unverified
USGS-13120000,NF BIG LOST RIVER AT WILD HORSE NR CHILLY ID,43.93277778,-114.1138889,23238648,720215959,Unverified
USGS-13120500,BIG LOST RIVER AT HOWELL RANCH NR CHILLY ID,43.9983333,-114.021111,23238594,720281425,Unverified
USGS-13122000,THOUSAND SPRINGS CREEK NR CHILLY ID,44.06666667,-113.8402778,23238500,720237767,Unverified
USGS-13124265,WARM SPRINGS CREEK BELOW DIVERSION NR MACKAY ID,43.98513889,-113.7990833,23238996,720229841,Unverified
USGS-13127000,BIG LOST RIVER BL MACKAY RES NR MACKAY ID,43.93916667,-113.6483333,23238444,720144534,Unverified
USGS-13128900,LOWER CEDAR CREEK AB DIVS NR MACKAY ID,43.96694444,-113.5777778,23239648,720200091,Unverified
USGS-13130300,BIG LOST RIVER NR LESLIE ID,43.859375,-113.4666694,23240188,720329055,Unverified
USGS-13131000,"ANTELOPE CREEK NR DARLINGTON, ID",43.7336111,-113.5147222,23239060,720190188,Unverified
USGS-13132100,BIG LOST RIVER BELOW MOORE DIV NR MOORE ID,43.7843611,-113.3608889,23238342,720263589,Unverified
USGS-13132373,BIG LOST RIVER AT ARCO AT SUNSET ROAD ID,43.63819444,-113.3265,23238240,720233844,Unverified
USGS-13132500,BIG LOST RIVER NR ARCO ID,43.5822222,-113.2705556,23238296,720231868,Unverified
USGS-13132513,INL DIVERSION AT HEAD NEAR ARCO ID,43.5136111,-113.0838889,23241230,720231873,Unverified
USGS-13132520,BIG LOST RIVER BL INL DIV NEAR ARCO ID,43.5158333,-113.0819444,23238318,720231873,Unverified
USGS-13132535,BIG LOST R AT LINCOLN BLVD BRIDGE NR ATOMIC CITY,43.57440278,-112.9421167,23238314,720212029,Unverified
USGS-13132565,BIG LOST RIVER AB BIG LOST RIVER SINKS NR HOWE ID,43.7233333,-112.875,23238292,720245751,Unverified
USGS-13134556,N CHANNEL SNAKE R  UPPER SALMON FALLS NR HAGERMAN,42.76944444,-114.9038889,,720202195,Unverified
USGS-13135000,SNAKE RIVER BL LOWER SALMON FALLS NR HAGERMAN ID,42.84851319,-114.9014473,,720208140,Unverified
USGS-13135500,BIG WOOD RIVER NR KETCHUM ID,43.78626389,-114.4250556,23251487,720198118,Unverified
USGS-13135520,NF BIG WOOD RIVER NR SAWTOOTH NRA HQ NR KETCHUM ID,43.7861111,-114.4191667,23251451,720212005,Unverified
USGS-13136550,"WARM SPRINGS CR AT GATES RD NR KETCHUM, ID",43.6830972,-114.4055167,23251663,720200115,Unverified
USGS-13137300,"TRAIL CREEK NR SUN VALLEY, ID",43.72319444,-114.3243806,23251343,720182252,Unverified
USGS-13137500,TRAIL CREEK AT KETCHUM ID,43.67421667,-114.362261,23251331,720182252,Unverified
USGS-13138000,EAST FORK BIG WOOD RIVER AT GIMLET ID,43.60305556,-114.3302778,23251223,720217976,Unverified
USGS-13139510,BIG WOOD RIVER AT HAILEY ID TOTAL FLOW,43.5172222,-114.3216667,23251191,720188223,Unverified
USGS-13140335,"BIG WOOD R AT S BROADFORD BRIDGE NR BELLEVUE, ID",43.4679833,-114.2677389,23251089,720239813,Unverified
USGS-13140800,BIG WOOD RIVER AT STANTON CROSSING NR BELLEVUE ID,43.32916667,-114.3191667,23251079,720235862,Unverified
USGS-13141500,CAMAS CREEK NR BLAINE ID,43.33277778,-114.5419444,23262592,720223958,Unverified
USGS-13142500,BIG WOOD RIVER BL MAGIC DAM NR RICHFIELD ID,43.24805556,-114.3566667,23250977,720198174,Unverified
USGS-13147900,LITTLE WOOD RIVER AB HIGH FIVE CREEK NR CAREY ID,43.49305556,-114.0572222,23267066,720225925,Unverified
USGS-13148500,LITTLE WOOD RIVER NR CAREY ID,43.39,-113.9997222,23266994,720188238,Unverified
USGS-13150430,SILVER CREEK AT SPORTSMAN ACCESS NR PICABO ID,43.3233611,-114.10835,23267348,720184281,Unverified
USGS-13152500,MALAD RIVER NR GOODING ID,42.88638889,-114.8030556,23252011,720170431,Unverified
USGS-13153500,MALAD RIVER NR BLISS ID,42.86323537,-114.902003,,720152584,Unverified
USGS-13153776,SNAKE RIVER BL BLISS DAM NR BLISS ID,42.9143452,-115.0933982,,720194243,Unverified
USGS-13154500,SNAKE RIVER AT KING HILL ID,43.0022222,-115.2025,23275628,720150586,Unverified
USGS-13159800,CANYON CR AT OREGON TRAIL XING NR MOUNTAIN HOME ID,43.2611111,-115.7025,23275840,720132699,Unverified
USGS-13161930,"BIG JACKS CREEK AT PARKER TRAIL NR GRASMERE, ID",42.59388889,-115.9938889,23283697,720164518,Unverified
USGS-13168500,BRUNEAU RIVER NR HOT SPRING ID,42.7711111,-115.7202778,23283941,720146642,Unverified
USGS-13171620,SNAKE RIVER BL CJ STRIKE DAM NR GRAND VIEW ID,42.94711569,-115.981204,,720194239,Unverified
USGS-13172500,SNAKE RIVER NR MURPHY ID,43.25481389,-116.3906389,23300536,720245792,Unverified
USGS-13176400,"EF OWYHEE RIVER AT CRUTCHER CROSSING, ID",42.26136944,-116.8684417,23315892,720138758,Unverified
USGS-13185000,BOISE RIVER NR TWIN SPRINGS ID,43.66805556,-115.7252778,23382203,720233843,Unverified
USGS-13186000,SF BOISE RIVER NR FEATHERVILLE ID,43.4958333,-115.3080556,23386623,720212034,Unverified
USGS-13190500,SF BOISE RIVER AT ANDERSON RANCH DAM ID,43.3436111,-115.4775,23386379,720174355,Unverified
USGS-13192200,SF BOISE RIVER AT NEAL BRIDGE NR ARROWROCK DAM ID,43.55055556,-115.7219444,,720227905,Unverified
USGS-13200000,MORES CREEK AB ROBIE CREEK NR ARROWROCK DAM ID,43.64805556,-115.9897222,23382303,720204085,Unverified
USGS-13206000,BOISE RIVER AT GLENWOOD BRIDGE NR BOISE ID,43.66055556,-116.2791667,23398831,720215989,Unverified
USGS-13206305,BOISE RIVER SOUTH CHANNEL AT EAGLE ID,43.67527778,-116.353611,,720243763,Unverified
USGS-13206400,"EAGLE DRAIN AT EAGLE, ID",43.69166667,-116.3563889,23398795,720126704,Unverified
USGS-13210045,"Boise R near Middleton, ID",43.68175556,-116.5587056,23399325,720259633,Unverified
USGS-13210050,BOISE RIVER NR MIDDLETON ID,43.6848841,-116.5737442,,720259633,Unverified
USGS-13210810,"FIFTEENMILE CREEK NR MIDLAND BLVD NR MIDDLETON, ID",43.67405,-116.585411,23398645,720196149,Unverified
USGS-13210824,N MIDDLETON DRAIN MILL SLOUGH AT MIDDLETON ID,43.70655,-116.6181917,23399263,720235823,Unverified
USGS-13210831,SOUTH MIDDLETON DRAIN AT MIDDLETON ID,43.70210556,-116.6181917,23400503,720235823,Unverified
USGS-13210980,MASON CREEK AT CALDWELL ID,43.68321667,-116.6631917,23399041,720158449,Unverified
USGS-13210986,W HARTLEY GULCH NR CALDWELL ID,43.69960556,-116.6856944,23399279,720229869,Unverified
USGS-132109867,"EAST HARTLEY ABV BACKWATER NR CALDWELL, ID",43.70030556,-116.6731778,23399277,720241775,Unverified
USGS-13211205,"BOISE RIVER AT CALDWELL, ID",43.67735278,-116.7011306,23398597,720263601,Unverified
USGS-13212549,"CONWAY GULCH BELOW 1ST ST AT NOTUS, ID",43.72803056,-116.7997222,23399223,720194157,Unverified
USGS-13212890,DIXIE DRAIN NR WILDER ID,43.73071667,-116.8893167,23399221,720253677,Unverified
USGS-13213000,BOISE RIVER NR PARMA ID,43.78166667,-116.9727778,23398297,720247720,Unverified
USGS-13213072,SAND RUN GULCH NR PARMA ID,43.79960556,-116.975711,947050151,720061221,Unverified
USGS-13213100,SNAKE RIVER AT NYSSA OR,43.8761111,-116.9825,23409945,720245726,Unverified
USGS-13235000,"SOUTH FORK PAYETTE RIVER AT LOWMAN, ID",44.08527778,-115.6222222,24158523,720259591,Unverified
USGS-13236500,DEADWOOD RIVER BL DEADWOOD RES NR LOWMAN ID,44.29194444,-115.6419444,24158991,720239729,Unverified
USGS-13237920,MIDDLE FORK PAYETTE RIVER NR CROUCH ID,44.1086111,-115.9822222,24164073,720259588,Unverified
USGS-13239000,NF PAYETTE RIVER AT MCCALL ID,44.9072222,-116.1191667,24177467,720164268,Unverified
USGS-13240000,LAKE FORK PAYETTE RIVER AB JUMBO CR NR MCCALL ID,44.9136111,-115.9972222,24177409,720144431,Unverified
USGS-13245000,NF PAYETTE RIVER AT CASCADE ID,44.52489317,-116.0467983,,720251609,Unverified
USGS-13246000,NF PAYETTE RIVER NR BANKS ID,44.11416667,-116.1072222,24176857,720237759,Unverified
USGS-13247500,PAYETTE RIVER NR HORSESHOE BEND ID,43.9433333,-116.1966667,24166566,720263573,Unverified
USGS-13249500,PAYETTE RIVER NR EMMETT ID,43.93055556,-116.4427778,24166358,720281431,Unverified
USGS-13250000,PAYETTE RIVER NR LETHA ID,43.8961111,-116.6277778,24166276,720217947,Unverified
USGS-13251000,PAYETTE RIVER NR PAYETTE ID,44.0422222,-116.9252778,24166140,720235788,Unverified
USGS-13258500,WEISER RIVER NR CAMBRIDGE ID,44.5794444,-116.6433333,24184234,720269458,Unverified
USGS-13265500,CRANE CREEK AT MOUTH NR WEISER ID,44.2918111,-116.7826306,24183920,720277424,Unverified
USGS-13266000,WEISER RIVER NR WEISER ID,44.27,-116.7722222,24184848,720233779,Unverified
USGS-13269000,SNAKE RIVER AT WEISER ID,44.24555556,-116.9808333,24193082,720235767,Unverified
USGS-13295000,VALLEY CREEK AT STANLEY ID,44.2225,-114.931111,23478959,720269497,Unverified
USGS-13296000,YANKEE FORK SALMON RIVER NR CLAYTON ID,44.27888889,-114.7338889,23478745,720259568,Unverified
USGS-13296500,SALMON RIVER BL YANKEE FORK NR CLAYTON ID,44.2683333,-114.7327778,23478743,720221875,Unverified
USGS-13297330,THOMPSON CREEK NR CLAYTON ID,44.27027778,-114.5166667,23478663,720174257,Unverified
USGS-13297350,BRUNO CREEK NR CLAYTON ID,44.2975,-114.4813889,23481707,720221869,Unverified
USGS-13297355,Paasasikwana Naokwaide bl Bruno Ck,44.2908333,-114.4716667,23478581,720243696,Unverified
USGS-13297380,SALMON RIVER AB EAST FORK NR CLAYTON ID,44.26664167,-114.3267583,23478531,720279413,Unverified
USGS-13302005,PAHSIMEROI RIVER AT ELLIS ID,44.69166667,-114.0469444,23498759,720225800,Unverified
USGS-13302500,SALMON RIVER AT SALMON ID,45.1836111,-113.8952778,23503542,720172180,Unverified
USGS-13304050,Big Timber Creek Abv Mouth at Leadore ID,44.68879167,-113.3704056,23512946,720196044,Unverified
USGS-13304700,"Lemhi River near McFarland, ID",44.80256667,-113.5658778,23512874,720142459,Unverified
USGS-13305000,LEMHI RIVER NR LEMHI ID,44.94,-113.6391667,23512736,720190062,Unverified
USGS-13305310,"LEMHI RIVER BELOW L5 DIVERSION NEAR SALMON, ID",45.13277778,-113.7988889,947060070,720172185,Unverified
USGS-13306370,"PANTHER CREEK AT COBALT, ID",45.0897222,-114.2366667,23503170,720160286,Unverified
USGS-13306385,"NAPIAS CREEK BELOW ARNETT CREEK NEAR LEESBURG, ID",45.20555556,-114.1338889,23503304,720122576,Unverified
USGS-13307000,SALMON RIVER NR SHOUP ID,45.3225,-114.44,23503064,720182084,Unverified
USGS-13309220,MF SALMON RIVER AT MF LODGE NR YELLOW PINE ID,44.7215194,-115.0143472,23518785,720184129,Unverified
USGS-13310199,"MF SALMON RIVER AT MOUTH NR SHOUP, ID",45.2936111,-114.5963889,23531827,720172168,Unverified
USGS-13310700,SF SALMON RIVER NR KRASSEL RANGER STATION ID,44.9869444,-115.725,23551284,720162281,Unverified
USGS-13310800,"EFSF SALMON R ABV MEADOW CRK NR STIBNITE, ID",44.90225,-115.3256667,23551774,720090866,Unverified
USGS-13310850,"MEADOW CREEK NR STIBNITE, ID",44.88952778,-115.3602222,23553122,720142449,Unverified
USGS-13311000,"EF OF SF SALMON RIVER AT STIBNITE, ID",44.9057222,-115.3295,23551772,720132528,Unverified
USGS-13311250,"EFSF SALMON R ABV SUGAR CRK NR STIBNITE, ID",44.93477778,-115.3366944,23551760,720134510,Unverified
USGS-13311450,"SUGAR CREEK NR STIBNITE, ID",44.9363611,-115.3372222,23551758,720130540,Unverified
USGS-13313000,JOHNSON CREEK AT YELLOW PINE ID,44.96166667,-115.5,23551584,720192048,Unverified
USGS-13316500,LITTLE SALMON RIVER AT RIGGINS ID,45.41305556,-116.3252778,23568769,720168187,Unverified
USGS-13317000,SALMON RIVER AT WHITE BIRD ID,45.75027778,-116.3238889,23559953,720235607,Unverified
USGS-13317660,SNAKE RIVER AT McDUFF RAPIDS AT CHINA GARDEN ID,46.00305556,-116.9169444,24228459,720191933,Unverified
USGS-13336500,SELWAY RIVER NR LOWELL ID,46.08666667,-115.5138889,23580627,720162164,Unverified
USGS-13337000,LOCHSA RIVER NR LOWELL ID,46.1508333,-115.5872222,23588130,720231595,Unverified
USGS-13337095,"UPPER CLEAR CREEK NEAR KOOSKIA, ID",46.0470361,-115.866161,23595555,720162169,Unverified
USGS-13338500,SF CLEARWATER RIVER AT STITES ID,46.08638889,-115.9766667,23597191,720154228,Unverified
USGS-13338950,LAWYER CREEK AT KAMIAH ID,46.2114194,-116.0697972,23606454,720148262,Unverified
USGS-13339500,LOLO CREEK NR GREER ID,46.37166667,-116.1625,23606608,720229590,Unverified
USGS-13340000,CLEARWATER RIVER AT OROFINO ID,46.4783333,-116.2575,23606382,720215690,Unverified
USGS-13340600,NF CLEARWATER RIVER NR CANYON RANGER STATION ID,46.84055556,-115.621111,23630312,720211684,Unverified
USGS-13341050,CLEARWATER RIVER NR PECK ID,46.50027778,-116.3925,23606356,720219655,Unverified
USGS-13341140,BIG CANYON CREEK NR PECK ID,46.4679333,-116.4183028,23606208,720148235,Unverified
USGS-13341570,POTLATCH RIVER BEL LITTLE POTLATCH CR NR SPALDING,46.4986111,-116.7619444,23607046,720195845,Unverified
USGS-13342450,"LAPWAI CREEK NR LAPWAI, ID",46.42638889,-116.806111,23605922,720213713,Unverified
USGS-13342500,CLEARWATER RIVER AT SPALDING ID,46.4483333,-116.8275,23605912,720225613,Unverified
USGS-13345000,"PALOUSE RIVER NR POTLATCH, ID",46.91527778,-116.951111,23460123,720219611,Unverified
USGS-13346800,PARADISE CR AT UNIVERSITY OF IDAHO AT MOSCOW ID,46.7319444,-117.0241667,23460013,720112490,Unverified
USGS-03336645,"MIDDLE FORK VERMILION RIVER ABOVE OAKWOOD, IL",40.13696944,-87.7446944,,760656417,Unverified
USGS-03336890,"SPOON RIVER NEAR ST. JOSEPH, IL",40.16419444,-88.0275,,760538272,Unverified
USGS-03336900,"SALT FORK NEAR ST. JOSEPH, IL",40.14955556,-88.03363889,,760571554,Unverified
USGS-03337000,"BONEYARD CREEK AT URBANA, IL",40.11130556,-88.2265556,,760415141,Unverified
USGS-03337100,"BONEYARD CREEK AT LINCOLN AVE AT URBANA, IL",40.1113611,-88.2194167,,760415141,Unverified
USGS-03337570,"SALINE BRANCH ABOVE 1700E NEAR URBANA, IL",40.1298333,-88.1516667,,760543268,Unverified
USGS-03338780,"NORTH FORK VERMILION RIVER NEAR BISMARCK, IL",40.26566667,-87.64213889,,760679705,Unverified
USGS-03339000,"VERMILION RIVER NEAR DANVILLE, IL",40.1010833,-87.5976111,,760706341,Unverified
USGS-03343400,"EMBARRAS RIVER NEAR CAMARGO, IL",39.79163889,-88.1857778,,760668093,Unverified
USGS-03345500,"EMBARRAS RIVER AT STE. MARIE, IL",38.93669444,-88.0223333,,760754686,Unverified
USGS-03346000,"NORTH FORK EMBARRAS RIVER NEAR OBLONG, IL",39.01027778,-87.9455556,,760699768,Unverified
USGS-03346500,"EMBARRAS RIVER AT LAWRENCEVILLE, IL",38.72380556,-87.6643611,,760704781,Unverified
USGS-03377500,"WABASH RIVER AT MT. CARMEL, IL",38.3983333,-87.75638889,,760771367,Unverified
USGS-03378000,"BONPAS CREEK AT BROWNS, IL",38.38638889,-87.9758333,,760699816,Unverified
USGS-03378635,"LITTLE WABASH RIVER NEAR EFFINGHAM, IL",39.10388889,-88.5944444,,760618225,Unverified
USGS-03379500,"LITTLE WABASH RIVER BELOW CLAY CITY, IL",38.6347222,-88.2972222,,760698131,Unverified
USGS-03380500,"SKILLET FORK AT WAYNE CITY, IL",38.3633333,-88.5877778,,760664875,Unverified
USGS-03381500,"LITTLE WABASH RIVER AT CARMI, IL",38.06055556,-88.1572222,,760741440,Unverified
USGS-03382100,"SOUTH FORK SALINE RIVER NR CARRIER MILLS, IL",37.63805556,-88.6780556,,760402018,Unverified
USGS-03384450,"LUSK CREEK NEAR EDDYVILLE, IL",37.4725833,-88.5476944,,760575085,Unverified
USGS-03399800,"OHIO RIVER AT SMITHLAND DAM, SMITHLAND, KY",37.15922215,-88.4272616,11870218,760669958,Unverified
USGS-03612000,"CACHE RIVER AT FORMAN, IL",37.335,-88.9252778,,,Unverified
USGS-03612600,"OHIO RIVER AT OLMSTED, IL",37.17921867,-89.058404,1841415,760704900,Unverified
USGS-05414820,"SINSINAWA RIVER NEAR MENOMINEE, IL",42.4786111,-90.4866667,,760436592,Unverified
USGS-05419000,"APPLE RIVER NEAR HANOVER, IL",42.2583333,-90.285,,760559744,Unverified
USGS-05435500,"PECATONICA RIVER AT FREEPORT, IL",42.30027778,-89.6152778,,760539773,Unverified
USGS-05437050,"PECATONICA RIVER NR SHIRLAND, ILL",42.43805556,-89.175,,760509811,Unverified
USGS-05437500,"ROCK RIVER AT ROCKTON, IL",42.45027778,-89.0725,,760539762,Unverified
USGS-05438170,"KISHWAUKEE RIVER AT MARENGO, IL",42.26535,-88.60848889,,760516480,Unverified
USGS-05438500,"KISHWAUKEE RIVER AT BELVIDERE, IL",42.25613208,-88.8631565,,760543104,Unverified
USGS-05439000,"SOUTH BRANCH KISHWAUKEE RIVER AT DEKALB, IL",41.9311111,-88.7597222,,760521498,Unverified
USGS-05439500,SOUTH BRANCH KISHWAUKEE RIVER NR FAIRDALE IL,42.11058064,-88.9006527,,760661260,Unverified
USGS-05440000,"KISHWAUKEE RIVER NEAR PERRYVILLE, IL",42.19444444,-88.9988889,,760586373,Unverified
USGS-05440700,"ROCK RIVER AT BYRON, IL",42.12218889,-89.2553639,,760566411,Unverified
USGS-05442300,"ROCK RIVER AT DIXON, IL",41.84416667,-89.4858333,,760642975,Unverified
USGS-05443500,"ROCK RIVER AT COMO, IL",41.7722222,-89.7455556,,760574757,Unverified
USGS-05444000,"ELKHORN CREEK NEAR PENROSE, IL",41.90275,-89.6963889,,760538138,Unverified
USGS-05446500,"ROCK RIVER NEAR JOSLIN, IL",41.5561111,-90.1852778,,760621366,Unverified
USGS-05447500,"GREEN RIVER NEAR GENESEO, IL",41.4889333,-90.1580083,,760566459,Unverified
USGS-05448000,"MILL CREEK AT MILAN, IL",41.44241667,-90.5555278,,760466627,Unverified
USGS-05466000,"EDWARDS RIVER NEAR ORION, IL",41.2722472,-90.3774917,,760488268,Unverified
USGS-05466500,"EDWARDS RIVER NEAR NEW BOSTON, IL",41.18697738,-90.9673663,,760566482,Unverified
USGS-05467000,"POPE CREEK NEAR KEITHSBURG, IL",41.1289222,-90.9193083,,760548183,Unverified
USGS-05469000,"HENDERSON CREEK NEAR OQUAWKA, IL",41.001425,-90.8543083,,760656352,Unverified
USGS-05495500,"BEAR CREEK NEAR MARCELLINE, IL",40.1428222,-91.3373694,,760628130,Unverified
USGS-05512500,"BAY CREEK AT PITTSFIELD, IL",39.62080556,-90.7803889,,760513354,Unverified
USGS-05520500,"KANKAKEE RIVER AT MOMENCE, IL",41.15994444,-87.66875,,760608085,Unverified
USGS-05525000,"IROQUOIS RIVER AT IROQUOIS, IL",40.82305556,-87.5816667,,760633070,Unverified
USGS-05525500,"SUGAR CREEK AT MILFORD, IL",40.62991667,-87.7235278,,760584830,Unverified
USGS-05526000,"IROQUOIS RIVER NEAR CHEBANSE, IL",41.0092222,-87.8240556,,760671328,Unverified
USGS-05527500,"KANKAKEE RIVER NEAR WILMINGTON, IL",41.3463333,-88.1867222,,760633031,Unverified
USGS-05527800,"DES PLAINES RIVER AT RUSSELL, IL",42.4893861,-87.9259167,,760484847,Unverified
USGS-05527950,"MILL CREEK AT OLD MILL CREEK, IL",42.41527778,-87.9691667,,760428277,Unverified
USGS-05528000,"DES PLAINES RIVER NEAR GURNEE, IL",42.34388889,-87.9411111,,760516473,Unverified
USGS-05528100,"DES PLAINES RIVER AT LINCOLNSHIRE, IL",42.20055556,-87.9186111,,760646273,Unverified
USGS-05528500,"BUFFALO CREEK NEAR WHEELING, IL",42.15194444,-87.9577778,,760438280,Unverified
USGS-05529000,"DES PLAINES RIVER NEAR DES PLAINES, IL",42.0872222,-87.8872222,,760588045,Unverified
USGS-05529500,"MC DONALD CREEK NEAR MOUNT PROSPECT, IL",42.09530499,-87.9128462,,760421644,Unverified
USGS-05530000,"WELLER CREEK AT DES PLAINES, IL",42.04947275,-87.918123,,760381712,Unverified
USGS-05530100,"DES PLAINES R AT ALGONQUIN RD AT DES PLAINES, IL",42.03166667,-87.8780556,,760609682,Unverified
USGS-05530990,"SALT CREEK AT ROLLING MEADOWS, IL",42.06039167,-88.0166583,,760441615,Unverified
USGS-05531045,"SALT CREEK AT ELK GROVE VILLAGE, IL",42.0120833,-88.001,,760453267,Unverified
USGS-05531300,"SALT CREEK AT ELMHURST, IL",41.88616667,-87.9595556,,760533150,Unverified
USGS-05531500,"SALT CREEK AT WESTERN SPRINGS, IL",41.8258333,-87.9002778,,760559777,Unverified
USGS-05532000,"ADDISON CREEK AT BELLWOOD, IL",41.88185556,-87.8689333,,760388381,Unverified
USGS-05532500,"DES PLAINES RIVER AT RIVERSIDE, IL",41.82149167,-87.8220361,,760623010,Unverified
USGS-05533000,"FLAG CREEK NEAR WILLOW SPRINGS, IL",41.73894444,-87.8968611,,760424998,Unverified
USGS-05533400,"SAWMILL CREEK NEAR LEMONT, IL",41.70777778,-87.9627778,,760401706,Unverified
USGS-05533600,"DES PLAINES RIVER NEAR LEMONT, IL",41.67238889,-88.0285278,,760618029,Unverified
USGS-05534500,"NORTH BRANCH CHICAGO RIVER AT DEERFIELD, IL",42.15264167,-87.8184028,,740111445,Unverified
USGS-05535000,"SKOKIE RIVER AT LAKE FOREST, IL",42.2325,-87.8452778,,740111445,Unverified
USGS-05535070,"SKOKIE RIVER NEAR HIGHLAND PARK, IL",42.1597222,-87.7980556,,740111445,Unverified
USGS-05535500,WF OF NB CHICAGO RIVER AT NORTHBROOK IL,42.1383333,-87.8347222,,740065752,Unverified
USGS-05536000,"NORTH BRANCH CHICAGO RIVER AT NILES, IL",42.0122222,-87.7958333,,740089949,Unverified
USGS-05536085,"NB CHICAGO RIVER AT N PULASKI ROAD AT CHICAGO, IL",41.9747222,-87.7283333,,740120863,Unverified
USGS-05536118,"NB CHICAGO RIVER AT GRAND AVENUE AT CHICAGO, IL",41.8917222,-87.6419444,,740088610,Unverified
USGS-05536123,"CHICAGO RIVER AT COLUMBUS DRIVE AT CHICAGO, IL",41.88836628,-87.6211634,,,Unverified
USGS-05536162,"PLUM CREEK NEAR CRETE, IL",41.43569444,-87.5715833,,740099390,Unverified
USGS-05536215,"THORN CREEK AT GLENWOOD, IL",41.5302222,-87.6225833,,740072507,Unverified
USGS-05536235,"DEER CREEK NEAR CHICAGO HEIGHTS, IL",41.5208611,-87.59013889,,740083260,Unverified
USGS-05536255,"BUTTERFIELD CREEK AT FLOSSMOOR, IL",41.5398611,-87.6494444,,,Unverified
USGS-05536265,"LANSING DITCH NEAR LANSING, IL",41.5283611,-87.5294444,,740068476,Unverified
USGS-05536275,"THORN CREEK AT THORNTON, IL",41.56816667,-87.6083333,,740073849,Unverified
USGS-05536290,"LITTLE CALUMET RIVER AT SOUTH HOLLAND, IL",41.60702778,-87.5975833,,740103414,Unverified
USGS-05536310,"CALUMET UNION DRAINAGE CANAL NEAR MARKHAM, IL",41.597,-87.6657222,,740088630,Unverified
USGS-05536340,"MIDLOTHIAN CREEK AT OAK FOREST, IL",41.6141111,-87.7294556,,740081907,Unverified
USGS-05536343,"NATALIE CREEK AT MIDLOTHIAN, IL",41.62166667,-87.7333333,,,Unverified
USGS-05536500,"TINLEY CREEK NEAR PALOS PARK, IL",41.64663889,-87.7664444,,740094003,Unverified
USGS-05536580,"STONY CREEK (WEST) NEAR WORTH, IL",41.68902778,-87.8299444,,,Unverified
USGS-05536890,"CHICAGO SANITARY AND SHIP CANAL NR LEMONT, IL",41.69116667,-87.9637778,,760353452,Unverified
USGS-05537500,"LONG RUN NEAR LEMONT, IL",41.6426111,-87.9993611,,760315184,Unverified
USGS-05537980,"DES PLAINES RIVER AT ROUTE 53 AT JOLIET, IL",41.5364722,-88.0836944,,760661304,Unverified
USGS-05539000,"HICKORY CREEK AT JOLIET, IL",41.5147222,-88.0733333,,760441657,Unverified
USGS-05539900,"WEST BRANCH DU PAGE RIVER NEAR WEST CHICAGO, IL",41.9109722,-88.1791417,,760444954,Unverified
USGS-05540060,"KRESS CREEK AT WEST CHICAGO, IL",41.8564083,-88.2041611,,760415007,Unverified
USGS-05540095,"WEST BRANCH DU PAGE RIVER NEAR WARRENVILLE, IL",41.8175,-88.17138889,,760541474,Unverified
USGS-05540130,"WEST BRANCH DU PAGE RIVER NEAR NAPERVILLE, IL",41.7202583,-88.1319333,,760596390,Unverified
USGS-05540160,"EAST BRANCH DU PAGE RIVER NEAR DOWNERS GROVE, IL",41.83166667,-88.0477778,,760481568,Unverified
USGS-05540195,"ST. JOSEPH CREEK AT ROUTE 34 AT LISLE, IL",41.80194444,-88.06888889,,760356772,Unverified
USGS-05540228,"EAST BRANCH DUPAGE RIVER AT SHORT ST AT LISLE, IL",41.79280556,-88.0789722,,760479908,Unverified
USGS-05540250,"EAST BRANCH DU PAGE RIVER AT BOLINGBROOK, IL",41.71805556,-88.0705556,,760531494,Unverified
USGS-05540275,"SPRING BROOK AT 87TH STREET NEAR NAPERVILLE, IL",41.7258972,-88.1631611,,760406697,Unverified
USGS-05540290,"DU PAGE RIVER NEAR PLAINFIELD, IL",41.69044444,-88.1664444,,760583083,Unverified
USGS-05540500,"DU PAGE RIVER AT SHOREWOOD, IL",41.52230278,-88.1928694,,760574774,Unverified
USGS-05541710,"AUX SABLE CREEK NEAR MORRIS, IL",41.41694444,-88.3477778,,760521537,Unverified
USGS-05542000,"MAZON RIVER NEAR COAL CITY, IL",41.28619444,-88.3598611,,760641355,Unverified
USGS-05542500,"ILLINOIS RIVER AT MORRIS, IL",41.3545833,-88.4285,,760543174,Unverified
USGS-05543500,"ILLINOIS RIVER AT MARSEILLES, IL",41.327,-88.7170833,14780172,760608072,Unverified
USGS-05548105,"NIPPERSINK CREEK ABOVE WONDER LAKE, IL",42.3853472,-88.3697083,,760454903,Unverified
USGS-05548280,"NIPPERSINK CREEK NEAR SPRING GROVE, IL",42.44373056,-88.247425,,760474866,Unverified
USGS-05548500,"FOX RIVER AT JOHNSBURG, IL",42.376325,-88.23673889,,760559735,Unverified
USGS-05549000,"BOONE CREEK NEAR MC HENRY, IL",42.32069444,-88.31263889,,760366717,Unverified
USGS-05549400,"FOX RIVER AT MILLER BRIDGE NEAR MCHENRY, IL",42.3233333,-88.2516667,14771658,760609658,Unverified
USGS-05549850,"FLINT CREEK NEAR FOX RIVER GROVE, IL",42.2111111,-88.1736111,,760459909,Unverified
USGS-05550000,"FOX RIVER AT ALGONQUIN, IL",42.16630556,-88.2903333,,760656262,Unverified
USGS-05550001,"FOX RIVER (TAILWATER) AT ALGONQUIN, IL",42.16194444,-88.29388889,,760568072,Unverified
USGS-05550300,"TYLER CREEK AT ELGIN, IL",42.05866667,-88.3040667,,760483217,Unverified
USGS-05550500,"POPLAR CREEK AT ELGIN, IL",42.02586944,-88.2556667,,760468242,Unverified
USGS-05551000,"FOX RIVER AT SOUTH ELGIN, IL",41.9961861,-88.2949972,,760568083,Unverified
USGS-05551200,"FERSON CREEK NEAR ST. CHARLES, IL",41.9332,-88.3411056,,760528151,Unverified
USGS-05551330,"MILL CREEK NEAR BATAVIA, IL",41.8458333,-88.3491667,,760508192,Unverified
USGS-05551540,"FOX RIVER AT MONTGOMERY, IL",41.73355,-88.3333361,,760619688,Unverified
USGS-05551545,"WAUBONSEE CREEK NEAR OSWEGO, IL",41.70131389,-88.3270417,,760405033,Unverified
USGS-05551580,"FOX RIVER AT YORKVILLE, IL",41.64283889,-88.4433806,,760556464,Unverified
USGS-05551675,"BLACKBERRY CREEK NEAR MONTGOMERY, IL",41.7408333,-88.3833333,,760546470,Unverified
USGS-05551700,"BLACKBERRY CREEK NEAR YORKVILLE, IL",41.6718722,-88.4414861,,760573101,Unverified
USGS-05552500,"FOX RIVER AT DAYTON, IL",41.38413889,-88.7889722,,760591427,Unverified
USGS-05554300,"INDIAN CREEK NEAR FAIRBURY, IL",40.72277778,-88.53,,760568183,Unverified
USGS-05554500,"VERMILION RIVER AT PONTIAC, IL",40.8778333,-88.636,,760626411,Unverified
USGS-05555300,"VERMILION RIVER NEAR LEONORE, IL",41.2083333,-88.9305556,,760563153,Unverified
USGS-05556500,"BIG BUREAU CREEK AT PRINCETON, IL",41.36740278,-89.4979611,,760603076,Unverified
USGS-05557500,"EAST BUREAU CREEK NEAR BUREAU, IL",41.3347222,-89.3819444,,760546503,Unverified
USGS-05558300,"ILLINOIS RIVER AT HENRY, IL",41.10727778,-89.3562222,,760671320,Unverified
USGS-05560500,"FARM CREEK AT FARMDALE, IL",40.66738889,-89.5038944,,760481657,Unverified
USGS-05561500,"FONDULAC CREEK NEAR EAST PEORIA, IL",40.6770833,-89.53125,,760260344,Unverified
USGS-05564400,"MONEY CREEK NEAR TOWANDA, IL",40.60531299,-88.8989601,,760613120,Unverified
USGS-05565700,"SIXMILE CREEK AT HUDSON, IL",40.6053333,-89.003,,760478336,Unverified
USGS-05567500,"MACKINAW RIVER NEAR CONGERVILLE, IL",40.6235,-89.2416667,,760656381,Unverified
USGS-05568000,"MACKINAW RIVER NEAR GREEN VALLEY, IL",40.45466667,-89.6061667,,760732939,Unverified
USGS-05568500,"ILLINOIS RIVER AT KINGSTON MINES, IL",40.55343889,-89.7772722,,760744579,Unverified
USGS-05568705,"MASON TAZEWELL DRAINAGE D AT CR2350E NR TOPEKA, IL",40.3265833,-89.9141111,,760626452,Unverified
USGS-05568800,"INDIAN CREEK NEAR WYOMING, IL",41.01869444,-89.8357222,,760559836,Unverified
USGS-05569500,"SPOON RIVER AT LONDON MILLS, IL",40.7077222,-90.2797778,,760629751,Unverified
USGS-05570000,"SPOON RIVER AT SEVILLE, IL",40.49008056,-90.3400944,,760766216,Unverified
USGS-05570910,"SANGAMON RIVER AT FISHER, IL",40.3109972,-88.3223611,,760717973,Unverified
USGS-05572000,"SANGAMON RIVER AT MONTICELLO, IL",40.03116667,-88.5891667,,760663083,Unverified
USGS-05573540,"SANGAMON RIVER AT ROUTE 48 AT DECATUR, IL",39.8311111,-88.9763889,,760711354,Unverified
USGS-05576000,"SOUTH FORK SANGAMON RIVER NEAR ROCHESTER, IL",39.7422222,-89.5672778,,760683077,Unverified
USGS-05576090,"LICK CREEK NEAR CHATHAM, IL",39.69916667,-89.7616667,,760629828,Unverified
USGS-05576100,"LICK CREEK NEAR WOODSIDE, IL",39.71553889,-89.7024444,,760616515,Unverified
USGS-05576193,"SUGAR CREEK AT COVERED BRIDGE RD NR CHATHAM, IL",39.64,-89.6616667,,760613194,Unverified
USGS-05576195,"SUGAR CREEK NEAR CHATHAM, IL",39.659075,-89.6589361,,760583240,Unverified
USGS-05576250,"SUGAR CREEK NEAR SPRINGFIELD, IL",39.77913889,-89.5925278,,760691391,Unverified
USGS-05576500,"SANGAMON RIVER AT RIVERTON, IL",39.84312778,-89.5474778,,760683067,Unverified
USGS-05577500,"SPRING CREEK AT SPRINGFIELD, IL",39.81541667,-89.6994167,,760564923,Unverified
USGS-05578000,"SANGAMON RIVER AT PETERSBURG, IL",40.0133333,-89.8383333,,760746285,Unverified
USGS-05578100,"SALT CREEK NEAR FARMER CITY, IL",40.22788889,-88.66056389,13552087,760678044,Unverified
USGS-05578250,"NORTH FORK SALT CREEK NEAR DE WITT, IL",40.2358611,-88.8095556,,760581531,Unverified
USGS-05578500,"SALT CREEK NEAR ROWELL, IL",40.11516944,-89.049175,,760678053,Unverified
USGS-05579500,"LAKE FORK NEAR CORNLAND, IL",39.95176667,-89.3856694,,760676401,Unverified
USGS-05579630,"KICKAPOO CREEK NEAR BLOOMINGTON, IL",40.4583333,-88.8775,,760514954,Unverified
USGS-05579725,"LITTLE KICKAPOO CREEK NEAR HEYWORTH, IL",40.3649722,-88.9641944,,760531599,Unverified
USGS-05580000,"KICKAPOO CREEK AT WAYNESVILLE, IL",40.25476389,-89.1294278,,760694682,Unverified
USGS-05580950,"SUGAR CREEK NEAR BLOOMINGTON, IL",40.4711972,-89.0289611,,760430089,Unverified
USGS-05582000,"SALT CREEK NEAR GREENVIEW, IL",40.13185556,-89.7357139,,760706338,Unverified
USGS-05583000,"SANGAMON RIVER NEAR OAKFORD, IL",40.1233611,-89.9839722,,760712995,Unverified
USGS-05584500,"LA MOINE RIVER AT COLMAR, IL",40.33152778,-90.8961944,,760739604,Unverified
USGS-05585000,"LA MOINE RIVER AT RIPLEY, IL",40.0250833,-90.6310556,,760746282,Unverified
USGS-05585500,"ILLINOIS RIVER AT MEREDOSIA, IL",39.83116667,-90.5598333,,760510009,Unverified
USGS-05586100,"ILLINOIS RIVER AT VALLEY CITY, IL",39.70319444,-90.6430833,,760794564,Unverified
USGS-05587000,"MACOUPIN CREEK NEAR KANE, IL",39.23394444,-90.3944444,,760694760,Unverified
USGS-05587450,"Mississippi River at Grafton, IL",38.9679722,-90.429,,760758012,Unverified
USGS-05587900,"CAHOKIA CREEK AT EDWARDSVILLE, IL",38.82444444,-89.9747222,,760683143,Unverified
USGS-05588000,"INDIAN CREEK AT WANDA, IL",38.84166667,-90.0330556,,760638212,Unverified
USGS-05590050,"COPPER SLOUGH AT CHAMPAIGN, IL",40.0972222,-88.30725,,760453413,Unverified
USGS-05590520,"KASKASKIA RIVER BELOW FICKLIN, IL",39.7917222,-88.36775,,760653114,Unverified
USGS-05590800,"LAKE FORK AT ATWOOD, IL",39.80630556,-88.4762222,,760639802,Unverified
USGS-05590950,"KASKASKIA RIVER AT CHESTERVILLE, IL",39.7028333,-88.38775,,760723012,Unverified
USGS-05591200,"KASKASKIA RIVER AT COOKS MILLS, IL",39.5834722,-88.4138056,,760693069,Unverified
USGS-05591550,"WHITLEY CREEK NEAR ALLENVILLE, IL",39.5067222,-88.5272778,,760539987,Unverified
USGS-05591700,"WEST OKAW RIVER NEAR LOVINGTON, IL",39.7307222,-88.6621111,,760638145,Unverified
USGS-05592000,"KASKASKIA RIVER AT SHELBYVILLE, IL",39.40702778,-88.781,,760724698,Unverified
USGS-05592050,"ROBINSON CREEK NEAR SHELBYVILLE, IL",39.40588889,-88.8968056,,760579931,Unverified
USGS-05592100,"KASKASKIA RIVER NEAR COWDEN, IL",39.2298611,-88.8418333,,760714728,Unverified
USGS-05592500,"KASKASKIA RIVER AT VANDALIA, IL",38.9606111,-89.0888056,,760723068,Unverified
USGS-05592575,"HICKORY CREEK NEAR BROWNSTOWN, IL",38.9370833,-88.9528056,,760628222,Unverified
USGS-05592800,"HURRICANE CREEK NEAR MULBERRY GROVE, IL",38.9223333,-89.2366667,,760643199,Unverified
USGS-05592900,"EAST FORK KASKASKIA RIVER NEAR SANDOVAL, IL",38.68888889,-89.1,,760664849,Unverified
USGS-05593000,"KASKASKIA RIVER AT CARLYLE, IL",38.61027778,-89.3575,,760734743,Unverified
USGS-05593575,"LITTLE CROOKED CREEK NEAR NEW MINDEN, IL",38.44166667,-89.4166667,,760563365,Unverified
USGS-05593900,"EAST FORK SHOAL CREEK NEAR COFFEEN, IL",39.14891667,-89.3524722,,760633197,Unverified
USGS-05593945,"SHOAL CREEK NEAR PIERRON, IL",38.7758333,-89.4988889,,760651530,Unverified
USGS-05594000,"SHOAL CREEK NEAR BREESE, IL",38.6097222,-89.4947222,,760723095,Unverified
USGS-05594100,"KASKASKIA RIVER NEAR VENEDY STATION, IL",38.45055556,-89.6275,,760753057,Unverified
USGS-05594450,"SILVER CREEK NEAR TROY, IL",38.71638889,-89.8291667,,760741391,Unverified
USGS-05594800,"SILVER CREEK NEAR FREEBURG, IL",38.4061111,-89.8738889,,760706471,Unverified
USGS-05595000,"KASKASKIA RIVER AT NEW ATHENS, IL",38.3197222,-89.8883333,,760756397,Unverified
USGS-05595200,"RICHLAND CREEK NEAR HECKER, IL",38.32388889,-89.9705556,,760666541,Unverified
USGS-05595730,"RAYSE CREEK NEAR WALTONVILLE, IL",38.25416667,-89.0405556,,760638258,Unverified
USGS-05595820,"CASEY FORK AT MOUNT VERNON, IL",38.28666667,-88.8722222,,,Unverified
USGS-05595952,"BIG MUDDY RIVER BELOW REND LAKE NR BENTON, IL",38.02702778,-88.9605556,,760654916,Unverified
USGS-05597000,"BIG MUDDY RIVER AT PLUMFIELD, IL",37.89138889,-89.0194444,,760674893,Unverified
USGS-05597500,"CRAB ORCHARD CREEK NEAR MARION, IL",37.7311111,-88.8891667,13784728,760528474,Unverified
USGS-05599490,"BIG MUDDY RIVER AT RTE 127 AT MURPHYSBORO, IL",37.7583333,-89.3277778,,760658264,Unverified
USGS-07020500,"Mississippi River at Chester, IL",37.90075,-89.8302222,5089904,760738125,Unverified
USGS-07022000,"Mississippi River at Thebes, IL",37.22025,-89.4631667,5092616,760729856,Unverified
USGS-402004090030901,"EMIQUON LAKE OUTLET NEAR HAVANA, IL",40.33444444,-90.0525,,760786192,Unverified
USGS-411955088280601,"HANSON GRAVEL PIT AT CULVERT NEAR MORRIS, IL",41.33305556,-88.4669444,,760491593,Unverified
USGS-03274650,"WHITEWATER RIVER NEAR ECONOMY, IN",40.00421314,-85.1155201,,760471721,Unverified
USGS-03275000,"WHITEWATER RIVER NEAR ALPINE, IN",39.5743333,-85.15588889,,760691405,Unverified
USGS-03275500,"EAST FORK WHITEWATER RIVER AT RICHMOND, IN",39.80671459,-84.907183,,760656445,Unverified
USGS-03275600,"EAST FORK WHITEWATER RIVER AT ABINGTON, IN",39.7325477,-84.9596837,,760663103,Unverified
USGS-03276500,"WHITEWATER RIVER AT BROOKVILLE, IN",39.4074722,-85.01288889,,760723034,Unverified
USGS-03291780,"INDIAN-KENTUCK CREEK NEAR CANAAN, IN",38.8781136,-85.2571788,,760505091,Unverified
USGS-03294000,"SILVER CREEK NEAR SELLERSBURG, IN",38.3706226,-85.7263521,,760609962,Unverified
USGS-03302220,"BUCK CREEK NEAR NEW MIDDLETOWN, IN",38.12034748,-86.0880244,,760558397,Unverified
USGS-03302680,"WEST FORK BLUE RIVER AT SALEM, IN",38.60533536,-86.0944222,,760483479,Unverified
USGS-03302800,"BLUE RIVER AT FREDERICKSBURG, IN",38.43394965,-86.1916446,,760623269,Unverified
USGS-03303000,"BLUE RIVER NEAR WHITE CLOUD, IN",38.23447298,-86.22713759,,760683188,Unverified
USGS-03303280,"OHIO RIVER AT CANNELTON DAM AT CANNELTON, IN",37.89950088,-86.70554179,10109567,760723149,Unverified
USGS-03303300,"MIDDLE FORK ANDERSON RIVER AT BRISTOW, IN",38.13894629,-86.7210994,,760538427,Unverified
USGS-03322011,PIGEON CREEK NEAR FORT BRANCH,38.24490564,-87.5195477,,760510129,Unverified
USGS-03322900,"WABASH RIVER AT LINN GROVE, IN",40.64388889,-85.03088889,,760729596,Unverified
USGS-03323000,"WABASH RIVER AT BLUFFTON, IN",40.7423611,-85.1714444,,760682997,Unverified
USGS-03324000,"LITTLE RIVER NEAR HUNTINGTON, IN",40.89855556,-85.4131667,,760594793,Unverified
USGS-03324095,"WABASH RIVER AT ANDREWS, IN",40.86880556,-85.6020833,,760644715,Unverified
USGS-03324112,"WABASH RIVER NEAR LAGRO, IN",40.8427222,-85.6478333,,760692973,Unverified
USGS-03324200,"SALAMONIE RIVER AT PORTLAND, IN",40.4277222,-85.039,,760426765,Unverified
USGS-03324300,"SALAMONIE RIVER NEAR WARREN, IN",40.71254489,-85.4535847,,760608119,Unverified
USGS-03325000,"WABASH RIVER AT WABASH, IN",40.7908765,-85.8202632,18508640,760656369,Unverified
USGS-03325519,"MISSISSINEWA RIVER AT RIDGEVILLE, IN",40.28305556,-85.0284722,,760608152,Unverified
USGS-03326500,"MISSISSINEWA RIVER AT MARION, IN",40.57641667,-85.6595278,,760709634,Unverified
USGS-03327500,"WABASH RIVER AT PERU, IN",40.75,-86.0666667,,760618100,Unverified
USGS-03328000,"EEL RIVER AT NORTH MANCHESTER, IN",40.99455556,-85.7825833,,760573153,Unverified
USGS-03328500,"EEL RIVER NEAR LOGANSPORT, IN",40.78198455,-86.2638857,,760641393,Unverified
USGS-03329000,"WABASH RIVER AT LOGANSPORT, IN",40.74642866,-86.37749979,,760636404,Unverified
USGS-03329700,"DEER CREEK NEAR DELPHI, IN",40.59031489,-86.6213928,,760688000,Unverified
USGS-03330241,"TIPPECANOE RIVER AT NORTH WEBSTER, IN",41.31638889,-85.6922222,,760370120,Unverified
USGS-03330500,"TIPPECANOE RIVER AT OSWEGO, IN",41.32060147,-85.78915649,,,Unverified
USGS-03331500,"TIPPECANOE RIVER NEAR ORA, IN",41.15726364,-86.5636209,,760598101,Unverified
USGS-03331753,"TIPPECANOE RIVER AT WINAMAC, IN",41.0497632,-86.5991758,,760684637,Unverified
USGS-03332345,"TIPPECANOE RIVER AT BUFFALO, IN",40.8778611,-86.7511944,,760717930,Unverified
USGS-03332349,"BIG MONON DITCH AT CR200N NEAR MEDARYVILLE, IN",41.08513889,-86.786,,760529882,Unverified
USGS-03332555,"TIPPECANOE RIVER AT NORWAY, IN",40.77863889,-86.75888889,,760679665,Unverified
USGS-03332605,"TIPPECANOE RIVER BELOW OAKDALE DAM, IN",40.6533712,-86.7566769,,760686331,Unverified
USGS-03333050,"TIPPECANOE RIVER NEAR DELPHI, IN",40.59391667,-86.7703333,,760692989,Unverified
USGS-03333450,"WILDCAT CREEK NEAR JEROME, IN",40.44127778,-85.91875,,760614796,Unverified
USGS-03333700,"WILDCAT CREEK AT KOKOMO, IN",40.47516667,-86.1600528,,760604809,Unverified
USGS-03334000,"WILDCAT CREEK AT OWASCO, IN",40.4648333,-86.6365556,,760664713,Unverified
USGS-03334500,"SOUTH FORK WILDCAT CREEK NEAR LAFAYETTE, IN",40.4178136,-86.7680627,,760722965,Unverified
USGS-03335000,"WILDCAT CREEK NEAR LAFAYETTE, IN",40.44059108,-86.8291752,,760693004,Unverified
USGS-03335500,"WABASH RIVER AT LAFAYETTE, IN",40.42194444,-86.8969444,,760716297,Unverified
USGS-033356848,"BIG PINE CREEK AT PINE VILLAGE, IN",40.4523333,-87.2544444,,760609801,Unverified
USGS-03335960,"REDWOOD CREEK NEAR MARSHFIELD, IN",40.27975,-87.4433333,,760513304,Unverified
USGS-03336000,"WABASH RIVER AT COVINGTON, IN",40.1400377,-87.4066805,,760724642,Unverified
USGS-03339280,"PRAIRIE CREEK NEAR LEBANON, IN",40.1044846,-86.5227803,,760416809,Unverified
USGS-03339305,"SUGAR CREEK NEAR THORNTOWN, IN",40.14338889,-86.6958056,,760583202,Unverified
USGS-03339500,"SUGAR CREEK AT CRAWFORDSVILLE, IN",40.05030556,-86.90725,,760663080,Unverified
USGS-03340500,"WABASH RIVER AT MONTEZUMA, IN",39.79253835,-87.3739053,,760703035,Unverified
USGS-03340800,"BIG RACCOON CREEK NEAR FINCASTLE, IN",39.8125446,-86.9538988,,760613178,Unverified
USGS-03340900,"BIG RACCOON CREEK AT FERNDALE, IN",39.71116667,-87.0712778,,760678083,Unverified
USGS-03341300,"BIG RACCOON CREEK AT COXVILLE, IN",39.6525387,-87.2936277,,760649800,Unverified
USGS-03341500,"WABASH RIVER AT TERRE HAUTE, IN",39.4657222,-87.4195,,760749652,Unverified
USGS-03341558,"SUGAR CREEK AT WEST TERRE HAUTE, IN",39.4612333,-87.4618167,,760573270,Unverified
USGS-03342000,"WABASH RIVER AT RIVERTON, IN",39.0203202,-87.5686344,,760704759,Unverified
USGS-03342500,"BUSSERON CREEK NEAR CARLISLE, IN",38.9742103,-87.4258528,,760634875,Unverified
USGS-03343010,"WABASH RIVER AT MEMORIAL BRIDGE AT VINCENNES, IN",38.6814358,-87.5352993,,760709776,Unverified
USGS-03347000,"WHITE RIVER AT MUNCIE, IN",40.20390436,-85.3860543,,760666398,Unverified
USGS-03348000,"WHITE RIVER AT ANDERSON, IN",40.10527778,-85.67138889,,760658085,Unverified
USGS-03348130,"WHITE RIVER AT RAIBLE AVENUE AT ANDERSON, IN",40.11059688,-85.71081,,760663077,Unverified
USGS-03348350,"PIPE CREEK AT FRANKTON, IN",40.2273333,-85.7663611,,760589851,Unverified
USGS-033483827,"BIG DUCK CREEK AT 14TH STREET PARK AT ELWOOD, IN",40.2811111,-85.8424722,,760468374,Unverified
USGS-03349000,"WHITE RIVER AT NOBLESVILLE, IN",40.04698076,-86.0172069,,760626473,Unverified
USGS-03349210,"CICERO CREEK AT TIPTON, IN",40.27698198,-86.04248689,,760611481,Unverified
USGS-03349510,"CICERO CREEK AT ARCADIA, IN",40.1744815,-86.00054,,760618143,Unverified
USGS-03350500,"CICERO CREEK AT NOBLESVILLE, IN",40.05602778,-86.0416111,,760654759,Unverified
USGS-03350655,"STONY CREEK AT FISHERSBURG, IN",40.06614999,-85.86303589,,760516648,Unverified
USGS-03350660,"WILLIAM LOCK DITCH NEAR DURBIN, IN",40.07364885,-85.924982,,760551591,Unverified
USGS-03350700,"STONY CREEK NEAR NOBLESVILLE, IN",40.028925,-85.9955394,,760601514,Unverified
USGS-03350800,"WHITE RIVER AT CONNER PRAIRIE NEAR NOBLESVILLE, IN",39.98195339,-86.03329049,,760708013,Unverified
USGS-03351000,"WHITE RIVER NEAR NORA, IN",39.91059488,-86.1055423,,760711348,Unverified
USGS-03351072,"WILLIAMS CREEK AT 96TH STREET, INDIANAPOLIS, IN",39.926984,-86.1722114,,760495027,Unverified
USGS-03351201,"WHITE RIVER AT INDIANAPOLIS MUSEUM OF ART, IN",39.83115299,-86.1855439,,760693048,Unverified
USGS-03351310,"CROOKED CREEK AT INDIANAPOLIS, IN",39.82976428,-86.2061,,760498359,Unverified
USGS-03351350,"WHITE RIVER AT 16TH STREET AT INDIANAPOLIS, IN",39.78866667,-86.1981111,,760663099,Unverified
USGS-03351500,"FALL CREEK NEAR FORTVILLE, IN",39.9547618,-85.8674803,,760659761,Unverified
USGS-03351710,"FALL CREEK AT 79TH ST AT INDIANAPOLIS, IN",39.8981111,-85.9911111,,760668084,Unverified
USGS-033521504,"SAND CREEK AT 116TH STREET AT FISHERS, IN",39.95694444,-85.9891667,,,Unverified
USGS-03352162,"MUD CREEK AT FISHERS, IN",39.93944444,-85.9997222,,760529970,Unverified
USGS-03352500,"FALL CREEK AT MILLERSVILLE, IN",39.8519851,-86.0874855,,760658104,Unverified
USGS-03352875,"FALL CREEK AT 16TH STREET AT INDIANAPOLIS, IN",39.78877778,-86.1774722,,760681405,Unverified
USGS-03352953,"WHITE RIVER AT MICHIGAN STREET AT INDIANAPOLIS, IN",39.7747654,-86.18970989,,760698046,Unverified
USGS-03352988,"POGUES RUN AT VERMONT STREET AT INDIANAPOLIS, IN",39.77226519,-86.1394306,,760558270,Unverified
USGS-03353000,"WHITE RIVER AT INDIANAPOLIS, IN",39.73713889,-86.1696944,,760716351,Unverified
USGS-03353120,"PLEASANT RUN AT ARLINGTON AV AT INDIANAPOLIS, IN",39.77587579,-86.0638729,,760544961,Unverified
USGS-03353200,"EAGLE CREEK AT ZIONSVILLE, IN",39.94642897,-86.2602702,,760629809,Unverified
USGS-03353415,"SCHOOL BRANCH AT MALONEY ROAD NEAR BROWNSBURG, IN",39.88577778,-86.3554444,,,Unverified
USGS-03353420,"SCHOOL BRANCH AT CR750N AT BROWNSBURG, IN",39.8725833,-86.3615278,,,Unverified
USGS-03353451,"EAGLE CREEK BELOW RESERVOIR AT INDIANAPOLIS, IN",39.82198749,-86.303881,18476791,760618171,Unverified
USGS-03353460,"EAGLE CREEK AT CLERMONT, IN",39.81448764,-86.3052698,,760618171,Unverified
USGS-03353500,"EAGLE CREEK AT INDIANAPOLIS, IN",39.7778212,-86.2502673,,760676413,Unverified
USGS-03353600,"LITTLE EAGLE CREEK AT SPEEDWAY, IN",39.7875431,-86.2280445,,760561596,Unverified
USGS-03353611,"WHITE R. AT STOUT GEN. STN. AT INDIANAPOLIS, IN",39.7144889,-86.2005434,,760696387,Unverified
USGS-03353620,"LICK CREEK AT INDIANAPOLIS, IN",39.70587776,-86.1035963,,760559940,Unverified
USGS-03353638,"LITTLE BUCK CREEK AT TIBBS AV NR INDIANAPOLIS, IN",39.66963889,-86.2156111,,760463431,Unverified
USGS-03353700,"WEST FORK WHITE LICK CREEK AT DANVILLE, IN",39.76413889,-86.5159722,,760541630,Unverified
USGS-03353800,"WHITE LICK CREEK AT MOORESVILLE, IN",39.60876944,-86.3820278,,760603211,Unverified
USGS-03353910,"EAST FORK WHITE LICK CREEK AT MOORESVILLE, IN",39.6283796,-86.357215,,760651465,Unverified
USGS-03354000,"WHITE RIVER NEAR CENTERTON, IN",39.4975477,-86.4005495,,760713044,Unverified
USGS-03357000,"WHITE RIVER AT SPENCER, IN",39.2811561,-86.762228,,760686435,Unverified
USGS-03357330,"BIG WALNUT CREEK NEAR ROACHDALE, IN",39.8162678,-86.7539873,,760586555,Unverified
USGS-03357350,"PLUM CREEK NEAR BAINBRIDGE, IN",39.76171297,-86.7294505,,760413504,Unverified
USGS-03357500,"BIG WALNUT CREEK NEAR REELSVILLE, IN",39.53587705,-86.9761239,,760658128,Unverified
USGS-03358000,"MILL CREEK NEAR CATARACT, IN",39.43355556,-86.76338889,,760551640,Unverified
USGS-03360000,"EEL RIVER AT BOWLING GREEN, IN",39.38407038,-87.0209014,,760719708,Unverified
USGS-03360500,"WHITE RIVER AT NEWBERRY, IN",38.9281111,-87.0192778,,760721405,Unverified
USGS-03360600,"SMOTHERS CREEK NR PLAINVILLE, IN",38.812,-87.1300833,,760468488,Unverified
USGS-03360652,"BEE HUNTER DITCH AT LINTON, IN",39.0368333,-87.1521944,,760486775,Unverified
USGS-03360730,"WHITE RIVER NEAR EDWARDSPORT, IN",38.79505556,-87.2418611,,760728072,Unverified
USGS-03361000,"BIG BLUE RIVER AT CARTHAGE, IN",39.74393356,-85.575808,,760653120,Unverified
USGS-03361440,"LITTLE BLUE RIVER AT SHELBYVILLE, IN",39.52560376,-85.7633124,,760629840,Unverified
USGS-03361500,"BIG BLUE RIVER AT SHELBYVILLE, IN",39.52925,-85.7775278,,760626513,Unverified
USGS-03361605,"BRANDYWINE CREEK AT GREENFIELD, IN",39.7858611,-85.7579722,,760599866,Unverified
USGS-03361617,"BRANDYWINE CREEK NEAR FAIRLAND, IN",39.5395833,-85.8580556,,760684751,Unverified
USGS-03361650,"SUGAR CREEK AT NEW PALESTINE, IN",39.71421068,-85.8855359,,760651453,Unverified
USGS-03361850,"BUCK CREEK AT ACTON, IN",39.65699006,-85.957482,,760596551,Unverified
USGS-03361872,"SUGAR CREEK NEAR BOGGSTOWN, IN",39.56427778,-85.93813889,,760623182,Unverified
USGS-03362000,"YOUNGS CREEK NEAR EDINBURGH, IN",39.4189396,-86.0049889,,760606553,Unverified
USGS-03362500,"SUGAR CREEK NEAR EDINBURGH, IN",39.36091667,-85.9980833,,760628189,Unverified
USGS-03363000,"DRIFTWOOD RIVER NEAR EDINBURGH, IN",39.33921768,-85.9863816,,760718047,Unverified
USGS-03363500,"FLATROCK RIVER AT ST. PAUL, IN",39.4175493,-85.63414249,,760661465,Unverified
USGS-03363900,"FLATROCK RIVER AT COLUMBUS, IN",39.2350514,-85.9266597,,760713063,Unverified
USGS-03364000,"EAST FORK WHITE RIVER AT COLUMBUS, IN",39.2000516,-85.9255464,,760716394,Unverified
USGS-03364042,"HAW CREEK AT HOPE, IN",39.30393967,-85.7747056,,760475106,Unverified
USGS-03364200,"HAW CREEK NEAR CLIFFORD, IN",39.26782898,-85.8561,,760536677,Unverified
USGS-03364500,"CLIFTY CREEK AT HARTSVILLE, IN",39.2747732,-85.7016469,,760598242,Unverified
USGS-03364650,"CLIFTY CREEK NEAR COLUMBUS, IN",39.1853295,-85.8749872,,760694762,Unverified
USGS-03365500,"EAST FORK WHITE RIVER AT SEYMOUR, IN",38.982553,-85.8991444,,760739706,Unverified
USGS-03366500,"MUSCATATUCK RIVER NEAR DEPUTY, IN",38.80422346,-85.673855,,760679816,Unverified
USGS-03368000,"BRUSH CREEK NEAR NEBRASKA, IN",39.07033129,-85.4860766,,760428530,Unverified
USGS-03369500,"VERNON FORK MUSCATATUCK RIVER AT VERNON, IN",38.97644327,-85.61969,,760633211,Unverified
USGS-03371500,"EAST FORK WHITE RIVER NEAR BEDFORD, IN",38.77033029,-86.4097115,,760706445,Unverified
USGS-03371600,"SOUTH FORK SALT CREEK AT KURTZ, IN",38.96302778,-86.2034722,,760493437,Unverified
USGS-03371650,"NORTH FORK SALT CREEK AT NASHVILLE, IN",39.20141667,-86.2471111,,760631530,Unverified
USGS-03373500,"EAST FORK WHITE RIVER AT SHOALS, IN",38.66699568,-86.79194299,,760721425,Unverified
USGS-03373508,"BEAVER CREEK NEAR SHOALS, IN",38.67310707,-86.7449971,,760609938,Unverified
USGS-03373560,"LOST RIVER NEAR PROSPECT, IN",38.581165,-86.5988804,,760583322,Unverified
USGS-03373610,"LICK CREEK AT PAOLI, IN",38.5558333,-86.4758333,,760416924,Unverified
USGS-03373980,"WHITE RIVER ABOVE PETERSBURG, IN",38.52838237,-87.2539017,18471050,760758045,Unverified
USGS-03374000,"WHITE RIVER AT PETERSBURG, IN",38.51088224,-87.2894583,,760683166,Unverified
USGS-03374100,"WHITE RIVER AT HAZLETON, IN",38.4897695,-87.55002269,,760758049,Unverified
USGS-03375500,"PATOKA RIVER AT JASPER, IN",38.41366457,-86.8766636,,760644902,Unverified
USGS-03376300,"PATOKA RIVER AT WINSLOW, IN",38.3803275,-87.21667529,,760689834,Unverified
USGS-03376500,"PATOKA RIVER NEAR PRINCETON, IN",38.39032397,-87.5489109,,760766376,Unverified
USGS-03378500,"WABASH RIVER AT NEW HARMONY, IN",38.130879,-87.941419,,760686524,Unverified
USGS-03378550,"BIG CREEK NEAR WADESVILLE, IN",38.0831111,-87.76963889,,760631615,Unverified
USGS-04092677,"GRAND CALUMET RIVER AT INDUSTRIAL HWY AT GARY, IN",41.60781377,-87.3936506,,,Unverified
USGS-04092750,"INDIANA HARBOR CANAL AT EAST CHICAGO, IN",41.6492023,-87.4686529,,740107443,Unverified
USGS-04093000,"DEEP RIVER AT LAKE GEORGE OUTLET AT HOBART, IN",41.53614807,-87.25697989,,740079227,Unverified
USGS-04094000,"LITTLE CALUMET RIVER AT PORTER, IN",41.6222601,-87.08747769,,740094005,Unverified
USGS-04094400,"SALT CREEK AT VALPARAISO, IN",41.4647222,-87.0705556,,740073854,Unverified
USGS-04095090,"PORTAGE-BURNS WATERWAY AT PORTAGE, IN",41.62225939,-87.1758685,,740116853,Unverified
USGS-04095300,"TRAIL CREEK AT MICHIGAN CITY, IN",41.7167066,-86.85975109,,740091311,Unverified
USGS-04095380,"TRAIL CREEK AT MICHIGAN CITY HARBOR, IN",41.72281688,-86.904197,,740092655,Unverified
USGS-04099510,"PIGEON CREEK NR ANGOLA, IN",41.6344947,-85.109691,,740094004,Unverified
USGS-04099750,"PIGEON RIVER NEAR SCOTT, IN",41.7489396,-85.5763747,,740124911,Unverified
USGS-04100222,"NB ELKHART RIVER AT COSPERVILLE, IN",41.48171619,-85.475537,,740102076,Unverified
USGS-04100500,"ELKHART RIVER AT GOSHEN, IN",41.5933827,-85.8486057,,740128954,Unverified
USGS-04101000,"ST. JOSEPH RIVER AT ELKHART, IN",41.6917158,-85.9750004,,740131633,Unverified
USGS-04101225,"ST. JOSEPH RIVER AT SOUTH BEND, IN",41.72027778,-86.2678333,,740130287,Unverified
USGS-04101370,"JUDY CREEK NEAR SOUTH BEND, IN",41.728659,-86.2627852,,740093999,Unverified
USGS-04177720,"FISH CREEK AT HAMILTON, IN",41.53227275,-84.9035726,,740057721,Unverified
USGS-04179520,"CEDAR CREEK AT 18TH STREET AT AUBURN, IN",41.36004985,-85.049135,,740092676,Unverified
USGS-04180000,"CEDAR CREEK NEAR CEDARVILLE, IN",41.218938,-85.0763589,,740064460,Unverified
USGS-04180500,"ST. JOSEPH RIVER NEAR FORT WAYNE, IN",41.16738889,-85.0740833,,740076560,Unverified
USGS-04180610,"ST. JOSEPH R AT PARNELL AV AT FORT WAYNE, IN",41.10888889,-85.12563889,,740083283,Unverified
USGS-04181100,"BLUE CREEK NR PLEASANT MILLS, IN",40.74699164,-84.8221859,,740032234,Unverified
USGS-04181120,"ST. MARYS RIVER AT PLEASANT MILLS, IN",40.77944444,-84.8423611,,740068520,Unverified
USGS-04181500,"ST. MARYS RIVER AT DECATUR, IN",40.84810299,-84.9377441,,740048355,Unverified
USGS-04182000,"ST. MARYS RIVER NEAR FORT WAYNE, IN",40.9878257,-85.111914,,740065819,Unverified
USGS-04182755,"JUNK DITCH AT FORT WAYNE, IN",41.06027778,-85.1852778,,740042966,Unverified
USGS-04182769,"ST. MARYS RIVER AT MAIN ST. AT FORT WAYNE, IN",41.0786593,-85.1544155,,740075222,Unverified
USGS-04182808,"SPY RUN CREEK NEAR PARK DRIVE AT FORT WAYNE, IN",41.1047705,-85.157749,,740071188,Unverified
USGS-04182900,"MAUMEE RIVER AT FORT WAYNE, IN",41.0825483,-85.115248,,740083285,Unverified
USGS-04182950,"MAUMEE RIVER AT COLISEUM BLVD AT FORT WAYNE, IN",41.0797706,-85.0874696,,740083285,Unverified
USGS-04183000,"MAUMEE RIVER AT NEW HAVEN, IN",41.08504866,-85.0221904,,740084629,Unverified
USGS-04183032,"BLACK CREEK AT BRUSH COLLEGE RD NEAR HARLAN, IN",41.1726,-84.9126,15667203,,Unverified
USGS-04183038,"BLACK CREEK NEAR HARLAN, IN",41.1830833,-84.8696944,,740057743,Unverified
USGS-05515500,"KANKAKEE RIVER AT DAVIS, IN",41.38963889,-86.7061667,,760533186,Unverified
USGS-05516500,"YELLOW RIVER AT PLYMOUTH, IN",41.34032218,-86.3044499,,760563143,Unverified
USGS-05516665,"YELLOW RIVER NEAR OAK GROVE, IN",41.27138889,-86.4666667,,760526540,Unverified
USGS-05517000,"YELLOW RIVER AT KNOX, IN",41.30279685,-86.62053829,,760569802,Unverified
USGS-05517500,"KANKAKEE RIVER AT DUNNS BRIDGE, IN",41.2200392,-86.968356,,760573135,Unverified
USGS-05517530,"KANKAKEE RIVER NR KOUTS, IN",41.2539276,-87.033914,,760677965,Unverified
USGS-05518000,"KANKAKEE RIVER AT SHELBY, IN",41.1828134,-87.3403096,,760644691,Unverified
USGS-05520980,"IROQUOIS RIVER NEAR PARR, IN",41.01275,-87.2431944,,760411746,Unverified
USGS-05522500,"IROQUOIS RIVER AT RENSSELAER, IN",40.9333713,-87.1289112,,760654693,Unverified
USGS-05523865,"CARPENTER CREEK AT REMINGTON, IN",40.7780833,-87.1633611,,,Unverified
USGS-05524500,"IROQUOIS RIVER NEAR FORESMAN, IN",40.87059306,-87.3066912,,760668010,Unverified
USGS-05536179,"HART DITCH AT DYER, IN",41.5078132,-87.51004,,740099390,Unverified
USGS-05536190,"HART DITCH AT MUNSTER, IN",41.5611467,-87.4805959,,740080569,Unverified
USGS-05536195,"LITTLE CALUMET RIVER AT MUNSTER, IN",41.5775,-87.5222222,,,Unverified
USGS-05536356,"GRAND CALUMET RIVER AT COLUMBIA AV AT HAMMOND, IN",41.6186111,-87.4998333,,,Unverified
USGS-05387440,"Upper Iowa River at Bluffton, IA",43.40691316,-91.8990464,13336562,760491433,Unverified
USGS-05387500,"Upper Iowa River at Decorah, IA",43.3048888,-91.7955429,13337306,760562993,Unverified
USGS-05388250,"Upper Iowa River near Dorchester, IA",43.4210841,-91.5087519,13336508,760504745,Unverified
USGS-05389000,"Yellow River near Ion, IA",43.11191667,-91.2651389,13211090,760506431,Unverified
USGS-05389400,"Bloody Run Creek near Marquette, IA",43.04081747,-91.2065192,13211298,760381637,Unverified
USGS-05389500,"Mississippi River at McGregor, IA",43.02701224,-91.1726298,,760564677,Unverified
USGS-05411600,"Turkey River at Spillville, IA",43.20727778,-91.9503333,13308741,760528055,Unverified
USGS-05411850,"Turkey River near Eldorado, IA",43.0541879,-91.8090983,13309075,760564676,Unverified
USGS-05412020,"Turkey River above French Hollow Cr at Elkader, IA",42.84348517,-91.4012767,13311845,760521428,Unverified
USGS-05412400,"Volga River at Littleport, IA",42.7538753,-91.3690252,13312435,760529754,Unverified
USGS-05412500,"Turkey River at Garber, IA",42.7399884,-91.261799,13312489,760533084,Unverified
USGS-05416900,"Maquoketa River at Manchester, IA",42.4699878,-91.4487147,13376223,760493168,Unverified
USGS-05418400,"North Fork Maquoketa River near Fulton, IA",42.1643333,-90.7293333,13374239,760578055,Unverified
USGS-05418500,"Maquoketa River near Maquoketa, IA",42.08335278,-90.6329167,13375649,760534798,Unverified
USGS-05420500,"Mississippi River at Clinton, IA",41.78058635,-90.252073,14809371,760583077,Unverified
USGS-05420680,"Wapsipinicon River near Tripoli, IA",42.83609167,-92.2574,6949292,760558035,Unverified
USGS-05421000,"Wapsipinicon River at Independence, IA",42.46359796,-91.8951722,6950974,760541424,Unverified
USGS-05421740,"Wapsipinicon River near Anamosa, IA",42.0833611,-91.2673889,14794879,760632973,Unverified
USGS-05422000,"Wapsipinicon River near De Witt, IA",41.7669722,-90.5348556,14796105,760684582,Unverified
USGS-05422470,"Crow Creek at Bettendorf, IA",41.55114444,-90.4551306,,,Unverified
USGS-05422600,"Duck Creek at DC Golf Course at Davenport, IA",41.54614409,-90.5240237,14804277,760508215,Unverified
USGS-05449500,"Iowa River near Rowan, IA",42.7599722,-93.6216389,6570940,760538073,Unverified
USGS-05450400,"Iowa River at Steamboat Rock, IA",42.4081111,-93.0729722,6572002,760514802,Unverified
USGS-05451080,"South Fork Iowa River near Blairsburg, IA",42.5436111,-93.5894444,,760414955,Unverified
USGS-05451210,"South Fork Iowa River NE of New Providence, IA",42.31530556,-93.1521944,6572160,760519803,Unverified
USGS-05451500,"Iowa River at Marshalltown, IA",42.06582096,-92.9076997,17539323,760644623,Unverified
USGS-05451700,"Timber Creek near Marshalltown, IA",42.008875,-92.8524194,17539261,760544788,Unverified
USGS-05451770,"Iowa River at County Highway E49 near Tama, IA",41.96425556,-92.63655,17541397,760626326,Unverified
USGS-05451900,"Richland Creek near Haven, IA",41.89943868,-92.474355,17541959,760486556,Unverified
USGS-05452000,"Salt Creek near Elberon, IA",41.9641611,-92.3132417,17543537,760583063,Unverified
USGS-05452200,"Walnut Creek near Hartwick, IA",41.8349969,-92.386297,17543587,760519841,Unverified
USGS-05452500,"Iowa River near Belle Plaine, IA",41.85905556,-92.2779167,17543573,760634655,Unverified
USGS-05453000,"Big Bear Creek at Ladora, IA",41.74944709,-92.1821267,17543645,760559784,Unverified
USGS-05453100,"Iowa River at Marengo, IA",41.81272566,-92.064792,17543597,760676259,Unverified
USGS-05453520,"Iowa River below Coralville Dam nr Coralville, IA",41.71529444,-91.5301667,11916389,760623017,Unverified
USGS-05454000,"Rapid Creek near Iowa City, IA",41.70001667,-91.4876667,11915429,760523179,Unverified
USGS-05454090,"Muddy Creek at Coralville, IA",41.7,-91.5627778,11915407,,Unverified
USGS-05454220,"Clear Creek near Oxford, IA",41.71834444,-91.7401722,11915379,760504874,Unverified
USGS-05454300,"Clear Creek near Coralville, IA",41.67668056,-91.5987778,11915507,760468268,Unverified
USGS-05454500,"Iowa River at Iowa City, IA",41.6566833,-91.541,11916315,760637998,Unverified
USGS-05455010,"South Branch Ralston Creek at Iowa City, IA",41.65140556,-91.5076639,,760415022,Unverified
USGS-05455100,"Old Mans Creek near Iowa City, IA",41.60640556,-91.6157222,11915787,760549810,Unverified
USGS-05455500,"English River at Kalona, IA",41.4697387,-91.7146129,11918423,760626365,Unverified
USGS-05455700,"Iowa River near Lone Tree, IA",41.42377778,-91.4785278,11919685,760659648,Unverified
USGS-05457700,"Cedar River at Charles City, IA",43.06219444,-92.6738833,7016523,760551363,Unverified
USGS-05458000,"Little Cedar River near Ionia, IA",43.03327778,-92.5035444,7016531,760543045,Unverified
USGS-05458300,"Cedar River at Waverly, IA",42.7372222,-92.4700917,7017471,760536410,Unverified
USGS-05458500,"Cedar River at Janesville, IA",42.64831667,-92.4651861,7017505,760544737,Unverified
USGS-05458900,"West Fork Cedar River at Finchford, IA",42.62942778,-92.5435222,2165301,760534757,Unverified
USGS-05459500,"Winnebago River at Mason City, IA",43.165,-93.1925,937080094,760521403,Unverified
USGS-05462000,"Shell Rock River at Shell Rock, IA",42.711925,-92.5829667,6561217,760579678,Unverified
USGS-05463000,"Beaver Creek at New Hartford, IA",42.572,-92.6182778,22471721,760538089,Unverified
USGS-05463050,"Cedar River at Cedar Falls, IA",42.53756944,-92.4434917,937080141,760549738,Unverified
USGS-05463500,"Black Hawk Creek at Hudson, IA",42.40776389,-92.4632472,22474681,760513142,Unverified
USGS-05464000,"Cedar River at Waterloo, IA",42.49554444,-92.3343472,937080146,760546414,Unverified
USGS-05464220,"Wolf Creek near Dysart, IA",42.25152778,-92.2988889,22476707,760593026,Unverified
USGS-05464315,"Cedar River at Vinton, IA",42.17082778,-92.0237944,22477067,760603015,Unverified
USGS-05464420,"Cedar River at Blairs Ferry Road at Palo, IA",42.06916389,-91.7851806,22473833,760662927,Unverified
USGS-05464475,"Morgan Creek near Covington, IA",41.98941597,-91.7595985,22477673,760280215,Unverified
USGS-05464500,"Cedar River at Cedar Rapids, IA",41.97194549,-91.6671239,22477695,760656278,Unverified
USGS-05464695,"Indian Creek at Marion, IA",42.03094444,-91.6118611,17554979,760559762,Unverified
USGS-05464730,"Cedar River below Indian Creek at Cedar Rapids, IA",41.963,-91.5770833,17556771,760644634,Unverified
USGS-05464780,"Cedar River at Cedar Bluff, IA",41.7872222,-91.31375,17556947,760626340,Unverified
USGS-0546494170,"WB Wapsinonoc Cr at College St at West Branch, IA",41.6735833,-91.3436944,,760381742,Unverified
USGS-05465000,"Cedar River near Conesville, IA",41.40919167,-91.2904306,17557695,760662976,Unverified
USGS-05465100,"Iowa River at Columbus Junction, IA",41.27835889,-91.3468216,11919769,760709579,Unverified
USGS-05465500,"Iowa River at Wapello, IA",41.1780861,-91.1820917,11919825,760679635,Unverified
USGS-05465700,"Iowa River at Oakville, IA",41.10319444,-91.0635278,11923655,760707929,Unverified
USGS-05470000,"South Skunk River near Ames, IA",42.0665833,-93.62025,6978934,760589711,Unverified
USGS-05470500,"Ioway Creek at Ames, IA",42.02255556,-93.6305,6979014,760573074,Unverified
USGS-05471000,"South Skunk River below Ioway Creek near Ames, IA",42.0082222,-93.5959722,6979048,760584724,Unverified
USGS-05471050,"South Skunk River at Colfax, IA",41.68180556,-93.2468333,6987834,760609709,Unverified
USGS-05471200,"Indian Creek near Mingo, IA",41.8057222,-93.3086944,6981152,760621347,Unverified
USGS-05471500,"South Skunk River near Oskaloosa, IA",41.35570278,-92.6573556,6984030,760534854,Unverified
USGS-05472500,"North Skunk River near Sigourney, IA",41.30084444,-92.2046222,6996297,760633034,Unverified
USGS-05473400,"Cedar Creek near Oakland Mills, IA",40.92530278,-91.6742167,7005420,760676327,Unverified
USGS-05473450,"Big Creek North of Mount Pleasant, IA",41.0069727,-91.5515497,7003470,760466657,Unverified
USGS-05474000,"Skunk River at Augusta, IA",40.75365,-91.2770889,7006146,760711283,Unverified
USGS-05476500,"Des Moines River at Estherville, IA",43.39925,-94.846,,760508073,Unverified
USGS-05476590,"Des Moines River at Emmetsburg, IA",43.1264722,-94.7072222,6587219,760669502,Unverified
USGS-05476750,"Des Moines River at Humboldt, IA",42.71944444,-94.2202778,6588281,760533085,Unverified
USGS-05478265,"East Fork Des Moines River near Algona, IA",43.08266667,-94.2305556,6591302,760529729,Unverified
USGS-05479000,"East Fork Des Moines River at Dakota City, IA",42.7236111,-94.19325,6591838,760543068,Unverified
USGS-05480500,"Des Moines River at Fort Dodge, IA",42.5083333,-94.2033333,6594454,760619629,Unverified
USGS-05480820,"Boone River near Goldfield, IA",42.72441389,-93.9466944,6603048,760503132,Unverified
USGS-05481000,"Boone River near Webster City, IA",42.4319722,-93.8059444,6603910,760483187,Unverified
USGS-05481300,"Des Moines River near Stratford, IA",42.25225,-93.9974667,6595152,760671233,Unverified
USGS-05481650,"Des Moines River near Saylorville, IA",41.6803333,-93.6676111,6597718,760669610,Unverified
USGS-05481950,"Beaver Creek near Grimes, IA",41.6883333,-93.7347222,6597300,760564780,Unverified
USGS-05482000,"Des Moines River at 2nd Avenue at Des Moines, IA",41.61194444,-93.6197222,6597748,760687921,Unverified
USGS-05482300,"North Raccoon River near Sac City, IA",42.35455556,-94.9910278,6608106,760514806,Unverified
USGS-05482500,"North Raccoon River near Jefferson, IA",41.9878611,-94.3770833,6610484,760657941,Unverified
USGS-05483450,"Middle Raccoon River near Bayard, IA",41.7790833,-94.493,6621598,760526501,Unverified
USGS-05483600,"Middle Raccoon River at Panora, IA",41.68741667,-94.3710556,6621656,760599725,Unverified
USGS-05484000,"South Raccoon River at Redfield, IA",41.59041667,-94.1511667,6621006,760198707,Unverified
USGS-05484500,"Raccoon River at Van Meter, IA",41.53402778,-93.9497778,6610166,760619703,Unverified
USGS-05484600,"Raccoon River near West Des Moines, IA",41.5281111,-93.7818611,6610162,760681272,Unverified
USGS-05484650,"Raccoon River at 63rd Street at Des Moines, IA",41.56166667,-93.7033333,6610248,760583093,Unverified
USGS-05484800,"Walnut Creek at Des Moines, IA",41.5874722,-93.7033056,6609844,760601395,Unverified
USGS-05484900,"Raccoon River at Fleur Drive at Des Moines, IA",41.5815,-93.6426667,6610140,760613046,Unverified
USGS-05485500,"Des Moines River blw Raccoon Riv at Des Moines, IA",41.5785833,-93.6056111,22249381,760591413,Unverified
USGS-05485605,"Fourmile Creek near Ankeny, IA DS1",41.7173333,-93.5696111,22248777,760513193,Unverified
USGS-05485640,"Fourmile Creek at Des Moines, IA",41.61380556,-93.5455278,22248913,760598065,Unverified
USGS-05486000,"North River near Norwalk, IA",41.4581111,-93.6549722,22250473,760554814,Unverified
USGS-05486490,"Middle River near Indianola, IA",41.4243611,-93.5873056,22253619,760631360,Unverified
USGS-05487470,"South River near Ackworth, IA",41.33788889,-93.4864167,22251347,760594759,Unverified
USGS-05487520,"Des Moines River near Swan, IA",41.48938889,-93.2782222,22250253,760603067,Unverified
USGS-05487980,"White Breast Creek near Dallas, IA",41.24644444,-93.2901389,22251995,760584782,Unverified
USGS-05488110,"Des Moines River near Pella, IA",41.36416667,-92.9754722,4995175,760664644,Unverified
USGS-05488200,"English Creek near Knoxville, IA",41.30038889,-93.0449167,4995875,760623051,Unverified
USGS-05488500,"Des Moines River near Tracy, IA",41.2813611,-92.8608222,4995213,760664650,Unverified
USGS-05489000,"Cedar Creek near Bussey, IA",41.2191111,-92.9088333,4994047,760656336,Unverified
USGS-05489200,"Des Moines River at Eddyville, IA",41.1558422,-92.6388033,4995345,760636373,Unverified
USGS-05489500,"Des Moines River at Ottumwa, IA",41.0108472,-92.4112917,4995479,760684639,Unverified
USGS-05490500,"Des Moines River at Keosauqua, IA",40.72780556,-91.9596139,4998271,760681334,Unverified
USGS-06483290,"Rock River below Tom Creek at Rock Rapids, IA",43.42313889,-96.1649167,7242391,760601255,Unverified
USGS-06483500,"Rock River near Rock Valley, IA",43.2150833,-96.2950278,7242913,760594615,Unverified
USGS-06485500,"BIG SIOUX RIVER AT AKRON, IA",42.8375091,-96.5619306,7226820,760574676,Unverified
USGS-06485950,"BIG SIOUX RIVER AT SIOUX CITY, IA",42.52443909,-96.480503,7226854,760573035,Unverified
USGS-06599900,"Perry Creek near Millnerville, IA",42.6933333,-96.3703056,,760439902,Unverified
USGS-06599950,"Perry Creek near Hinton, IA",42.6197153,-96.3725279,,760449891,Unverified
USGS-06600000,"Perry Creek at 38th Street at Sioux City, IA",42.5352222,-96.4104444,,760523115,Unverified
USGS-06600100,"Floyd River at Alton, IA",42.98280556,-96.0003333,17241960,760486473,Unverified
USGS-06600300,"West Branch Floyd River near Struble, IA",42.92387695,-96.1769661,,760539726,Unverified
USGS-06600500,"Floyd River at James, IA",42.57638889,-96.3115556,17240094,760546408,Unverified
USGS-06601200,"Missouri River at Decatur, NE",42.0078333,-96.2429167,17244488,760601363,Unverified
USGS-06602400,"Monona-Harrison Ditch near Turin, IA",41.96491667,-95.99175,14626230,760644631,Unverified
USGS-06605000,"Ocheyedan River near Spencer, IA",43.12766667,-95.2104444,14621218,760607934,Unverified
USGS-06605850,"Little Sioux River at Linn Grove, IA",42.89630556,-95.243,14623352,760657872,Unverified
USGS-06606600,"Little Sioux River at Correctionville, IA",42.4822222,-95.7925278,14624658,760543087,Unverified
USGS-06607200,"Maple River at Mapleton, IA",42.15677778,-95.8102778,17227027,760566408,Unverified
USGS-06607500,"Little Sioux River near Turin, IA",41.96502778,-95.97225,14626246,760676247,Unverified
USGS-06608500,"Soldier River at Pisgah, IA",41.8305833,-95.93225,17246982,760608033,Unverified
USGS-06609500,"Boyer River at Logan, IA",41.64169444,-95.7823333,17208706,760651311,Unverified
USGS-06807410,"West Nishnabotna River at Hancock, IA",41.3901111,-95.3720556,19209621,760548162,Unverified
USGS-06808500,"West Nishnabotna River at Randolph, IA",40.87327778,-95.5814444,19210063,760656361,Unverified
USGS-06809210,"East Nishnabotna River near Atlantic, IA",41.346,-95.0768611,19166273,760591429,Unverified
USGS-06809500,"East Nishnabotna River at Red Oak, IA",41.00902778,-95.2413611,19166807,760654686,Unverified
USGS-06810000,"Nishnabotna River above Hamburg, IA",40.60119444,-95.6445,659674,760726271,Unverified
USGS-06817000,"Nodaway River at Clarinda, IA",40.7432222,-95.0145278,19129083,760601460,Unverified
USGS-06817300,"East Nodaway River at Highway 2 near Clarinda, IA",40.7274722,-94.98025,2500377,760668021,Unverified
USGS-06819185,"East Fork 102 River at Bedford, IA",40.6609722,-94.7163056,3722745,760588153,Unverified
USGS-06898000,"Thompson River at Davis City, IA",40.64027778,-93.8080556,5138325,760674683,Unverified
USGS-06903400,"Chariton River near Chariton, IA",40.9519722,-93.2598889,5124308,760626404,Unverified
USGS-06903700,"South Fork Chariton River near Promise City, IA",40.80044444,-93.1926861,5123830,760603120,Unverified
USGS-06903900,"Chariton River near Rathbun, IA",40.8218611,-92.8909722,940280023,760634734,Unverified
USGS-06903990,"Cooper Creek at Centerville, IA",40.75091667,-92.8582222,5122370,760593139,Unverified
USGS-06904010,"Chariton River near Moulton, IA",40.69252778,-92.7725833,5121686,760626423,Unverified
USGS-06814000,"TURKEY C NR SENECA, KS",39.9477773,-96.1086149,19158238,760694705,Unverified
USGS-06827000,"SF REPUBLICAN R NR CO-KS ST LINE, KS",39.67184444,-102.0132611,11699186,760663110,Unverified
USGS-06845110,"SAPPA C NR LYLE, KS",40.0016,-99.9924889,14610834,760666414,Unverified
USGS-06846500,"BEAVER C AT CEDAR BLUFFS, KS",39.98500557,-100.560148,8164854,760696367,Unverified
USGS-06847900,"PRAIRIE DOG C AB KEITH SEBELIUS LAKE, KS",39.769727,-100.1006875,8364344,760736319,Unverified
USGS-06848500,"PRAIRIE DOG C NR WOODRUFF, KS",39.978775,-99.4781028,8366572,,Unverified
USGS-06853500,"REPUBLICAN R NR HARDY, NE",39.9936611,-97.9318583,19018751,760674734,Unverified
USGS-06853800,"WHITE ROCK C NR BURR OAK, KS",39.89918,-98.2503276,19017621,760666421,Unverified
USGS-06854500,"REPUBLICAN R AT SCANDIA, KS",39.79873,-97.7931266,5924798,760809532,Unverified
USGS-06855850,"BUFFALO C 4 MI E OF JAMESTOWN, KS",39.59258056,-97.7814333,5923734,760668108,Unverified
USGS-06856000,"REPUBLICAN R AT CONCORDIA, KS",39.58866944,-97.6582056,5924924,760731340,Unverified
USGS-06856600,"REPUBLICAN R AT CLAY CENTER, KS",39.3555515,-97.1275203,5926514,760769630,Unverified
USGS-06857100,"REPUBLICAN R AT JUNCTION CITY, KS",39.0427758,-96.8294533,5927182,760659830,Unverified
USGS-06860000,"SMOKY HILL R AT ELKADER, KS",38.7947354,-100.8584796,18949635,760791305,Unverified
USGS-06860900,"HACKBERRY C NR TREGO CENTER, KS",38.83950556,-100.0585139,18939644,760766340,Unverified
USGS-06861000,"SMOKY HILL R NR ARNOLD, KS",38.80778889,-100.0222667,18949591,760733064,Unverified
USGS-06862700,"SMOKY HILL R NR SCHOENCHEN, KS",38.71167927,-99.3470492,18911435,760694800,Unverified
USGS-06862850,"SMOKY HILL R BL SCHOENCHEN, KS",38.71223475,-99.292325,18911409,760786319,Unverified
USGS-06863000,"SMOKY HILL R AT PFEIFER, KS",38.7147345,-99.1537086,940260253,760703120,Unverified
USGS-06863420,"BIG C NR ELLIS, KS",38.9233333,-99.6508333,7317820,760728064,Unverified
USGS-06863500,"BIG C NR HAYS, KS",38.852234,-99.3181589,7318204,760763012,Unverified
USGS-06864000,"SMOKY HILL R NR RUSSELL, KS",38.7766781,-98.8548066,18914017,760744714,Unverified
USGS-06864500,"SMOKY HILL R AT ELLSWORTH, KS",38.72667589,-98.2336684,18915569,760794639,Unverified
USGS-06865500,"SMOKY HILL R NR LANGLEY, KS",38.61146944,-97.9525639,25068899,760749719,Unverified
USGS-06866000,"SMOKY HILL R AT LINDSBORG, KS",38.56380659,-97.6664947,18887146,760736411,Unverified
USGS-06866500,"SMOKY HILL R NR MENTOR, KS",38.7111152,-97.5717015,18884376,760738065,Unverified
USGS-06866900,"SALINE R NR WAKEENEY, KS",39.1061861,-99.86955,7328002,760686449,Unverified
USGS-06867000,"SALINE R NR RUSSELL, KS",38.9658611,-98.8540917,7331192,760726397,Unverified
USGS-06867500,"PARADISE C NR PARADISE, KS",39.05919167,-98.8422917,7329898,760686452,Unverified
USGS-06868200,"SALINE R AT WILSON DAM, KS",38.9747332,-98.4903429,18867596,760758015,Unverified
USGS-06868850,"SALINE R AT LINCOLN, KS",39.02831944,-98.1501667,18865300,760703095,Unverified
USGS-06869500,"SALINE R AT TESCOTT, KS",39.0037861,-97.8733944,18866012,760756345,Unverified
USGS-06869950,"MULBERRY C NR SALINA, KS",38.8444476,-97.6683699,18869658,760683142,Unverified
USGS-06870200,"SMOKY HILL R AT NEW CAMBRIA, KS",38.8639972,-97.4831556,,760749701,Unverified
USGS-06870300,"GYPSUM C NR GYPSUM, KS",38.62726389,-97.4275583,18885324,760668183,Unverified
USGS-06871000,"NF SOLOMON R AT GLADE, KS",39.67284444,-99.3092389,7345773,760701382,Unverified
USGS-06871500,"BOW C NR STOCKTON, KS",39.56028889,-99.2855722,7346887,760777935,Unverified
USGS-06872500,"NF SOLOMON R AT PORTIS, KS",39.55300278,-98.6923222,18852688,760802895,Unverified
USGS-06873000,"SF SOLOMON R AB WEBSTER RE, KS",39.37667456,-99.5801096,5944461,760678109,Unverified
USGS-06873460,"SF SOLOMON R AT WOODSTON, KS",39.4397325,-99.1017567,940260185,760653144,Unverified
USGS-06874000,"SF SOLOMON R AT OSBORNE, KS",39.42778826,-98.6942395,5955735,760724697,Unverified
USGS-06875900,"SOLOMON R NR GLEN ELDER, KS",39.4738987,-98.2836658,3536017,760713045,Unverified
USGS-06876000,"SOLOMON R AT BELOIT, KS",39.45450957,-98.1098985,3536087,760757975,Unverified
USGS-06876440,"SOLOMON R NR MINNEAPOLIS, KS",39.12002778,-97.7112889,3539305,760698096,Unverified
USGS-06876700,"SALT C NR ADA, KS",39.13912778,-97.83655,3539121,760651503,Unverified
USGS-06876900,"SOLOMON R AT NILES, KS",38.96899167,-97.4770444,3541375,760744699,Unverified
USGS-06877600,"SMOKY HILL R AT ENTERPRISE, KS",38.90638906,-97.1177952,18887262,760769665,Unverified
USGS-06878000,"CHAPMAN C NR CHAPMAN, KS",39.031109,-97.0402922,18880718,760619894,Unverified
USGS-06878600,"LYON C NR JUNCTION CITY, KS",38.94916667,-96.8580556,18888354,760701439,Unverified
USGS-06879100,"KANSAS R AT FORT RILEY, KS",39.06166457,-96.7663963,18841770,760663158,Unverified
USGS-06879650,"KINGS C NR MANHATTAN, KS",39.102075,-96.5946889,18841318,760440178,Unverified
USGS-06879810,"WILDCAT C AT SCENIC DRIVE, MANHATTAN, KS",39.18838889,-96.6425556,18841166,760688107,Unverified
USGS-06882510,"BIG BLUE R AT MARYSVILLE, KS",39.8419463,-96.6622425,2277309,760732984,Unverified
USGS-06884025,"Little Blue River at Hollenberg, KS",39.98027778,-97.0047222,4024569,760678063,Unverified
USGS-06884200,"MILL C AT WASHINGTON, KS",39.81361476,-97.0375267,4024117,760744636,Unverified
USGS-06884400,"L BLUE R NR BARNES, KS",39.72583518,-96.8047432,4024827,760742978,Unverified
USGS-06885500,"BLACK VERMILLION R NR FRANKFORT, KS",39.68194349,-96.4427888,2277053,760636485,Unverified
USGS-06886500,"FANCY C AT WINKLER, KS",39.47222064,-96.8322357,2278259,760584918,Unverified
USGS-06887000,"BIG BLUE R NR MANHATTAN, KS",39.2372186,-96.5713918,2279137,760731367,Unverified
USGS-06887500,"KANSAS R AT WAMEGO, KS",39.19833014,-96.3055532,3644438,760716396,Unverified
USGS-06888000,"VERMILLION C NR WAMEGO, KS",39.34777386,-96.2174979,3642310,760688094,Unverified
USGS-06888300,"ROCK C NR LOUISVILLE, KS",39.24916286,-96.3149982,3644256,760636518,Unverified
USGS-06888350,"KANSAS R NR BELVUE, KS",39.19305265,-96.1474945,3644456,760781291,Unverified
USGS-06888500,"MILL C NR PAXICO, KS",39.06472106,-96.1691605,3643688,760681461,Unverified
USGS-06888990,"KANSAS R AB TOPEKA WEIR AT TOPEKA, KS",39.07194435,-95.7163715,3646792,760746356,Unverified
USGS-06889000,"KANSAS R AT TOPEKA, KS",39.0666666,-95.6497028,3646844,760748020,Unverified
USGS-06889160,"SOLDIER C NR CIRCLEVILLE, KS",39.4631449,-95.9505944,,760554966,Unverified
USGS-06889200,"SOLDIER C NR DELIA, KS",39.23833024,-95.8885992,3645554,760674791,Unverified
USGS-06889500,"SOLDIER C NR TOPEKA, KS",39.0994439,-95.7249828,3646124,760686450,Unverified
USGS-06889630,"SHUNGANUNGA C AT TOPEKA, KS",39.02972276,-95.685815,3646432,760521720,Unverified
USGS-06890100,"DELAWARE R NR MUSCOTAH, KS",39.5213873,-95.532756,745717,760633168,Unverified
USGS-06890900,"DELAWARE R AT PERRY, KS",39.07500017,-95.4038634,748073,760698098,Unverified
USGS-06891000,"KANSAS R AT LECOMPTON, KS",39.05111157,-95.3863633,3729199,760786293,Unverified
USGS-06891080,"KANSAS R AT LAWRENCE, KS",38.97327778,-95.2321111,3737637,760758011,Unverified
USGS-06891260,"WAKARUSA R NR RICHLAND, KS",38.89194444,-95.5944444,3732321,760643202,Unverified
USGS-06891500,"WAKARUSA R NR LAWRENCE, KS",38.9113923,-95.261084,3733307,760678144,Unverified
USGS-06891850,"STRANGER C AT EASTON, KS",39.3464082,-95.1088678,3728525,760691422,Unverified
USGS-06892000,"STRANGER C NR TONGANOXIE, KS",39.1163912,-95.0108006,3729049,760653168,Unverified
USGS-06892350,"KANSAS R AT DESOTO, KS",38.9833375,-94.9646893,3730399,760764667,Unverified
USGS-06892360,"KILL C AT 95TH ST NR DESOTO, KS",38.95666667,-94.9736111,3730091,760528384,Unverified
USGS-06892495,"CEDAR C NR DESOTO, KS",38.97805556,-94.9227778,3730031,760624892,Unverified
USGS-06892513,"MILL C AT JOHNSON DRIVE, SHAWNEE, KS",39.02916667,-94.8172222,3727673,760604920,Unverified
USGS-06892518,"KANSAS R NR LAKE QUIVIRA, KS",39.0461111,-94.7894444,3727857,760679798,Unverified
USGS-06893080,"BLUE R NR STANLEY, KS",38.8125082,-94.6757906,4393405,760613256,Unverified
USGS-06893100,"BLUE R AT KENNETH RD, OVERLAND PARK, KS",38.8422222,-94.6122222,4393325,760644871,Unverified
USGS-06893300,"INDIAN C AT OVERLAND PARK, KS",38.9405621,-94.6713469,4392793,760616574,Unverified
USGS-06893350,"TOMAHAWK C NR OVERLAND PARK, KS",38.9061111,-94.64,4392993,760463490,Unverified
USGS-06893390,"INDIAN C AT STATE LINE RD, LEAWOOD, KS",38.9383333,-94.6077778,4392783,760599935,Unverified
USGS-06910800,"MARAIS DES CYGNES R NR READING, KS",38.56695524,-95.961657,10116766,760649883,Unverified
USGS-06911000,"MARAIS DES CYGNES R AT MELVERN, KS",38.5161111,-95.6961111,10117304,760639903,Unverified
USGS-06911490,"SALT C AT LYNDON, KS",38.60139907,-95.6847068,10116456,760668184,Unverified
USGS-06911900,"DRAGOON C NR BURLINGAME, KS",38.7091737,-95.8383205,10117754,760684815,Unverified
USGS-06912500,"HUNDRED AND TEN MILE C NR QUENEMO, KS",38.6450089,-95.5597037,10116002,760651540,Unverified
USGS-06913000,"MARAIS DES CYGNES R NR POMONA, KS",38.5841777,-95.4535902,10116676,760701465,Unverified
USGS-06913500,"MARAIS DES CYGNES R NR OTTAWA, KS",38.61806669,-95.2683071,10116308,760721431,Unverified
USGS-06914000,"POTTAWATOMIE C NR GARNETT, KS",38.333631,-95.2488634,10125524,760678189,Unverified
USGS-06914500,"POTTAWATOMIE C AT LANE, KS",38.4439057,-95.084136,10123668,760698148,Unverified
USGS-06914950,"BIG BULL C NR EDGERTON, KS",38.75334168,-94.977188,2993494,760608268,Unverified
USGS-06914990,"L BULL C NR SPRING HILL, KS",38.7675084,-94.8794073,2992636,760446859,Unverified
USGS-06915000,"BIG BULL C NR HILLSDALE, KS",38.6563999,-94.8963521,2992884,760678164,Unverified
USGS-06915800,"MARAIS DES CYGNES R AT LA CYGNE, KS",38.34529858,-94.7724591,2996508,760711466,Unverified
USGS-06916600,"MARAIS DES CYGNES R NR KS-MO ST LINE, KS",38.2186367,-94.6130113,2997076,760703157,Unverified
USGS-06917000,"L OSAGE R AT FULTON, KS",38.00892428,-94.7041264,7359831,760495174,Unverified
USGS-06917240,"MARMATON R NR UNIONTOWN, KS",37.83559565,-94.981361,7366813,760606675,Unverified
USGS-06917500,"MARMATON R NR FORT SCOTT, KS",37.848929,-94.7027392,7367109,760636624,Unverified
USGS-07137000,"FRONTIER DITCH NR COOLIDGE, KS",38.0383503,-102.039078,1595629,,Unverified
USGS-07137010,"FRONTIER DITCH RETURN NR COOLIDGE, KS",38.03139167,-101.934925,21248258,,Unverified
USGS-07137500,"ARKANSAS R NR COOLIDGE, KS",38.02751727,-102.011577,21247638,760718148,Unverified
USGS-07138000,"ARKANSAS R AT SYRACUSE, KS",37.96613038,-101.7568467,21251316,760728137,Unverified
USGS-07138020,"ARKANSAS R AT KENDALL, KS",37.93002065,-101.5493401,941030315,760706507,Unverified
USGS-07138050,"AMAZON GREAT EASTERN DITCH NR LAKIN, KS",37.89723858,-101.4412815,21251404,760646606,Unverified
USGS-07138063,"SOUTHSIDE DITCH NR LAKIN, KS",37.8722397,-101.3587818,941030371,,Unverified
USGS-07138064,"SOUTHSIDE DITCH RETURN NR DEERFIELD, KS",37.9598611,-101.1207222,21250364,,Unverified
USGS-07138070,"ARKANSAS R AT DEERFIELD, KS",37.9697438,-101.1287719,21251336,760729800,Unverified
USGS-07138075,"FARMERS DITCH NR DEERFIELD, KS",37.99807888,-101.0607228,21250038,760075846,Unverified
USGS-07139000,"ARKANSAS R AT GARDEN CITY, KS",37.9558565,-100.8773844,21251514,760738121,Unverified
USGS-07140850,"PAWNEE R NR BURDETT, KS",38.2066829,-99.6434539,21226763,760666550,Unverified
USGS-07140880,"BUCKNER C AB HORSETHIEF RE NR JETMORE, KS",38.04916667,-100.0822222,21214305,760633282,Unverified
USGS-07140890,"BUCKNER C BL HORSETHIEF RE NR JETMORE, KS",38.06027778,-100.0452778,21214285,760518464,Unverified
USGS-07140900,"BUCKNER C NR JETMORE, KS",38.07555556,-99.9166778,21215289,760726465,Unverified
USGS-07141000,"BUCKNER C AT HANSTON, KS",38.11835078,-99.7165124,21215765,760704832,Unverified
USGS-07141200,"PAWNEE R AT ROZEL, KS",38.20758889,-99.405775,21226759,760681526,Unverified
USGS-07141220,"ARKANSAS R NR LARNED, KS",38.20380278,-99.00165,22079907,760744760,Unverified
USGS-07141300,"ARKANSAS R AT GREAT BEND, KS",38.35306787,-98.7642519,22080869,760807980,Unverified
USGS-07141780,"WALNUT C AT NEKOMA, KS",38.47721389,-99.4375472,21199362,760696482,Unverified
USGS-07141900,"WALNUT C AT ALBERT, KS",38.46170278,-99.0144361,941030208,760807971,Unverified
USGS-07142019,"CHEYENNE BOTTOMS DV NR GREAT BEND, KS",38.44778957,-98.7570282,21187401,,Unverified
USGS-07142300,"RATTLESNAKE C NR MACKSVILLE, KS",37.8715361,-98.8758056,21195628,760699855,Unverified
USGS-07142575,"RATTLESNAKE C NR ZENITH, KS",38.09363056,-98.5461389,21194132,760723135,Unverified
USGS-07142680,"ARKANSAS R NR NICKERSON, KS",38.1450113,-98.111169,941030323,760764729,Unverified
USGS-07143300,"COW C NR LYONS, KS",38.30951667,-98.192575,21187051,760591662,Unverified
USGS-07143330,"ARKANSAS R NR HUTCHINSON, KS",37.94614167,-97.7751194,22077735,760746441,Unverified
USGS-07143350,"ARKANSAS R NR BENTLEY, KS",37.84251179,-97.5192112,,760718160,Unverified
USGS-07143375,"ARKANSAS R NR MAIZE, KS",37.78140109,-97.3897665,22077857,760716501,Unverified
USGS-07143665,"L ARKANSAS R AT ALTA MILLS, KS",38.1122326,-97.591987,21176042,760678205,Unverified
USGS-07143672,"L ARKANSAS R AT HWY 50 NR HALSTEAD, KS",38.02853056,-97.5405417,21176300,760658244,Unverified
USGS-07144050,"EMMA C AT SEDGWICK, KS",37.98516667,-97.4457333,21176984,760616646,Unverified
USGS-07144100,"L ARKANSAS R NR SEDGWICK, KS",37.88306739,-97.4244864,21177172,760684877,Unverified
USGS-07144200,"L ARKANSAS R AT VALLEY CENTER, KS",37.8321722,-97.3885694,21177332,760659922,Unverified
USGS-07144201,"FLOODWAY AT L ARKANSAS R AT VALLEY CENTER, KS",37.83935,-97.4074556,21177328,,Unverified
USGS-07144300,"ARKANSAS R AT WICHITA, KS",37.6433222,-97.3351944,21165561,760718176,Unverified
USGS-07144301,"FLOODWAY AT ARKANSAS R AT WICHITA, KS",37.7161242,-97.4022677,21165435,760595033,Unverified
USGS-07144325,"GYPSUM C AT OLIVER ST, WICHITA, KS",37.64695967,-97.2805998,21165009,760440287,Unverified
USGS-07144480,"COWSKIN C AT 119TH ST AT WICHITA, KS",37.70169444,-97.4806139,21165441,760638299,Unverified
USGS-07144486,"CALFSKIN C AT 119TH ST, WICHITA, KS",37.673675,-97.4808194,21164961,760463583,Unverified
USGS-07144490,"COWSKIN C AT KELLOGG ST, WICHITA, KS",37.6657111,-97.4576139,21165001,760651615,Unverified
USGS-07144550,"ARKANSAS R AT DERBY, KS",37.54430556,-97.2755694,21165603,760779752,Unverified
USGS-07144570,"ARKANSAS R AT MULVANE, KS",37.4755222,-97.2615472,21166791,760679916,Unverified
USGS-07144780,"NF NINNESCAH R AB CHENEY RE, KS",37.8621972,-98.0137806,21159337,760651601,Unverified
USGS-07144910,"SF NINNESCAH R NR PRATT, KS",37.637796,-98.7209237,21149364,760580066,Unverified
USGS-07145200,"SF NINNESCAH R NR MURDOCK, KS",37.561683,-97.8531094,21152052,760743144,Unverified
USGS-07145500,"NINNESCAH R NR PECK, KS",37.45696389,-97.4235556,21145240,760648303,Unverified
USGS-07145600,"ARKANSAS R ON HWY 160 AT OXFORD, KS",37.2744861,-97.1629139,21166841,760718205,Unverified
USGS-07145700,"SLATE C AT WELLINGTON, KS",37.24946707,-97.4036569,21166753,760555135,Unverified
USGS-07146500,"ARKANSAS R AT ARKANSAS CITY, KS",37.0375083,-97.0392194,21166661,760711567,Unverified
USGS-07146800,"WB WALNUT R NR EL DORADO, KS",37.82666667,-96.8491667,20081438,760591699,Unverified
USGS-07147070,"WHITEWATER R AT TOWANDA, KS",37.79602778,-97.0143222,20078342,760641621,Unverified
USGS-07147800,"WALNUT R AT WINFIELD, KS",37.22440278,-96.9956889,21135947,760694912,Unverified
USGS-07148111,"GROUSE C NR SILVERDALE, KS",37.04844444,-96.8913056,21037175,760664975,Unverified
USGS-07149000,"MEDICINE LODGE R NR KIOWA, KS",37.03890556,-98.4701556,21014649,760678286,Unverified
USGS-07151500,"CHIKASKIA R NR CORBIN, KS",37.12868889,-97.6015694,20987715,760711560,Unverified
USGS-07155590,"CIMARRON R NR ELKHART, KS",37.12196746,-101.8979456,21114115,760646665,Unverified
USGS-07156900,"Cimarron River near Forgan, OK",37.0111372,-100.4918171,941040163,760671634,Unverified
USGS-07157500,"CROOKED C NR ENGLEWOOD, KS",37.032528,-100.2112531,21086452,760688271,Unverified
USGS-07157740,"Cimarron R near Buttermilk, KS",37.0267111,-99.4821611,21066626,760643344,Unverified
USGS-07157940,"BLUFF C NR BUTTERMILK, KS",37.0301722,-99.4787056,21065946,760681614,Unverified
USGS-07165750,"VERDIGRIS R NR VIRGIL, KS",37.98237778,-96.0230028,20957256,760623303,Unverified
USGS-07166500,"VERDIGRIS R NR ALTOONA, KS",37.5297764,-95.674703,20955128,760668265,Unverified
USGS-07167500,"OTTER C AT CLIMAX, KS",37.70819167,-96.2232972,21517052,760578396,Unverified
USGS-07169500,"FALL R AT FREDONIA, KS",37.50796389,-95.8334222,21514004,760641643,Unverified
USGS-07169800,"ELK R AT ELK FALLS, KS",37.37559729,-96.185548,20945608,760600054,Unverified
USGS-07170500,"VERDIGRIS R AT INDEPENDENCE, KS",37.22368014,-95.6777573,21796329,760651649,Unverified
USGS-07170700,"BIG HILL C NR CHERRYVALE, KS",37.2667325,-95.469144,,760530170,Unverified
USGS-07170990,"VERDIGRIS R AT COFFEYVILLE, KS",37.0053578,-95.5927549,21797449,760615057,Unverified
USGS-07172000,"CANEY R NR ELGIN, KS",37.00395556,-96.3166611,21782934,760590097,Unverified
USGS-07179300,"NEOSHO R NR PARKERVILLE, KS",38.75129167,-96.6496611,20929350,760579981,Unverified
USGS-07179500,"NEOSHO R AT COUNCIL GROVE, KS",38.66584085,-96.493614,20929412,760634898,Unverified
USGS-07179700,"ROCK C NR DUNLAP, KS",38.61055556,-96.3702778,20929432,760616598,Unverified
USGS-07179730,"NEOSHO R NR AMERICUS, KS",38.46695699,-96.2505533,20931060,760716448,Unverified
USGS-07179750,"NEOSHO R AT BURLINGAME RD NR EMPORIA, KS",38.42862475,-96.1583287,20930726,760679845,Unverified
USGS-07179785,"NF COTTONWOOD R NR DURHAM, KS",38.49665278,-97.2611639,20917797,760646560,Unverified
USGS-07179795,"N COTTONWOOD R BL MARION LK, KS",38.3658583,-97.0823056,20919029,760633258,Unverified
USGS-07180400,"COTTONWOOD R NR FLORENCE, KS",38.2361285,-96.8772436,20920589,760669876,Unverified
USGS-07180500,"CEDAR C NR CEDAR POINT, KS",38.19653056,-96.8243417,20920709,760490170,Unverified
USGS-07182000,"COTTONWOOD R AT COTTONWOOD FALLS, KS",38.387675,-96.5973194,20907083,760628265,Unverified
USGS-07182200,"SF COTTONWOOD R NR BAZAAR, KS",38.28557125,-96.5127844,20907947,760649906,Unverified
USGS-07182250,"COTTONWOOD R NR PLYMOUTH, KS",38.3975139,-96.356112,20906985,760769704,Unverified
USGS-07182260,"COTTONWOOD R AT EMPORIA, KS",38.3851111,-96.1814167,20907011,760673193,Unverified
USGS-07182390,"NEOSHO R AT NEOSHO RAPIDS, KS",38.3680712,-96.0002687,20931078,760679849,Unverified
USGS-07182510,"NEOSHO R AT BURLINGTON, KS",38.19446678,-95.735264,20890375,760744755,Unverified
USGS-07183000,"NEOSHO R NR IOLA, KS",37.92225778,-95.4277596,20897397,760669900,Unverified
USGS-07183500,"NEOSHO R NR PARSONS, KS",37.34005866,-95.1099687,20876216,760465273,Unverified
USGS-07184000,"LIGHTNING C NR MCCUNE, KS",37.28116187,-95.0327471,20874950,,Unverified
USGS-07184500,"LABETTE C NR OSWEGO, KS",37.19378248,-95.1925046,20875144,760621699,Unverified
USGS-07186055,"COW C NR SCAMMON, KS",37.28055556,-94.675,,760620029,Unverified
USGS-07187600,"SPRING R NR BAXTER SPRINGS, KS",37.0236757,-94.7210595,7591093,760616720,Unverified
USGS-373559097165000,"McConnell C at Oliver St, Wichita, KS",37.5997222,-97.2805556,21165131,760378725,Unverified
USGS-03207965,"GRAPEVINE CREEK NEAR PHYLLIS, KY",37.43260479,-82.3537563,1086659,760407026,Unverified
USGS-03209410,"RUSSELL FORK AT CEDARVILLE, KY",37.31295507,-82.3595549,,760608379,Unverified
USGS-03209500,"LEVISA FORK AT PIKEVILLE, KY",37.4642676,-82.5262632,887151,760631663,Unverified
USGS-03209800,"LEVISA FORK AT PRESTONSBURG, KY",37.67093027,-82.7771043,886677,760689888,Unverified
USGS-03210000,"JOHNS CREEK NEAR META, KY",37.5670444,-82.45792659,886365,760565095,Unverified
USGS-03212500,"LEVISA FORK AT PAINTSVILLE, KY",37.81537197,-82.7915493,886643,760674900,Unverified
USGS-03213700,"TUG FORK AT WILLIAMSON, WV",37.67315699,-82.2801408,435154,760681568,Unverified
USGS-03215410,"BLAINE CREEK NEAR BLAINE, KY",38.0295332,-82.846829,908809,760540100,Unverified
USGS-03216350,"LITTLE SANDY RIVER BELOW GRAYSON DAM NEAR LEON, KY",38.25397068,-82.9910027,1936666,760671539,Unverified
USGS-03216500,"LITTLE SANDY RIVER AT GRAYSON, KY",38.3300813,-82.9393353,1936654,760648238,Unverified
USGS-03216600,"OHIO RIVER AT GREENUP DAM NEAR GREENUP, KY",38.6467448,-82.860447,465518,760664853,Unverified
USGS-03216777,"TYGARTS CREEK AT LAWTON RD AT OLIVE HILL,KY",38.29038098,-83.1895603,467082,760555057,Unverified
USGS-03217000,"TYGARTS CREEK NEAR GREENUP, KY",38.5642453,-82.9521158,465436,760623260,Unverified
USGS-03238140,"TAYLOR CREEK AT DONNERMEYER DRIVE AT BELLEVUE, KY",39.0974212,-84.48360879,3406025,,Unverified
USGS-03238745,"TWELVEMILE CREEK AT HIGHWAY 1997 NR ALEXANDRIA, KY",38.9514529,-84.3382712,1922540,760641534,Unverified
USGS-03238772,"FOURMILE CREEK AT POPLAR RIDGE RD NR ALEXANDRIA,KY",38.98666667,-84.3652778,1922518,760488440,Unverified
USGS-03238785,"FOURMILE CK AT GRAYS CROSSING AT SILVER GROVE, KY",39.02125097,-84.3812115,1918078,760488440,Unverified
USGS-03248300,"LICKING RIVER BELOW MASON FORK NR SALYERSVILLE, KY",37.73064817,-83.0579478,2093851,760623323,Unverified
USGS-03249500,"LICKING RIVER AT FARMERS, KY",38.11535945,-83.5432431,,760624958,Unverified
USGS-03249505,"LICKING RIVER AT HWY 60 AT FARMERS, KY",38.14008125,-83.5571327,,760624958,Unverified
USGS-03250100,"NORTH FORK TRIPLETT CREEK NEAR MOREHEAD, KY",38.1992478,-83.4804635,2091855,760575030,Unverified
USGS-03250190,"SLATE CREEK AT HIGHWAY 713 NR MT. STERLING, KY",38.02396899,-83.8315854,2091469,760561732,Unverified
USGS-03250322,"ROCK LICK CR AT STATE HWY 158 NR SHARKEY, KY STA D",38.24730198,-83.5893567,2091809,760446899,Unverified
USGS-03250500,"LICKING RIVER AT BLUE LICK SPRINGS, KY",38.4200749,-83.9974261,2091737,760728101,Unverified
USGS-03251200,"NORTH FORK LICKING RIVER NEAR MT OLIVET, KY",38.5947955,-84.0202056,2088233,760686489,Unverified
USGS-03251500,"LICKING RIVER AT MCKINNEYSBURG, KY",38.60007244,-84.2663239,2088435,760748057,Unverified
USGS-03251900,"STONER CREEK AT WATER PLANT AT PARIS, KY",38.205,-84.2380556,2057704,760646583,Unverified
USGS-03251980,"HOUSTON CREEK AT HWY 27 NEAR PARIS, KY",38.19027778,-84.2816667,2057732,760528440,Unverified
USGS-03252300,"HINKSTON CREEK NEAR CARLISLE, KY",38.2474368,-84.05514979,2057678,760668211,Unverified
USGS-03252500,"SOUTH FORK LICKING RIVER AT CYNTHIANA, KY",38.390908,-84.3029905,2057900,760748072,Unverified
USGS-03253000,"SOUTH FORK LICKING RIVER AT HAYES, KY",38.6586817,-84.3518814,2056736,760731411,Unverified
USGS-03253500,"LICKING RIVER AT CATAWBA, KY",38.7103478,-84.3107693,2088097,760719761,Unverified
USGS-03254520,"LICKING RIVER AT HWY 536 NEAR ALEXANDRIA, KY",38.9203417,-84.44799549,2087849,760749695,Unverified
USGS-03254550,"BANKLICK CREEK @ HIGHWAY 1829 NR ERLANGER, KY",38.98055556,-84.5416667,2087785,760558331,Unverified
USGS-03254693,"THREEMILE CREEK AT THREE MILE ROAD AT COVINGTON,KY",39.05020525,-84.4850474,2086989,760391926,Unverified
USGS-03260015,"PLEASANT RUN CREEK AT OAK STREET NEAR LUDLOW, KY",39.0851154,-84.5581381,3405443,760327029,Unverified
USGS-03260050,"DRY CREEK AT SEWAGE PLANT NEAR ERLANGER, KY",39.0605833,-84.6199167,3405581,760493430,Unverified
USGS-03260100,"ELIJAHS CREEK @ ELIJAHS CREEK RD NR HEBRON, KY",39.0797222,-84.6852778,3405451,,Unverified
USGS-03260270,"SAND RUN AT THORNWILDE DR AT FRANCISVILLE, KY",39.1045833,-84.7291944,3405397,,Unverified
USGS-03262001,"WOOLPER CREEK AT WOOLPER ROAD NEAR BURLINGTON, KY",39.03,-84.8041667,3405683,760448503,Unverified
USGS-03277075,"GUNPOWDER CR AT CAMP ERNST RD NR UNION, KY",38.99416667,-84.7161111,3407011,760505082,Unverified
USGS-03277130,"MUD LICK CR AT HWY 42 NR BEAVERLICK, KY",38.8450635,-84.72077969,3407421,760540036,Unverified
USGS-03277200,"OHIO RIVER AT MARKLAND DAM NEAR WARSAW, KY",38.77525,-84.97238889,3407561,760774667,Unverified
USGS-03277300,"NORTH FORK KENTUCKY RIVER AT WHITESBURG, KY",37.11759849,-82.82460429,454926,760518537,Unverified
USGS-03277500,"NORTH FORK KENTUCKY RIVER AT HAZARD, KY",37.2465833,-83.1827778,456580,760616705,Unverified
USGS-03280000,"NORTH FORK KENTUCKY RIVER AT JACKSON, KY",37.55231228,-83.3857358,454154,760686570,Unverified
USGS-03280700,"CUTSHIN CREEK AT WOOTON, KY",37.1650931,-83.3079564,487460,760556807,Unverified
USGS-03280902,"MIDDLE FK KENTUCKY RIVER AT HWY28 NR BUCKHORN, KY",37.34327778,-83.4478611,487130,760669944,Unverified
USGS-03281000,"MIDDLE FORK KENTUCKY RIVER AT TALLEGA, KY",37.55508768,-83.5937993,486830,760678250,Unverified
USGS-03281100,"GOOSE CREEK AT MANCHESTER, KY",37.15203405,-83.7601974,504810,760630024,Unverified
USGS-03281500,"SOUTH FORK KENTUCKY RIVER AT BOONEVILLE, KY",37.47981018,-83.6751923,503758,760653294,Unverified
USGS-03282000,"KENTUCKY RIVER AT LOCK 14 AT HEIDELBERG, KY",37.5531418,-83.7693625,868118,760684903,Unverified
USGS-03282040,"STURGEON CREEK AT CRESSMONT, KY",37.5006422,-83.8101979,867996,760581741,Unverified
USGS-03282060,"KENTUCKY RIVER AT LOCK 13 NEAR WILLOW SHOALS, KY",37.60189058,-83.83336439,868074,760654949,Unverified
USGS-03282120,"KENTUCKY RIVER AT LOCK 12 NEAR IRVINE, KY",37.6783333,-83.9483333,868036,760709855,Unverified
USGS-03282290,"KENTUCKY RIVER AT LOCK 11 NEAR COLLEGE HILL, KY",37.78396929,-84.1032602,868626,760691543,Unverified
USGS-03282500,"RED RIVER NEAR HAZEL GREEN, KY",37.80925288,-83.45768398,866818,760495190,Unverified
USGS-03283500,"RED RIVER AT CLAY CITY, KY",37.86480329,-83.9335328,867878,760639952,Unverified
USGS-03284000,"KENTUCKY RIVER AT LOCK 10 NEAR WINCHESTER, KY",37.89396779,-84.26048609,1827714,760718159,Unverified
USGS-03284230,"KENTUCKY RIVER AT LOCK 9 AT VALLEY VIEW, KY",37.843968,-84.44063039,1827766,760688209,Unverified
USGS-03284500,"KENTUCKY RIVER AT LOCK 8 NEAR CAMP NELSON, KY",37.74535715,-84.5866074,1827842,760739803,Unverified
USGS-03284525,"E HICKMAN CR TRIB AT CHILESBURG RD NR LEXINGTON,KY",37.98841157,-84.4110465,1826834,,Unverified
USGS-03284533,"EAST HICKMAN CR AT TATES CR RD NR EAST HICKMAN, KY",37.9383333,-84.4786111,1826988,760456906,Unverified
USGS-03284552,"WEST HICKMAN CR AT VETERANS PARK NR LEXINGTON, KY",37.95777778,-84.5011111,1827564,760441928,Unverified
USGS-03285000,"DIX RIVER NEAR DANVILLE, KY",37.6420234,-84.6607768,1827630,760634978,Unverified
USGS-03286200,"DIX RIVER AT DIX DAM NEAR BURGIN, KY",37.7931339,-84.7060566,1827174,760646615,Unverified
USGS-03286500,"KENTUCKY RIVER AT LOCK 7 AT HIGHBRIDGE, KY",37.8292447,-84.723835,1827790,760683220,Unverified
USGS-03287000,"KENTUCKY RIVER AT LOCK 6 NEAR SALVISA, KY",37.92563166,-84.8213381,1827748,760713165,Unverified
USGS-03287250,"KENTUCKY RIVER AT LOCK 5 NEAR TYRONE, KY",38.0528805,-84.8311989,1825620,760624963,Unverified
USGS-03287500,"KENTUCKY RIVER AT LOCK 4 AT FRANKFORT, KY",38.2113333,-84.8741111,1825582,760714807,Unverified
USGS-03287590,"N ELKHORN CR AT WINCHESTER RD NR LEXINGTON, KY",38.04006944,-84.4111111,1825324,,Unverified
USGS-03287600,"N ELKHORN CR AT BRYAN STATION RD AT MONTROSE, KY",38.07646608,-84.4132694,1825272,760535105,Unverified
USGS-03288100,"NORTH ELKHORN CREEK AT GEORGETOWN, KY",38.2195187,-84.562998,1825124,760639925,Unverified
USGS-03288110,"ROYAL SPRINGS AT GEORGETOWN, KY",38.20951888,-84.5618868,1825124,,Unverified
USGS-03288180,"CANE RUN CREEK AT CITATION BLVD NR LEXINGTON, KY",38.09166667,-84.50138889,1825494,760458556,Unverified
USGS-03288190,"TRIB TO CANE RUN CR AT NEWTOWN PK NR LEXINGTON, KY",38.1136111,-84.4827778,1825238,760458556,Unverified
USGS-03289000,"SOUTH ELKHORN CREEK AT FORT SPRING, KY",38.0431322,-84.6263318,1825502,760533444,Unverified
USGS-03289193,"WOLF RUN AT OLD FRANKFORT PIKE AT LEXINGTON, KY",38.06674334,-84.5543852,1825330,760406978,Unverified
USGS-03289200,"TOWN BRANCH AT YARNALLTON ROAD AT YARNALLTON, KY",38.103687,-84.5879977,1825492,760560063,Unverified
USGS-03289300,"SOUTH ELKHORN CREEK NEAR MIDWAY, KY",38.1409082,-84.645222,1825236,760616637,Unverified
USGS-03289500,"ELKHORN CREEK NEAR FRANKFORT, KY",38.26868254,-84.8146714,1825460,760703155,Unverified
USGS-03290080,"KENTUCKY RIVER AT LOCK 3 AT GEST, KY",38.4167353,-84.8807829,1825540,760807976,Unverified
USGS-03290500,"KENTUCKY RIVER AT LOCK 2 AT LOCKPORT, KY",38.43895654,-84.9632844,1825520,760741413,Unverified
USGS-03291000,"EAGLE CREEK AT SADIEVILLE, KY",38.38951686,-84.5432759,1825414,760636584,Unverified
USGS-03291500,"EAGLE CREEK AT GLENCOE, KY",38.7064538,-84.8248089,1823336,760768015,Unverified
USGS-03292470,"HARRODS CREEK AT HIGHWAY 329 NR GOSHEN, KY.",38.36117864,-85.57459969,10163598,760666536,Unverified
USGS-03292474,"GOOSE CREEK AT OLD WESTPORT RD NR ST MATTHEWS, KY",38.2759036,-85.606072,10163710,760476846,Unverified
USGS-03292475,"GOOSE CREEK AT US HWY 42 NEAR GLENVIEW ACRES, KY",38.3034027,-85.62801689,10163710,760476846,Unverified
USGS-03292480,"LITTLE GOOSE CREEK NEAR HARRODS CREEK, KY",38.3127635,-85.6261558,10163686,760476846,Unverified
USGS-03292494,"OHIO RIVER AT WATER TOWER AT LOUISVILLE, KY",38.2811812,-85.7021843,10163998,760709808,Unverified
USGS-03292500,"SOUTH FORK BEARGRASS CREEK AT LOUISVILLE, KY",38.2114592,-85.7024613,10163886,760398646,Unverified
USGS-03293000,"M FK BEARGRASS CR AT OLD CANNONS LN AT LOUISVILLE,",38.237293,-85.6646834,10163884,760491828,Unverified
USGS-03293500,"M FK BEARGRASS CR AT LEXINGTON RD AT LOUISVILLE,KY",38.25034895,-85.7166287,10163884,760491828,Unverified
USGS-03293510,"BEARGRASS CREEK AT RIVER ROAD AT LOUISVILLE, KY",38.26590398,-85.7207955,10163868,760536754,Unverified
USGS-03293530,"MUDDY FK AT MOCKINGBIRD VALLEY RD AT LOUISVILLE,KY",38.27645917,-85.693573,10163728,,Unverified
USGS-03294500,"OHIO RIVER AT LOUISVILLE, KY",38.28034736,-85.7991305,10164004,760711472,Unverified
USGS-03294550,"MILL CREEK CUTOFF NEAR LOUISVILLE, KY",38.1775699,-85.8669086,10163768,760581689,Unverified
USGS-03294570,"MILL CREEK AT ORELL ROAD NEAR LOUISVILLE, KY",38.07812588,-85.8899635,10163798,760446910,Unverified
USGS-03295400,"SALT RIVER AT GLENSBORO, KY",38.00201594,-85.0605085,10264364,760656582,Unverified
USGS-03295890,"BRASHEARS CREEK AT TAYLORSVILLE, KY",38.0370083,-85.3407867,10264298,760644930,Unverified
USGS-03297800,"CEDAR CREEK AT HWY 1442 NEAR SHEPHERDSVILLE, KY",37.9911111,-85.6411111,10265394,760485191,Unverified
USGS-03297900,"FLOYDS FORK NEAR PEWEE VALLEY, KY",38.28534776,-85.4674592,10263816,760560048,Unverified
USGS-03298000,"FLOYDS FORK AT FISHERVILLE, KY",38.18840166,-85.460235,10264510,760633272,Unverified
USGS-03298135,"CHENOWETH RUN AT RUCKRIEGAL PARKWAY, KY",38.19479109,-85.557181,10264014,760510139,Unverified
USGS-03298150,"CHENOWETH RUN AT GELHAUS LANE NEAR FERN CREEK, KY",38.16006729,-85.5421797,10264014,760510139,Unverified
USGS-03298200,"FLOYDS FORK NEAR MT WASHINGTON, KY",38.08534216,-85.5549556,10264174,760691519,Unverified
USGS-03298250,"CEDAR CREEK AT THIXTON ROAD NEAR LOUISVILLE, KY",38.0792321,-85.6160683,10264224,760460221,Unverified
USGS-03298300,PENNSLYVANIA RUN AT MT WASHINGTON RD NR LOUISVILLE,38.08756629,-85.642458,10264216,,Unverified
USGS-03298500,"SALT RIVER AT SHEPHERDSVILLE, KY",37.98506585,-85.7174591,10266496,760664903,Unverified
USGS-03298550,"LONG LICK AT CLERMONT, KY",37.92784138,-85.6535688,10265890,760278860,Unverified
USGS-03298940,"ROLLING FORK AT HWY 208 AT CALVARY, KY",37.5125,-85.2611111,10302769,760596716,Unverified
USGS-03299500,"ROLLING FORK AT NEW HAVEN, KY",37.6495063,-85.5974617,10301905,760683234,Unverified
USGS-03300400,"BEECH FORK AT MAUD, KY",37.83283985,-85.2960686,10302627,760703187,Unverified
USGS-03301000,"BEECH FORK AT BARDSTOWN, KY",37.79700569,-85.4807919,10302639,760634966,Unverified
USGS-03301500,"ROLLING FORK NEAR BOSTON, KY",37.7672853,-85.7038488,10302643,760669912,Unverified
USGS-03301900,"FERN CREEK AT OLD BARDSTOWN RD AT LOUISVILLE, KY",38.1756242,-85.615237,10264004,760490171,Unverified
USGS-03301940,"NORTHERN DITCH AT OKOLONA, KY",38.1503466,-85.6935714,10264038,760490171,Unverified
USGS-03302000,"POND CREEK NEAR LOUISVILLE, KY",38.1197916,-85.7957955,10264532,760585021,Unverified
USGS-03302030,"POND CREEK AT PENDLETON ROAD NEAR LOUISVILLE, KY",38.05423677,-85.8716296,10264270,760634944,Unverified
USGS-03302050,"BRIER CREEK AT PENDELTON ROAD NEAR LOUISVILLE, KY",38.04693096,-85.8572681,10264274,,Unverified
USGS-03305000,"GREEN RIVER NEAR MCKINNEY, KY",37.42202127,-84.7502243,3999576,760525170,Unverified
USGS-03306000,"GREEN RIVER NEAR CAMPBELLSVILLE, KY",37.2403413,-85.3471848,,760603391,Unverified
USGS-03307000,"RUSSELL CREEK NEAR COLUMBIA, KY",37.12547797,-85.4040748,4002008,760653322,Unverified
USGS-03308500,"GREEN RIVER AT MUNFORDVILLE, KY",37.26944444,-85.8880556,4001162,760709885,Unverified
USGS-03309000,"GREEN RIVER AT MAMMOTH CAVE, KY",37.18004845,-86.1124757,4005288,760679940,Unverified
USGS-03310000,"NORTH FORK NOLIN RIVER AT HODGENVILLE, KY",37.57805556,-85.7536111,3997978,760536807,Unverified
USGS-03310300,"NOLIN RIVER AT WHITE MILLS, KY",37.56200389,-86.0366333,3998496,760714856,Unverified
USGS-03310400,"BACON CREEK NEAR PRICEVILLE, KY",37.35194444,-85.9661111,4000518,760611704,Unverified
USGS-03313000,"BARREN RIVER NEAR FINNEY, KY",36.89504634,-86.1338731,,760694939,Unverified
USGS-03313700,"WEST FORK DRAKES CREEK NEAR FRANKLIN, KY",36.7233738,-86.5522175,4036998,760586793,Unverified
USGS-03314000,"DRAKES CREEK NEAR ALVATON, KY",36.89531974,-86.380546,4035392,760620060,Unverified
USGS-03314500,"BARREN RIVER AT BOWLING GREEN, KY",37.0028201,-86.432768,4033060,760635027,Unverified
USGS-03315500,"GREEN RIVER AT LOCK 4 AT WOODBURY, KY",37.18226814,-86.62998829,,760704901,Unverified
USGS-03316500,"GREEN RIVER AT PARADISE, KY",37.2639316,-86.9777726,11628855,760638335,Unverified
USGS-03318800,"CANEY CREEK NEAR HORSE BRANCH, KY",37.4639398,-86.6555419,11622056,760553456,Unverified
USGS-03319000,"ROUGH RIVER NEAR DUNDEE, KY",37.5475514,-86.7216546,,760654953,Unverified
USGS-03319600,"ROUGH RIVER AT HARTFORD, KY",37.45310356,-86.9108263,11622244,760669934,Unverified
USGS-03320000,"GREEN RIVER AT LOCK 2 AT CALHOUN, KY",37.533935,-87.2638873,11617363,760696554,Unverified
USGS-03320500,"POND RIVER NEAR APEX, KY",37.1222655,-87.3194431,11897420,760598409,Unverified
USGS-03321350,"SOUTH FORK PANTHER CREEK NEAR WHITESVILLE, KY",37.6189392,-86.88749179,11616503,760581731,Unverified
USGS-03321500,"GREEN RIVER AT LOCK 1 AT SPOTTSVILLE, KY",37.8583774,-87.4097294,11619101,760684884,Unverified
USGS-03381700,"OHIO RIVER AT OLD SHAWNEETOWN, IL-KY",37.6925,-88.1347222,,760819677,Unverified
USGS-03383000,"TRADEWATER RIVER AT OLNEY, KY",37.22393575,-87.7805659,10564008,760610051,Unverified
USGS-03384100,"TRADEWATER RIVER NEAR PROVIDENCE, KY",37.39671307,-87.8450154,10562610,760709876,Unverified
USGS-03400500,"POOR FORK AT CUMBERLAND, KY",36.97398059,-82.99294,10187644,760590100,Unverified
USGS-03400785,"MARTINS FORK ABOVE SMITH, KY",36.72619838,-83.287958,10189376,760481962,Unverified
USGS-03400800,"MARTINS FORK NEAR SMITH, KY",36.75230974,-83.2574012,10190044,760601766,Unverified
USGS-03400986,"MARTIN'S FORK NEAR HARLAN, KY",36.8445329,-83.3235148,10188664,760615072,Unverified
USGS-03401000,"CUMBERLAND RIVER NEAR HARLAN, KY",36.84675484,-83.3557386,10188680,760633373,Unverified
USGS-03402900,"CUMBERLAND R AT PINE ST BR AT PINEVILLE, KY",36.7631412,-83.691862,10189154,760600100,Unverified
USGS-03403500,"CUMBERLAND RIVER AT BARBOURVILLE, KY",36.8623097,-83.8874248,,760664989,Unverified
USGS-03403910,"CLEAR FORK AT SAXTON, KY",36.63397105,-84.1115969,10191314,760611759,Unverified
USGS-03404000,"CUMBERLAND RIVER AT WILLIAMSBURG, KY",36.743417,-84.1560449,10192166,760638375,Unverified
USGS-03404500,"CUMBERLAND RIVER AT CUMBERLAND FALLS, KY",36.8373036,-84.3432703,10192068,760724895,Unverified
USGS-03404900,"LYNN CAMP CREEK AT CORBIN, KY",36.9514765,-84.0935427,10190276,760560151,Unverified
USGS-03406500,"ROCKCASTLE RIVER AT BILLOWS, KY",37.1711952,-84.296047,2081162,760643333,Unverified
USGS-03407500,"BUCK CREEK NEAR SHOPVILLE, KY",37.21063659,-84.4643845,3573840,760553474,Unverified
USGS-03410500,"SOUTH FORK CUMBERLAND RIVER NEAR STEARNS, KY",36.62702209,-84.5332723,12151866,760490287,Unverified
USGS-03413200,"BEAVER CREEK NEAR MONTICELLO, KY",36.79757036,-84.89605849,3575414,760576802,Unverified
USGS-03414078,"CROCUS CREEK NEAR AMANDAVILLE, KY",36.88702778,-85.3302861,3576298,760461976,Unverified
USGS-03414100,"CUMBERLAND RIVER AT BURKESVILLE, KY",36.7867288,-85.3652406,3577682,760679970,Unverified
USGS-03435105,"RED RIVER AT DOT, KY",36.6766583,-86.9520861,10167980,760585132,Unverified
USGS-03437480,"S FK LITTLE RIVER AT HWY 68/80 NR HOPKINSVILLE, KY",36.8497664,-87.3522269,11879856,760435357,Unverified
USGS-03437495,"S FK LITTLE R AT HWY 68 BY-PASS AT HOPKINSVILLE,KY",36.84948934,-87.4288954,11879852,760580127,Unverified
USGS-03610000,"CLARKS RIVER AT MURRAY, KY",36.5928613,-88.3000363,1864264,760533554,Unverified
USGS-03610200,"CLARKS RIVER AT ALMO, KY",36.6917217,-88.273647,1863920,760596778,Unverified
USGS-03611260,"MASSAC CREEK NEAR PADUCAH, KY",37.04144404,-88.7108852,1839899,760415377,Unverified
USGS-07024000,"BAYOU DE CHIEN NEAR CLINTON, KY",36.6286707,-88.963951,14126587,760513584,Unverified
USGS-02489500,"Pearl River near Bogalusa, LA",30.7932614,-89.8209117,15708443,760127980,Unverified
USGS-02491800,"Bogue Chitto at Enon, LA",30.72019444,-90.0835,15693037,760131315,Unverified
USGS-02492000,"Bogue Chitto River near Bush, LA",30.62935636,-89.8972956,15690765,760124665,Unverified
USGS-02492111,"WILSON SLOUGH NEAR WALKIAH BLUFF, MS",30.57027778,-89.8111111,,760139646,Unverified
USGS-02492700,"Pearl River at I-10 near Slidell, LA",30.29788889,-89.7022306,15714487,760111378,Unverified
USGS-07344450,"Paw Paw Bayou near Greenwood, LA",32.51681896,-93.9724054,1136258,,Unverified
USGS-07348000,"Twelvemile Bayou near Dixie, LA",32.6459805,-93.8779585,1136358,760177759,Unverified
USGS-07348700,"Bayou Dorcheat near Springhill, LA",32.9945813,-93.39656,19935747,,Unverified
USGS-07349450,"Bodcau Bayou near Springhill, LA",33.00402458,-93.5168405,19926797,760181058,Unverified
USGS-07349860,"Red Chute Bayou at Sligo, LA",32.44737586,-93.5946203,3761618,760124526,Unverified
USGS-07351500,"Cypress Bayou near Keithville, LA",32.3,-93.8277778,8342461,760096250,Unverified
USGS-07351750,"Bayou Pierre near Lake End, LA",31.89460754,-93.3418388,8343927,,Unverified
USGS-07352000,"Saline Bayou near Lucky, LA",32.2501631,-92.9765613,19913448,760089596,Unverified
USGS-073556009,"Red River 6.5 miles below Black River, LA",31.2194722,-91.7524167,,760106313,Unverified
USGS-07364200,"Bayou Bartholomew near Jones, LA",32.9904049,-91.6556779,19474395,,Unverified
USGS-07364300,"Chemin-A-Haut Bayou near Beekman, LA",32.9820721,-91.8056818,19474583,760182726,Unverified
USGS-073645001,"Bayou Bartholomew at Hwy 425 nr Beekman, LA",32.87319444,-91.8681667,,760172749,Unverified
USGS-07365000,"Byu D'Arbonne nr Dubach, LA",32.68075,-92.6499167,15222480,,Unverified
USGS-07366200,"Little Corney Bayou near Lillie, LA",32.9293064,-92.6329305,15221924,,Unverified
USGS-07367005,"Ouachita River at West Monroe, LA",32.50027778,-92.1197222,19432886,760169448,Unverified
USGS-07367690,Boeuf River at Ark/La State Line,33.00138889,-91.4380556,19345501,760184386,Unverified
USGS-07367930,"Bayou Bonne Idee east of Oak Ridge, LA",32.6436111,-91.7035556,19347295,,Unverified
USGS-07368000,"Boeuf River near Girard, LA",32.48125346,-91.797904,19350501,760129515,Unverified
USGS-07368503,"Big Colewa Bayou at Prince Rd nr Pioneer, LA",32.75458333,-91.5318333,19346723,760167767,Unverified
USGS-07369000,"Bayou Lafourche near Crew Lake, LA",32.5,-91.9180556,19350633,760164454,Unverified
USGS-07369500,"Tensas River at Tendal, LA",32.43208704,-91.36678139,19273960,760151149,Unverified
USGS-07369700,"Bayou Macon nr Kilbourne, LA",32.9932018,-91.262623,19303413,760106178,Unverified
USGS-07370600,"BEAUCOUP CK NR COTTON PLANT, LA",32.10916667,-92.3211111,19382881,,Unverified
USGS-07372050,"Dugdemona River near Joyce, LA",31.93694444,-92.6033333,15217033,760096276,Unverified
USGS-07372200,"Little River near Rochelle, LA",31.7543363,-92.3445833,19376770,760146211,Unverified
USGS-07373000,"Big Creek at Pollock, LA",31.5362873,-92.4084714,19376616,760058036,Unverified
USGS-07374000,"Mississippi River at Baton Rouge, LA",30.44566667,-91.1915556,19088319,,Unverified
USGS-07374525,"Mississippi River at Belle Chasse, LA",29.85715084,-89.977847,22798749,760113071,Unverified
USGS-07375000,"Tchefuncte River near Folsom, LA",30.6160223,-90.2486954,18928210,760111352,Unverified
USGS-07375050,"Tchefuncte River near Covington, LA",30.4941111,-90.1702222,18931936,760071427,Unverified
USGS-07375175,"Bogue Falaya River at Boston St. at Covington, LA",30.47638889,-90.0894444,18932398,760111364,Unverified
USGS-07375230,"Tchefuncte River at Madisonville, LA",30.4040829,-90.1548009,938090190,760121353,Unverified
USGS-07375300,"Tangipahoa River near Kentwood, LA",30.93768029,-90.4903728,18974195,760089698,Unverified
USGS-07375450,"Tangipahoa R nr Tickfaw, La.",30.60268909,-90.438978,18975463,760137979,Unverified
USGS-07375480,"CHAPPEPEELA CREEK SOUTHEAST OF LORANGER, LA.",30.6065,-90.332,18974969,760111355,Unverified
USGS-07375500,"Tangipahoa River at Robert, LA",30.50658047,-90.3617524,18975529,760154626,Unverified
USGS-07375650,"Tangipahoa River near Ponchatoula, LA",30.44369444,-90.3345833,18976333,760121350,Unverified
USGS-07375800,"Tickfaw River at Liverpool, LA",30.93073559,-90.6734317,20089222,760101345,Unverified
USGS-07375960,"Tickfaw River at Montpelier, LA",30.68629707,-90.6431509,20089890,760119668,Unverified
USGS-07376000,"Tickfaw River at Holden, LA",30.5038016,-90.6773163,20090368,760131328,Unverified
USGS-07376300,"Tickfaw River Near Springfield, La.",30.37655556,-90.5511111,20091714,760137997,Unverified
USGS-07376500,"Natalbany River at Baptist, LA",30.50435795,-90.545924,20090348,760146306,Unverified
USGS-07377000,"Amite River near Darlington, LA",30.8890694,-90.8445454,18985842,760126309,Unverified
USGS-07377300,"Amite River at Magnolia, LA",30.5349106,-90.9806579,,760114687,Unverified
USGS-07377500,"Comite River near Olive Branch, LA",30.7565718,-91.0439935,,760114671,Unverified
USGS-07377600,"Comite R. at Pt. Hudson-Pride Rd near Milldale, LA",30.70229538,-91.0512991,18988352,760121329,Unverified
USGS-07378000,"Comite River near Comite, LA",30.512689,-91.0737158,18988606,760151298,Unverified
USGS-07378500,"Amite River near Denham Springs, LA",30.464079,-90.99038,18990226,760124678,Unverified
USGS-07380120,"Amite River at Port Vincent, LA",30.3326939,-90.8520419,18990284,760101392,Unverified
USGS-07380210,"Amite River Diversion south of Whitehall, LA",30.2268611,-90.6880556,15208317,760058136,Unverified
USGS-07380215,"Amite River at Hwy 22 near Maurepas, LA",30.30769444,-90.6087222,18990328,760089746,Unverified
USGS-073802284,"New River Canal east of Sorrento, LA",30.18925,-90.7812778,,,Unverified
USGS-07380238,"Naomi Diversion Canal near Naomi, LA",29.6991111,-89.9888611,,,Unverified
USGS-07380401,"Bayou Lafourche SW of Donaldsonville, LA",30.09658793,-91.0059332,22357431,,Unverified
USGS-07381000,"Bayou Lafourche at Thibodaux, LA",29.7979854,-90.8225932,22366581,,Unverified
USGS-07381235,"GIWW West of Bayou Lafourche at Larose, LA",29.56888889,-90.3852778,,760064843,Unverified
USGS-07381324,"Bayou Grand Caillou at Dulac, LA",29.38299869,-90.7153674,11079215,,Unverified
USGS-07381427,"Bayou Grosse Tete S. of I10 at Grosse Tete, LA",30.4147222,-91.4320833,18717420,,Unverified
USGS-07381429,"Choctaw Bayou at I-10 east of Grosse Tete, LA",30.44380348,-91.3478872,18717126,760128008,Unverified
USGS-07381450,"Lower Grand River at Bayou Sorrel, LA",30.1557222,-91.3313889,18719534,760104733,Unverified
USGS-07381454,"Belle River at Hwy 70 near Pierre Part, LA",29.9091111,-91.2158333,11065481,760131371,Unverified
USGS-073814675,"Bayou Boeuf at Railroad Bridge at Amelia, LA",29.66833333,-91.0997222,,760076483,Unverified
USGS-07381482,Old River Outflow Channel below Hydropower Channel,31.06675,-91.6482778,19406818,760081368,Unverified
USGS-07381490,"Atchafalaya River at Simmesport, LA",30.9825,-91.7983333,15169531,760101342,Unverified
USGS-07381588,"Intracoastal Waterway southwest of Pierre Part, LA",29.92238889,-91.2393611,15181953,760111406,Unverified
USGS-07381590,"Wax Lake Outlet at Calumet, LA",29.69798645,-91.3728855,15182085,760131381,Unverified
USGS-07381600,"Lower Atchafalaya River at Morgan City, LA",29.6928482,-91.2119507,15182073,760083135,Unverified
USGS-07381670,"GIWW at Bayou Sale Ridge near Franklin, LA",29.68083333,-91.4705556,,760074818,Unverified
USGS-07382000,"Bayou Cocodrie near Clearwater, LA",31.00027778,-92.3802778,15145994,760112989,Unverified
USGS-07382500,"Bayou Courtableau at Washington, LA",30.61825175,-92.0556741,15148368,,Unverified
USGS-07383500,"Bayou Des Glaises Diversion Ch. at Moreauville, LA",31.0332528,-91.9826414,15143238,,Unverified
USGS-07385450,"Bayou Teche @ Port Barre, LA.",30.55802778,-91.9579444,15147446,760068095,Unverified
USGS-07385500,"BAYOU TECHE @ ARNAUDVILLE, LA",30.3974195,-91.9306728,,760083083,Unverified
USGS-07385700,"Bayou Teche at Keystone L&D nr St. Martinville, LA",30.07103537,-91.8292836,15150946,760093081,Unverified
USGS-07385765,"Bayou Teche at Adeline Bridge near Jeanerette, LA",29.87937163,-91.5862248,15153858,760123048,Unverified
USGS-07386190,"Bayou Fusilier Abv Weir at Arnaudville, La",30.39669444,-91.9317778,21897169,760083083,Unverified
USGS-07386655,"Vermillion Rvr N. of I-10 at Lafayette, La",30.27191667,-91.9840556,21897317,760078101,Unverified
USGS-07386700,"Ruth Canal near Ruth, LA",30.2432549,-91.8848389,21898017,760093080,Unverified
USGS-07386880,"Vermilion River at Surrey St. at Lafayette, LA",30.2174229,-91.9928975,21897353,760073115,Unverified
USGS-07386956,"Vermilion River at Hwy 92 at Milton, LA",30.10366667,-92.0798056,21898661,760066466,Unverified
USGS-07386980,"Vermilion River at Perry, LA",29.9511111,-92.1563611,21906189,760138028,Unverified
USGS-08010000,"Bayou Des Cannes near Eunice, LA",30.48288889,-92.4906944,15140365,760123012,Unverified
USGS-08010050,"Bayou Des Cannes west of Iota, LA",30.3329722,-92.5427778,15139853,760124687,Unverified
USGS-08010120,"Bayou Mallet at Hwy 91 north of Iota, LA",30.39444444,-92.4976944,15140379,760118027,Unverified
USGS-08011000,"Byu Plaquemine Brule nr Crowley, LA",30.23616667,-92.3964167,15139949,760121367,Unverified
USGS-08012000,"Bayou Nezpique near Basile, LA",30.48077778,-92.63175,15139713,760132996,Unverified
USGS-08012150,"Mermentau River At Mermentau, LA",30.19,-92.5905556,15096243,760098074,Unverified
USGS-08012300,"Byu Queue De Tortue @ Riceville, LA",30.08152778,-92.5064722,15096237,760104739,Unverified
USGS-08012400,"Mermentau River @ Lake Arthur, LA",30.07283333,-92.6592778,15096329,760108067,Unverified
USGS-08012470,"Bayou Lacassine near Lake Arthur, LA",30.07,-92.8788611,15124311,,Unverified
USGS-08013000,"Calcasieu River nr Glenmora, LA",30.99666667,-92.6736111,15085941,760119645,Unverified
USGS-08013250,"Calcasieu River near Oakdale, LA",30.822275,-92.6846694,15085637,760141290,Unverified
USGS-08013500,"Calcasieu River near Oberlin, LA",30.6404757,-92.8140368,15085713,,Unverified
USGS-08014500,"Ouiska Chitto Creek Near Oberlin, LA",30.69875,-92.8931944,15078398,760129651,Unverified
USGS-08014800,"Bundick Creek near DeRidder, LA",30.81880557,-93.2301619,15078776,760119658,Unverified
USGS-08015500,"Calcasieu River near Kinder, LA",30.50255556,-92.9154167,15085965,760121347,Unverified
USGS-08023080,"Bayou Grand Cane near Stanley, LA",31.9627248,-93.9411723,9533087,770515025,Unverified
USGS-08023400,"Bayou San Patricio near Benson, LA",31.8751667,-93.65851499,9533201,770428708,Unverified
USGS-08025354,"Sabine Rv at Toledo Bd Spillway nr Burkeville, TX",31.1961111,-93.5719444,8329682,,Unverified
USGS-08025500,"Bayou Toro near Toro, LA",31.30712737,-93.5157295,8329634,770549368,Unverified
USGS-08028000,"Bayou Anacoco near Rosepine, LA",30.95297558,-93.3529587,8330660,770597219,Unverified
USGS-295124089542100,"Caernarvon Outfall Channel at Caernarvon, LA",29.85355556,-89.9076944,22769346,,Unverified
USGS-295501090190400,"Davis Pond Freshwater Diversion near Boutte, LA",29.91694444,-90.3177778,22364403,760094772,Unverified
USGS-01010000,"St. John River at Ninemile Bridge, Maine",46.70055556,-69.7155556,4289887,740511684,Unverified
USGS-01010070,"Big Black River near Depot Mtn, Maine",46.89388889,-69.7516667,4289553,740562744,Unverified
USGS-01010500,"St. John River at Dickey, Maine",47.11305556,-69.0880556,4288603,740531819,Unverified
USGS-01011000,"Allagash River near Allagash, Maine",47.0697222,-69.0794444,721640,740515695,Unverified
USGS-01013500,"Fish River near Fort Kent, Maine",47.2375,-68.58277778,724696,740496869,Unverified
USGS-01014000,"St. John River below Fish R, nr Fort Kent, Maine",47.2833333,-68.58527778,4287975,740573475,Unverified
USGS-01015800,"Aroostook River near Masardis, Maine",46.52305556,-68.3716667,805443,740613840,Unverified
USGS-01017000,"Aroostook River at Washburn, Maine",46.7772222,-68.1572222,805113,740553344,Unverified
USGS-01017060,"Hardwood Brook below Glidden Brk nr Caribou, Maine",46.7836111,-67.9891667,802939,,Unverified
USGS-01017290,"Little Madawaska River at Caribou, Maine",46.8886111,-67.945,802877,740553336,Unverified
USGS-01017550,"Williams Brook at Phair, Maine",46.62805556,-67.9530556,816569,,Unverified
USGS-01017960,"Meduxnekeag R above S Br Medux. R nr Houlton, ME",46.105,-67.88138889,817263,740467368,Unverified
USGS-01018009,"Pearce Brook at Route 1 at Houlton, Maine",46.11527778,-67.84027778,817499,,Unverified
USGS-01018035,"Meduxnekeag River at Lowery Rd. nr Houlton, Maine",46.1811111,-67.80388889,817165,740543971,Unverified
USGS-01018500,"St. Croix River at Vanceboro, Maine",45.5683333,-67.4283333,5194970,750095335,Unverified
USGS-01019000,"Grand Lake Stream at Grand Lake Stream, Maine",45.1725,-67.76888889,5196478,,Unverified
USGS-01021000,"St. Croix River at Baring, Maine",45.1369444,-67.3180556,5197200,750139747,Unverified
USGS-01021470,"Libby Brook near Northfield, Maine",44.8008333,-67.725,2677654,750067533,Unverified
USGS-01021480,"Old Stream near Wesley, Maine",44.9369444,-67.7361111,2676222,750098311,Unverified
USGS-01022500,"Narraguagus River at Cherryfield, Maine",44.60805556,-67.93527778,2677104,750150417,Unverified
USGS-01022840,"Otter Creek near Bar Harbor, Maine",44.33277778,-68.2066667,2683216,,Unverified
USGS-01027200,"North Branch Penobscot River nr Pittston Farm, ME",45.93527778,-69.9936111,1702734,750065133,Unverified
USGS-01027240,"S. Br. Penobscot River nr Canada Falls Lake, Maine",45.8739222,-69.9950083,1702872,750058623,Unverified
USGS-01029100,E. Br. Penobscot River below Grand Lake Matagamon,46.1343611,-68.7939056,1711668,750050920,Unverified
USGS-01029200,"Seboeis River near Shin Pond, Maine",46.14305556,-68.6336111,1711010,750046776,Unverified
USGS-01029500,"East Branch Penobscot River at Grindstone, Maine",45.73027778,-68.5894444,1713454,750078754,Unverified
USGS-01030350,Wytopitlock Stream near Wytopitlock Maine,45.7086111,-68.1580556,3109,750071651,Unverified
USGS-01030500,"Mattawamkeag River near Mattawamkeag, Maine",45.5011111,-68.3058333,3923,750114873,Unverified
USGS-01031300,"Piscataquis River at Blanchard, Maine",45.2672222,-69.58388889,1721977,750117248,Unverified
USGS-01031450,"Kingsbury Stream at Abbot Village, Maine",45.1844444,-69.4522222,1722913,750118434,Unverified
USGS-01031500,"Piscataquis River near Dover-Foxcroft, Maine",45.175,-69.3147222,1722317,750121986,Unverified
USGS-01031510,"Black Stream near Dover-Foxcroft, Maine",45.15027778,-69.23638889,1722933,750088244,Unverified
USGS-01033000,"Sebec River at Sebec, Maine",45.27,-69.1122222,1721939,750124944,Unverified
USGS-01034000,"Piscataquis River at Medford, Maine",45.26055556,-68.8686111,1720007,750137968,Unverified
USGS-01034500,"Penobscot River at West Enfield, Maine",45.2361111,-68.65138889,1733994,750143296,Unverified
USGS-01036390,"Penobscot River at Eddington, Maine",44.82666667,-68.6966667,,750146859,Unverified
USGS-01037000,"Kenduskeag Stream near Bangor, Maine",44.8611111,-68.8316667,1735782,750130282,Unverified
USGS-01037380,"Ducktrap River near Lincolnville, Maine",44.32916667,-69.0608333,2685414,750075241,Unverified
USGS-01038000,"Sheepscot River at North Whitefield, Maine",44.22277778,-69.59388889,5202858,750082348,Unverified
USGS-01042500,"Kennebec River at The Forks, Maine",45.3397222,-69.9619444,1025264,750134414,Unverified
USGS-01043500,"Dead River near Dead River, Maine",45.22905,-70.20112778,1032541,750139745,Unverified
USGS-01044550,"Spencer Stream near Grand Falls, Maine",45.3136111,-70.2416667,1032315,750123758,Unverified
USGS-01046000,"Austin Stream at Bingham, Maine",45.0644444,-69.8805556,3318560,750133829,Unverified
USGS-01046500,"Kennebec River at Bingham, Maine",45.0519444,-69.8855556,3319220,750138565,Unverified
USGS-01047000,"Carrabassett River near North Anson, Maine",44.86916667,-69.955,3321976,750123770,Unverified
USGS-01047150,"Kennebec River near Madison, Maine",44.77888889,-69.8869444,3322102,750121996,Unverified
USGS-01047200,"Sandy River near Madrid, Maine",44.85777778,-70.48527778,3323262,750095947,Unverified
USGS-01048000,"Sandy River near Mercer, Maine",44.70805556,-69.9375,3322258,750132063,Unverified
USGS-01048220,"East Branch Wesserunsett Stream near Athens, Maine",44.9475,-69.6569444,3320218,750094760,Unverified
USGS-01049265,"Kennebec River at North Sidney, Maine",44.4722222,-69.68388889,3325334,750104245,Unverified
USGS-01049500,"Cobbosseecontee Stream at Gardiner, Maine",44.22916667,-69.7780556,3324780,750070509,Unverified
USGS-01054200,"Wild River at Gilead, Maine",44.39055556,-70.9797222,6716129,750091224,Unverified
USGS-01054300,"Ellis River at South Andover, Maine",44.5933333,-70.7330556,6710239,750122593,Unverified
USGS-01054500,"Androscoggin River at Rumford, Maine",44.5519444,-70.5441667,6710311,750124371,Unverified
USGS-01055000,"Swift River near Roxbury, Maine",44.64277778,-70.58888889,6709987,750106016,Unverified
USGS-01055500,"Nezinscot River at Turner Center, Maine",44.26944444,-70.2297222,6712297,750087675,Unverified
USGS-01057000,"Little Androscoggin River near South Paris, Maine",44.30388889,-70.5397222,6711893,750090041,Unverified
USGS-01059000,"Androscoggin River near Auburn, Maine",44.0722222,-70.2080556,6712623,750104847,Unverified
USGS-01060000,"Royal River at Yarmouth, Maine",43.79915,-70.1782694,6722249,750115510,Unverified
USGS-01063310,"Stony Brook at East Sebago, Maine",43.85555556,-70.6397222,6720973,750096565,Unverified
USGS-01064140,"Presumpscot River near West Falmouth, Maine",43.7245972,-70.3029333,6724855,750091242,Unverified
USGS-01066000,"Saco River at Cornish, Maine",43.80805556,-70.7816667,9314337,750113143,Unverified
USGS-01067950,"Kennebunk River near Kennebunk, Maine",43.4322222,-70.5533333,5845376,750081185,Unverified
USGS-01068910,"Mousam River at Route 4 near Sanford, Maine",43.4183333,-70.7380556,5845396,750085921,Unverified
USGS-01069500,"Mousam River near West Kennebunk, Maine",43.4183333,-70.6583333,5844210,750091249,Unverified
USGS-01069700,"Branch Brook near Kennebunk, Maine",43.37916667,-70.5833333,5844484,750068754,Unverified
USGS-0148471320,"BIRCH BRANCH AT SHOWELL, MD",38.4093333,-75.21238889,,750083097,Unverified
USGS-01485000,"POCOMOKE RIVER NEAR WILLARDS, MD",38.38888889,-75.3244444,8401303,750110920,Unverified
USGS-01485500,"NASSAWANGO CREEK NEAR SNOW HILL, MD",38.22891667,-75.4714444,8401785,,Unverified
USGS-01486000,"MANOKIN BRANCH NEAR PRINCESS ANNE, MD",38.21388889,-75.67138889,8401391,750091390,Unverified
USGS-01490000,"CHICAMACOMICO RIVER NEAR SALEM, MD",38.51166667,-75.8799167,8382361,750060005,Unverified
USGS-01491000,"CHOPTANK RIVER NEAR GREENSBORO, MD",38.99719444,-75.7858056,9407484,750084264,Unverified
USGS-01491500,"TUCKAHOE CREEK NEAR RUTHSBURG, MD",38.96680556,-75.9430556,9407582,750089593,Unverified
USGS-01492500,"SALLIE HARRIS CREEK NEAR CARMICHAEL, MD",38.96488889,-76.1088333,4768920,,Unverified
USGS-01493000,"UNICORN BRANCH NEAR MILLINGTON, MD",39.24994444,-75.8615,4765354,750106162,Unverified
USGS-01493112,"CHESTERVILLE BRANCH NEAR CRUMPTON, MD",39.25705556,-75.94013889,4765418,750090769,Unverified
USGS-01493500,"MORGAN CREEK NEAR KENNEDYVILLE, MD",39.28002778,-76.0145556,4766828,750088993,Unverified
USGS-01495000,"BIG ELK CREEK AT ELK MILLS, MD",39.6675833,-75.8255833,4763116,750106150,Unverified
USGS-01578310,"SUSQUEHANNA RIVER AT CONOWINGO, MD",39.65788889,-76.1744444,4726593,750130423,Unverified
USGS-01578475,"Octoraro Creek near Richardsmere, MD",39.7067746,-76.1152286,4726273,750110293,Unverified
USGS-01580000,"DEER CREEK AT ROCKS, MD",39.6299722,-76.4033056,4726301,750106743,Unverified
USGS-01580520,"DEER CREEK NEAR DARLINGTON, MD",39.61744444,-76.1918611,4726307,750129832,Unverified
USGS-01580700,"SWAN CREEK AT SWAN CREEK, MD",39.52263889,-76.14227778,11687476,,Unverified
USGS-01581500,"BYNUM RUN AT BEL AIR, MD",39.5414722,-76.3301111,11687752,750090762,Unverified
USGS-01581590,"BYNUM RUN NEAR ABINGDON, MD",39.47988889,-76.2804722,11688490,750105563,Unverified
USGS-01581649,"JAMES RUN NEAR BELCAMP, MD",39.49219444,-76.2591111,11688478,750041626,Unverified
USGS-01581700,"WINTERS RUN NEAR BENSON, MD",39.51994444,-76.3729722,11687474,750103194,Unverified
USGS-01581750,"WINTERS RUN NEAR BEL AIR, MD",39.51552778,-76.3688333,11687584,750103194,Unverified
USGS-01581752,"PLUMTREE RUN NEAR BEL AIR, MD",39.49627778,-76.3474444,11688352,,Unverified
USGS-0158175320,"WHEEL CREEK NEAR ABINGDON, MD",39.48144444,-76.3404444,,750113851,Unverified
USGS-01581810,"GUNPOWDER FALLS AT HOFFMANVILLE, MD",39.68980556,-76.7814722,11687020,750084838,Unverified
USGS-01581830,"GRAVE RUN NEAR BECKLEYSVILLE, MD",39.65480556,-76.7809167,11687078,750033335,Unverified
USGS-01581870,"GEORGES RUN NEAR BECKLEYSVILLE, MD",39.62569444,-76.7726111,11687118,750086024,Unverified
USGS-01581920,"GUNPOWDER FALLS NEAR PARKTON, MD",39.61905556,-76.6903611,11687160,750109704,Unverified
USGS-01581960,"BEETREE RUN AT BENTLEY SPRINGS, MD",39.67302778,-76.675,11687048,750071222,Unverified
USGS-01582000,"LITTLE FALLS AT BLUE MOUNT, MD",39.60425,-76.62052778,11687636,750106152,Unverified
USGS-01582500,"GUNPOWDER FALLS AT GLENCOE, MD",39.54969444,-76.6361111,11687360,750115033,Unverified
USGS-01583100,"PINEY RUN AT DOVER, MD",39.5206111,-76.76688889,11687478,750035113,Unverified
USGS-01583500,"WESTERN RUN AT WESTERN RUN, MD",39.51077778,-76.6765,11687656,750094314,Unverified
USGS-01583570,"POND BRANCH AT OREGON RIDGE, MD",39.48030556,-76.6875,11688418,,Unverified
USGS-01583580,"BAISMAN RUN AT BROADMOOR, MD",39.4794722,-76.67802778,11688418,750039260,Unverified
USGS-01583600,"BEAVERDAM RUN AT COCKEYSVILLE, MD",39.4855833,-76.6457222,11688368,750087803,Unverified
USGS-01583800,"LONG QUARTER BRANCH AT LUTHERVILLE, MD",39.4256111,-76.5961944,11688792,750053469,Unverified
USGS-0158397967,"MINEBANK RUN NEAR GLEN ARM, MD",39.4096111,-76.55725,,,Unverified
USGS-01584050,"LONG GREEN CREEK AT GLEN ARM, MD",39.45469444,-76.47888889,11688586,750081292,Unverified
USGS-01584500,"LITTLE GUNPOWDER FALLS AT LAUREL BROOK, MD",39.5053611,-76.43177778,11687662,750099643,Unverified
USGS-01585075,"FOSTER BRANCH NEAR JOPPATOWNE, MD",39.40852778,-76.34263889,11689678,,Unverified
USGS-01585090,"WHITEMARSH RUN NEAR FULLERTON, MD",39.3795833,-76.4958056,11689682,750039262,Unverified
USGS-01585100,"WHITEMARSH RUN AT WHITE MARSH, MD",39.37077778,-76.4460556,11689686,750039262,Unverified
USGS-01585104,"HONEYGO RUN NEAR WHITE MARSH, MD",39.383,-76.4329722,11688932,,Unverified
USGS-01585200,"WEST BRANCH HERRING RUN AT IDLEWYLDE, MD",39.37363889,-76.5843333,11689694,750077151,Unverified
USGS-01585219,"HERRING RUN AT SINCLAIR LANE AT BALTIMORE, MD",39.3179722,-76.55513889,11689162,750078335,Unverified
USGS-01585500,"CRANBERRY BRANCH NEAR WESTMINSTER, MD",39.59269444,-76.96825,11687638,,Unverified
USGS-01586000,"NORTH BRANCH PATAPSCO RIVER AT CEDARHURST, MD",39.503,-76.88438889,11687548,750103195,Unverified
USGS-01586210,"BEAVER RUN NEAR FINKSBURG, MD",39.48944444,-76.9029444,11688350,750083067,Unverified
USGS-01586610,"MORGAN RUN NEAR LOUISVILLE, MD",39.45188889,-76.9553056,11688538,750093132,Unverified
USGS-01589000,"PATAPSCO RIVER AT HOLLOFIELD, MD",39.31030556,-76.7924167,11689718,750116816,Unverified
USGS-01589025,"PATAPSCO RIVER NEAR CATONSVILLE, MD",39.25125,-76.76377778,11689730,750122145,Unverified
USGS-01589035,"PATAPSCO RIVER NEAR ELKRIDGE, MD",39.2273333,-76.723,11689272,750138130,Unverified
USGS-01589100,"EAST BRANCH HERBERT RUN AT ARBUTUS, MD",39.24027778,-76.6920556,11689740,750059394,Unverified
USGS-01589197,"GWYNNS FALLS NEAR DELIGHT, MD",39.44294444,-76.7834167,11688596,750090765,Unverified
USGS-01589230,"RED RUN NEAR OWINGS MILLS, MD",39.4046111,-76.7795972,11688818,750090765,Unverified
USGS-01589290,"SCOTTS LEVEL BRANCH AT ROCKDALE, MD",39.3615833,-76.76175,11689692,,Unverified
USGS-01589300,"GWYNNS FALLS AT VILLA NOVA, MD",39.34588889,-76.7331944,11689106,750086623,Unverified
USGS-01589312,"DEAD RUN NEAR CATONSVILLE, MD",39.29588889,-76.7440833,11689198,,Unverified
USGS-01589315,"DEAD RUN AT WOODLAWN, MD",39.31325,-76.7321111,11689198,750040448,Unverified
USGS-01589316,"DEAD RUN TRIBUTARY NEAR WOODLAWN, MD",39.31891667,-76.7506944,11689716,,Unverified
USGS-01589317,"TRIBUTARY TO DEAD RUN TRIBUTARY AT WOODLAWN, MD",39.327,-76.74513889,11689712,,Unverified
USGS-01589320,"DEAD RUN TRIBUTARY AT WOODLAWN, MD",39.31805556,-76.73577778,11689144,750040448,Unverified
USGS-01589330,"DEAD RUN AT FRANKLINTOWN, MD",39.3112222,-76.71663889,11689186,750040448,Unverified
USGS-01589352,"GWYNNS FALLS AT WASHINGTON BLVD AT BALTIMORE, MD",39.27205556,-76.6500833,11689212,750116817,Unverified
USGS-01589440,"JONES FALLS AT SORRENTO, MD",39.39575,-76.66288889,11688890,750071822,Unverified
USGS-01589500,"SAWMILL CREEK AT GLEN BURNIE, MD",39.17,-76.6306111,11689424,750093139,Unverified
USGS-01589795,"SOUTH FORK JABEZ BRANCH AT MILLERSVILLE, MD",39.06825,-76.65152778,8375931,,Unverified
USGS-01591000,"PATUXENT RIVER NEAR UNITY, MD",39.23825,-77.0557222,11907296,750103202,Unverified
USGS-01591400,"CATTAIL CREEK NEAR GLENWOOD, MD",39.2559722,-77.0510556,11907272,750102017,Unverified
USGS-01591610,"PATUXENT RIVER BELOW BRIGHTON DAM NEAR BRIGHTON,MD",39.19219444,-77.00438889,11907330,750085443,Unverified
USGS-01591700,"HAWLINGS RIVER NEAR SANDY SPRING, MD",39.17452778,-77.0214167,11907336,750095508,Unverified
USGS-01592500,"PATUXENT RIV NEAR LAUREL, MD",39.1157222,-76.87375,11905746,750102021,Unverified
USGS-01593370,"L PAX RIV TRIB ABOVE WILDE LAKE AT COLUMBIA, MD",39.22577778,-76.8700556,11905598,,Unverified
USGS-01593450,"L Pax Riv Trib above Lake Elkhorn nr Guilford, MD",39.18788889,-76.8307222,11905670,,Unverified
USGS-01593500,"LITTLE PATUXENT RIVER AT GUILFORD, MD",39.16775,-76.85125,11905718,750098468,Unverified
USGS-01594000,"LITTLE PATUXENT RIVER AT SAVAGE, MD",39.13441667,-76.8161667,11905730,750099061,Unverified
USGS-01594440,"PATUXENT RIVER NEAR BOWIE, MD",38.95591667,-76.6936944,11907758,750106761,Unverified
USGS-01594526,"WESTERN BRANCH AT UPPER MARLBORO, MD",38.8142222,-76.7487222,11908364,750082493,Unverified
USGS-01595000,"NORTH BRANCH POTOMAC RIVER AT STEYER, MD",39.30188889,-79.30688889,14365432,750103792,Unverified
USGS-01595500,"NORTH BRANCH POTOMAC RIVER AT KITZMILLER, MD",39.39388889,-79.1816944,14365188,750110894,Unverified
USGS-01596500,"SAVAGE RIVER NEAR BARTON, MD",39.57005556,-79.1019444,14364088,750099049,Unverified
USGS-01597500,"SAVAGE RIV BL SAVAGE RIV DAM NEAR BLOOMINGTON, MD",39.50275,-79.1239722,14364042,750109707,Unverified
USGS-01598500,"NORTH BRANCH POTOMAC RIVER AT LUKE, MD",39.4789722,-79.0637778,14364980,750123915,Unverified
USGS-01599000,"GEORGES CREEK AT FRANKLIN, MD",39.49391667,-79.0446944,14364970,750111483,Unverified
USGS-01601500,"WILLS CREEK NEAR CUMBERLAND, MD",39.6696111,-78.7880278,14363456,750113846,Unverified
USGS-01603000,"NORTH BRANCH POTOMAC RIVER NEAR CUMBERLAND, MD",39.62180556,-78.7734167,14363552,750124503,Unverified
USGS-01609000,"TOWN CREEK NEAR OLDTOWN, MD",39.5532222,-78.555,8431428,750119769,Unverified
USGS-01610000,"POTOMAC RIVER AT PAW PAW, WV",39.5388611,-78.4556111,8431820,750125690,Unverified
USGS-01610155,"SIDELING HILL CREEK NEAR BELLEGROVE, MD",39.64952778,-78.34413889,8431622,750104966,Unverified
USGS-01613000,"POTOMAC RIVER AT HANCOCK, MD",39.69755556,-78.17788889,5893338,750119766,Unverified
USGS-01613095,"TONOLOWAY CREEK NEAR HANCOCK, MD",39.7063611,-78.15275,5893280,750097861,Unverified
USGS-01613525,"LICKING CREEK AT PECTONVILLE, MD",39.67627778,-78.0425278,5892862,750109701,Unverified
USGS-01614500,"CONOCOCHEAGUE CREEK AT FAIRVIEW, MD",39.71638889,-77.8247778,5891232,750115029,Unverified
USGS-01617800,"MARSH RUN AT GRIMES, MD",39.51455556,-77.7772222,5891846,750097867,Unverified
USGS-01619000,"ANTIETAM CREEK NEAR WAYNESBORO, PA",39.71625,-77.60663889,5891210,750107925,Unverified
USGS-01619500,"ANTIETAM CREEK NEAR SHARPSBURG, MD",39.44977778,-77.7301944,5894726,750126283,Unverified
USGS-01637500,"CATOCTIN CREEK NEAR MIDDLETOWN, MD",39.42725,-77.5561667,4505256,750112076,Unverified
USGS-01638500,"POTOMAC RIVER AT POINT OF ROCKS, MD",39.2735833,-77.5431111,4507348,750135168,Unverified
USGS-01639000,"MONOCACY RIVER AT BRIDGEPORT, MD",39.67905556,-77.23452778,8448416,750109702,Unverified
USGS-01639500,"BIG PIPE CREEK AT BRUCEVILLE, MD",39.6123611,-77.2374444,8449082,750117400,Unverified
USGS-01642190,"MONOCACY RIVER AT MONOCACY BLVD AT FREDERICK, MD",39.4435833,-77.38227778,8450100,750131612,Unverified
USGS-01642198,"CARROLL CREEK NEAR FREDERICK, MD",39.43602778,-77.4405833,8450144,750088397,Unverified
USGS-01642199,"CARROLL CREEK ABOVE ROCK CREEK AT FREDERICK, MD",39.42441667,-77.42977778,8450170,750088989,Unverified
USGS-01642600,"LINGANORE CREEK AT LINGANORE RD NEAR FREDERICK, MD",39.4095,-77.36025,8450224,750103789,Unverified
USGS-01643000,"MONOCACY RIVER AT JUG BRIDGE NEAR FREDERICK, MD",39.4028333,-77.3660833,8450266,750131613,Unverified
USGS-01643395,"SOPER BRANCH AT HYATTSTOWN, MD",39.27530556,-77.3036667,8450912,750034529,Unverified
USGS-01643500,"BENNETT CREEK AT PARK MILLS, MD",39.29413889,-77.4070833,8450600,750109120,Unverified
USGS-01643580,"MONOCACY RIVER NEAR DICKERSON, MD",39.2633972,-77.4357417,8450698,750126289,Unverified
USGS-01644371,"LITTLE SENECA CREEK TRIBUTARY NEAR CLARKSBURG, MD",39.2314722,-77.2556944,4505702,750068867,Unverified
USGS-01644372,"LITTLE SENECA CREEK TRIBUTARY AT BRINK, MD",39.2227222,-77.2493611,4507200,,Unverified
USGS-01644375,"LITTLE SENECA CREEK TRIBUTARY NEAR GERMANTOWN, MD",39.19938889,-77.2753611,4507210,750068867,Unverified
USGS-01644380,"CABIN BRANCH NEAR BOYDS, MD",39.2066111,-77.2885833,4505912,,Unverified
USGS-01644388,"TENMILE CREEK NEAR CLARKSBURG, MD",39.22338889,-77.31225,4505772,,Unverified
USGS-01644390,"TENMILE CREEK NEAR BOYDS, MD",39.216,-77.3164167,4505876,,Unverified
USGS-01645000,"SENECA CREEK AT DAWSONVILLE, MD",39.1280833,-77.33577778,4506374,750104981,Unverified
USGS-01646500,"POTOMAC RIVER NEAR WASH, DC LITTLE FALLS PUMP STA",38.94977778,-77.12763889,4512772,750118601,Unverified
USGS-01647850,"TURKEY BRANCH NEAR ROCKVILLE, MD",39.0684722,-77.08175,22337429,,Unverified
USGS-01649150,"PAINT BRANCH TRIBUTARY NEAR COLESVILLE, MD",39.08838889,-76.9895833,22336303,,Unverified
USGS-01649190,"PAINT BRANCH NEAR COLLEGE PARK, MD",39.0333611,-76.96402778,22336379,750068279,Unverified
USGS-01649500,"NORTHEAST BRANCH ANACOSTIA RIVER AT RIVERDALE, MD",38.96025,-76.9259722,22337975,750081897,Unverified
USGS-01650500,"NORTHWEST BRANCH ANACOSTIA RIVER NR COLESVILLE, MD",39.06552778,-77.0293611,22337513,750080119,Unverified
USGS-01650800,"SLIGO CREEK NEAR TAKOMA PARK, MD",38.9862222,-77.0048611,22338427,,Unverified
USGS-01651003,"NORTHWEST BRANCH ANACOSTIA RIVER AT BRENTWOOD, MD",38.9489722,-76.9562222,22337977,750084858,Unverified
USGS-01651730,"BEAVERDAM CREEK NEAR CHEVERLY, MD",38.91630556,-76.9343056,22337773,750080123,Unverified
USGS-01653600,"PISCATAWAY CREEK AT PISCATAWAY, MD",38.70577778,-76.9661944,22338051,750087824,Unverified
USGS-01658000,"MATTAWOMAN CREEK NEAR POMONKEY, MD",38.59613889,-77.05602778,4529063,750073026,Unverified
USGS-01660920,"ZEKIAH SWAMP RUN NEAR NEWTOWN, MD",38.4905833,-76.9270833,4530567,750109734,Unverified
USGS-01661050,"ST CLEMENTS CREEK NEAR CLEMENTS, MD",38.33330556,-76.725,4530917,750068298,Unverified
USGS-01661500,"ST MARYS RIVER AT GREAT MILLS, MD",38.24175,-76.5036667,4531853,750081917,Unverified
USGS-03075500,"YOUGHIOGHENY RIVER NEAR OAKLAND, MD",39.4215833,-79.42363889,3809533,760566617,Unverified
USGS-03075590,"YOUGHIOGHENY RIVER NEAR SWALLOW FALLS PARK, MD",39.49255556,-79.4120278,3809449,760586581,Unverified
USGS-03075825,"NORTH GLADE RUN NEAR SWANTON, MD",39.5070833,-79.2516667,3808879,,Unverified
USGS-03075850,"ARROWHEAD RUN AT THAYERVILLE, MD",39.50275,-79.3271944,,,Unverified
USGS-03075905,"Cherry Creek at State Park Road near McHenry, MD",39.538,-79.3157778,3808623,760433488,Unverified
USGS-03076100,"YOUGHIOGHENY RIVER NEAR MCHENRY, MD",39.52580556,-79.41075,3808859,760636499,Unverified
USGS-03076500,"YOUGHIOGHENY RIVER AT FRIENDSVILLE, MD",39.6536111,-79.4083056,3808497,760646474,Unverified
USGS-03076600,"BEAR CREEK AT FRIENDSVILLE, MD",39.65613889,-79.3941111,3808829,760553288,Unverified
USGS-03078000,"CASSELMAN RIVER AT GRANTSVILLE, MD",39.70219444,-79.13638889,3808365,760573253,Unverified
USGS-01094400,"NORTH NASHUA RIVER AT FITCHBURG, MA",42.57620079,-71.7881285,6075713,750132712,Unverified
USGS-01094500,"NORTH NASHUA RIVER NEAR LEOMINSTER, MA",42.49506389,-71.7219333,6078037,750125610,Unverified
USGS-01095220,"STILLWATER RIVER NEAR STERLING, MA",42.41080875,-71.7911516,6078267,750116732,Unverified
USGS-01095375,"QUINAPOXET RIVER AT CANADA MILLS NEAR HOLDEN, MA",42.37286967,-71.8281279,6078329,750133310,Unverified
USGS-01095434,"GATES BROOK NEAR WEST BOYLSTON, MA",42.36453675,-71.775349,6078383,,Unverified
USGS-01095503,"NASHUA RIVER, WATER STREET BRIDGE, AT CLINTON, MA",42.41944444,-71.6661111,931070172,750142189,Unverified
USGS-01096000,"SQUANNACOOK RIVER NEAR WEST GROTON, MA",42.63425619,-71.6578479,6076039,750132710,Unverified
USGS-01096500,"NASHUA RIVER AT EAST PEPPERELL, MA",42.66758945,-71.57506809,6075425,750162902,Unverified
USGS-01097000,"ASSABET RIVER AT MAYNARD, MA",42.432038,-71.4497848,6772217,750155804,Unverified
USGS-01097300,"NASHOBA BROOK NEAR ACTON, MA",42.51259289,-71.40422829,6771169,750136857,Unverified
USGS-01098500,"COCHITUATE BK BL LAKE COCHITUATE AT FRAMINGHAM, MA",42.31514167,-71.3838083,6773153,750143967,Unverified
USGS-01098530,"SUDBURY RIVER AT SAXONVILLE, MA",42.3253732,-71.3975605,6772927,750175935,Unverified
USGS-01099500,"CONCORD R BELOW R MEADOW BROOK, AT LOWELL, MA",42.6367581,-71.3020047,6771379,750156391,Unverified
USGS-01100000,"MERRIMACK RIVER BL CONCORD RIVER AT LOWELL, MA",42.64592464,-71.2983937,6746184,750168822,Unverified
USGS-01100568,"SHAWSHEEN RIVER AT HANSCOM FIELD NEAR BEDFORD, MA",42.46703909,-71.2722795,6747190,,Unverified
USGS-0110057120,"ELM BROOK AT ROUTE 2A NEAR LINCOLN, MA",42.4528333,-71.3043056,,,Unverified
USGS-0110057380,"HARTWELL BROOK AT BEDFORD, MA",42.4813333,-71.2696667,,,Unverified
USGS-01100580,"SPRING BROOK NEAR BEDFORD, MA",42.494261,-71.2558902,6747176,750114955,Unverified
USGS-01100600,"SHAWSHEEN RIVER NEAR WILMINGTON, MA",42.5681488,-71.2147792,6745188,750120874,Unverified
USGS-01100627,"SHAWSHEEN RIVER AT BALMORAL STREET AT ANDOVER, MA",42.6714806,-71.1492239,6744972,750132711,Unverified
USGS-011006988,"MERRIMACK RIVER AT BATES BRIDGE NEAR HAVERHILL, MA",42.7636083,-71.0331722,,750150467,Unverified
USGS-01101000,"PARKER RIVER AT BYFIELD, MA",42.75286948,-70.9456096,5860613,750121459,Unverified
USGS-01101500,"IPSWICH RIVER AT SOUTH MIDDLETON, MA",42.56953869,-71.0269974,5862629,750144552,Unverified
USGS-01102000,"IPSWICH RIVER NEAR IPSWICH, MA",42.6598157,-70.8936622,5860401,750161126,Unverified
USGS-01102345,"SAUGUS RIVER AT SAUGUS IRONWORKS AT SAUGUS, MA",42.4695404,-71.0069954,5867391,750121467,Unverified
USGS-01102500,"ABERJONA RIVER AT WINCHESTER, MA",42.4474568,-71.1380816,5867393,750106075,Unverified
USGS-01103025,"ALEWIFE BROOK NEAR ARLINGTON, MA",42.40704077,-71.1339422,5866419,750090093,Unverified
USGS-01103280,"CHARLES RIVER AT MEDWAY, MA",42.1398197,-71.3895032,5867575,750161140,Unverified
USGS-01103455,"TROUT BROOK AT DOVER, MA",42.25398645,-71.29339017,5867443,,Unverified
USGS-01103500,"CHARLES RIVER AT DOVER, MA",42.256209,-71.2600558,5867435,750159952,Unverified
USGS-01104000,"MOTHER BROOK AT DEDHAM, MA",42.2550985,-71.1642196,5867457,,Unverified
USGS-01104200,"CHARLES RIVER AT WELLESLEY, MA",42.3164861,-71.227833,5867409,750179487,Unverified
USGS-01104370,"STONY BROOK AT VILES STREET, NEAR WESTON, MA",42.38555556,-71.2894444,5866443,750086541,Unverified
USGS-01104405,"HOBBS BROOK AT MILL ST NR LINCOLN, MA",42.436484,-71.2695014,,,Unverified
USGS-01104410,"CAMBRIDGE RES., UNNAMED TRIB 1, NR LEXINGTON, MA",42.43648406,-71.2642235,,750125613,Unverified
USGS-01104415,"CAMBRIDGE RES., UNNAMED TRIB 2, NR LEXINGTON, MA",42.43592855,-71.2600567,5867679,750125613,Unverified
USGS-01104420,"CAMBRIDGE RES., UNNAMED TRIB 3, NR LEXINGTON, MA",42.4198177,-71.2575565,5867685,750125613,Unverified
USGS-01104430,"HOBBS BK BELOW CAMBRIDGE RES NR KENDALL GREEN, MA",42.3981512,-71.2733903,5866423,750125613,Unverified
USGS-01104453,STONY BROOK UNNAMED TRIB 2 NR WESTON STATION,42.37138889,-71.27527778,,750136862,Unverified
USGS-01104455,"STONY BROOK, UNNAMED TRIBUTARY 1, NEAR WALTHAM, MA",42.37259606,-71.27033448,5866457,750136862,Unverified
USGS-01104460,"STONY BROOK AT RT 20 AT WALTHAM, MA",42.368985,-71.2706123,5866457,750137454,Unverified
USGS-01104475,"STONY BROOK RES., UNNAMED TRIB 1, NEAR WESTON, MA",42.3545408,-71.2681121,5866465,750137454,Unverified
USGS-01104480,"STONY BROOK RESERVOIR AT DAM NEAR WALTHAM, MA",42.3556519,-71.2650565,5867733,750137454,Unverified
USGS-01104500,"CHARLES RIVER AT WALTHAM, MA",42.37231857,-71.2336668,5868225,750163502,Unverified
USGS-01104501,"BEAVER BROOK, LINDEN STREET, AT WALTHAM, MA",42.3786972,-71.2223722,5867401,750088317,Unverified
USGS-01105000,"NEPONSET RIVER AT NORWOOD, MA",42.1775987,-71.2008863,5867537,750155811,Unverified
USGS-01105500,"EAST BRANCH NEPONSET RIVER AT CANTON, MA",42.15454356,-71.1458842,5867561,750122660,Unverified
USGS-011055525,"PONKAPOAG BRK UPSTREAM RT 138,NR CANTON, MA",42.19027778,-71.1144444,,,Unverified
USGS-01105554,"NEPONSET RIVER AT GREENLODGE ST NEAR CANTON, MA",42.2092655,-71.1458851,5867473,750165282,Unverified
USGS-011055566,"NEPONSET RIVER AT MILTON VILLAGE, MA",42.2709321,-71.06838369,,750152848,Unverified
USGS-01105583,"MONATIQUOT RIVER AT EAST BRAINTREE, MA",42.22093308,-70.9781026,5863761,750137458,Unverified
USGS-01105585,"TOWN BROOK AT QUINCY, MA",42.24787726,-70.9972703,5866555,,Unverified
USGS-01105600,"OLD SWAMP RIVER NEAR SOUTH WEYMOUTH, MA",42.1903779,-70.9447679,5863773,,Unverified
USGS-01105606,"WHITMANS POND, WHITMANS POND DAM AT E. WEYMOUTH,MA",42.2108333,-70.9294444,5863459,,Unverified
USGS-01105608,"WHITMANS POND FISH LADDER AT EAST WEYMOUTH, MA",42.21305556,-70.92638889,5863459,,Unverified
USGS-01105638,"WEIR RIVER AT LEAVITT STREET AT HINGHAM, MA",42.2348226,-70.8719892,5863429,,Unverified
USGS-01105730,"INDIAN HEAD RIVER AT HANOVER, MA",42.1006571,-70.8225415,5876155,750164101,Unverified
USGS-01105870,"JONES RIVER AT KINGSTON, MA",41.9909362,-70.7336491,166174917,750125624,Unverified
USGS-01105880,"HERRING RIVER AT NORTH HARWICH, MA",41.70011074,-70.1069625,5878893,,Unverified
USGS-0110588332,"MARSTONS MILLS RV, DS OUT. OF BOG, MARS. MILLS, MA",41.66710556,-70.42362778,,,Unverified
USGS-0110588340,"SANTUIT RIVER AT OLD KINGS ROAD AT SANTUIT, MA",41.62747588,-70.4505591,,,Unverified
USGS-0110588364,"QUASHNET R. 0.6 MI DS OF JOHNS POND NR MASHPEE, MA",41.6331643,-70.5047501,,750159377,Unverified
USGS-011058837,"QUASHNET RIVER AT WAQUOIT VILLAGE, MA",41.59233175,-70.50780579,,750159377,Unverified
USGS-01105917,"MATTAPOISETT RIVER NEAR MATTAPOISETT, MA",41.66260446,-70.8383696,5878903,750171216,Unverified
USGS-01105933,"PASKAMANSET RIVER NEAR SOUTH DARTMOUTH, MA",41.58538185,-70.9903171,5878911,750167074,Unverified
USGS-01108000,"TAUNTON RIVER NEAR BRIDGEWATER, MA",41.9339903,-70.9564307,6126439,750174761,Unverified
USGS-01108410,"MILL RIVER AT SPRING STREET AT TAUNTON, MA",41.8998232,-71.0894897,6128297,750201994,Unverified
USGS-01109000,"WADING RIVER NEAR NORTON, MA",41.94760015,-71.1767155,6129519,750143977,Unverified
USGS-01109060,"THREEMILE RIVER AT NORTH DIGHTON, MA",41.8662122,-71.12282369,6129565,750185419,Unverified
USGS-01109070,"SEGREGANSET RIVER NEAR DIGHTON, MA",41.840379,-71.142824,6128635,750139836,Unverified
USGS-01109730,"BLACKSTONE RIVER, W. MAIN ST., AT MILLBURY, MA",42.1889835,-71.7650702,6115840,750158770,Unverified
USGS-01110000,"QUINSIGAMOND RIVER AT NORTH GRAFTON, MA",42.230372,-71.7109023,6115740,750145153,Unverified
USGS-01111212,"BLACKSTONE RIVER, RT 122 BRIDGE NEAR UXBRIDGE, MA",42.05481959,-71.6164542,6116268,750187782,Unverified
USGS-01111230,"BLACKSTONE RIVER AT MILLVILLE, MA",42.0228757,-71.5722859,,750181863,Unverified
USGS-01123360,"QUINEBAUG R BL E BRIMFIELD DAM AT FISKDALE, MA",42.108375,-72.1261306,6147587,750155813,Unverified
USGS-01123600,"QUINEBAUG R BL WESTVILLE DAM NR SOUTHBRIDGE, MA",42.08261944,-72.0583806,6147605,750174166,Unverified
USGS-01125000,"FRENCH RIVER AT WEBSTER, MA",42.0509298,-71.8842387,6144829,750174758,Unverified
USGS-01161280,"CONNECTICUT RIVER NEAR NORTHFIELD, MA",42.6833333,-72.4719444,6778923,750172966,Unverified
USGS-01162000,"MILLERS RIVER NEAR WINCHENDON, MA",42.6842527,-72.08341388,9343737,750120277,Unverified
USGS-01162500,"PRIEST BROOK NEAR WINCHENDON, MA",42.6825859,-72.1150812,9343363,750143364,Unverified
USGS-01163200,"OTTER RIVER AT OTTER RIVER, MA",42.58842124,-72.04091198,9343543,750126200,Unverified
USGS-01165150,"MILLERS RIVER AT ATHOL, MASS.",42.59258697,-72.23925,166174609,750150472,Unverified
USGS-01166500,"MILLERS RIVER AT ERVING, MA",42.5975862,-72.43786449,9343517,750156392,Unverified
USGS-01168250,"COLD RIVER AT FLORIDA, MA",42.66669444,-73.0301667,10295736,750098374,Unverified
USGS-01168500,"DEERFIELD RIVER AT CHARLEMONT, MA",42.626,-72.8541944,10294852,750148103,Unverified
USGS-01169000,"NORTH RIVER AT SHATTUCKVILLE, MA",42.63841775,-72.7250922,10294784,750149286,Unverified
USGS-01169900,"SOUTH RIVER NEAR CONWAY, MA",42.5420303,-72.69370179,10295340,750101930,Unverified
USGS-01170000,"DEERFIELD RIVER NEAR WEST DEERFIELD, MA",42.53591957,-72.65342328,10295286,750152249,Unverified
USGS-01170100,"GREEN RIVER NEAR COLRAIN, MA",42.70341695,-72.67064738,10294622,750131524,Unverified
USGS-01170500,"CONNECTICUT RIVER AT MONTAGUE CITY, MA",42.5802222,-72.5745,6778961,750165864,Unverified
USGS-01171000,"AVERY BROOK NR WHATELY, MA",42.44990946,-72.6935489,6780731,750102524,Unverified
USGS-01171100,"WEST BROOK NR WHATELY, MA",42.4143661,-72.6287562,6780817,750102524,Unverified
USGS-01171500,"MILL RIVER AT NORTHAMPTON, MA",42.31897839,-72.6650907,6781041,750124430,Unverified
USGS-01172010,"CONNECTICUT R AT I-391 BRIDGE AT HOLYOKE, MA",42.19146944,-72.6093111,6781263,750201395,Unverified
USGS-01172500,"WARE RIVER NEAR BARRE, MA",42.42509025,-72.0245212,7691387,750136268,Unverified
USGS-01173000,"WARE RIVER AT INTAKE WORKS NEAR BARRE, MA",42.39120167,-72.0650774,7691403,750140413,Unverified
USGS-01173180,"WARE RIVER AT BARRE PLAINS, MA",42.38009065,-72.1142451,7690147,750141005,Unverified
USGS-01173500,"WARE RIVER AT GIBBS CROSSING, MA",42.2362038,-72.27258047,7690465,750164097,Unverified
USGS-01174500,"EAST BRANCH SWIFT RIVER NEAR HARDWICK, MA",42.3934237,-72.2384148,7691881,750133309,Unverified
USGS-01174565,"WEST BRANCH SWIFT RIVER NEAR SHUTESBURY, MA",42.45508906,-72.3817516,7690043,750099563,Unverified
USGS-01175500,"SWIFT RIVER AT WEST WARE, MA",42.2678699,-72.3325824,7691607,750161135,Unverified
USGS-01175670,"SEVENMILE RIVER NEAR SPENCER, MA",42.26481407,-72.0042418,7690413,,Unverified
USGS-01176000,"QUABOAG RIVER AT WEST BRIMFIELD, MA",42.18231566,-72.263691,7690649,750178306,Unverified
USGS-01177000,"CHICOPEE RIVER AT INDIAN ORCHARD, MA",42.16064906,-72.5139756,7692453,750192515,Unverified
USGS-01179500,"WESTFIELD RIVER AT KNIGHTVILLE, MA",42.28786655,-72.8642636,6097249,750171791,Unverified
USGS-01181000,"WEST BRANCH WESTFIELD RIVER AT HUNTINGTON, MA",42.23731169,-72.895654,6096297,750143969,Unverified
USGS-01183500,"WESTFIELD RIVER NEAR WESTFIELD, MA",42.1067602,-72.698981,6097321,750190149,Unverified
USGS-01185500,"WEST BRANCH FARMINGTON RIVER NEAR NEW BOSTON, MA",42.0788611,-73.0728833,6107147,750179494,Unverified
USGS-01197000,"EAST BRANCH HOUSATONIC RIVER AT COLTSVILLE, MA",42.4695833,-73.1973333,7709630,750132715,Unverified
USGS-01197145,"HOUSATONIC RIVER AT LENOXDALE, MA",42.34288889,-73.2451667,7710180,750154622,Unverified
USGS-01197500,"HOUSATONIC RIVER NEAR GREAT BARRINGTON, MA",42.23191667,-73.3546667,7710210,750168832,Unverified
USGS-01198000,"GREEN RIVER NEAR GREAT BARRINGTON, MA",42.1929083,-73.3912306,7709954,750152258,Unverified
USGS-01198125,"HOUSATONIC RIVER NEAR ASHLEY FALLS, MA",42.07470689,-73.333427,7710044,750197846,Unverified
USGS-01331500,"HOOSIC RIVER AT ADAMS, MA",42.61109077,-73.12397168,22290241,750117319,Unverified
USGS-01332500,"HOOSIC RIVER NEAR WILLIAMSTOWN, MA",42.70025695,-73.1589722,22290185,750134485,Unverified
USGS-01333000,"GREEN RIVER AT WILLIAMSTOWN, MA",42.70886815,-73.1967511,22290373,750116725,Unverified
USGS-04001000,"WASHINGTON CREEK AT WINDIGO, MI",47.9212792,-89.1459197,,740310011,Unverified
USGS-04031000,"BLACK RIVER NEAR BESSEMER, MI",46.5113361,-90.0746179,,740568144,Unverified
USGS-04033000,"MIDDLE BRANCH ONTONAGON RIVER NEAR PAULDING, MI",46.3568916,-89.0765285,,740593689,Unverified
USGS-04036000,"WEST BRANCH ONTONAGON RIVER NEAR BERGLAND, MI",46.5874471,-89.5418197,,740523787,Unverified
USGS-04037500,"CISCO BRANCH ONTONAGON R AT CISCO LAKE OUTLET, MI",46.25330556,-89.4524722,,,Unverified
USGS-04040000,"ONTONAGON RIVER NEAR ROCKLAND, MI",46.7207742,-89.207086,,740519748,Unverified
USGS-04040500,"STURGEON RIVER NEAR SIDNAW, MI",46.58410589,-88.5759697,,740510347,Unverified
USGS-04041500,"STURGEON RIVER NEAR ALSTON, MI",46.7258333,-88.6624167,,740527811,Unverified
USGS-04043016,"PILGRIM RIVER AT PARADISE RD NR DODGEVILLE, MI",47.0840943,-88.5506792,,740307375,Unverified
USGS-04043050,"TRAP ROCK RIVER NEAR LAKE LINDEN, MI",47.22853637,-88.3853928,,740386658,Unverified
USGS-04043097,"FALLS RIVER NEAR L'ANSE, MI",46.7346552,-88.4431868,,740471363,Unverified
USGS-04043150,"SILVER RIVER NEAR L'ANSE, MI",46.80409698,-88.3170724,,740432382,Unverified
USGS-04043238,"SALMON TROUT RIVER NEAR BIG BAY, MI",46.78214818,-87.8776299,,740331583,Unverified
USGS-04043244,"EAST BRANCH SALMON TROUT RIVER NEAR DODGE CITY, MI",46.7857589,-87.8523522,,,Unverified
USGS-04044003,"DEAD RIVER AT MARQUETTE, MI",46.5716944,-87.4103611,,740514380,Unverified
USGS-04044724,"AU TRAIN RIVER AT FOREST LAKE, MI",46.34077908,-86.8501514,,740541274,Unverified
USGS-04044755,"MINERS RIVER NR MUNISING, MI",46.48772616,-86.5407188,,740467343,Unverified
USGS-04045500,"TAHQUAMENON RIVER NEAR PARADISE, MI",46.5745833,-85.26963889,,740561420,Unverified
USGS-04046000,"BLACK RIVER NEAR GARNET, MI",46.11780556,-85.3660556,,740397479,Unverified
USGS-04056500,"MANISTIQUE RIVER NEAR MANISTIQUE, MI",46.03052857,-86.161249,,740523820,Unverified
USGS-04057510,"STURGEON RIVER NEAR NAHMA JUNCTION, MI",45.9430235,-86.7056997,272589,740459314,Unverified
USGS-04057800,"MIDDLE BRANCH ESCANABA RIVER AT HUMBOLDT, MI",46.49910267,-87.8865238,,740565456,Unverified
USGS-04057813,"GREENWOOD DIVERSION NEAR GREENWOOD, MI",46.43438238,-87.7695795,,,Unverified
USGS-04057814,"GREENWOOD RELEASE NEAR GREENWOOD, MI",46.4393822,-87.7979128,,,Unverified
USGS-04058100,"MIDDLE BRANCH ESCANABA RIVER NR PRINCETON, MI",46.3171649,-87.5020817,,740556060,Unverified
USGS-04058200,"SCHWEITZER CREEK NEAR PALMER, MI",46.41104987,-87.6243028,,740461973,Unverified
USGS-04059000,"ESCANABA RIVER AT CORNELL, MI",45.90891667,-87.2135278,,740431091,Unverified
USGS-04059034,"ESCANABA RIVER NEAR WELLS, MI",45.80607766,-87.0976366,11962042,740421690,Unverified
USGS-04059500,"FORD RIVER NEAR HYDE, MI",45.7549674,-87.2020793,6860182,740441853,Unverified
USGS-04059750,"CEDAR RIVER AT COUNTY ROAD 366 NR CEDAR RIVER, MI",45.52388889,-87.395,,740404232,Unverified
USGS-04060500,"IRON RIVER AT CASPIAN, MI",46.05856639,-88.627354,,740429738,Unverified
USGS-04060993,"BRULE RIVER AT US HIGHWAY 2 NEAR FLORENCE, WI",45.96078737,-88.3159663,,740487537,Unverified
USGS-04061500,"PAINT RIVER AT CRYSTAL FALLS, MI",46.1057841,-88.3348576,,740548009,Unverified
USGS-04062000,"PAINT RIVER NEAR ALPHA, MI",46.0110635,-88.2584682,,740507692,Unverified
USGS-04062500,"MICHIGAMME RIVER NEAR CRYSTAL FALLS, MI",46.113838,-88.2159687,,740548005,Unverified
USGS-04063522,"MENOMINEE RIVER AT US HWY-2 NEAR IRON MOUNTAIN, MI",45.86606566,-88.074573,,740495606,Unverified
USGS-04065650,"STURGEON RIVER AT US HWY-2 AT LORETTO, MI",45.77607029,-87.82845849,,740413627,Unverified
USGS-04065722,"MENOMINEE RIVER NEAR VULCAN, MI",45.7366265,-87.86345709,,740447229,Unverified
USGS-04066030,"MENOMINEE RIVER AT WHITE RAPIDS DAM NEAR BANAT, MI",45.4819444,-87.8022222,6848397,740398861,Unverified
USGS-04066800,"MENOMINEE RIVER AT KOSS, MI",45.38719517,-87.7020585,6848543,740365269,Unverified
USGS-04096015,"GALIEN RIVER NEAR SAWYER, MI",41.87365438,-86.5750216,,740098021,Unverified
USGS-04096405,"ST. JOSEPH RIVER AT BURLINGTON, MI",42.1031014,-85.0799764,,740089944,Unverified
USGS-04096515,"SOUTH BRANCH HOG CREEK NEAR ALLEN, MI",41.94865859,-84.8277403,,740077858,Unverified
USGS-04097500,"ST. JOSEPH RIVER AT THREE RIVERS, MI",41.94032575,-85.6327707,,740096674,Unverified
USGS-040975299,"PRAIRIE RIVER AT US 12 NEAR BURR OAK, MI",41.83638889,-85.2708333,,740141032,Unverified
USGS-04097540,"PRAIRIE RIVER NEAR NOTTAWA, MI",41.88838304,-85.409428,,740106085,Unverified
USGS-0409754132,"SPRING CREEK AT RAMBADT ROAD NEAR CENTREVILLE, MI",41.9431051,-85.4880439,,740118177,Unverified
USGS-04098980,"MILL CREEK AT QUAKER STREET NEAR MOTTVILLE, MI",41.83060445,-85.74304939,,740135656,Unverified
USGS-04099000,"ST. JOSEPH RIVER AT MOTTVILLE, MI",41.80088279,-85.7561047,,740115498,Unverified
USGS-04101500,"ST. JOSEPH RIVER AT NILES, MI",41.8292138,-86.2597325,,740142377,Unverified
USGS-041015313,"OSBORN DRAIN AT DEWEY LAKE ST NR GLENWOOD, MI",42.05587699,-86.0689021,,,Unverified
USGS-04101535,"DOWAGIAC RIVER AT STATE HWY 51 NEAR DOWAGIAC, MI",42.02777778,-86.1075,,740083228,Unverified
USGS-04101590,"DOWAGIAC CREEK AT DUTCH SETTLEMENT RD NR DOWAGIAC,",41.9836111,-86.0027778,,740065757,Unverified
USGS-04101800,"DOWAGIAC RIVER AT SUMNERVILLE, MI",41.9133797,-86.2130676,,740106083,Unverified
USGS-04102148,"SOUTH BRANCH PAW PAW RIVER NEAR PAW PAW, MI",42.2005953,-85.9014021,,740124882,Unverified
USGS-04102500,"PAW PAW RIVER AT RIVERSIDE, MI",42.18642675,-86.3689124,,740138322,Unverified
USGS-04102700,"SOUTH BRANCH BLACK RIVER NEAR BANGOR, MI",42.35420009,-86.1875265,,740147722,Unverified
USGS-04102776,"MIDDLE BRANCH BLACK RIVER NEAR SOUTH HAVEN, MI",42.4325306,-86.2069742,,,Unverified
USGS-04103490,"RICE CREEK AT MONROE STREET AT MARSHALL, MI",42.2664309,-84.9585922,,740103374,Unverified
USGS-04103500,"KALAMAZOO RIVER AT MARSHALL, MI",42.2647643,-84.96387,,740118158,Unverified
USGS-041035285,"DICKINSON CREEK NEAR CERESCO, MI",42.29143066,-85.1130435,,740147725,Unverified
USGS-04104945,"WANADOGA CREEK NEAR BATTLE CREEK, MI",42.3964281,-85.13166,,740106053,Unverified
USGS-04105000,"BATTLE CREEK AT BATTLE CREEK, MI",42.33142969,-85.1536025,,740154442,Unverified
USGS-04105500,"KALAMAZOO RIVER NEAR BATTLE CREEK, MI",42.32392989,-85.1974929,,740136971,Unverified
USGS-04105700,"AUGUSTA CREEK NEAR AUGUSTA, MI",42.3533734,-85.3538894,,740110089,Unverified
USGS-04106000,"KALAMAZOO RIVER AT COMSTOCK, MI",42.28559716,-85.513893,,740158477,Unverified
USGS-04106320,"WEST FORK PORTAGE CREEK NEAR OSHTEMO, MI",42.23531839,-85.6483389,,740087248,Unverified
USGS-04106400,"WEST FORK PORTAGE CREEK AT KALAMAZOO, MI",42.2444854,-85.6144495,,740079183,Unverified
USGS-04106500,"PORTAGE CREEK AT KALAMAZOO, MI",42.2742075,-85.5763942,,740097999,Unverified
USGS-04107850,"KALAMAZOO RIVER NEAR ALLEGAN, MI",42.48225575,-85.798355,,740167873,Unverified
USGS-04108600,"RABBIT RIVER NEAR HOPKINS, MI",42.6422537,-85.7219681,,740159799,Unverified
USGS-04108660,"KALAMAZOO RIVER AT NEW RICHMOND, MI",42.65085976,-86.106703,,740213559,Unverified
USGS-04108800,"MACATAWA RIVER AT STATE ROAD NEAR ZEELAND, MI",42.77919167,-86.0183722,,740225647,Unverified
USGS-04108862,"PIGEON RIVER AT 120TH AVENUE NR OLIVE CENTER, MI",42.93279984,-86.08198959,,740158438,Unverified
USGS-04109000,"GRAND RIVER AT JACKSON, MI",42.28364676,-84.4088483,,740142349,Unverified
USGS-04111000,"GRAND RIVER NEAR EATON RAPIDS, MI",42.5347305,-84.62297,,740185343,Unverified
USGS-04111379,"RED CEDAR RIVER NEAR WILLIAMSTON, MI",42.6830899,-84.2191329,,740162485,Unverified
USGS-04112000,"SLOAN CREEK NEAR WILLIAMSTON, MI",42.67586828,-84.3638605,,740134262,Unverified
USGS-04112500,"RED CEDAR RIVER AT EAST LANSING, MI",42.7272571,-84.4780317,,740177266,Unverified
USGS-04112850,"SYCAMORE CREEK AT HOLT ROAD NEAR HOLT, MI",42.6403134,-84.4827533,,740154424,Unverified
USGS-04113000,"GRAND RIVER AT LANSING, MI",42.75059039,-84.555257,,740189361,Unverified
USGS-04114000,"GRAND RIVER AT PORTLAND, MI",42.85642289,-84.9122182,,740245804,Unverified
USGS-04114498,"LOOKING GLASS RIVER NEAR EAGLE, MI",42.82809018,-84.7594339,,740218925,Unverified
USGS-04115000,"MAPLE RIVER AT MAPLE RAPIDS, MI",43.10975485,-84.6930521,,740190681,Unverified
USGS-04115265,"FISH CREEK NEAR CRYSTAL, MI",43.2497545,-84.9811245,,740154386,Unverified
USGS-04116000,"GRAND RIVER AT IONIA, MI",42.971977,-85.0691725,,740290147,Unverified
USGS-04117004,"QUAKER BROOK AT STATE HWY M-66 NEAR NASHVILLE, MI",42.5672584,-85.0949975,,740104703,Unverified
USGS-04117500,"THORNAPPLE RIVER NEAR HASTINGS, MI",42.6158688,-85.2363933,,740194745,Unverified
USGS-04118000,"THORNAPPLE RIVER NEAR CALEDONIA, MI",42.8111429,-85.4833523,,740259247,Unverified
USGS-04118500,"ROGUE RIVER NEAR ROCKFORD, MI",43.0822491,-85.5908648,,740221596,Unverified
USGS-04119000,"GRAND RIVER AT GRAND RAPIDS, MI",42.963082,-85.6772533,,740303588,Unverified
USGS-04119055,"PLASTER CREEK AT 28TH STREET AT GRAND RAPIDS, MI",42.91280557,-85.650584,,740185320,Unverified
USGS-04119070,"GRAND RIVER AT STATE HWY M-11 AT GRANDVILLE, MI",42.9153038,-85.7672555,,740274023,Unverified
USGS-04119160,"BUCK CREEK AT WILSON AVENUE AT GRANDVILLE, MI",42.9025263,-85.7628105,,740182632,Unverified
USGS-04119400,"GRAND RIVER NEAR EASTMANVILLE, MI",43.0241884,-86.0264354,,740244449,Unverified
USGS-04121300,"CLAM RIVER AT VOGEL CENTER, MI",44.2005692,-85.0528147,,740284696,Unverified
USGS-04121494,"CHIPPEWA CREEK AT 90TH AVENUE NEAR EVART, MI",43.9258333,-85.2666667,,,Unverified
USGS-04121500,"MUSKEGON RIVER AT EVART, MI",43.8991863,-85.2553192,,740271275,Unverified
USGS-04121507,"TWIN CREEK AT EIGHT MILE ROAD NEAR EVART, MI",43.92944444,-85.2933333,,740228266,Unverified
USGS-04121650,"MUSKEGON RIVER AT BIG RAPIDS, MI",43.693634,-85.4675442,,740261880,Unverified
USGS-04121944,"LITTLE MUSKEGON RIVER NEAR OAK GROVE, MI",43.43085818,-85.5955989,,740233672,Unverified
USGS-04121970,"MUSKEGON RIVER NEAR CROTON, MI",43.43474558,-85.6653239,,740267272,Unverified
USGS-04122001,"MUSKEGON RIVER AT BRIDGE STREET AT NEWAYGO, MI",43.41694444,-85.8083333,,740247113,Unverified
USGS-04122025,"MUSKEGON RIVER AT BRIDGETON, MI",43.34724097,-85.9394978,,740224269,Unverified
USGS-04122100,"BEAR CREEK NEAR MUSKEGON, MI",43.2886254,-86.2228378,,740136911,Unverified
USGS-04122200,"WHITE RIVER NEAR WHITEHALL, MI",43.46417856,-86.2325668,,740232326,Unverified
USGS-04122500,"PERE MARQUETTE RIVER AT SCOTTVILLE, MI",43.9450063,-86.2786896,,740321002,Unverified
USGS-04124000,"MANISTEE RIVER NEAR SHERMAN, MI",44.43639239,-85.6986792,,740423116,Unverified
USGS-04124200,"MANISTEE RIVER NEAR MESICK, MI",44.3630596,-85.820905,,740260496,Unverified
USGS-04124500,"EAST BRANCH PINE RIVER NEAR TUSTIN, MI",44.102511,-85.5172766,,740282015,Unverified
USGS-04125460,"PINE RIVER AT HIGH SCHOOL BRIDGE NR HOXEYVILLE, MI",44.19334009,-85.7697863,,740334427,Unverified
USGS-04125550,"MANISTEE RIVER NEAR WELLSTON, MI",44.25944459,-85.9416248,,740443287,Unverified
USGS-04126740,"PLATTE RIVER AT HONOR, MI",44.6680551,-86.0348123,,740331711,Unverified
USGS-04126970,"BOARDMAN R ABOVE BROWN BRIDGE ROAD NR MAYFIELD, MI",44.65667,-85.436731,,740337086,Unverified
USGS-04127200,"BOARDMAN RIVER AT BEITNER RD NR TRAVERSE CITY, MI",44.67527949,-85.6309068,,740358591,Unverified
USGS-041275685,"CLAM LAKE OUTLET TO TORCH LAKE NR ALDEN,MI",44.94250278,-85.2836,,740330351,Unverified
USGS-04127570,"TORCH RIVER AT COUNTY ROAD 593 AT TORCH RIVER, MI",44.8504,-85.3275222,,740359922,Unverified
USGS-04127800,"JORDAN RIVER NEAR EAST JORDAN, MI",45.10111787,-85.0972788,,740292709,Unverified
USGS-04127885,"ST. MARYS RIVER AT SAULT STE. MARIE, ONTARIO",46.4983333,-84.3152778,,740640720,Unverified
USGS-04127917,"PINE RIVER NEAR RUDYARD, MI",46.19055556,-84.6122222,,740513058,Unverified
USGS-04127997,"STURGEON RIVER AT WOLVERINE, MI",45.27445746,-84.6000315,,740358554,Unverified
USGS-04128990,"PIGEON RIVER NEAR VANDERBILT, MI",45.156124,-84.4675226,,740345123,Unverified
USGS-04133501,"THUNDER BAY RIVER AT HERRON ROAD NEAR BOLTON, MI",45.1241787,-83.63554,,740390819,Unverified
USGS-04135700,"SOUTH BRANCH AU SABLE RIVER NEAR LUZERNE, MI",44.61473849,-84.455575,,740345153,Unverified
USGS-04136000,"AU SABLE RIVER NEAR RED OAK, MI",44.6769593,-84.2925146,,740384126,Unverified
USGS-04136500,"AU SABLE RIVER AT MIO, MI",44.66001385,-84.1311167,,740390846,Unverified
USGS-04136900,"AU SABLE RIVER NEAR MC KINLEY, MI",44.61277537,-83.8376616,,740420416,Unverified
USGS-04137005,"AU SABLE RIVER NEAR CURTISVILLE, MI",44.56084749,-83.802764,,740315586,Unverified
USGS-04137500,"AU SABLE RIVER NEAR AU SABLE, MI",44.43640447,-83.4338609,,740361291,Unverified
USGS-04137680,"PINE RIVER AT KINGS CORNER RD NR OSCODA, MI",44.51166408,-83.4068134,,740345158,Unverified
USGS-04137716,"VAN ETTEN CREEK AT HWY F-41 AT OSCODA, MI",44.44067778,-83.34156389,,740312907,Unverified
USGS-041377255,"AU SABLE RIVER NR US23 AT OSCODA, MI",44.4170611,-83.3307472,,740394893,Unverified
USGS-04138030,"E BR AU GRES R AT E ANDREWS RD NR ALABASTER, MI",44.1435833,-83.5856278,,740257824,Unverified
USGS-04138536,"AU GRES RIVER AT S MACKINAW RD NR AU GRES, MI",44.080225,-83.6858611,,740358625,Unverified
USGS-04142000,"RIFLE RIVER NEAR STERLING, MI",44.0725203,-84.0199939,,740362657,Unverified
USGS-04143220,"PINE RIVER AT PINE RIVER RD NR STANDISH, MI",43.9830861,-83.8636167,,740210799,Unverified
USGS-04144032,"THREEMILE CREEK AT PRIOR ROAD NEAR DURAND, MI",42.88169789,-83.9846833,,740200103,Unverified
USGS-04144500,"SHIAWASSEE RIVER AT OWOSSO, MI",43.01502685,-84.17997,,740225634,Unverified
USGS-04145000,"SHIAWASSEE RIVER NEAR FERGUS, MI",43.2547478,-84.1055324,13029083,740233685,Unverified
USGS-04145785,"SWAN CREEK AT FROST ROAD NEAR FROST, MI",43.4522487,-84.1202582,,740194693,Unverified
USGS-04146000,"FARMERS CREEK NEAR LAPEER, MI",43.0447494,-83.33716779,,740179937,Unverified
USGS-04146063,"SOUTH BRANCH FLINT RIVER NEAR COLUMBIAVILLE,MI",43.1594706,-83.3507814,,740212185,Unverified
USGS-04147500,"FLINT RIVER NEAR OTISVILLE, MI",43.11113726,-83.5193965,,740247132,Unverified
USGS-04148140,"KEARSLEY CREEK NEAR DAVISON, MI",43.0336381,-83.5813417,,740210849,Unverified
USGS-041482663,"ALGER CREEK AT HILL ROAD NEAR SWARTZ CREEK, MI",42.9419733,-83.8460698,,740165158,Unverified
USGS-04148295,"SWARTZ CREEK AT CLAUDE AVENUE AT FLINT, MI",42.9858609,-83.7388461,,740264611,Unverified
USGS-04148500,"FLINT RIVER NEAR FLINT, MI",43.03891625,-83.771626,,740232352,Unverified
USGS-04149000,"FLINT RIVER NEAR FOSTERS, MI",43.30833635,-83.9535014,,740253840,Unverified
USGS-04150500,"CASS RIVER AT CASS CITY, MI",43.5841674,-83.175974,,740225599,Unverified
USGS-04150800,"CASS RIVER AT WAHJAMEGA, MI",43.45057745,-83.4413428,,740229638,Unverified
USGS-04151500,"CASS RIVER AT FRANKENMUTH, MI",43.3278021,-83.7480196,,740205455,Unverified
USGS-04152049,"TITTABAWASSEE RIVER AT SECORD DAM NR GLADWIN, MI",44.04113225,-84.3422276,,740276642,Unverified
USGS-04152238,"SOUTH BRANCH TOBACCO RIVER NEAR BEAVERTON, MI",43.8669691,-84.545289,,740276654,Unverified
USGS-04152500,"TOBACCO RIVER AT GLIDDEN ROAD AT BEAVERTON, MI",43.8794687,-84.4738977,,740298157,Unverified
USGS-04153300,"TITTABAWASSEE RIVER AT SANFORD, MI",43.6769719,-84.382499,,740256504,Unverified
USGS-04153500,"SALT RIVER NEAR NORTH BRADLEY, MI",43.7030836,-84.4711157,,740233656,Unverified
USGS-04153725,"CHIPPEWA RIVER AT DREW RD NR DREW, MI",43.66128889,-85.0300556,,740260540,Unverified
USGS-04153905,N BR CHIPPEWA RIVER MERIDIAN RD NR MT PLEASANT MI,43.59268056,-84.847925,,740237693,Unverified
USGS-04154000,"CHIPPEWA RIVER NEAR MOUNT PLEASANT, MI",43.62614048,-84.70778969,,740276668,Unverified
USGS-04154512,CHIPPEWA RIVER AT S HOMER RD NR MIDLAND,43.6011083,-84.3305472,,740243071,Unverified
USGS-04154612,"WOLF CREEK AT PINE GROVE ROAD NEAR VESTABURG, MI",43.4230869,-84.9502956,,740151689,Unverified
USGS-04155500,"PINE RIVER NEAR MIDLAND, MI",43.56447276,-84.3691619,,740243073,Unverified
USGS-04156000,"TITTABAWASSEE RIVER AT MIDLAND, MI",43.59530477,-84.2355439,,740318333,Unverified
USGS-04157005,"SAGINAW RIVER AT HOLLAND AVENUE AT SAGINAW, MI",43.4219699,-83.951918,,740232331,Unverified
USGS-04157060,"SAGINAW RIVER AT MIDLAND STREET AT BAY CITY, MI",43.60194444,-83.8922222,,740247103,Unverified
USGS-04159005,"PIGEON RIVER AT LIMERICK ROAD NEAR CASEVILLE, MI",43.91722158,-83.2431979,,740327724,Unverified
USGS-04159046,"PINNEBOG RIVER AT KINDE RD NEAR PINNEBOG, MI",43.9352583,-83.1267472,,740248427,Unverified
USGS-041590774,"WILLOW CREEK AT MOELLER ROAD NR REDMAN, MI",43.9583333,-82.845,,740212139,Unverified
USGS-04159130,"ST. CLAIR RIVER AT PORT HURON, MI",42.98697429,-82.4246369,,740275361,Unverified
USGS-04159492,"BLACK RIVER NEAR JEDDO, MI",43.15086,-82.6246474,,740209497,Unverified
USGS-04159900,"MILL CREEK NEAR AVOCA, MI",43.0544713,-82.734649,,740218911,Unverified
USGS-04160600,"BELLE RIVER AT MEMPHIS, MI",42.9008622,-82.7690914,,740222952,Unverified
USGS-04161000,"CLINTON RIVER AT AUBURN HILLS, MI",42.63336646,-83.2243782,,740107384,Unverified
USGS-04161540,"PAINT CREEK AT ROCHESTER, MI",42.68836558,-83.1429886,,740130225,Unverified
USGS-04161820,"CLINTON RIVER AT STERLING HEIGHTS, MI",42.6144781,-83.02659329,,740196086,Unverified
USGS-04163400,"PLUM BROOK AT UTICA, MI",42.60142277,-83.0713165,,740111418,Unverified
USGS-04164000,"CLINTON RIVER NEAR FRASER, MI",42.57781225,-82.951589,,740158460,Unverified
USGS-04164100,"EAST POND CREEK AT ROMEO, MI",42.82252996,-83.0202102,,740151721,Unverified
USGS-04164300,"EAST BRANCH COON CREEK AT ARMADA, MI",42.84586297,-82.8849278,,,Unverified
USGS-04164500,"NORTH BRANCH CLINTON RIVER NEAR MT. CLEMENS, MI",42.62920008,-82.8888104,,,Unverified
USGS-04164800,"MIDDLE BRANCH CLINTON RIVER AT MACOMB, MI",42.7064207,-82.959094,,740147700,Unverified
USGS-04165500,"CLINTON RIVER AT MORAVIAN DRIVE AT MT. CLEMENS, MI",42.5958674,-82.90881,,740182650,Unverified
USGS-04165710,"DETROIT RIVER AT FORT WAYNE AT DETROIT, MI",42.2980939,-83.0926997,,740145036,Unverified
USGS-04166000,"RIVER ROUGE AT BIRMINGHAM, MI",42.5458678,-83.2235418,,740116793,Unverified
USGS-04166100,"RIVER ROUGE AT SOUTHFIELD, MI",42.44750765,-83.29736958,,740124867,Unverified
USGS-04166300,"UPPER RIVER ROUGE AT FARMINGTON, MI",42.46447955,-83.369655,10849602,740112769,Unverified
USGS-04166500,"RIVER ROUGE AT DETROIT, MI",42.3730923,-83.2546513,,740128903,Unverified
USGS-04167000,"MIDDLE RIVER ROUGE NEAR GARDEN CITY, MI",42.34809259,-83.31159728,,740134281,Unverified
USGS-04168400,"LOWER RIVER ROUGE AT DEARBORN, MI",42.30837099,-83.2527063,,740104716,Unverified
USGS-04168580,"ECORSE RIVER AT DEARBORN HEIGHTS, MI",42.2694826,-83.28965169,,,Unverified
USGS-04168660,"FRANK AND POET DRAIN AT KING RD AT TRENTON, MI",42.15531879,-83.2060377,,740111442,Unverified
USGS-04172000,"HURON RIVER NEAR HAMBURG, MI",42.4653119,-83.799943,,740177282,Unverified
USGS-04173500,"MILL CREEK NEAR DEXTER, MI",42.30031476,-83.8982774,,740135629,Unverified
USGS-04174040,"HURON RIVER AT ZEEB RD AT SCIO, MI",42.3237472,-83.8406333,,740149065,Unverified
USGS-04174490,"ALLEN CREEK AT MOUTH AT ANN ARBOR, MI",42.2897222,-83.7461111,,740135627,Unverified
USGS-04174500,"HURON RIVER AT ANN ARBOR, MI",42.28698238,-83.7338296,,740149069,Unverified
USGS-04174518,"MALLETTS CREEK AT ANN ARBOR, MI",42.2647606,-83.688273,,740084560,Unverified
USGS-04175600,"RIVER RAISIN NEAR MANCHESTER, MI",42.1680947,-84.0760575,,740110099,Unverified
USGS-04175748,S BRANCH RIVER RAISIN AT BENNER HWAY NR CADMUS MI,41.8579611,-84.1596944,,740093991,Unverified
USGS-04176000,"RIVER RAISIN NEAR ADRIAN, MI",41.9047691,-83.98077629,,740119523,Unverified
USGS-04176063,"NILE DITCH AT ARNOLD HWY NR JASPER, MI",41.7776111,-84.03688889,,740071149,Unverified
USGS-04176356,"SALINE RIVER AT AUSTIN ROAD NEAR BRIDGEWATER, MI",42.1611214,-83.84433309,13226632,740084566,Unverified
USGS-04176400,"SALINE RIVER NEAR SALINE, MI",42.13031915,-83.7757737,,740091286,Unverified
USGS-04176500,"RIVER RAISIN NEAR MONROE, MI",41.9606008,-83.53104619,,740100704,Unverified
USGS-04176617,"MUDDY CREEK AT BELLETERRE RD NR ERIE, MI",41.82532407,-83.4657669,,740122216,Unverified
USGS-04177080,"E BR ST JOSEPH R AT TERRITORIAL RD NR WALDRON, MI",41.70945895,-84.4907444,,740075182,Unverified
USGS-041843678,"LIME CREEK AT RANGER HIGHWAY NEAR MORENCI, MI",41.75497778,-84.25168889,,740080557,Unverified
USGS-04010500,PIGEON RIVER AT MIDDLE FALLS NR GRAND PORTAGE MN,48.01222239,-89.616204,4792494,740554614,Unverified
USGS-04010510,GRAND PORTAGE RIVER AT GRAND PORTAGE MN,47.9634982,-89.6834233,4795032,740424249,Unverified
USGS-04015330,"KNIFE RIVER NEAR TWO HARBORS, MN",46.94688005,-91.7924013,1757696,740636661,Unverified
USGS-04015438,"ST. LOUIS RIVER NEAR SKIBO, MN",47.4811111,-92.04,1769404,740495509,Unverified
USGS-04021520,"STONEY BROOK AT PINE DRIVE NEAR BROOKSTON, MN",46.78166667,-92.6366667,1777290,740517056,Unverified
USGS-04024000,"ST. LOUIS RIVER AT SCANLON, MN",46.7032765,-92.4188018,1777616,740554691,Unverified
USGS-05030500,"OTTER TAIL RIVER NEAR ELIZABETH, MN",46.3694039,-96.0175556,6657851,730025518,Unverified
USGS-05046000,"OTTER TAIL RIVER BL ORWELL D NR FERGUS FALLS, MN",46.2143495,-96.1841473,6658313,730039613,Unverified
USGS-05046475,"OTTER TAIL RIVER DIVERSION AT BRECKENRIDGE, MN",46.27724167,-96.5821111,6658059,730038328,Unverified
USGS-05049000,"MUSTINKA RIVER ABOVE WHEATON, MN",45.820794,-96.4906218,6647164,730023005,Unverified
USGS-05051300,"BOIS DE SIOUX RIVER NEAR DORAN, MN",46.1521813,-96.5792389,6636048,730025541,Unverified
USGS-05061000,"BUFFALO RIVER NEAR HAWLEY, MN",46.84995979,-96.3295093,6689413,730045957,Unverified
USGS-05061500,"SOUTH BRANCH BUFFALO RIVER AT SABIN, MN",46.7755175,-96.6281318,6689073,730048525,Unverified
USGS-05062000,"BUFFALO RIVER NEAR DILWORTH, MN",46.9610736,-96.661465,6688853,730039552,Unverified
USGS-05062130,"RED RIVER OF THE NORTH NEAR GEORGETOWN, MN",47.0926944,-96.8170556,6696776,730042097,Unverified
USGS-05062500,"WILD RICE RIVER AT TWIN VALLEY, MN",47.26555556,-96.2475,7027381,730042083,Unverified
USGS-05063398,"S. BR. WILD RICE RIVER AT CO. RD. 27 NR FELTON, MN",47.1133333,-96.3858333,7027349,730056176,Unverified
USGS-05064000,"WILD RICE RIVER AT HENDRUM, MN",47.26802728,-96.7975783,7027319,730034407,Unverified
USGS-05067500,"MARSH RIVER NEAR SHELLY, MN",47.41247148,-96.764244,6696814,730044631,Unverified
USGS-05069000,"SAND HILL RIVER AT CLIMAX, MN",47.61191807,-96.8147998,9399094,730117572,Unverified
USGS-05074500,"RED LAKE RIVER NEAR RED LAKE, MN",47.9574572,-95.2766714,7043255,730148262,Unverified
USGS-05075000,"RED LAKE RIVER AT HIGH LANDING NR GOODRIDGE, MN",48.04857277,-95.8086296,7038705,730153374,Unverified
USGS-05076000,"THIEF RIVER NEAR THIEF RIVER FALLS, MN",48.1855249,-96.1700335,7047623,,Unverified
USGS-05078000,"CLEARWATER RIVER AT PLUMMER, MN",47.9232974,-96.0464226,7053809,730152104,Unverified
USGS-05078230,"LOST RIVER AT OKLEE, MN",47.84301627,-95.8586369,7056281,730191792,Unverified
USGS-05078500,"CLEARWATER RIVER AT RED LAKE FALLS, MN",47.88620556,-96.2765806,7053799,730170029,Unverified
USGS-05079000,"RED LAKE RIVER AT CROOKSTON, MN",47.77552716,-96.6095101,7040857,730161078,Unverified
USGS-05080000,"RED LAKE RIVER AT FISHER, MN",47.8002519,-96.8089627,7040493,730154677,Unverified
USGS-05085450,"SNAKE RIVER ABOVE WARREN, MN",48.2097222,-96.7180556,7069483,730181521,Unverified
USGS-05087500,"MIDDLE RIVER AT ARGYLE, MN",48.3402552,-96.8164502,7069743,,Unverified
USGS-05094000,"SOUTH BRANCH TWO RIVERS AT LAKE BRONSON, MN",48.7324786,-96.6675444,7083426,730227555,Unverified
USGS-05104500,"ROSEAU RIVER BELOW SOUTH FORK NEAR MALUNG, MN",48.79470197,-95.7424885,7086793,730251870,Unverified
USGS-05106000,"SPRAGUE CREEK NEAR SPRAGUE, MANITOBA, CANADA",48.99248859,-95.6621992,7086109,730248012,Unverified
USGS-05107500,"ROSEAU RIVER AT ROSS, MN",48.9102603,-95.9219402,7086347,730265939,Unverified
USGS-05112000,"ROSEAU RIVER BELOW STATE DITCH 51 NR CARIBOU, MN",48.98164829,-96.4630804,7088107,730241613,Unverified
USGS-05124480,"KAWISHIWI RIVER NEAR ELY, MN",47.9226749,-91.535126,7111683,730161065,Unverified
USGS-05125000,"SOUTH KAWISHIWI RIVER NEAR ELY, MN",47.83990347,-91.69541879,7111897,730163632,Unverified
USGS-05126210,"SOUTH KAWISHIWI R ABV WHITE IRON LAKE NR ELY, MN",47.84185,-91.7990339,7112767,730167474,Unverified
USGS-05127500,"BASSWOOD RIVER NEAR WINTON, MN",48.0823937,-91.6526237,7098257,730177692,Unverified
USGS-05128400,"SAND RIVER NEAR BRITT, MN",47.631035,-92.5568459,7145180,730094531,Unverified
USGS-05129115,"VERMILION RIVER NR CRANE LAKE, MN",48.2646282,-92.5659935,7140308,730221195,Unverified
USGS-05129290,"GOLD PORTAGE OUTLET FROM KABETOGAMA LK NR RAY,MN",48.5243635,-93.0748688,7152082,730239093,Unverified
USGS-05129515,"RAINY R AT BOAT LANDING BLW INTERNATIONAL FALLS,MN",48.5922222,-93.4466667,7163988,730250607,Unverified
USGS-05131500,"LITTLE FORK RIVER AT LITTLEFORK, MN",48.39577636,-93.5493266,7171122,730237827,Unverified
USGS-05132000,"BIG FORK RIVER AT BIG FALLS, MN",48.1957849,-93.8071245,22237092,730213524,Unverified
USGS-05133500,"RAINY RIVER AT MANITOU RAPIDS, MN",48.6344009,-93.913228,7164038,730250603,Unverified
USGS-05134200,"RAPID RIVER NEAR BAUDETTE, MN",48.53608068,-94.562716,7741644,730201972,Unverified
USGS-05137500,"RAINY RIVER NEAR BOAT LANDING AT WHEELERS POINT,MN",48.83027778,-94.705,,730301788,Unverified
USGS-05200510,"MISSISSIPPI RIVER NEAR BEMIDJI, MN",47.48328559,-94.7280436,22327995,760452849,Unverified
USGS-05207600,"MISSISSIPPI RIVER AT WILLOW BEACH AT BALL CLUB, MN",47.3022222,-93.9013889,22326301,760417919,Unverified
USGS-05211000,"MISSISSIPPI RIVER AT GRAND RAPIDS, MN",47.23216599,-93.5302144,4836784,760419589,Unverified
USGS-05212700,"PRAIRIE RIVER NEAR TACONITE, MN",47.3888277,-93.380757,4835436,760314745,Unverified
USGS-05227500,"MISSISSIPPI RIVER AT AITKIN, MN",46.5405128,-93.7074712,4853487,760479545,Unverified
USGS-05227530,"MISSISSIPPI RIVER DIVERSION NEAR AITKIN, MN",46.59166667,-93.6869444,4852647,760472886,Unverified
USGS-05242300,"MISSISSIPPI RIVER AT BRAINERD, MN",46.377744,-94.1833279,4858779,760514501,Unverified
USGS-05243725,"STRAIGHT RIVER NEAR PARK RAPIDS, MN",46.87495909,-95.0658552,4945987,760389664,Unverified
USGS-05244000,"CROW WING RIVER AT NIMROD, MN",46.64023789,-94.8791839,4943103,760486194,Unverified
USGS-05245100,"LONG PRAIRIE RIVER AT LONG PRAIRIE, MN",45.97496449,-94.8658552,4966267,760584421,Unverified
USGS-05247500,"CROW WING RIVER NEAR PILLAGER, MN",46.304967,-94.3775036,4947387,760531147,Unverified
USGS-05267000,"MISSISSIPPI RIVER NEAR ROYALTON, MN",45.8260765,-94.3552782,4973491,760641008,Unverified
USGS-05270500,"SAUK RIVER NEAR ST. CLOUD, MN",45.55968715,-94.2336033,4980096,760725893,Unverified
USGS-05270700,"MISSISSIPPI RIVER AT ST. CLOUD, MN",45.5471875,-94.145822,2721605,760714242,Unverified
USGS-05275000,"ELK RIVER NEAR BIG LAKE, MN",45.3338537,-93.6669098,2723039,760679317,Unverified
USGS-05280000,"CROW RIVER AT ROCKFORD, MN",45.0866297,-93.734132,4251120,760637737,Unverified
USGS-05283500,"MISSISSIPPI RIVER AT US HWY 169 AT CHAMPLIN, MN",45.19163166,-93.394676,1100520,760707615,Unverified
USGS-05286000,"RUM RIVER NEAR ST. FRANCIS, MN",45.32774267,-93.3724537,2367166,760702613,Unverified
USGS-05287890,"ELM CREEK NR CHAMPLIN, MN",45.1632981,-93.4366212,1100388,760617763,Unverified
USGS-05288475,"COON CREEK AT 131 STREET IN COON RAPIDS, MN",45.20829845,-93.334119,1100370,,Unverified
USGS-05288487,"SAND CREEK AT XEON STREET IN COON RAPIDS, MN",45.183854,-93.2968955,1099800,,Unverified
USGS-05288490,"COON CREEK AT VALE STREET IN COON RAPIDS, MN",45.14636988,-93.2919236,1099920,760458019,Unverified
USGS-05288500,"MISSISSIPPI RIVER AT HWY 610 IN BROOKLYN PARK, MN",45.12880126,-93.2992726,1100622,760674341,Unverified
USGS-05288580,"RICE CREEK BLW OLD HWY. 8 IN MOUNDS VIEW, MN",45.0933333,-93.195,937010716,760544551,Unverified
USGS-05288705,"SHINGLE CREEK AT QUEEN AVE IN MINNEAPOLIS, MN",45.04996508,-93.3102274,1100446,760497961,Unverified
USGS-05289800,"MINNEHAHA CREEK AT HIAWATHA AVE. IN MINNEAPOLIS,MN",44.91552097,-93.2127224,1103864,760634421,Unverified
USGS-05292000,"MINNESOTA RIVER AT ORTONVILLE, MN",45.29552046,-96.4442231,4084418,760679320,Unverified
USGS-05292704,"NORTH FORK YELLOW BANK RIVER NEAR ODESSA, MN",45.18913155,-96.415332,,760629407,Unverified
USGS-05293000,"YELLOW BANK RIVER NEAR ODESSA, MN",45.2269094,-96.353665,4085656,760654366,Unverified
USGS-05294000,"POMME DE TERRE RIVER AT APPLETON, MN",45.2027393,-96.0225455,4104611,760654367,Unverified
USGS-05300000,"LAC QUI PARLE RIVER NEAR LAC QUI PARLE, MN",44.99523647,-95.9197542,4113256,760644399,Unverified
USGS-05301000,"MINNESOTA RIVER NEAR LAC QUI PARLE, MN",45.0213472,-95.8683648,4120654,760681005,Unverified
USGS-05304500,"CHIPPEWA RIVER NEAR MILAN, MN",45.108292,-95.7989224,4416564,760667685,Unverified
USGS-05305000,"CHIPPEWA RIVER (TW) NEAR WATSON, MN",45.02106855,-95.7905848,4416764,760674349,Unverified
USGS-05311000,"MINNESOTA RIVER AT MONTEVIDEO, MN",44.9332903,-95.7336374,4122594,760649396,Unverified
USGS-05311150,"MINNESOTA RIVER AT HWY 212 IN GRANITE FALLS, MN",44.80555556,-95.5441667,4123724,760712637,Unverified
USGS-05313500,"YELLOW MEDICINE RIVER NEAR GRANITE FALLS, MN",44.71516667,-95.5441111,4123074,760626117,Unverified
USGS-05315000,"REDWOOD RIVER NEAR MARSHALL, MN",44.43016667,-95.8295556,4138204,760551259,Unverified
USGS-05316500,"REDWOOD RIVER NEAR REDWOOD FALLS, MN",44.5235701,-95.1724992,4136750,760539604,Unverified
USGS-05316580,"MINNESOTA RIVER AT MORTON, MN",44.5460717,-94.9963838,4140818,760554578,Unverified
USGS-05316770,"MINNESOTA RIVER AT NEW ULM, MN",44.29694444,-94.4336111,4142852,760551267,Unverified
USGS-05317000,"COTTONWOOD RIVER NEAR NEW ULM, MN",44.28939167,-94.4386056,4047160,760587877,Unverified
USGS-05317200,"LITTLE COTTONWOOD RIVER NEAR COURTLAND, MN",44.2463534,-94.3388558,4142704,760572906,Unverified
USGS-05319500,"WATONWAN RIVER NEAR GARDEN CITY, MN",44.04635215,-94.1955144,2423631,760546298,Unverified
USGS-05320000,"BLUE EARTH RIVER NEAR RAPIDAN, MN",44.09552035,-94.1094019,2747410,760547958,Unverified
USGS-05320500,"LE SUEUR RIVER NEAR RAPIDAN, MN",44.10968777,-94.0419002,10596370,760591221,Unverified
USGS-05325000,"MINNESOTA RIVER AT MANKATO, MN",44.1688553,-94.0032886,4142894,760504687,Unverified
USGS-05327000,"HIGH ISLAND CREEK NEAR HENDERSON, MN",44.5719079,-93.9219113,2386438,760644432,Unverified
USGS-05330000,"MINNESOTA RIVER NEAR JORDAN, MN",44.69301845,-93.641902,2387166,760666054,Unverified
USGS-05331000,"MISSISSIPPI RIVER AT ST. PAUL, MN",44.9444444,-93.0881111,937010723,760629427,Unverified
USGS-05331580,"MISSISSIPPI RIVER BELOW L&D 2 AT HASTINGS, MN",44.7458333,-92.8477778,1101462,760616129,Unverified
USGS-05336700,"KETTLE RIVER BELOW SANDSTONE, MN",46.1055048,-92.8640899,2629938,760576091,Unverified
USGS-05338500,"SNAKE RIVER NEAR PINE CITY, MN",45.84162199,-92.9335412,2639244,760650991,Unverified
USGS-05341550,"ST. CROIX RIVER AT STILLWATER, MN",45.05607806,-92.8040963,2649706,760720938,Unverified
USGS-05345000,"VERMILLION RIVER NEAR EMPIRE, MN",44.66663318,-93.0549358,1877059,760569544,Unverified
USGS-05353800,"STRAIGHT RIVER NEAR FARIBAULT, MN",44.2580192,-93.2310473,2032979,760587882,Unverified
USGS-05354500,"CANNON RIVER AT CO. HWY. 29 BELOW FARIBAULT, MN",44.3597222,-93.2566667,2032775,760539616,Unverified
USGS-05355024,CANNON RIVER AT NORTHFIELD MN,44.4585833,-93.1596667,2032519,760501338,Unverified
USGS-05355092,"CANNON RIVER AT 9TH ST. BRIDGE IN CANNON FALLS, MN",44.5169722,-92.9120278,2028839,760551252,Unverified
USGS-05355200,"CANNON RIVER AT WELCH, MN",44.5638559,-92.7321429,2028753,760666064,Unverified
USGS-05355250,"MISSISSIPPI RIVER AT RED WING, MN",44.56530556,-92.5424444,1875139,760378192,Unverified
USGS-05372995,"SOUTH FORK ZUMBRO RIVER AT ROCHESTER, MN",44.061631,-92.4662889,2441678,760503033,Unverified
USGS-05378500,"MISSISSIPPI RIVER AT WINONA, MN",44.0555186,-91.6376487,2118562,,Unverified
USGS-05383950,"ROOT RIVER NEAR PILOT MOUND, MN",43.7846858,-92.0301573,2464389,760488076,Unverified
USGS-05385000,"ROOT RIVER NEAR HOUSTON, MN",43.76857719,-91.5698654,2463163,760572941,Unverified
USGS-05385500,"SOUTH FORK ROOT RIVER NEAR HOUSTON, MN",43.73857768,-91.5640317,2463033,760546320,Unverified
USGS-05457000,"CEDAR RIVER NEAR AUSTIN, MN",43.63718529,-92.9746369,7014461,760501398,Unverified
USGS-05475350,"DES MOINES RIVER ABOVE WINDOM, MN",43.89023529,-95.1611041,6581246,760566275,Unverified
USGS-05476000,"DES MOINES RIVER AT JACKSON, MN",43.62081429,-94.985131,6580244,760596247,Unverified
USGS-02429900,"BIG BROWN CREEK NR BOONEVILLE, MS",34.6247222,-88.445,,750171406,Unverified
USGS-02429980,"POLLARD MILL BRANCH AT PADEN, MS",34.65388889,-88.24888889,,,Unverified
USGS-02430085,"RED BUD CREEK NR MOORES MILL, MS",34.46666667,-88.2836111,18693151,750010978,Unverified
USGS-02430161,"TENN-TOM WATERWAY BL MONTGOMERY L&D NR FULTON, MS",34.46244444,-88.3683056,18696265,750210482,Unverified
USGS-02430615,"MUD CREEK NR FAIRVIEW, MS",34.3925,-88.355,,750178516,Unverified
USGS-02430626,"TENN-TOM WATERWAY BL RANKIN L&D NR FULTON, MS",34.3603611,-88.4087778,18705175,750232389,Unverified
USGS-02430680,"TWENTYMILE CREEK NR GUNTOWN, MS",34.45277778,-88.5772222,18693235,750198643,Unverified
USGS-02430880,"CUMMINGS CREEK NR FULTON, MS",34.30444444,-88.3711111,18694277,750185623,Unverified
USGS-02431000,"TOMBIGBEE RIVER NR FULTON, MS",34.265,-88.4452778,18696047,,Unverified
USGS-02431011,"TENN-TOM WATERWAY BL FULTON L&D NR FULTON, MS",34.2549722,-88.4241667,18696351,750261992,Unverified
USGS-02432500,"BULL MOUNTAIN CREEK AT TREMONT, MS",34.23916667,-88.2716667,18696119,750230024,Unverified
USGS-02433151,"TENN-TOM WATERWAY BL WILKINS L&D NR SMITHVILLE, MS",34.063,-88.428,18696449,,Unverified
USGS-02433496,"TENN-TOM WATERWAY BL AMORY L&D AT AMORY, MS",34.00944444,-88.49138889,18696487,750251343,Unverified
USGS-02433500,"TOMBIGBEE RIVER AT BIGBEE, MS",34.01138889,-88.5136111,18696205,750301662,Unverified
USGS-02435020,"TOWN CREEK AT EASON BOULEVARD AT TUPELO, MS",34.23555556,-88.6958333,18681950,750270873,Unverified
USGS-02436500,"TOWN CREEK NR NETTLETON, MS",34.05916667,-88.6280556,18683048,750273837,Unverified
USGS-02437000,"TOMBIGBEE RIVER NR AMORY, MS",33.98555556,-88.5511111,18697191,750304031,Unverified
USGS-02437100,"TOMBIGBEE RIVER AT ABERDEEN LOCK AND DAM, MS",33.83,-88.52,18698547,750288051,Unverified
USGS-02439400,"BUTTAHATCHEE RIVER NR ABERDEEN, MS",33.79,-88.3152778,18673952,750273845,Unverified
USGS-02440500,"CHUQUATONCHEE CREEK NR WEST POINT, MS",33.6072222,-88.7091667,,750261417,Unverified
USGS-02441300,"CATALPA CREEK AT MAYHEW, MS",33.48138889,-88.6286111,,750213469,Unverified
USGS-02441390,"TOMBIGBEE RIVER AT STENNIS LOCK AND DAM, MS",33.5175,-88.4894444,18698745,750242476,Unverified
USGS-02443000,"LUXAPALLILA CREEK AT STEENS, MS",33.56027778,-88.3152778,,750262603,Unverified
USGS-02443500,"LUXAPALLILA CREEK NR COLUMBUS, MS",33.51416667,-88.3952778,18648624,750264971,Unverified
USGS-02448000,"NOXUBEE RIVER AT MACON, MS",33.0723611,-88.5587778,18601794,750259656,Unverified
USGS-02467200,"SUCARNOOCHEE RIVER NR PORTERVILLE, MS",32.6986111,-88.485,18530846,750227104,Unverified
USGS-02472000,"LEAF RIVER NR COLLINS, MS",31.70694444,-89.4069444,18154237,750215292,Unverified
USGS-02472500,"BOUIE CREEK NR HATTIESBURG, MS",31.42583333,-89.4147222,18157053,750196948,Unverified
USGS-02472850,"OKATOMA CREEK AT SANFORD, MS",31.48916667,-89.4333333,18156447,750227730,Unverified
USGS-02472980,"BOUIE RIVER AT GLENDALE AVENUE AT HATTIESBURG, MS",31.34925,-89.306,18156971,750243718,Unverified
USGS-02473000,"LEAF RIVER AT HATTIESBURG, MS",31.34305556,-89.2802778,18135826,750243718,Unverified
USGS-02473460,"TALLAHALA CREEK AT WALDRUP, MS",31.9661111,-89.115,18130568,750218246,Unverified
USGS-02473500,"TALLAHALA CREEK AT LAUREL, MS",31.68083333,-89.1155556,18131446,750221805,Unverified
USGS-02473850,"TALLAHOMA CREEK TRIBUTARY AT LAKE COMO, MS",31.96194444,-89.2052778,,750151942,Unverified
USGS-02474500,"TALLAHALA CREEK NR RUNNELSTOWN, MS",31.33277778,-89.1125,18135774,750244310,Unverified
USGS-02474560,"LEAF RIVER NR NEW AUGUSTA, MS",31.22166667,-89.0530556,18135958,750242538,Unverified
USGS-02474600,"BOGUE HOMO NR RICHTON, MS",31.4036111,-89.0216667,,,Unverified
USGS-02475000,"LEAF RIVER NR MCLAIN, MS",31.10741389,-88.8083222,18134412,750218269,Unverified
USGS-02475500,"CHUNKY RIVER NR CHUNKY, MS",32.3261111,-88.9091667,166759310,750236588,Unverified
USGS-02476500,"SOWASHEE CREEK AT MERIDIAN, MS",32.36777778,-88.6772222,166759312,750173835,Unverified
USGS-02476600,"OKATIBBEE CREEK AT ARUNDEL, MS",32.29833333,-88.7536111,18195331,750238957,Unverified
USGS-02477000,"CHICKASAWHAY RIVER AT ENTERPRISE, MS",32.17583333,-88.8197222,18178477,750232448,Unverified
USGS-02477045,"CHICKASAWHAY RIVER AT QUITMAN, MS",32.04240686,-88.7442142,18179773,750236596,Unverified
USGS-02477500,"CHICKASAWHAY RIVER NR WAYNESBORO, MS",31.68254959,-88.68351,18182257,750240749,Unverified
USGS-02478500,"CHICKASAWHAY RIVER AT LEAKESVILLE, MS",31.1486111,-88.5480556,18172814,750238987,Unverified
USGS-02479000,"PASCAGOULA RIVER AT MERRILL, MS",30.97805556,-88.7269444,18121032,750232480,Unverified
USGS-02479130,"BLACK CREEK NR BROOKLYN, MS",31.05194444,-89.2041667,18105054,750234254,Unverified
USGS-02479155,"CYPRESS CREEK NR JANICE, MS",31.02527778,-89.0166667,18105412,750176831,Unverified
USGS-02479160,"BLACK CREEK NR WIGGINS, MS",30.85333333,-88.9136111,18107208,750233076,Unverified
USGS-02479300,"RED CREEK AT VESTRY, MS",30.7361111,-88.7811111,18107248,750217686,Unverified
USGS-02479310,"PASCAGOULA RIVER AT GRAHAM FERRY, MS",30.61055556,-88.64138889,18121240,750219466,Unverified
USGS-02479560,ESCATAWPA RIVER NEAR AGRICOLA MS,30.8118552,-88.4586274,,750188677,Unverified
USGS-0248018020,"ESCATAWPA RIVER AT I-10 NR ORANGE GROVE, MS",30.4586111,-88.45138889,,750185725,Unverified
USGS-02480345,"TCHOUTACABOUFFA RIVER TRIB NEAR WHITE PLAINS, MS",30.5910972,-88.9068417,18066564,,Unverified
USGS-02481000,"BILOXI RIVER AT WORTHAM, MS",30.5586111,-89.1219444,18070104,760118014,Unverified
USGS-02481510,"WOLF RIVER NR LANDON, MS",30.4836111,-89.2744444,18075806,760139652,Unverified
USGS-02481660,"JOURDAN RIVER NR BAY ST LOUIS, MS",30.3872222,-89.4413889,,760123020,Unverified
USGS-02481880,"PEARL RIVER AT BURNSIDE, MS",32.84138889,-89.0977778,15785080,760162768,Unverified
USGS-02482000,"PEARL RIVER AT EDINBURG, MS",32.79888889,-89.335,15785502,760189396,Unverified
USGS-02482470,"LOBUTCHA CREEK AT RENFROE, MS",32.8622222,-89.4433333,15784730,760174414,Unverified
USGS-02482550,"PEARL RIVER NR CARTHAGE, MS",32.7072222,-89.5263889,15788288,760106201,Unverified
USGS-02483000,"TUSCOLAMETA CREEK AT WALNUT GROVE, MS",32.58833333,-89.465,15787182,760096226,Unverified
USGS-02483001,"SOUTH CANAL TUSCOLAMETA CREEK NR WALNUT GROVE, MS",32.5736111,-89.4686111,,760147814,Unverified
USGS-02483500,"PEARL RIVER NR LENA, MS",32.6672222,-89.6461111,15788348,760167772,Unverified
USGS-02484000,"YOCKANOOKANY RIVER NR KOSCIUSKO, MS",33.0322222,-89.5777778,15780454,,Unverified
USGS-02484500,"YOCKANOOKANY RIVER NR OFAHOMA, MS",32.7061111,-89.6719444,15786158,,Unverified
USGS-02484600,"COFFEE BOGUE AT LUDLOW, MS",32.57388889,-89.7297222,15748338,760094565,Unverified
USGS-02484650,"PEARL RIVER AT RATLIFF`S FERRY NR RATLIFF, MS",32.59416667,-89.8405556,,760156131,Unverified
USGS-02484760,"FANNEGUSHA CREEK NR SAND HILL, MS",32.50555556,-89.8127778,15748460,,Unverified
USGS-02485498,"PELAHATCHIE CREEK AT STATE HWY 25 NR FANNIN, MS",32.38805556,-89.9552778,15750940,760144499,Unverified
USGS-02485650,"PURPLE CREEK AT JACKSON, MS",32.37888889,-90.1211111,,,Unverified
USGS-02485700,"HANGING MOSS CREEK NR JACKSON, MS",32.365,-90.1447222,15758118,760064628,Unverified
USGS-02485735,"PEARL RIVER AT HWY 25 AT JACKSON, MS",32.33153417,-90.1292532,15758306,760124535,Unverified
USGS-02486000,"PEARL RIVER AT JACKSON, MS",32.28138889,-90.1788889,15758318,760137851,Unverified
USGS-02486100,"LYNCH CREEK AT JACKSON, MS",32.2847222,-90.215,15756778,760104569,Unverified
USGS-02486900,"PEARL RIVER NEAR HOPEWELL, MS",31.95527778,-90.1900278,15760780,760107923,Unverified
USGS-02487500,"STRONG RIVER AT D`LO, MS",31.97777778,-89.8975,15759818,760094611,Unverified
USGS-02488000,"PEARL RIVER AT ROCKPORT, MS",31.79083333,-90.1425,15737433,760097952,Unverified
USGS-02488500,"PEARL RIVER NR MONTICELLO, MS",31.55333333,-90.0880556,15737587,760126257,Unverified
USGS-02488700,"WHITESAND CREEK NR OAKVALE, MS",31.47055556,-89.9736111,,760104633,Unverified
USGS-02489000,"PEARL RIVER NR COLUMBIA, MS",31.23777778,-89.8469444,15702833,760104650,Unverified
USGS-02490500,"BOGUE CHITTO NR TYLERTOWN, MS",31.17694444,-90.2794444,15687631,760088015,Unverified
USGS-02492110,"EAST PEARL RIVER AB WILSON SL AT WALKIAH BLUFF, MS",30.57166667,-89.8061111,,760137981,Unverified
USGS-02492343,"EAST HOBOLOCHITTO CREEK NR CAESAR, MS",30.57416667,-89.5947222,15707813,760121341,Unverified
USGS-02492360,"WEST HOBOLOCHITTO CREEK NR MCNEILL, MS",30.6622222,-89.6861111,15707325,760111350,Unverified
USGS-02492620,"PEARL RIVER AT NSTL STATION, MS",30.352416,-89.6458927,15714387,760086414,Unverified
USGS-03592718,"LITTLE YELLOW CREEK EAST NR BURNSVILLE, MS",34.83555556,-88.2880556,,760362297,Unverified
USGS-07029270,"HATCHIE RIVER NR WALNUT, MS",34.94175668,-88.7875557,14222303,760530353,Unverified
USGS-07268000,"LITTLE TALLAHATCHIE RIVER AT ETTA, MS",34.4825,-89.2244444,15288074,760365652,Unverified
USGS-07273100,"HOTOPHA CREEK NR BATESVILLE, MS",34.36388889,-89.8786111,,760290783,Unverified
USGS-07274000,"YOCONA RIVER NR OXFORD, MS",34.2733333,-89.5213889,15274896,760309091,Unverified
USGS-07274251,"TOWN CREEK AT WATER VALLEY, MS",34.1475,-89.6333333,,,Unverified
USGS-07274252,"OTOUCALOFA CREEK CANAL NR WATER VALLEY, MS",34.14416667,-89.6525,,760234221,Unverified
USGS-07275530,"PETERS (LONG) CREEK NR POPE, MS",34.21388889,-89.9819444,,760272487,Unverified
USGS-07275900,"COLDWATER RIVER NR OLIVE BRANCH, MS",34.9075,-89.7533333,15252066,760490418,Unverified
USGS-07276000,"COLDWATER RIVER NR LEWISBURG, MS",34.84093038,-89.8256429,15250600,760465462,Unverified
USGS-07277700,"HICKAHALA CREEK NR SENATOBIA, MS",34.63194444,-89.9244444,,760402248,Unverified
USGS-07277730,"SENATOBIA CREEK NR SENATOBIA, MS",34.61666667,-89.9413889,,760415561,Unverified
USGS-07280400,"TILLATOBA CREEK AT CHARLESTON, MS",34.0,-90.065,,760307448,Unverified
USGS-07281600,"TALLAHATCHIE RIVER AT MONEY, MS",33.65138889,-90.2111111,17991438,760350738,Unverified
USGS-07281960,"YALOBUSHA RIVER AT VARDAMAN, MS",33.8661111,-89.1730556,,760259202,Unverified
USGS-07282000,"YALOBUSHA R AND TOPASHAW C CA AT CALHOUN CITY, MS",33.8386111,-89.3155556,,760260868,Unverified
USGS-07283000,"SKUNA RIVER AT BRUCE, MS",33.9736111,-89.3477778,18015234,760232570,Unverified
USGS-07285400,"BATUPAN BOGUE AT GRENADA, MS",33.77400485,-89.7875859,18017020,760309130,Unverified
USGS-07285500,"YALOBUSHA RIVER AT GRENADA, MS",33.78777778,-89.8097222,18016786,760287496,Unverified
USGS-07287150,"ABIACA CREEK NR SEVEN PINES, MS",33.34,-90.1513889,,760191018,Unverified
USGS-07287400,"BLACK CREEK AT LEXINGTON, MS",33.10527778,-90.0533333,,760159420,Unverified
USGS-07287404,"HARLAND CREEK NR HOWARD, MS",33.10179419,-90.1734194,17997024,760209339,Unverified
USGS-07287715,"MILL CREEK TRIBUTARY NEAR FRIARS POINT, MS",34.38169444,-90.55625,15259648,760332376,Unverified
USGS-07288000,"BIG SUNFLOWER RIVER AT CLARKSDALE, MS",34.19733086,-90.575099,17951955,760350696,Unverified
USGS-07288048,"RICHIES BAYOU AT SHERARD, MS",34.2092222,-90.7001944,17951791,760307432,Unverified
USGS-07288068,"HARRIS BAYOU AT PALMER RD EAST OF ALLIGATOR, MS",34.07475,-90.6249444,17952389,,Unverified
USGS-07288150,"HUSHPUCKENA RIVER AT HUSHPUCKENA, MS",34.0093333,-90.7560833,17952809,760199287,Unverified
USGS-07288280,"BIG SUNFLOWER RIVER NR MERIGOLD, MS",33.8325,-90.67,17958101,760330755,Unverified
USGS-07288500,"BIG SUNFLOWER RIVER AT SUNFLOWER, MS",33.5473557,-90.5431579,17956869,760227609,Unverified
USGS-07288521,"PORTER BAYOU AT STEPHENSVILLE, MS",33.54825,-90.6723611,17956783,760237594,Unverified
USGS-07288650,"BOGUE PHALIA NR LELAND, MS",33.39666667,-90.8477778,17963095,760227620,Unverified
USGS-07288955,"YAZOO RIVER BL STEELE BAYOU NR LONG LAKE, MS",32.44416667,-90.9141667,,760134510,Unverified
USGS-07289000,"MISSISSIPPI RIVER AT VICKSBURG, MS",32.315,-90.9058333,19266232,760114552,Unverified
USGS-07289350,"BIG BLACK RIVER AT WEST, MS",33.19444444,-89.7711111,19222549,760206005,Unverified
USGS-07289730,"BIG BLACK RIVER NR BENTONIA, MS",32.60305556,-90.3638889,19180610,760157795,Unverified
USGS-07290000,"BIG BLACK RIVER NR BOVINA, MS",32.34777778,-90.6969444,938060125,760126198,Unverified
USGS-07290650,"BAYOU PIERRE NR WILLOWS, MS",32.0186111,-90.8783333,19138141,760126224,Unverified
USGS-07290830,"LITTLE CREEK NR FAYETTE, MS",31.67527778,-91.0694444,19121492,760091303,Unverified
USGS-07291000,"HOMOCHITTO RIVER AT EDDICETON, MS",31.50305556,-90.7775,19115892,760106295,Unverified
USGS-07292500,"HOMOCHITTO RIVER AT ROSETTA, MS",31.3247222,-91.1094444,19112978,760119620,Unverified
USGS-07295000,"BUFFALO RIVER NR WOODVILLE, MS",31.22694444,-91.2955556,19104913,760107980,Unverified
USGS-07375280,"TANGIPAHOA RIVER AT OSYKA, MS",31.0122222,-90.4611111,18972763,760096346,Unverified
USGS-301141089320300,"EAST PEARL RIVER AT CSX RAILROAD NR CLAIBORNE, MS",30.1947222,-89.5341667,,760106395,Unverified
USGS-330304090210100,"BEE LAKE TRIBUTARY NO 1 NR THORNTON, MS",33.0511111,-90.3502778,,,Unverified
USGS-330339091022000,"LK WASHINGTON TRIB NO 2 NR MARATHON, MS",33.06083333,-91.0388889,,,Unverified
USGS-330548091055100,"LK WASHINGTON TRIB AT STEIN RD NR CHATHAM, MS",33.09666667,-91.0975,,,Unverified
USGS-333601090450000,"PORTER BAYOU NEAR SHAW, MS",33.60052778,-90.7500833,17957997,,Unverified
USGS-341404090385600,"OVERCUP SLOUGH TRIBUTARY NO 1 NEAR FARRELL, MS",34.23444444,-90.6488889,,760159331,Unverified
USGS-341550090391300,"OVERCUP SLOUGH TRIBUTARY NO 2 NEAR FARRELL, MS",34.26388889,-90.6536111,17951667,760159331,Unverified
USGS-05490600,"Des Moines River at St. Francisville, MO",40.4624083,-91.5669639,5002731,760752906,Unverified
USGS-05495000,"Fox River at Wayland, MO",40.39241667,-91.5978889,5802762,760759566,Unverified
USGS-05496000,"Wyaconda River above Canton, MO",40.1421111,-91.5656944,5802280,760671393,Unverified
USGS-05497150,"North Fabius River near Ewing, MO",40.01890278,-91.6223417,5017066,760761258,Unverified
USGS-05498150,"Middle Fabius River near Ewing, MO",40.028933,-91.7057179,5017044,760663081,Unverified
USGS-05498700,"South Fabius River above Newark, MO",40.0061111,-92.0269444,4989089,760689708,Unverified
USGS-05500000,"South Fabius River near Taylor, MO",39.8974722,-91.5802778,4989635,760726324,Unverified
USGS-05501000,"North River at Palmyra, MO",39.817,-91.5460278,2925495,760654779,Unverified
USGS-05502000,"Bear Creek at Hannibal, MO",39.67825,-91.4096111,2926561,760554950,Unverified
USGS-05502300,"North Fork Salt River at Hagers Grove, MO",39.82988889,-92.2304444,5640944,760684730,Unverified
USGS-05502500,"North Fork Salt River near Shelbina, MO",39.74127778,-92.0410278,5641174,760724673,Unverified
USGS-05503800,"Crooked Creek near Paris, MO",39.5848333,-91.9935,5640210,760618189,Unverified
USGS-05504800,"South Fork Salt River above Santa Fe, MO",39.3261111,-91.8341667,5040010,760616546,Unverified
USGS-05506100,"Long Branch near Santa Fe, MO",39.3561111,-91.8341667,5039952,760689759,Unverified
USGS-05506350,"Middle Fork Salt River near Holliday, MO",39.5241111,-92.12775,5039176,760646481,Unverified
USGS-05506800,"Elk Fork Salt River near Madison, MO",39.4348333,-92.1677778,5041944,760538328,Unverified
USGS-05507600,"Lick Creek at Perry, MO",39.43138889,-91.6766667,4868933,760593241,Unverified
USGS-05507800,"Salt River near Center, MO",39.57405556,-91.5723056,4867791,760701390,Unverified
USGS-05508000,"Salt River near New London, MO",39.6125,-91.4073611,4867481,760706379,Unverified
USGS-05508805,"Spencer Creek below Plum Creek near Frankford, MO",39.5206111,-91.3434444,4867221,760631507,Unverified
USGS-05514500,"Cuivre River near Troy, MO",39.01130556,-90.97775,2507305,760716408,Unverified
USGS-05514840,"Dardenne Creek at O'Fallon, MO",38.7403611,-90.6950556,880196,760535054,Unverified
USGS-05514860,"Dardenne Creek at Old Town St. Peters, MO",38.80294444,-90.6282222,880034,760599947,Unverified
USGS-06813000,"Tarkio River at Fairfax, MO",40.33941667,-95.4068333,3702270,760659730,Unverified
USGS-06817500,"Nodaway River near Burlington Junction, MO",40.44491667,-95.0903056,2501563,760759563,Unverified
USGS-06817700,"Nodaway River near Graham, MO",40.20252778,-95.0695833,2501637,760842781,Unverified
USGS-06818000,"Missouri River at St. Joseph, MO",39.75325,-94.8568333,2252949,760771264,Unverified
USGS-06819500,"One Hundred and Two River at Maryville, MO",40.3455,-94.8323611,3723311,760742931,Unverified
USGS-06819550,"Mozingo Creek near Pickering, MO",40.4311111,-94.7722222,3723377,760558222,Unverified
USGS-06820410,"One Hundred Two River near Bolckow, MO",40.1135833,-94.8376111,3723325,760706340,Unverified
USGS-06820500,"Platte River near Agency, MO",39.68802778,-94.7026111,2529595,760708037,Unverified
USGS-06821080,"Little Platte River near Plattsburg, MO",39.56777778,-94.407,2529443,760594894,Unverified
USGS-06821150,"Little Platte River at Smithville, MO",39.38805536,-94.5791215,2530269,760688092,Unverified
USGS-06821190,"Platte River at Sharps Station, MO",39.4009722,-94.7268333,2530551,760706395,Unverified
USGS-06821250,"Missouri River above Parkville, MO",39.19165278,-94.7698417,2255421,760787947,Unverified
USGS-06893000,"Missouri River at Kansas City, MO",39.1117222,-94.5881389,4391417,760739697,Unverified
USGS-06893150,"Blue River at Blue Ridge Blvd Ext in KC, MO",38.88941667,-94.5806667,4393139,760584963,Unverified
USGS-06893400,"Indian Creek at 103rd St in Kansas City, MO",38.9419722,-94.6045,,760599935,Unverified
USGS-06893500,"Blue River at Kansas City, MO",38.957,-94.5588889,4392705,760641533,Unverified
USGS-06893557,"Brush Creek at Ward Parkway in Kansas City, MO",39.0330833,-94.6053889,4390865,760515064,Unverified
USGS-06893562,"Brush Creek at Rockhill Road in Kansas City, MO",39.03925,-94.5787222,,760521719,Unverified
USGS-06893578,"Blue River at Stadium Drive in Kansas City, MO",39.0583384,-94.5118983,4391199,760621558,Unverified
USGS-06893590,"Blue River at 12th Street in Kansas City, MO",39.09691667,-94.4910278,,760669811,Unverified
USGS-06893620,"Rock Creek at Kentucky Road in Independence, MO",39.11194444,-94.4722222,4390605,,Unverified
USGS-06893750,"Little Blue River at Grandview, MO",38.8683333,-94.5208333,4393225,760511748,Unverified
USGS-06893820,Little Blue R. at Lees Summit Rd in Independence,39.0173611,-94.3872778,4390909,760648185,Unverified
USGS-06893830,"Adair Creek at Independence, MO",39.03777778,-94.3633333,4390805,,Unverified
USGS-06893890,"East Fork Little Blue River near Blue Springs, MO",39.02556175,-94.3438385,4390979,760510074,Unverified
USGS-06893940,"Crackerneck Creek at Selsa Rd. in Independence, MO",39.05613595,-94.3449535,4390711,,Unverified
USGS-06893970,"Spring Branch Ck at Holke Rd in Independence, MO",39.08416667,-94.3372222,4390597,760383603,Unverified
USGS-06894000,"Little Blue River near Lake City, MO",39.1005609,-94.3005038,4391187,760613233,Unverified
USGS-06894200,"Fishing River above Mosby, MO",39.33166957,-94.3368922,4389645,760618208,Unverified
USGS-06894650,"Missouri River at Napoleon, MO",39.1336111,-94.0638889,,760729711,Unverified
USGS-06895000,"Crooked River near Richmond, MO",39.33266389,-93.98,4386317,760693088,Unverified
USGS-06895500,"Missouri River at Waverly, MO",39.2150194,-93.5152118,4388401,760651497,Unverified
USGS-06896000,"Wakenda Creek at Carrollton, MO",39.34325,-93.4855361,4386275,760643167,Unverified
USGS-06896400,"East Fork Grand River at Albany, MO",40.2486111,-94.3602778,5106070,760721305,Unverified
USGS-06896900,"Grand River near Pattonsburg, MO",40.0261111,-94.1272222,5106004,760729644,Unverified
USGS-06897000,"East Fork Big Creek near Bethany, MO",40.2972222,-94.0262222,5105824,760699668,Unverified
USGS-06897500,"Grand River near Gallatin, MO",39.9269517,-93.9427225,5106782,760656434,Unverified
USGS-06899500,"Thompson River at Trenton, MO",40.06930556,-93.6380278,5140789,760673062,Unverified
USGS-06899700,"Shoal Creek near Braymer, MO",39.69913889,-93.7958056,5107534,760664773,Unverified
USGS-06899900,"Medicine Creek at Lucerne, MO",40.45444444,-93.2863889,5965096,760656394,Unverified
USGS-06900050,"Medicine Creek near Laredo, MO",40.0266111,-93.4362222,5966418,760674731,Unverified
USGS-06900800,"Grand River near Fountain Grove, MO",39.6922222,-93.3252778,5969682,760791236,Unverified
USGS-06901205,"East Locust Creek near Boynton, MO",40.25888889,-93.0833333,5966530,760629785,Unverified
USGS-06901500,"Locust Creek near Linneus, MO",39.89594444,-93.2365278,5967984,760679734,Unverified
USGS-06902000,"Grand River near Sumner, MO",39.64002778,-93.2736944,5969716,760746312,Unverified
USGS-06904500,"Chariton River at Novinger, MO",40.2343333,-92.6863889,5814707,760674715,Unverified
USGS-06904650,"Spring Creek at Stahl, MO",40.28388889,-92.7919444,5813881,760549911,Unverified
USGS-06905500,"Chariton River near Prairie Hill, MO",39.53994444,-92.79075,5816473,760731339,Unverified
USGS-06906000,"Mussel Fork near Musselfork, MO",39.52352778,-92.9496389,5816209,760666449,Unverified
USGS-06906150,"Long Branch Creek near Atlanta, MO",39.89730556,-92.49325,4461060,760524970,Unverified
USGS-06906200,"East Fork Little Chariton River near Macon, MO",39.75144444,-92.5189444,4461478,760669758,Unverified
USGS-06906300,"East Fork Little Chariton R. near Huntsville, MO",39.45491667,-92.5685,,760674774,Unverified
USGS-06906500,"Missouri River at Glasgow, MO",39.2222512,-92.848798,5158001,760751336,Unverified
USGS-06906800,"Lamine River near Otterville, MO",38.70225,-92.9788333,5995392,760691473,Unverified
USGS-06907700,"Blackwater River at Valley City, MO",38.87001315,-93.6221588,7501510,760681477,Unverified
USGS-06908000,"Blackwater River at Blue Lick, MO",38.99224236,-93.1968713,7500508,760708090,Unverified
USGS-06909000,"Missouri River at Boonville, MO",38.980306,-92.7454638,5166609,760779643,Unverified
USGS-06909500,"Moniteau Creek near Fayette, MO",39.1208333,-92.5672222,5156625,760588272,Unverified
USGS-06909950,"Petite Saline Creek at Hwy U nr Boonville, M0",38.9172222,-92.7041667,5162299,760658176,Unverified
USGS-06910230,"Hinkson Creek at Columbia, MO",38.92775,-92.3399444,5162189,760601599,Unverified
USGS-06910450,"Missouri River at Jefferson City, MO",38.5871111,-92.1786389,5166993,760773017,Unverified
USGS-06910750,"Moreau River near Jefferson City, MO",38.52902778,-92.1920278,5166543,760658206,Unverified
USGS-06917060,"Little Osage River at Horton, MO",37.99480556,-94.3693056,7362777,760651591,Unverified
USGS-06917560,"Marmaton River near Richards, MO",37.8647222,-94.5822222,7366787,760646608,Unverified
USGS-06917630,East Drywood Creek at Prairie State Park,37.5353611,-94.5580833,7367067,760443625,Unverified
USGS-06918060,"Marmaton River near Nevada, MO",37.86202778,-94.39925,7367099,760669904,Unverified
USGS-06918070,"Osage River above Schell City, MO",38.0558611,-94.1454167,,760689858,Unverified
USGS-06918250,"Osage River at Taberville, MO",38.00388889,-93.9947222,2984150,760708165,Unverified
USGS-06918440,"Sac River near Dadeville, MO",37.44313889,-93.6848889,7374295,760616688,Unverified
USGS-06918460,"Turnback Creek above Greenfield, MO",37.4023611,-93.8020278,7374577,760684916,Unverified
USGS-06918493,"South Fork Dry Sac River near Springfield, MO",37.26638889,-93.2494722,7376259,760448638,Unverified
USGS-06918740,"Little Sac River near Morrisville, MO",37.4828611,-93.4856389,7374093,760591726,Unverified
USGS-06919020,"Sac River at Hwy J below Stockton, MO",37.73588889,-93.7796944,7371873,760704859,Unverified
USGS-06919500,"Cedar Creek near Pleasant View, MO",37.83405556,-93.8754722,7371515,760679891,Unverified
USGS-06919900,"Sac River near Caplinger Mills, MO",37.8698333,-93.8031667,7371355,760653265,Unverified
USGS-06920520,"Weaubleau Creek near Weaubleau, MO",37.89549167,-93.5147611,2986242,760528464,Unverified
USGS-06921070,"Pomme de Terre River near Polk, MO",37.68266667,-93.3703333,7388043,760661599,Unverified
USGS-06921200,"Lindley Creek near Polk, MO",37.7504722,-93.2661944,7388709,760610010,Unverified
USGS-06921350,"Pomme de Terre River near Hermitage, MO",37.90605556,-93.3289167,7388803,,Unverified
USGS-06921500,"Pomme de Terre River at Hermitage, MO",37.9458333,-93.3095556,7387453,760673227,Unverified
USGS-06921590,"South Grand River at Archie, MO",38.49158056,-94.3442444,2335247,760688160,Unverified
USGS-06921600,"South Grand River at Urich, MO",38.45223976,-94.0043859,2335475,760689828,Unverified
USGS-06921720,"Big Creek near Blairstown, MO",38.55497778,-93.9653528,2328561,760668187,Unverified
USGS-06923250,"Niangua River at Windyville, MO",37.68430556,-92.9246389,7404139,760751453,Unverified
USGS-06923940,"Niangua River ab Lake Niangua nr Macks Creek, MO",37.8633333,-92.8980556,7398351,760453587,Unverified
USGS-06923950,"Niangua River at Tunnel Dam near Macks Creek, MO",37.93694444,-92.8513611,7398311,760691533,Unverified
USGS-06925250,"Little Niangua River near Macks Creek, MO",37.9347222,-93.0669444,7398871,760616651,Unverified
USGS-06926000,"Osage River near Bagnell, MO",38.1907222,-92.6071389,5987533,760704822,Unverified
USGS-06926080,"Osage River at Tuscumbia, MO",38.23253889,-92.4586111,5987453,760726452,Unverified
USGS-06926290,"Tavern Creek below St. Elizabeth, MO",38.27777778,-92.2333333,5985667,760696497,Unverified
USGS-06926510,"Osage River below St. Thomas, MO",38.42144444,-92.20825,5987239,760706470,Unverified
USGS-06927000,"Maries River at Westphalia, MO",38.43180556,-91.9886111,5984765,760666533,Unverified
USGS-06927240,"Auxvasse Creek near Reform, MO",38.76,-91.8402778,5159279,760669835,Unverified
USGS-06928000,"Gasconade River near Hazelgreen, MO",37.75913889,-92.4520278,7423890,760669913,Unverified
USGS-06928300,"Roubidoux Creek above Fort Leonard Wood, MO",37.6010833,-92.2338056,7411738,760596711,Unverified
USGS-06928420,Roubidoux Creek at Polla Rd bl Ft. Leonard Wood,37.79194444,-92.1833333,7410408,760608342,Unverified
USGS-06930000,"Big Piney River near Big Piney, MO",37.66563889,-92.0499167,7434497,760668256,Unverified
USGS-06930060,"Big Piney below Fort Leonard Wood, MO",37.76025,-92.0579722,7434227,760699867,Unverified
USGS-06932000,"Little Piney Creek at Newburg, MO",37.90952778,-91.9033333,7446307,760631629,Unverified
USGS-06933500,"Gasconade River at Jerome, MO",37.92991667,-91.9773333,7447469,760668236,Unverified
USGS-06934000,"Gasconade River near Rich Fountain, MO",38.38880556,-91.8198889,7445669,760688169,Unverified
USGS-06934500,"Missouri River at Hermann, MO",38.70980556,-91.4385,6013072,760733072,Unverified
USGS-06935450,"Missouri River at Washington, MO",38.5597222,-91.0075,6013168,760754715,Unverified
USGS-06935550,"Missouri River near Labadie, MO",38.5658333,-90.8391667,6010272,760758043,Unverified
USGS-06935755,"Bonhomme Creek near Ellisville, MO",38.60975,-90.6725,6009712,,Unverified
USGS-06935770,"Bonhomme Creek near Clarkson Valley, MO",38.65844444,-90.6185,6009568,760425236,Unverified
USGS-06935830,"Caulks Creek at Chesterfield, MO",38.65466667,-90.5948889,6009476,760480150,Unverified
USGS-06935850,"Creve Coeur Creek at Chesterfield, MO",38.6464083,-90.5268889,6009534,760525076,Unverified
USGS-06935890,"Creve Coeur Creek near Creve Coeur, MO",38.6828611,-90.4878889,6009374,760556691,Unverified
USGS-06935955,"Fee Fee Creek near Bridgeton, MO",38.72791667,-90.4475833,6009232,760430222,Unverified
USGS-06935965,"Missouri River at St. Charles, MO",38.78719444,-90.4718056,6010106,760794634,Unverified
USGS-06935980,"Cowmire Creek at Bridgeton, MO",38.76427778,-90.4327833,6010012,760501769,Unverified
USGS-06935997,"Mill Creek near Florissant, MO",38.8489722,-90.2859444,6009092,760535044,Unverified
USGS-06936475,"Coldwater Creek near Black Jack, MO",38.81794444,-90.2511667,6010004,760574983,Unverified
USGS-06936530,"Spanish Lake Trib. nr Black Jack, MO",38.7979722,-90.21425,6009148,,Unverified
USGS-07001910,"Watkins Creek near Bellefontaine Neighbors, MO",38.7787222,-90.2329167,3624041,760428555,Unverified
USGS-07005000,"Maline Creek at Bellefontaine Neighbors, MO",38.73675,-90.2261111,3624105,760530061,Unverified
USGS-07010000,"Mississippi River at St. Louis, MO",38.629,-90.1797778,3624735,760684821,Unverified
USGS-07010022,"River Des Peres near University City, MO",38.66855556,-90.3235556,3624227,760581651,Unverified
USGS-07010030,"River Des Peres Tributary at Pagedale, MO",38.6768333,-90.3148333,3624227,760581651,Unverified
USGS-07010035,"Engelholm Creek near Wellston, MO",38.6831111,-90.3024722,3624223,,Unverified
USGS-07010038,"River Des Peres at Macklind Ave, St Louis, MO",38.622,-90.2761389,3624349,760574997,Unverified
USGS-07010040,"Denny Creek at Ladue, MO",38.64305278,-90.4034639,3624261,760446871,Unverified
USGS-07010055,"Deer Creek at Litzinger Road at Ladue, MO",38.6223722,-90.3751639,3624293,760446871,Unverified
USGS-07010061,"Two Mile Creek at Ladue, MO",38.62075,-90.3849167,3624295,760446871,Unverified
USGS-07010070,"Sebago Creek near Rock Hill, MO",38.61497778,-90.37615,3624315,760446871,Unverified
USGS-07010075,"Deer Creek at Ladue, MO",38.6162361,-90.3641361,3624329,760448535,Unverified
USGS-07010082,"Black Creek near Brentwood, MO",38.6167083,-90.3373361,3624313,760475159,Unverified
USGS-07010086,"Deer Creek at Maplewood, MO",38.6009722,-90.3262778,3624355,760545047,Unverified
USGS-07010088,"River Des Peres at Shrewsbury, MO",38.5866111,-90.3135278,3624401,760606616,Unverified
USGS-07010090,"MacKenzie Creek near Shrewsbury, MO",38.5768333,-90.3236389,3624451,,Unverified
USGS-07010094,"Grammond Creek near Wilbur Park, MO",38.56452778,-90.3093611,3624471,,Unverified
USGS-07010097,"River Des Peres at St. Louis, MO",38.55925,-90.2832778,3624471,760634907,Unverified
USGS-07010180,"Gravois Creek near Mehlville, MO",38.527,-90.2998889,3624541,760545053,Unverified
USGS-07010208,"Martigney Creek near Arnold, MO",38.4912222,-90.293,3626651,,Unverified
USGS-07010350,"Meramec River at Cook Station, MO",37.8291472,-91.4374833,5059289,760598356,Unverified
USGS-07013000,"Meramec River near Steelville, MO",37.9984722,-91.3609444,5055179,760698184,Unverified
USGS-07014000,"Huzzah Creek near Steelville, MO",37.97477778,-91.2040278,5055431,760639944,Unverified
USGS-07014500,"Meramec River near Sullivan, MO",38.15852778,-91.1084722,5053369,760693179,Unverified
USGS-07015720,"Bourbeuse River near High Gate, MO",38.14691667,-91.5808889,5078694,760568380,Unverified
USGS-07016500,"Bourbeuse River at Union, MO",38.44413889,-90.9954722,5076724,760736423,Unverified
USGS-07017020,"Meramec River at Pacific, MO",38.46694444,-90.7348889,5052681,760759716,Unverified
USGS-07017200,"Big River at Irondale, MO",37.83,-90.6908889,4638489,760546772,Unverified
USGS-07017260,"Big River below Desloge, MO",37.88930278,-90.5101583,4639081,760619984,Unverified
USGS-07017610,"Big River below Bonne Terre, MO",37.96525,-90.5745,4637509,760684873,Unverified
USGS-07018100,"Big River near Richwoods, MO",38.1596111,-90.7060556,4636879,760644924,Unverified
USGS-07018500,"Big River at Byrnesville, MO",38.3917222,-90.6378056,4635347,760771368,Unverified
USGS-07019000,"Meramec River near Eureka, MO",38.50513889,-90.5901667,5050679,760759712,Unverified
USGS-07019072,"Keifer Creek near Ballwin, MO",38.55569444,-90.5512778,5050347,760363676,Unverified
USGS-07019090,"Williams Creek near Peerless Park, MO",38.53441667,-90.5141389,5050395,,Unverified
USGS-07019120,"Fishpot Creek at Valley Park, MO",38.5533611,-90.5119167,5050353,760438555,Unverified
USGS-07019130,"Meramec River at Valley Park, MO",38.5466111,-90.4850278,,760659868,Unverified
USGS-07019150,"Grand Glaize Creek near Manchester, MO",38.5928611,-90.4929444,5050581,760416921,Unverified
USGS-07019175,"Sugar Creek at Kirkwood, MO",38.5787222,-90.4648889,5050297,760418585,Unverified
USGS-07019185,"Grand Glaize Creek near Valley Park, MO",38.5685833,-90.47125,5050313,760400282,Unverified
USGS-07019195,"Yarnell Creek at Fenton, MO",38.5271111,-90.4471111,5050437,,Unverified
USGS-07019220,"Fenton Creek near Fenton, MO",38.51194444,-90.4453056,5050481,,Unverified
USGS-07019317,"Mattese Creek near Mattese, MO",38.48177778,-90.3419444,5051035,760415264,Unverified
USGS-07019500,"Joachim Creek at De Soto, MO",38.12666667,-90.5563889,3627971,760580029,Unverified
USGS-07020550,"South Fork Saline Creek near Perryville, MO",37.73694444,-89.9283333,5088824,760601691,Unverified
USGS-07021000,"Castor River at Zalma, MO",37.14663889,-90.0755,5029785,760644998,Unverified
USGS-07024175,"Mississippi River at New Madrid, MO",36.5826111,-89.5479167,7469392,760633392,Unverified
USGS-07034000,"St. Francis River near Roselle, MO",37.5961222,-90.4986472,,760590052,Unverified
USGS-07035000,"Little St. Francis River at Fredericktown, MO",37.55936667,-90.3129139,731205,760541799,Unverified
USGS-07035800,"St. Francis River near Mill Creek, MO",37.50241667,-90.4578889,731519,760611692,Unverified
USGS-07036100,"St. Francis River near Saco, MO",37.3845,-90.4738611,732863,760658294,Unverified
USGS-07037300,"Big Creek at Sam A Baker State Park, MO",37.26027778,-90.5060278,734075,760596734,Unverified
USGS-07037500,"St. Francis River near Patterson, MO",37.19452778,-90.5033056,734307,760668292,Unverified
USGS-07039500,"St. Francis River at Wappapello, MO",36.9281111,-90.2652778,3665570,760723223,Unverified
USGS-07040000,"St. Francis River at Fisk, MO",36.7806101,-90.2028801,,760641703,Unverified
USGS-07043500,"Little River Ditch No. 1 near Morehouse, MO",36.83452778,-89.7300556,758846,760613406,Unverified
USGS-07050152,Roaring River at Roaring River State Park,36.5809722,-93.8336944,8585070,760466994,Unverified
USGS-07050690,"Pearson Creek near Springfield, MO",37.17794444,-93.1983889,7607143,760450307,Unverified
USGS-07050700,"James River near Springfield, MO",37.1499722,-93.2033889,7607997,760556806,Unverified
USGS-07052000,"Wilson Creek at Springfield, MO",37.1869722,-93.3313333,7607109,760398724,Unverified
USGS-07052100,"Wilson Creek near Springfield, MO",37.16852778,-93.3702778,7607235,760433668,Unverified
USGS-07052120,"South Creek near Springfield, MO",37.15363889,-93.3627778,7607233,760380423,Unverified
USGS-07052152,"Wilson Creek near Brookline, MO",37.14713889,-93.3754722,7607249,760513543,Unverified
USGS-07052250,"James River near Boaz, MO",37.0065833,-93.3646667,7607905,760600082,Unverified
USGS-07052345,"Finley Creek below Riverdale, MO",36.97488889,-93.3278889,7608695,760615060,Unverified
USGS-07052500,"James River at Galena, MO",36.80538889,-93.4615833,7609749,760699937,Unverified
USGS-07052820,"Flat Creek below Jenkins, MO",36.75075,-93.6187778,7610871,760595111,Unverified
USGS-07053690,"Turkey Creek near Hollister, MO",36.58277778,-93.2102778,7625376,760505267,Unverified
USGS-07053810,"Bull Creek near Walnut Shade, MO",36.71775,-93.2068056,7625104,760575143,Unverified
USGS-07054080,"Beaver Creek at Bradleyville, MO",36.77963889,-92.9072778,7622144,760628387,Unverified
USGS-07054288,"Little North Fork River at Thornfield, MO",36.70666667,-92.6608333,7622444,760505257,Unverified
USGS-07057500,"North Fork River near Tecumseh, MO",36.62302778,-92.2481389,7650991,760630063,Unverified
USGS-07058000,"Bryant Creek near Tecumseh, MO",36.6272222,-92.3060556,7650971,760633391,Unverified
USGS-07061270,"East Fork Black River near Lesterville, MO",37.55255556,-90.8424444,7665728,760493540,Unverified
USGS-07061290,E. Fk. Black R. bl Lower Taum Sauk Reservoir,37.4936111,-90.8383333,7666946,760556780,Unverified
USGS-07061500,"Black River near Annapolis, MO",37.33813889,-90.78875,7667476,760664952,Unverified
USGS-07061600,"Black River below Annapolis, MO",37.32519444,-90.7646667,7668920,760664952,Unverified
USGS-07061900,"Logan Creek at Ellington, MO",37.2474722,-90.9654722,7667812,760611712,Unverified
USGS-07062500,"Black River at Leeper, MO",37.0587222,-90.687,7669190,760676622,Unverified
USGS-07062575,"Black River above Williamsville, MO",36.9725,-90.5969444,,760641682,Unverified
USGS-07063000,"Black River at Poplar Bluff, MO",36.75975,-90.3878333,7671958,760653347,Unverified
USGS-07064440,"Current River at Montauk State Park, MO",37.44791667,-91.6713611,7516577,760565103,Unverified
USGS-07064533,"Current River above Akers, MO",37.37569444,-91.5528056,7517071,760630006,Unverified
USGS-07065200,"Jacks Fork near Mountain View, MO",37.05652778,-91.6680278,7519951,760623374,Unverified
USGS-07065495,"Jacks Fork at Alley Spring, MO",37.14816667,-91.4430833,7518879,760626695,Unverified
USGS-07066000,"Jacks Fork at Eminence, MO",37.1540833,-91.3581667,7518797,760631686,Unverified
USGS-07067000,"Current River at Van Buren, MO",36.99138889,-91.0135,7524421,760625043,Unverified
USGS-07068000,"Current River at Doniphan, MO",36.6215,-90.8463889,7523285,760679982,Unverified
USGS-07068510,"Little Black River below Fairdealing, MO",36.63152778,-90.5755833,7522469,760616750,Unverified
USGS-07071500,"Eleven Point River near Bardley, MO",36.64869444,-91.2008333,7572703,760626733,Unverified
USGS-07185700,"Spring River at La Russell, MO",37.15027778,-94.0613889,7590389,760598407,Unverified
USGS-07185765,"Spring River at Carthage, MO",37.18863889,-94.3259167,7590273,760590084,Unverified
USGS-07185910,"North Fork Spring River near Purcell, MO",37.25888889,-94.435,7590133,760649982,Unverified
USGS-07186000,"Spring River near Waco, MO",37.2456111,-94.5664167,7590909,760668288,Unverified
USGS-07186480,"Center Creek near Smithfield, MO",37.1556146,-94.6030068,,760623367,Unverified
USGS-07187000,"Shoal Creek above Joplin, MO",37.0205833,-94.51375,7590701,760621714,Unverified
USGS-07188653,"Big Sugar Creek near Powell, MO",36.6158611,-94.1822222,7600617,760583472,Unverified
USGS-07188838,"Little Sugar Creek near Pineville, MO",36.58405556,-94.3729722,7600673,760551860,Unverified
USGS-07188885,"Indian Creek near Lanagan, MO",36.59927778,-94.4496389,7600671,760590125,Unverified
USGS-07189000,"Elk River near Tiff City, Mo",36.63146127,-94.5868886,7601075,760643375,Unverified
USGS-07189100,"Buffalo Creek at Tiff City, MO",36.67080556,-94.604,7600551,760576810,Unverified
USGS-05014500,Swiftcurrent Creek at Many Glacier MT,48.7988333,-113.6567306,9305892,730196829,Unverified
USGS-05017500,St. Mary River near Babb MT,48.83303718,-113.4206533,9306666,730246746,Unverified
USGS-05018500,St. Mary Canal at St. Mary Crossing near Babb MT,48.94696667,-113.3753306,9306546,,Unverified
USGS-06006000,"Red Rock Cr ab Lakes, nr Lakeview, MT",44.61579167,-111.6256694,4172734,760469709,Unverified
USGS-06012500,Red Rock R bl Lima Reservoir nr Monida MT,44.65588056,-112.3712222,4169038,760661066,Unverified
USGS-06016000,Beaverhead River at Barretts MT,45.11612778,-112.7504944,4216412,760612775,Unverified
USGS-06017000,Beaverhead River at Dillon MT,45.2183833,-112.6553333,4215456,760679327,Unverified
USGS-06018500,Beaverhead River near Twin Bridges MT,45.38338889,-112.4528306,4215022,760675986,Unverified
USGS-06019500,"Ruby River above reservoir near Alder, MT",45.1923194,-112.1428167,240680,760637728,Unverified
USGS-06020600,"Ruby River below reservoir near Alder, MT",45.2418694,-112.1112389,240642,760641053,Unverified
USGS-06023000,Ruby River near Twin Bridges MT,45.50691389,-112.3308889,239166,760497928,Unverified
USGS-06023100,"Beaverhead River at Twin Bridges, MT",45.54688889,-112.338111,4213042,760632710,Unverified
USGS-06024450,Big Hole River bl Big Lake Cr at Wisdom MT,45.61796667,-113.4569417,4223684,760624384,Unverified
USGS-06024540,Big Hole River bl Mudd Cr nr Wisdom MT,45.80754167,-113.3132694,4224658,760624369,Unverified
USGS-06024580,Big Hole River near Wise River MT,45.8508222,-113.068361,,760577773,Unverified
USGS-06025250,Big Hole River at Maiden Rock nr Divide MT,45.7012694,-112.7359694,4226632,760622713,Unverified
USGS-06025500,Big Hole River near Melrose MT,45.52658056,-112.701725,4228286,760626055,Unverified
USGS-06026210,Big Hole River near Glen MT,45.4400944,-112.5560917,4231932,760720910,Unverified
USGS-06026420,"Big Hole R bl Hamilton Ditch nr Twin Bridges, MT",45.5500222,-112.360675,4228060,760730885,Unverified
USGS-06026500,Jefferson River near Twin Bridges MT,45.6132833,-112.3293972,4316948,760702594,Unverified
USGS-06027600,"Jefferson River at Parsons Bdg nr Silver Star, MT",45.74750278,-112.1872278,4315464,760617718,Unverified
USGS-06033000,"Boulder River near Boulder, MT",46.21103056,-112.09165,4331165,760519506,Unverified
USGS-06035000,Willow Creek near Harrison MT,45.7230583,-111.741025,4319088,760551160,Unverified
USGS-06036650,Jefferson River near Three Forks MT,45.8971361,-111.5956722,4320140,760685931,Unverified
USGS-06037500,"Madison River near West Yellowstone, MT",44.6570722,-111.0679639,3059764,760597833,Unverified
USGS-06038500,Madison River bl Hebgen Lake nr Grayling MT,44.86639167,-111.3387806,3057956,760619451,Unverified
USGS-06038800,Madison River at Kirby Ranch nr Cameron MT,44.88865556,-111.580886,3059646,760664377,Unverified
USGS-06040000,Madison River near Cameron MT,45.2331333,-111.7516333,3056360,760661023,Unverified
USGS-06040800,Madison River ab powerplant nr McAllister MT,45.4865944,-111.6338583,3054074,760704266,Unverified
USGS-06041000,Madison River bl Ennis Lake nr McAllister MT,45.49023056,-111.6345056,3054074,760704266,Unverified
USGS-06043120,"Gallatin River above Deer Creek, near Big Sky, MT",45.29727778,-111.2113917,3855837,760617754,Unverified
USGS-06043500,"Gallatin River near Gallatin Gateway, MT",45.4973,-111.2707083,3855315,760629385,Unverified
USGS-06048650,E Gallatin R ab Water Reclamation Fa nr Bozeman MT,45.72566667,-111.0661944,3852267,760587768,Unverified
USGS-06050000,Hyalite C at Hyalite R S nr Bozeman MT,45.56332778,-111.0718889,3853413,760609416,Unverified
USGS-06052500,Gallatin River at Logan MT,45.8862472,-111.4420083,3853901,760637674,Unverified
USGS-06054500,Missouri River at Toston MT,46.1465722,-111.4202778,3030030,760606040,Unverified
USGS-06061500,Prickly Pear Creek near Clancy MT,46.5190972,-111.946786,3024246,760417980,Unverified
USGS-06062500,Tenmile Creek near Rimini MT,46.5238972,-112.2566472,3021776,760331452,Unverified
USGS-06063000,Tenmile Creek near Helena MT,46.60500556,-112.0882639,3021550,760383030,Unverified
USGS-06065500,Missouri River bl Hauser Dam near Helena MT,46.76619167,-111.8887944,3024846,760536106,Unverified
USGS-06066500,Missouri River bl Holter Dam nr Wolf Cr MT,46.99473889,-112.0106667,3021998,760464535,Unverified
USGS-06071300,Little Prickly Pear Cr at Wolf Cr MT,47.0054361,-112.070311,3018600,760451222,Unverified
USGS-06073500,Dearborn River near Craig MT,47.199025,-112.0959056,12439987,760391302,Unverified
USGS-06074000,Missouri River at Cascade MT,47.2694861,-111.6952306,12443973,760474499,Unverified
USGS-06076690,Smith River near Ft Logan MT,46.7958,-111.1785556,12419295,760389671,Unverified
USGS-06077200,Smith River bl Eagle Cr nr Fort Logan MT,46.82798056,-111.1922389,12419159,760484516,Unverified
USGS-06077500,Smith River near Eden MT,47.18929167,-111.3862389,12416463,760459527,Unverified
USGS-06078200,Missouri River near Ulm MT,47.43496667,-111.3884444,12443901,760446198,Unverified
USGS-06078500,North Fork Sun River near Augusta MT,47.6398611,-112.8593333,12395494,760008547,Unverified
USGS-06079000,South Fork Sun River near Augusta MT,47.6286083,-112.865761,12395028,760334694,Unverified
USGS-06080900,Sun River bl Diversion Dam nr Augusta MT,47.61850556,-112.6920556,12395582,760406247,Unverified
USGS-06082200,Sun River bl Willow Cr nr Augusta MT,47.5471361,-112.3674306,12395664,760407916,Unverified
USGS-06085800,Sun River at Simms MT,47.50162778,-111.9319139,12397906,760361328,Unverified
USGS-06088500,Muddy Creek at Vaughn MT,47.56126667,-111.5417694,12397372,760369643,Unverified
USGS-06089000,Sun River near Vaughn MT,47.52577778,-111.511036,12397894,760404590,Unverified
USGS-06090300,Missouri River near Great Falls MT,47.5844444,-111.0605806,12435565,760421226,Unverified
USGS-06090500,Belt Creek near Monarch MT,47.2085944,-110.9317472,12493987,760431239,Unverified
USGS-06090800,Missouri River at Fort Benton MT,47.8169111,-110.6661417,12436757,760294744,Unverified
USGS-06091700,Two Medicine River bl South Fork nr Browning MT,48.42695278,-112.9899833,12538518,760261417,Unverified
USGS-06092020,"Two Medicine River ab Badger Cr, nr Piegan, MT",48.5077222,-112.6122694,12536216,760278051,Unverified
USGS-06093200,Badger Cr bl Four Horns Canal nr Browning MT,48.36945,-112.8017806,12538720,760291374,Unverified
USGS-06094900,"Birch Cr bl Heart Butte Road, nr Heart Butte, MT",48.24466667,-112.6979167,12539802,760268088,Unverified
USGS-06098120,"Birch Creek at Bullhead Bridge, nr Valier, MT",48.39110278,-112.319661,12538692,760303021,Unverified
USGS-06098800,"Cut Bank Cr ab Gillam Coulee, nr Sundance, MT",48.67847778,-112.5940056,12656991,760324631,Unverified
USGS-06099000,Cut Bank Creek at Cut Bank MT,48.63340278,-112.3464806,12657047,760296345,Unverified
USGS-06099500,Marias River near Shelby MT,48.4271972,-111.889836,12643843,760299689,Unverified
USGS-06101200,"Willow Creek near Galata, MT",48.44865556,-111.3453056,12636206,760342952,Unverified
USGS-06101500,Marias River near Chester MT,48.3059611,-111.0805278,12644047,760298033,Unverified
USGS-06102050,Marias River near Loma MT,47.94590278,-110.5808389,12646291,760336333,Unverified
USGS-06102500,Teton River bl South Fork nr Choteau MT,47.8830833,-112.6119833,12744853,760259795,Unverified
USGS-06108800,Teton River at Loma MT,47.9327194,-110.5144333,12746007,760352976,Unverified
USGS-06109500,Missouri River at Virgelle MT,48.0037833,-110.2588222,12735448,760298057,Unverified
USGS-06110020,Judith River above Carr Creek near Utica MT,46.9177222,-110.1889444,12379043,760349726,Unverified
USGS-06111800,Big Spring Cr at R&B Trading Post nr Lewistown MT,47.0878333,-109.4575,12377951,760419600,Unverified
USGS-06114700,"Judith River nr mouth, nr Winifred MT",47.6651583,-109.6520139,,760381284,Unverified
USGS-06115200,Missouri River near Landusky MT,47.63143056,-108.6877444,12352441,760376294,Unverified
USGS-06119200,"South Fork Musselshell River at Martinsdale, MT",46.4623194,-110.3185028,12617818,760388031,Unverified
USGS-06119600,"Musselshell River nr Martinsdale, MT",46.4769583,-110.2489667,12619198,760404670,Unverified
USGS-06120500,Musselshell River at Harlowton MT,46.4288,-109.8411944,12619810,760479554,Unverified
USGS-06123030,Musselshell River ab Mud Cr nr Shawmut MT,46.31899167,-109.4605472,12620110,760408010,Unverified
USGS-06125600,Musselshell River ab Big Coulee Creek at Lavina MT,46.28905556,-108.9376111,12621638,760486220,Unverified
USGS-06126500,Musselshell River near Roundup MT,46.4277194,-108.5701028,12606701,760491202,Unverified
USGS-06127500,Musselshell River at Musselshell MT,46.522425,-108.1088722,12603855,760446267,Unverified
USGS-06130000,Flatwillow Creek near Mosby MT,46.9286611,-107.9328417,12599885,760431260,Unverified
USGS-06130500,Musselshell River at Mosby MT,46.99469167,-107.8891639,12723432,760462871,Unverified
USGS-06131200,Nelson Creek near Van Norman MT,47.5365944,-106.1534528,12355773,760351342,Unverified
USGS-06133500,N F Milk River ab St. Mary canal nr Browning MT,48.96352778,-113.0623556,12345057,760258049,Unverified
USGS-06135000,Milk River at Eastern Crossing of Int Bndry,48.9748194,-110.4217778,12340828,760244734,Unverified
USGS-06137570,"Boxelder Creek near Rocky Boy, MT",48.2988333,-109.8354167,12320405,760218163,Unverified
USGS-06137575,"Boxelder Creek at Box Elder, MT",48.31035278,-110.019575,12319825,760281394,Unverified
USGS-06138580,"Big Sandy Cr ab Spring Coulee, nr Laredo, MT",48.45269167,-109.9208278,12320307,760362920,Unverified
USGS-06139500,Big Sandy Creek near Havre MT,48.52671389,-109.8415778,12319297,760324642,Unverified
USGS-06139800,"West Fork Beaver Creek nr Rocky Boy, MT",48.1761472,-109.6421333,12326043,760174908,Unverified
USGS-06139850,"Beaver Creek ab Elk Creek, nr Rocky Boy, MT",48.17931667,-109.6435694,12326033,760174908,Unverified
USGS-06139900,Beaver Cr at Res Bndry nr Rocky Boy MT,48.22408056,-109.6522667,12326017,760214842,Unverified
USGS-06140500,Milk River at Havre MT,48.5636861,-109.6959556,12323071,760303006,Unverified
USGS-06142400,Clear Creek near Chinook MT,48.5788694,-109.3911306,12323087,760271392,Unverified
USGS-06151500,Battle Creek near Chinook MT,48.64949167,-109.2316944,12472144,760317971,Unverified
USGS-06153800,"Milk River at Merrill Rd, nr Harlem, MT",48.52430556,-108.8551667,12324733,760303008,Unverified
USGS-06154100,Milk River near Harlem MT,48.48964167,-108.75895,12327527,760294692,Unverified
USGS-06154390,Peoples Creek near Cleveland MT,48.26360447,-108.8707183,12532618,760321333,Unverified
USGS-06154400,Peoples Creek near Hays MT,48.2237333,-108.7140528,12532944,760293049,Unverified
USGS-06154410,"Little Peoples Creek near Hays, MT",47.9649333,-108.6559611,12533094,760204877,Unverified
USGS-06154430,"Lodge Pole Creek at Lodge Pole, MT",48.0310972,-108.5326111,12532954,760208200,Unverified
USGS-06155030,Milk River near Dodson MT,48.40277778,-108.2940944,12327243,760298026,Unverified
USGS-06155500,Milk River at Malta MT,48.3621944,-107.876375,12328223,760331312,Unverified
USGS-06164510,Milk River at Juneberg Bridge nr Saco MT,48.50920278,-107.2187556,12306001,760312995,Unverified
USGS-06164623,Little Warm Cr Tributary nr Lodge Pole MT,47.99523889,-108.3200528,,,Unverified
USGS-06166000,Beaver Cr bl Guston Coulee nr Saco MT,48.3567833,-107.5821861,12297370,760289711,Unverified
USGS-06167500,Beaver Creek near Hinsdale MT,48.4203111,-107.1711389,12296610,760289706,Unverified
USGS-06169500,Rock Creek bl Horse Creek nr int'l boundary,48.969375,-106.8398417,12289022,760243071,Unverified
USGS-06172310,Milk River at Tampico MT,48.30790556,-106.8223167,12307723,760303025,Unverified
USGS-06174500,Milk River at Nashua MT,48.13005278,-106.3643139,12308335,760309695,Unverified
USGS-06177000,Missouri River near Wolf Point MT,48.067325,-105.5330972,12463734,760299716,Unverified
USGS-06177500,Redwater River at Circle MT,47.4139722,-105.5756444,12526443,760442871,Unverified
USGS-06178000,Poplar River at international boundary,48.9902861,-105.6969083,12515978,760228094,Unverified
USGS-06181000,Poplar River near Poplar MT,48.11791667,-105.1928167,12517360,760327998,Unverified
USGS-06183450,Big Muddy Creek near Antelope MT,48.6728972,-104.5120861,3097061,760294676,Unverified
USGS-06185110,Big Muddy Creek nr mouth nr Culbertson MT,48.16448056,-104.6295194,3102237,760301375,Unverified
USGS-06185500,Missouri River near Culbertson MT,48.1235,-104.4733,3012079,760342977,Unverified
USGS-06187915,Soda Butte Cr at Park Bndry at Silver Gate,45.00283056,-110.0018722,2962790,760449711,Unverified
USGS-06191000,"Gardner River near Mammoth, YNP",44.9923444,-110.690975,2965566,760597808,Unverified
USGS-06191500,Yellowstone River at Corwin Springs MT,45.1121194,-110.7936667,4369760,760606119,Unverified
USGS-06192500,"Yellowstone River near Livingston, MT",45.5972111,-110.5664972,4366016,760699266,Unverified
USGS-06195600,Shields River nr Livingston MT,45.7383611,-110.4794694,4064058,760576118,Unverified
USGS-06197800,"East Boulder River bl Dry Fork Cr nr Mcleod, MT",45.5123333,-110.0877222,4365188,760517897,Unverified
USGS-06200000,Boulder River at Big Timber MT,45.8337944,-109.9387056,4366570,760581110,Unverified
USGS-06204050,West Rosebud Creek near Roscoe MT,45.24323889,-109.7313028,7186866,760512925,Unverified
USGS-06204070,W Rosebud Cr at Emerald Lk Campground nr Roscoe,45.25438735,-109.6998945,7186434,760566172,Unverified
USGS-06205000,"Stillwater River near Absarokee, MT",45.53674167,-109.4220556,7184630,760594438,Unverified
USGS-06207500,Clarks Fork Yellowstone River nr Belfry MT,45.0099111,-109.0653667,4265860,760634414,Unverified
USGS-06208500,Clarks Fork Yellowstone River at Edgar MT,45.46571389,-108.8441056,4268026,760710925,Unverified
USGS-06208790,White Horse Canal near Silesia MT,45.5163372,-108.8315328,4261972,760717576,Unverified
USGS-06209500,Rock Creek near Red Lodge MT,45.0861472,-109.3291889,4264796,760556201,Unverified
USGS-06211000,Red Lodge Cr ab Cooney Re nr Boyd MT,45.43785,-109.2533111,4265440,760656014,Unverified
USGS-06211500,Willow Creek near Boyd MT,45.4221472,-109.2305306,4263450,760569488,Unverified
USGS-06214500,Yellowstone River at Billings MT,45.8001194,-108.4680306,4342992,760569458,Unverified
USGS-06286490,Big Horn Canal near St. Xavier MT,45.3163485,-107.9184433,12781155,760720919,Unverified
USGS-06287000,Bighorn R bl Yellowtail Afterbay Dam nr St. Xavier,45.31690278,-107.9188889,12781155,760720919,Unverified
USGS-06287800,"Bighorn River at bridge, at St. Xavier, MT",45.46075278,-107.7493283,12781003,760744205,Unverified
USGS-06288400,"Bighorn River at Two Leggins Bridge, near Hardin",45.6440863,-107.6582164,12778579,760695936,Unverified
USGS-06289000,Little Bighorn River at State Line nr Wyola MT,45.0071111,-107.6154083,12771343,760589487,Unverified
USGS-06293890,Agency Canal Tailwaste near Hardin MT,45.7305341,-107.567306,12773201,760408060,Unverified
USGS-06294000,Little Bighorn River near Hardin MT,45.7356861,-107.5574694,12770015,760629369,Unverified
USGS-06294500,Bighorn River ab Tullock Cr nr Bighorn MT,46.1244722,-107.4687917,12775637,760634329,Unverified
USGS-06295000,Yellowstone River at Forsyth MT,46.2666361,-106.6913028,13260207,760576078,Unverified
USGS-06295113,Rosebud C at Reservation Bndry nr Kirby MT,45.36116667,-106.9903556,13238607,760644373,Unverified
USGS-06295220,Rosebud C Bel Lame Deer C nr Lame Deer MT,45.67582545,-106.700309,13236539,760667644,Unverified
USGS-06306300,Tongue River at State Line nr Decker MT,45.0091361,-106.8359444,5334435,760621104,Unverified
USGS-06307500,Tongue River at Tongue R Dam nr Decker MT,45.141275,-106.7713556,5334799,760559524,Unverified
USGS-06307616,Tongue R at Birney Day School Br nr Birney MT,45.41160556,-106.4573528,12756851,760641040,Unverified
USGS-06307662,"Tongue River at Ashland, MT",45.59775,-106.2749444,12754153,760677633,Unverified
USGS-06307830,Tongue R bl Brandenberg bridge nr Ashland MT,45.8403861,-106.2234333,12753749,760631024,Unverified
USGS-06308500,"Tongue River at Miles City, MT",46.3845944,-105.8455222,12751711,760522822,Unverified
USGS-06309000,"Yellowstone River at Miles City, MT",46.4207722,-105.8600333,13261505,760512835,Unverified
USGS-06324500,Powder River at Moorhead MT,45.0571972,-105.8783778,5387929,760676011,Unverified
USGS-06326500,Powder River near Locate MT,46.4294361,-105.3103306,9826284,760502850,Unverified
USGS-06327450,Cains Coulee at Glendive MT,47.09420556,-104.7132667,,,Unverified
USGS-06327500,"Yellowstone River at Glendive, MT",47.10588889,-104.7184306,21876099,760434574,Unverified
USGS-06328495,Yellowstone River Fish Bypass Channel nr Intake MT,47.2637222,-104.5396667,21876017,,Unverified
USGS-06329500,Yellowstone River near Sidney MT,47.67741389,-104.1554111,21871785,760361315,Unverified
USGS-12301250,"Tobacco River at Eureka, MT",48.8779472,-115.054461,22878631,720155917,Unverified
USGS-12301933,Kootenai River bl Libby Dam nr Libby MT,48.40066389,-115.3187194,22878293,720167868,Unverified
USGS-12302055,Fisher River near Libby MT,48.35560278,-115.31465,22893139,720191685,Unverified
USGS-12303500,Lake Creek at Troy MT,48.4468611,-115.877136,,720167866,Unverified
USGS-12304500,Yaak River near Troy MT,48.5617222,-115.9701583,22900496,720173803,Unverified
USGS-12323233,"Blacktail Creek above Grove Gulch, at Butte, MT",45.9912694,-112.5273583,947010289,720193918,Unverified
USGS-12323242,"Silver Bow Creek at Montana Street, at Butte, MT",45.99572778,-112.538761,947010288,720152253,Unverified
USGS-12323250,"Silver Bow Cr bl Blacktail Cr, at Butte, MT",45.996575,-112.5634889,24294084,720156221,Unverified
USGS-12323600,Silver Bow Creek at Opportunity MT,46.1077583,-112.8052833,24298384,720213747,Unverified
USGS-12323670,"Mill Creek nr Anaconda, MT",46.0829722,-112.9171889,24293902,720160181,Unverified
USGS-12323700,"Mill Creek at Opportunity, MT",46.11437778,-112.819775,24293900,720160181,Unverified
USGS-12323710,"Willow Creek nr Anaconda, MT",46.0645111,-112.8935306,24293950,720114553,Unverified
USGS-12323720,"Willow Creek at Opportunity, MT",46.10716389,-112.810611,24293942,720182002,Unverified
USGS-12323750,Silver Bow Creek at Warm Springs MT,46.1794972,-112.780561,24293876,720160176,Unverified
USGS-12323760,Warm Springs Creek near Anaconda MT,46.13366667,-112.9031528,24293816,720195886,Unverified
USGS-12323770,Warm Springs Creek at Warm Springs MT,46.180375,-112.7850778,24293810,720160176,Unverified
USGS-12323800,Clark Fork near Galen MT,46.20824167,-112.76735,24293868,720174057,Unverified
USGS-12323840,Lost Creek near Anaconda MT,46.161325,-112.8937972,24293784,720144296,Unverified
USGS-12323850,"Lost Creek near Galen, MT",46.2185722,-112.7741667,24293772,720189927,Unverified
USGS-12324200,Clark Fork at Deer Lodge MT,46.39765,-112.7425389,24293584,720221651,Unverified
USGS-12324400,Clark Fork ab Little Blackfoot R nr Garrison MT,46.5109111,-112.789686,24293552,720213706,Unverified
USGS-12324590,Little Blackfoot River near Garrison MT,46.5194833,-112.7931722,24294294,720203780,Unverified
USGS-12324680,Clark Fork at Goldcreek MT,46.58998889,-112.9287139,24293428,720205759,Unverified
USGS-12325500,Flint Creek near Southern Cross MT,46.23266667,-113.2998722,24310403,720203816,Unverified
USGS-12329500,Flint Creek at Maxville MT,46.4637583,-113.2402778,24310353,720183954,Unverified
USGS-12330000,Boulder Creek at Maxville MT,46.47165278,-113.2357694,24310421,720168078,Unverified
USGS-12331500,Flint Creek near Drummond MT,46.62872778,-113.1506917,24310257,720213692,Unverified
USGS-12331800,Clark Fork near Drummond MT,46.71191389,-113.3307806,24293328,720241457,Unverified
USGS-12332000,Middle Fork Rock Cr nr Philipsburg MT,46.1845694,-113.5015694,24310031,720195889,Unverified
USGS-12334510,Rock Creek near Clinton MT,46.7223361,-113.683061,24309693,720187891,Unverified
USGS-12334550,Clark Fork at Turah Bridge nr Bonner MT,46.8259111,-113.8140306,24295262,720227559,Unverified
USGS-12335100,Blackfoot R ab Nevada Cr nr Helmville MT,46.9187944,-113.014986,22912482,720229530,Unverified
USGS-12335500,"Nevada Cr ab reservoir, nr Helmville, MT",46.77777778,-112.767786,22912414,720175979,Unverified
USGS-12338300,NF Blackfoot R ab Dry Gulch nr Ovando MT,46.9794944,-113.092186,22913128,720173973,Unverified
USGS-12340000,Blackfoot River near Bonner MT,46.8994111,-113.7563194,22911982,720175965,Unverified
USGS-12340500,Clark Fork above Missoula MT,46.87676389,-113.9321194,22937978,720249375,Unverified
USGS-12342500,West Fork Bitterroot River nr Conner MT,45.72482778,-114.2822944,24320366,720180058,Unverified
USGS-12344000,Bitterroot River near Darby MT,45.97205,-114.1412333,24320124,720176064,Unverified
USGS-12350250,Bitterroot River at Bell Crossing nr Victor MT,46.4432,-114.1237667,24319698,720205775,Unverified
USGS-12352500,Bitterroot River near Missoula MT,46.83173889,-114.054861,24319206,720193829,Unverified
USGS-12353000,Clark Fork below Missoula MT,46.8686333,-114.1277472,22937902,720197794,Unverified
USGS-12354000,"St. Regis River near St. Regis, MT",47.2967111,-115.122625,22937058,720167988,Unverified
USGS-12354500,Clark Fork at St. Regis MT,47.30163889,-115.0868694,22937042,720181876,Unverified
USGS-12355500,N F Flathead River nr Columbia Falls MT,48.4957972,-114.1267639,22949233,720142068,Unverified
USGS-12358500,M F Flathead River near West Glacier MT,48.49551667,-114.0102083,22957049,720136116,Unverified
USGS-12359800,S F Flathead R ab Twin C nr Hungry Horse MT,47.9790972,-113.5606833,22965282,720177836,Unverified
USGS-12362500,S F Flathead River nr Columbia Falls MT,48.35657778,-114.0378583,22964998,720193669,Unverified
USGS-12363000,Flathead River at Columbia Falls MT,48.3618111,-114.18495,947010306,720144066,Unverified
USGS-12363500,"Flathead River near Kalispell, MT",48.2211361,-114.241886,24338780,720175826,Unverified
USGS-12365700,"Stillwater River at Lawrence Park, at Kalispell",48.21725,-114.313736,24344323,720173841,Unverified
USGS-12366000,Whitefish River near Kalispell MT,48.3201861,-114.2785944,24344205,720163908,Unverified
USGS-12370000,"Swan River near Bigfork, MT",48.02423056,-113.9788194,24349942,720199656,Unverified
USGS-12372000,Flathead River near Polson MT,47.6802861,-114.2467278,24356639,720191753,Unverified
USGS-12377150,Mission Creek ab reservoir nr St. Ignatius MT,47.32019167,-113.9878917,24356263,720116400,Unverified
USGS-12381400,South Fork Jocko River near Arlee MT,47.19555,-113.850736,24356091,720156094,Unverified
USGS-12388700,Flathead River at Perma MT,47.36679167,-114.585,24355829,720215596,Unverified
USGS-12389000,Clark Fork near Plains MT,47.4292,-114.8565333,22976488,720223526,Unverified
USGS-12389500,Thompson River near Thompson Falls MT,47.5918583,-115.229536,22976572,720215571,Unverified
USGS-12390700,Prospect Creek at Thompson Falls MT,47.5860611,-115.3551,22976274,720156053,Unverified
USGS-463138110580001,NF Smith R ab conf nr White Sulphur Springs,46.52708889,-110.9666306,,760404667,Unverified
USGS-480608115242901,"Libby Wetland Site bl Schrieber Lake nr Libby, MT",48.1022259,-115.4089188,,720116318,Unverified
USGS-06453600,"Ponca Creek at Verdel, Nebr.",42.8108611,-98.1753972,11673186,760539734,Unverified
USGS-06461500,"Niobrara River near Sparks, Nebr.",42.90207778,-100.3625278,16031404,760541391,Unverified
USGS-06463500,"Long Pine Creek near Riverview, Nebr.",42.6896361,-99.6794472,16039510,760553056,Unverified
USGS-06463720,"Niobrara River at Mariaville, Nebr.",42.78055556,-99.3397222,17279985,760592985,Unverified
USGS-06465500,"Niobrara River near Verdel, Nebr.",42.7397222,-98.2227778,11645823,760573020,Unverified
USGS-06466400,"Bazile Creek at Center, Nebr",42.61573056,-97.8780722,11760272,760524774,Unverified
USGS-06466470,"Howe Creek below Walker Draw near Center, Nebr.",42.67321667,-97.8538611,11759794,760493153,Unverified
USGS-06466500,"Bazile Creek near Niobrara, Nebr.",42.7322222,-97.9225,11759320,760499805,Unverified
USGS-06478522,"Bow Creek near Wynot, Nebr.",42.76527778,-97.1725667,11759050,760533082,Unverified
USGS-06486000,"Missouri River at Sioux City, IA",42.48619444,-96.4130833,17244390,760559727,Unverified
USGS-06600900,"South Omaha Creek at Walthill, Nebr.",42.14805556,-96.4833333,17244186,760401674,Unverified
USGS-06601000,"Omaha Creek at Homer, Nebr.",42.32166667,-96.4877778,17244016,760543100,Unverified
USGS-06610000,"Missouri River at Omaha, NE",41.25905556,-95.92325,17219468,760623052,Unverified
USGS-06610720,"Big Papillion Creek near Bennington, Nebr.",41.37888889,-96.1825,17217462,760549828,Unverified
USGS-06610732,"Big Papillion Creek at Fort Street at Omaha, Nebr.",41.30666465,-96.1041852,17217574,760494921,Unverified
USGS-06610750,"Little Papillion Creek at Irvington, Nebr.",41.31055556,-96.0475,17217578,760496583,Unverified
USGS-06610765,"Little Papillion Cr at Ak-Sar-Ben at Omaha, Nebr.",41.24527778,-96.0202778,17217650,760494926,Unverified
USGS-06610770,"Big Papillion Creek at Q Street at Omaha, Nebr.",41.20541556,-96.0166826,17217680,760536529,Unverified
USGS-06610785,"West Papillion Creek at Millard, Nebr.",41.2073611,-96.1276111,17217684,760574800,Unverified
USGS-06610788,"South Papillion Creek at Chalco, Nebr.",41.18055556,-96.1391667,17217726,760493267,Unverified
USGS-06610793,"West Papillion Creek at Papillion, Nebr.",41.15575,-96.0430556,17217754,760551508,Unverified
USGS-06610795,"Papillion Creek at Fort Crook, Nebr.",41.1178333,-95.9376667,17219246,760563158,Unverified
USGS-06680500,"North Platte River at Scottsbluff, Nebr.",41.84994444,-103.6755556,17510084,760637984,Unverified
USGS-06762500,"Lodgepole Creek at Bushnell, Nebr.",41.22777778,-103.8930556,17457349,760583119,Unverified
USGS-06764880,"South Platte River at Roscoe, Nebr.",41.1261111,-101.5766667,17432290,760613079,Unverified
USGS-06767970,"Platte R, J2 Outflow and S Ch, near Overton, Nebr.",40.67683889,-99.5679556,7261789,760694649,Unverified
USGS-06768000,"Platte River near Overton, Nebr.",40.6825,-99.5405556,7264443,760739577,Unverified
USGS-06768020,"Spring Creek near Overton, Nebr.",40.70723067,-99.5598289,7261231,760594804,Unverified
USGS-06768025,"Platte R,So-Ch,Cottonwood Ranch nr Overton, Nebr.",40.67888889,-99.4891667,7264455,760741241,Unverified
USGS-06768035,"Platte R Mid-Ch, Cottonwood Ranch nr Elm Cr, Nebr.",40.6855652,-99.439268,19037447,760741241,Unverified
USGS-06769000,"Buffalo Creek near Overton, Nebr.",40.7344535,-99.505937,7264221,760609777,Unverified
USGS-06769525,"Elm Creek near Elm Creek, Nebr.",40.7288988,-99.3989885,7261053,760591477,Unverified
USGS-06770200,"Platte River near Kearney, Nebr.",40.65805556,-99.0861111,940200366,760697979,Unverified
USGS-06770500,"Platte River near Grand Island, Nebr.",40.8744567,-98.2820044,7268299,760668011,Unverified
USGS-06772100,"Wood River at Grand Island, Nebr.",40.8747222,-98.3783333,7291290,760651371,Unverified
USGS-06772775,"Warm Slough near Central City, Nebr.",41.0908333,-98.0777778,7297570,760609757,Unverified
USGS-06772898,"Silver Creek, at Mile 4 near Silver Creek, Nebr.",41.2972222,-97.7138889,7301714,760656331,Unverified
USGS-06773500,"Prairie Creek near Silver Creek, Nebr.",41.328903,-97.6753296,7298760,760624711,Unverified
USGS-06774000,"Platte River near Duncan, Nebr.",41.3683333,-97.4952778,7301400,760626373,Unverified
USGS-06775500,"Middle Loup River at Dunning, Nebr.",41.83091667,-100.0995278,17394882,760632993,Unverified
USGS-06775900,"Dismal River near Thedford, Nebr.",41.7786111,-100.5252778,17391613,760571428,Unverified
USGS-06777495,"Middle Loup River near Gates, Nebr.",41.6629861,-99.6355972,17370530,760628014,Unverified
USGS-06781600,"South Loup River at Arnold, Nebr.",41.42277778,-100.2033778,17351569,760614720,Unverified
USGS-06781900,"South Loup River at Pressey WMA near Oconto, Nebr.",41.19278056,-99.7086083,17355281,760611410,Unverified
USGS-06784000,"South Loup River at Saint Michael, Nebr.",41.0325,-98.7405556,17356815,760672991,Unverified
USGS-06785000,"Middle Loup River at Saint Paul, Nebr.",41.2035,-98.4461111,17375808,760702932,Unverified
USGS-06785500,"North Loup River at Brewster, Nebr.",41.94166667,-99.8602778,17334221,760681241,Unverified
USGS-06786000,"North Loup River at Taylor, Nebr.",41.77694444,-99.3791667,17321395,760666278,Unverified
USGS-06790500,"North Loup River near Saint Paul, Nebr.",41.26334596,-98.449236,17324499,760706253,Unverified
USGS-06792500,"Loup River Power Canal near Genoa, Nebr.",41.40916667,-97.7936111,,760608067,Unverified
USGS-06793000,"Loup River near Genoa, Nebr.",41.4186111,-97.7236111,17309794,760576450,Unverified
USGS-06794000,"Beaver Creek at Genoa, Nebr.",41.4414021,-97.7347745,940210142,760561470,Unverified
USGS-06794650,"Clear Creek 1.75 mile W of Polk County line, Nebr.",41.35194444,-97.4033333,7301710,760553157,Unverified
USGS-06795500,"Shell Creek near Columbus, Nebr.",41.52596389,-97.2815972,17421926,760526521,Unverified
USGS-06796000,"Platte River at North Bend, Nebr.",41.45317778,-96.7753944,17415522,760621375,Unverified
USGS-06796500,"Platte River near Leshara, Nebr.",41.32,-96.4038889,17415610,760654664,Unverified
USGS-06797500,"Elkhorn River at Ewing, Nebr.",42.26844444,-98.3393611,17285475,760404990,Unverified
USGS-06799000,"Elkhorn River at Norfolk, Nebr.",42.00377778,-97.4260278,17287753,760642964,Unverified
USGS-06799100,"North Fork Elkhorn River near Pierce, Nebr.",42.1485,-97.4785278,17274026,760533128,Unverified
USGS-06799315,"Elkhorn River at Pilger, Nebr.",41.99527778,-97.0580556,17261127,760679573,Unverified
USGS-06799350,"Elkhorn River at West Point, Nebr.",41.8394441,-96.7275324,17262319,760641311,Unverified
USGS-06799445,"Logan Creek at Wakefield, Nebr.",42.2769448,-96.8619862,17254208,760521471,Unverified
USGS-06799500,"Logan Creek near Uehling, Nebr.",41.71277778,-96.5219444,17254864,760636330,Unverified
USGS-06800000,"Maple Creek near Nickerson, Nebr.",41.56116667,-96.5408333,17262269,760564790,Unverified
USGS-06800500,"Elkhorn River at Waterloo, Nebr.",41.2933333,-96.2838889,24750511,760639688,Unverified
USGS-06801000,"Platte River near Ashland, Nebr",41.06225556,-96.3245139,17415080,760704600,Unverified
USGS-06803000,"Salt Creek at Roca, Nebr.",40.65777778,-96.6655556,17405877,760569851,Unverified
USGS-06803080,"Salt Creek at Pioneers Boulevard at Lincoln, Nebr.",40.77027778,-96.7188889,17405897,760636403,Unverified
USGS-06803093,"Haines Branch at SW 56th St at Lincoln, Nebr.",40.7675026,-96.796965,17405857,760523251,Unverified
USGS-06803170,"Middle Creek at SW 63rd St at Lincoln, Nebr.",40.81080556,-96.8060833,17405855,760559855,Unverified
USGS-06803300,"Antelope Creek at 27th Street at Lincoln, Nebr.",40.80494444,-96.6850833,17405619,,Unverified
USGS-06803420,"North Oak Creek near Touhy, Nebr.",41.13331667,-96.8724194,17398711,760453334,Unverified
USGS-06803430,"North Oak Creek at Valparaiso, Nebr.",41.07491667,-96.8383889,17399125,760553178,Unverified
USGS-06803486,"Oak Creek at Air Park Road at Lincoln, Nebr.",40.85527778,-96.7794444,17405565,760609771,Unverified
USGS-06803495,"Salt Creek at Fairgrounds at Lincoln, Nebr.",40.8386111,-96.6913889,17405849,760658029,Unverified
USGS-06803500,"Salt Creek at 27th Street at Lincoln, Nebr.",40.84666667,-96.6816667,17405849,760658029,Unverified
USGS-06803502,"Deadmans Run at 38th Street at Lincoln, Nebr.",40.83536389,-96.6655583,17405601,760405101,Unverified
USGS-06803510,"Little Salt Creek near Lincoln, Nebr.",40.89305556,-96.6816667,17405547,760579817,Unverified
USGS-06803513,"Salt Creek at 70th Street at Lincoln, Nebr.",40.8861114,-96.6241795,17405835,760677994,Unverified
USGS-06803520,"Stevens Creek near Lincoln, Nebr.",40.85716667,-96.5951278,17405597,760564845,Unverified
USGS-06803530,"Rock Creek near Ceresco, Nebr.",41.0158333,-96.5441667,17399459,760614751,Unverified
USGS-06803555,"Salt Creek at Greenwood, Nebr.",40.96555556,-96.4544444,17405447,760649700,Unverified
USGS-06804000,"Wahoo Creek at Ithaca, Nebr.",41.1475,-96.5377778,17398607,760556501,Unverified
USGS-06804700,"Wahoo Creek at Ashland, Nebr.",41.0536111,-96.3677778,17399187,760644699,Unverified
USGS-06805500,"Platte River at Louisville, Nebr",41.01497778,-96.1575,17416036,760694624,Unverified
USGS-06806500,"Weeping Water Creek at Union, Nebr.",40.79416667,-95.9113889,7312223,760648048,Unverified
USGS-06807000,"Missouri River at Nebraska City, NE",40.68180556,-95.8470833,7312363,760747897,Unverified
USGS-06810070,"Missouri River at Brownville, NE",40.39819444,-95.6536667,3702488,760774543,Unverified
USGS-06811500,"Little Nemaha River at Auburn, Nebr.",40.39277778,-95.8127778,19161749,760688015,Unverified
USGS-06813500,"Missouri River at Rulo, NE",40.05205556,-95.42175,3702540,760708006,Unverified
USGS-06814500,"North Fork Big Nemaha River at Humboldt, Nebr.",40.15694485,-95.9447206,19153015,760638113,Unverified
USGS-06815000,"Big Nemaha River at Falls City, Nebr.",40.0355577,-95.5960957,19153077,760638121,Unverified
USGS-06821500,"Arikaree River nr Haigler, Nebr.",40.0178611,-101.9963056,11720859,760737964,Unverified
USGS-06823000,North Fork Republican River at Colorado-Nebraska,40.06943516,-102.0512979,11713555,760751271,Unverified
USGS-06823500,"Buffalo Creek near Haigler, Nebr.",40.03944444,-101.8666667,11714581,760676393,Unverified
USGS-06824000,"Rock Creek at Parks, Nebr.",40.0422222,-101.7280556,11714577,760711338,Unverified
USGS-06824500,"Republican River at Benkelman, Nebr.",40.03444444,-101.5427778,11714631,760737963,Unverified
USGS-06827500,"South Fork Republican River near Benkelman, Nebr.",40.01027778,-101.5419444,11697864,760731309,Unverified
USGS-06828500,"Republican River at Stratton, Nebr.",40.14055556,-101.2297222,19093303,760717986,Unverified
USGS-06834000,"Frenchman Creek at Palisade, Nebr.",40.35166667,-101.1236111,19081429,760678034,Unverified
USGS-06835500,"Frenchman Creek at Culbertson, Nebr.",40.2347215,-100.8782139,19081917,760781210,Unverified
USGS-06836500,"Driftwood Creek near McCook, Nebr.",40.14583655,-100.6732083,19095401,760664739,Unverified
USGS-06837000,"Republican River at McCook, Nebr.",40.18777778,-100.6186111,19095367,760747935,Unverified
USGS-06838000,"Red Willow Creek near Red Willow, Nebr.",40.2347222,-100.5008333,19070233,760741273,Unverified
USGS-06843500,"Republican River at Cambridge, Nebr.",40.28444444,-100.1436111,19040347,760737944,Unverified
USGS-06844500,"Republican River near Orleans, Nebr.",40.13166667,-99.5025,19043513,760736291,Unverified
USGS-06847000,"Beaver Creek near Beaver City, Nebr.",40.1200068,-99.8934566,8163040,760766244,Unverified
USGS-06847500,"Sappa Creek near Stamford, Nebr.",40.1183333,-99.5169444,14611966,760782884,Unverified
USGS-06852500,Courtland Canal at Nebraska-Kansas Stateline,40.0041807,-98.1322678,19014499,,Unverified
USGS-06853020,"Republican River at Guide Rock, Nebr.",40.06416667,-98.3308333,19011577,760846120,Unverified
USGS-06880800,"West Fork Big Blue River near Dorchester, Nebr.",40.7311177,-97.1775413,18799565,760706293,Unverified
USGS-06881000,"Big Blue River near Crete, Nebr.",40.59666667,-96.9605556,18819832,760696317,Unverified
USGS-06881380,"Turkey Creek near DeWitt, Nebr.",40.3669833,-96.8894694,18792702,760761232,Unverified
USGS-06882000,"Big Blue River at Barneston, Nebr.",40.0447222,-96.5872222,2275923,760816170,Unverified
USGS-06883000,"Little Blue River near Deweese, Nebr.",40.3325,-98.0669444,18767596,760761236,Unverified
USGS-06883530,"Little Blue River at County Line nr Deshler, Nebr.",40.21502778,-97.8206222,18771268,760831133,Unverified
USGS-06884000,"Little Blue River near Fairbury, Nebr.",40.1464722,-97.2007222,4020207,760716322,Unverified
USGS-09415510,"PRESTON BIG SPRG NR PRESTON, NV",38.9333333,-115.08,20635126,710722448,Unverified
USGS-09415558,"HOT CK NR SUNNYSIDE, NV",38.37944444,-115.1516667,20637420,,Unverified
USGS-09415645,"ASH SPGS CK BLW DIV AT HWY 93 AT ASH SPGS, NV",37.46,-115.195,20642190,710827675,Unverified
USGS-09415900,"MUDDY SPGS AT LDS FARM NR MOAPA, NV",36.72163699,-114.7155502,20624162,710780098,Unverified
USGS-09415908,"PEDERSON E SPGS NR MOAPA, NV",36.70936389,-114.7157139,20624190,,Unverified
USGS-09415910,"PEDERSON SPGS NR MOAPA, NV",36.70958056,-114.7159722,20624190,,Unverified
USGS-09415915,"WARM SPGS W INFLOW NR MOAPA, NV",36.71051944,-114.7146056,,,Unverified
USGS-09415920,"WARM SPGS W NR MOAPA, NV",36.7111833,-114.7136639,,710780098,Unverified
USGS-09415927,"WARM SPGS CONFL AT IVERSON FLUME NR MOAPA, NV",36.7113333,-114.7096667,20624798,710780098,Unverified
USGS-09416000,"MUDDY RV NR MOAPA, NV",36.7110817,-114.6952715,945010225,710831683,Unverified
USGS-09417500,"MEADOW VALLEY WASH AT EAGLE CYN NR URSINE, NV",38.0041285,-114.206927,20595662,710766144,Unverified
USGS-09418500,"MEADOW VALLEY WASH NR CALIENTE, NV",37.55837778,-114.5630556,20598652,710714584,Unverified
USGS-09418700,"MEADOW VALLEY WASH NR ROX, NV",36.8382,-114.6580556,20603950,710782077,Unverified
USGS-09419000,"MUDDY RV NR GLENDALE, NV",36.64302844,-114.5397075,20624320,710823751,Unverified
USGS-09419530,"VIRGIN RV BLW CONF OF MUDDY RV NR OVERTON, NV",36.4475583,-114.3529139,25138960,710470608,Unverified
USGS-09419625,"CORN CK SPGS AT NATIONAL FISH & WILDLIFE HDQRS, NV",36.43884444,-115.3581194,22069422,710464657,Unverified
USGS-09419659,SLOAN CHANNEL TRIB AT LAS VEGAS BLVD NR N LV,36.22864167,-115.0742806,,710510299,Unverified
USGS-09419665,"SLOAN CHANNEL AT CHARLESTON BLVD NR LAS VEGAS, NV",36.1596948,-115.0452761,22069888,710544031,Unverified
USGS-094196781,"FLAMINGO WASH AT NELLIS BLVD NR LAS VEGAS, NV",36.14302819,-115.0655537,,710669025,Unverified
USGS-094196783,"LV WASH BLW FLAMINGO WASH CONFL NR LAS VEGAS, NV",36.13969527,-115.0477755,,710710688,Unverified
USGS-094196784,"LAS VEGAS WASH AT VEGAS VALLEY DR NR LAS VEGAS, NV",36.13191667,-115.0356667,,710742433,Unverified
USGS-09419679,"LAS VEGAS WASTEWAY NR E LAS VEGAS, NV",36.10805,-115.0219944,22070016,710742433,Unverified
USGS-09419696,"DUCK CK AT BROADBENT BLVD AT E LAS VEGAS, NV",36.09080799,-115.0238843,22070042,710692835,Unverified
USGS-09419698,"LV WASH BLW DUCK CK CONF NR HENDERSON, NV",36.09152507,-115.0000505,162459659,710661090,Unverified
USGS-09419700,"LAS VEGAS WASH AT PABCO RD NR HENDERSON, NV",36.08747539,-114.9858276,22071208,710754339,Unverified
USGS-09419740,"C-1 CHANNEL NR WARM SPGS RD AT HENDERSON, NV",36.044699,-114.9591584,22071106,710559909,Unverified
USGS-09419745,"C-1 CHANNEL ABV MOUTH NR HENDERSON, NV",36.085,-114.9683333,22071094,710563875,Unverified
USGS-09419747,"LV WASH ABV BOSTICK WEIR NR HENDERSON, NV",36.08978889,-114.972225,945010405,710758307,Unverified
USGS-09419749,"LV WASH ABV HOMESTEAD WEIR NR HENDERSON, NV",36.09420556,-114.9551833,945010403,710758307,Unverified
USGS-09419753,"LV WASH ABV THREE KIDS WASH BLW HENDERSON, NV",36.100375,-114.9433194,945010401,710663074,Unverified
USGS-09419756,LAS VEGAS WASH OVERFLOW AT LAKE LAS VEGAS INLET,36.10247588,-114.934437,22071070,710665058,Unverified
USGS-09419800,"LV WASH BLW LAKE LAS VEGAS NR BOULDER CITY, NV",36.12219816,-114.904992,22071060,710756321,Unverified
USGS-09423000,"COLORADO RIVER BELOW DAVIS DAM, AZ-NV",35.19166556,-114.5721876,,710802001,Unverified
USGS-10243260,"LEHMAN CK NR BAKER, NV",39.0116129,-114.2144392,10407562,710303822,Unverified
USGS-10243700,"CLEVE CK NR ELY, NV",39.21657778,-114.5296389,11338977,710637123,Unverified
USGS-10244950,"STEPTOE CK NR ELY, NV",39.20153889,-114.689161,11339045,710272066,Unverified
USGS-10245100,"GEYSER CK AT SPGS ORIFICE NR MINERVA, NV",38.68,-114.6666667,11359445,,Unverified
USGS-10245960,"COILS CK ABV HORSE CK NR EUREKA, NV",39.76977778,-116.4644444,11120317,710777959,Unverified
USGS-10245970,"ROBERTS CK NR EUREKA, NV",39.78977778,-116.3009444,11120313,710635109,Unverified
USGS-10245980,"SLOUGH CK AT DEVILS GATE NR EUREKA, NV",39.57330556,-116.0767222,11120543,710954545,Unverified
USGS-10246835,"BIG WARM SPGS NR DUCKWATER, NV",38.95019444,-115.7032778,11390116,,Unverified
USGS-10246846,"L CURRANT CK NR CURRANT, NV",38.84715919,-115.367526,11390704,710468501,Unverified
USGS-10247200,"BIG CK NR WARM SPGS, NV",38.18688086,-115.755869,11397884,710496313,Unverified
USGS-10249280,"KINGSTON CK BLW COUGAR CYN NR AUSTIN, NV",39.2124291,-117.1134216,10693693,710575618,Unverified
USGS-10249300,"S TWIN RV NR ROUND MOUNTAIN, NV",38.8874302,-117.2453673,10696957,710660950,Unverified
USGS-10293200,"E WALKER RV AT MORGAN BRIDGE NR WICHMAN CYN, NV",38.548,-118.950061,946050254,710839525,Unverified
USGS-10293500,"E WALKER RV ABV STROSNIDER DITCH NR MASON, NV",38.81371389,-119.0479917,946050110,710819672,Unverified
USGS-10295000,"E WALKER RV NR MASON, NV",38.8774,-119.1442806,946050089,710881173,Unverified
USGS-10297010,"TOPAZ CANAL BLW TOPAZ LAKE NR TOPAZ, CA",38.69555556,-119.5080556,10743464,,Unverified
USGS-10297500,"W WALKER RV AT HOYE BRG NR WELLINGTON, NV",38.72806389,-119.427861,10742328,710891100,Unverified
USGS-10300000,"W WALKER RV NR HUDSON, NV",38.8096366,-119.227377,10743426,710815704,Unverified
USGS-10300600,"WALKER RV AT SNYDER LN NR MASON, NV",38.92125,-119.1915833,946050091,710906963,Unverified
USGS-10301115,"WALKER RVR BLW YERINGTON WEIR NR YERINGTON, NV",39.02041667,-119.1560556,10736861,710918862,Unverified
USGS-10301300,WALKER RV BLW MASON VLY WMA AT RR XING NR WABUSKA,39.12816667,-119.1166944,10736861,710926794,Unverified
USGS-10301500,"WALKER RV NR WABUSKA, NV",39.1524611,-119.0988889,10736789,710936711,Unverified
USGS-10301600,"WALKER RV ABV WEBER RES NR SCHURZ, NV",39.1032533,-118.929317,10737665,710654983,Unverified
USGS-10301720,"WALKER RV AT PT SITE BLW WEBER RES NR SCHURZ, NV",39.0338091,-118.8623696,10737511,710801805,Unverified
USGS-10301742,"CANAL NO 2 ABV LITTLE DAM NR SCHURZ, NV",39.0140869,-118.8609803,,710801805,Unverified
USGS-10301745,"WALKER RV ABV LITTLE DAM NR SCHURZ, NV",39.01353135,-118.8609803,10737517,710801805,Unverified
USGS-10301755,"CANAL NO 1 BLW LITTLE DAM NR SCHURZ, NV",39.01242024,-118.861258,,710801805,Unverified
USGS-10302002,"WALKER RV AT LATERAL 2-A SIPHON NR SCHURZ, NV",38.94019785,-118.8037557,10739235,710906961,Unverified
USGS-10302025,"WALKER RV NR MOUTH AT WALKER LAKE, NV",38.79103038,-118.727085,946050251,710920857,Unverified
USGS-10309000,"E FK CARSON RV NR GARDNERVILLE, NV",38.84519444,-119.7060833,8922339,710799832,Unverified
USGS-10309010,"E FK CARSON RV NR DRESSLERVILLE, NV",38.88013889,-119.6918056,8924007,710871253,Unverified
USGS-10309035,"INDIAN CK ABV MOUTH NR GARDNERVILLE,NV",38.87901944,-119.702711,,710510170,Unverified
USGS-10309050,"PINE NUT CK NR GARDNERVILLE, NV",38.85894444,-119.5685833,8922253,710587542,Unverified
USGS-10310500,"CLEAR CK NR CARSON CITY, NV",39.11324216,-119.7982365,8920579,710480393,Unverified
USGS-10311000,"CARSON RV NR CARSON CITY, NV",39.10768747,-119.7132334,8920583,710924810,Unverified
USGS-10311100,"KINGS CYN CK NR CARSON CITY, NV",39.15379796,-119.8079599,8919967,710543878,Unverified
USGS-10311200,"ASH CYN CK NR CARSON CITY, NV",39.17629816,-119.805738,8919959,710577606,Unverified
USGS-10311300,"EAGLE VALLEY CK AT CARSON CITY, NV",39.165275,-119.722225,11432929,710639110,Unverified
USGS-10311400,"CARSON RV AT DEER RUN RD NR CARSON CITY, NV",39.18137778,-119.6948694,11432263,710887109,Unverified
USGS-10311700,"CARSON RV AT DAYTON, NV",39.23779444,-119.5878583,946050159,710841474,Unverified
USGS-10311750,"CARSON R ABV SIXMILE CYN CK BLW DAYTON, NV",39.28091667,-119.5251389,946050159,710930752,Unverified
USGS-10312000,"CARSON RV NR FORT CHURCHILL, NV",39.29166667,-119.311111,11432099,710920831,Unverified
USGS-10312150,"CARSON RV BLW LAHONTAN RESERVOIR NR FALLON, NV",39.4639361,-119.0462583,13070812,710869239,Unverified
USGS-10312275,"CARSON RV AT TARZYN RD NR FALLON, NV",39.55880594,-118.7259842,13069694,710970419,Unverified
USGS-10313900,"HANKS CK AT MARYS RV RANCH RD NR DEETH, NV",41.4778611,-115.2866389,10776466,710700496,Unverified
USGS-10315500,"MARYS RV ABV HOT SPGS CK NR DEETH, NV",41.2526961,-115.2564468,10779090,710950491,Unverified
USGS-10316500,"LAMOILLE CK NR LAMOILLE, NV",40.69076057,-115.477003,10786444,710704506,Unverified
USGS-10317480,"BEAVER CK ABV CONF N FK HUMBOLDT RV NR HALLECK, NV",41.3297222,-115.5719444,10762537,710698519,Unverified
USGS-10317500,"N FK HUMBOLDT RV AT DEVILS GATE NR HALLECK, NV",41.17875278,-115.492575,10764661,710888990,Unverified
USGS-10318500,"HUMBOLDT RV NR ELKO, NV",40.93655556,-115.6241667,10784576,710849323,Unverified
USGS-10319900,"S FK HUMBOLDT RV ABV TENMILE CK NR ELKO, NV",40.6274972,-115.7305222,10750253,710982267,Unverified
USGS-10320000,"S FK HUMBOLDT RV ABV DIXIE CK NR ELKO, NV",40.6849236,-115.8134002,10750117,710879096,Unverified
USGS-10320100,"DIXIE CK ABV S F HUMBOLDT RV NR ELKO, NV",40.6582566,-115.8545124,,710938619,Unverified
USGS-10321000,"HUMBOLDT RV NR CARLIN, NV",40.72769715,-116.009242,10783402,711006071,Unverified
USGS-10321590,"SUSIE CK AT CARLIN, NV",40.72602928,-116.0778547,10783380,710879092,Unverified
USGS-10321925,"SIMON CK AT HWY 766 NR CARLIN, NV",40.84316667,-116.2245222,,710680688,Unverified
USGS-10321940,"MAGGIE CK ABV MAGGIE CK CYN NR CARLIN, NV",40.8249142,-116.2234155,10782344,710873137,Unverified
USGS-10321950,"MAGGIE CK AT MAGGIE CR CYN NR CARLIN, NV",40.80324824,-116.2000813,10782370,710873137,Unverified
USGS-10322000,"MAGGIE CK AT CARLIN, NV",40.71624444,-116.093575,10782656,710851318,Unverified
USGS-10322150,"MARYS CK AT CARLIN, NV",40.710473,-116.1259112,10782696,710853303,Unverified
USGS-10322500,"HUMBOLDT RV AT PALISADE, NV",40.60741747,-116.2017444,10782860,710891004,Unverified
USGS-10322505,"HORSE CK AT HORSE CYN NR GARDEN GATE PASS, NV",40.11555556,-116.5034444,11228832,710549781,Unverified
USGS-103225055,"WILLOW CK AT ALLISON RANCH NR GARDEN GATE PASS, NV",40.171,-116.4866944,11228062,710599381,Unverified
USGS-10322510,"TONKIN SPG OUTFLOW ABV DENAY CK NR EUREKA, NV",39.90480556,-116.4125278,11230180,710694624,Unverified
USGS-10322535,"HENDERSON CK BLW VINNINI CK NR EUREKA, NV",39.869,-116.1669444,11230250,710597410,Unverified
USGS-10322555,"PETE HANSON CK ABV HENDERSON CK NR EUREKA, NV",39.89030556,-116.3782778,11230228,710756124,Unverified
USGS-10322800,"PINE CK AT MODARELLI MINE RD NR HAY RANCH, NV",40.38125,-116.1251389,11227656,710948552,Unverified
USGS-10323000,"PINE CK NR PALISADE, NV",40.5947972,-116.1732694,11226056,710898941,Unverified
USGS-10323425,"HUMBOLDT RV AT OLD US 40 BRG AT DUNPHY, NV",40.7054675,-116.5309216,11206810,710902904,Unverified
USGS-10324500,"ROCK CK NR BATTLE MOUNTAIN, NV",40.83040556,-116.5883417,11192063,710887025,Unverified
USGS-10324700,"BOULDER CK NR DUNPHY, NV",40.95491015,-116.4400903,11205558,710686634,Unverified
USGS-10325000,"HUMBOLDT RV AT BATTLE MOUNTAIN, NV",40.6676885,-116.9312118,,711035833,Unverified
USGS-10327500,"HUMBOLDT RV AT COMUS, NV",40.99212549,-117.3176168,11202414,710922729,Unverified
USGS-10328450,"N FK L HUMBOLDT RV NR PARADISE VALLEY, NV",41.48527778,-117.131111,11138028,710805647,Unverified
USGS-10328475,"S FK L HUMBOLDT RV NR PARADISE VALLEY, NV",41.44805556,-117.088611,11138042,710724305,Unverified
USGS-10328500,L HUMBOLDT RV BLW CHIMNEY DM NR PARADISE VALLEY NV,41.3933333,-117.1813889,11138182,710879060,Unverified
USGS-10329000,"L HUMBOLDT RV NR PARADISE VALLEY, NV",41.4158222,-117.373511,11138998,710879059,Unverified
USGS-10329500,"MARTIN CK NR PARADISE VALLEY, NV",41.5346175,-117.4179047,11137442,710702477,Unverified
USGS-10333000,"HUMBOLDT RV NR IMLAY, NV",40.6924048,-118.204312,11153151,710916792,Unverified
USGS-10335000,"HUMBOLDT RV NR RYE PATCH, NV",40.4674063,-118.3076469,11157297,710938628,Unverified
USGS-10336698,"THIRD CK NR CRYSTAL BAY, NV",39.24046325,-119.9465774,8942877,710619266,Unverified
USGS-10336700,"INCLINE CK NR CRYSTAL BAY, NV",39.2401855,-119.9449106,8942879,710619266,Unverified
USGS-10336715,"MARLETTE CK NR CARSON CITY, NV",39.17213045,-119.907963,8942469,710684741,Unverified
USGS-10336730,"GLENBROOK CK AT GLENBROOK, NV",39.08740806,-119.9399057,8942501,710641098,Unverified
USGS-10347310,"DOG CK AT VERDI, NV",39.5243537,-119.9954782,8931976,710656947,Unverified
USGS-10347460,"TRUCKEE RV NR MOGUL, NV",39.50713218,-119.931864,8932132,710984308,Unverified
USGS-10347600,"HUNTER CK NR RENO, NV",39.4951111,-119.8945,8935766,710637110,Unverified
USGS-10348000,"TRUCKEE RV AT RENO, NV",39.53018865,-119.7954684,8932012,711000180,Unverified
USGS-10348036,"TRUCKEE RV AT GLENDALE AVE NR SPARKS, NV",39.5258333,-119.7766389,8932056,711000180,Unverified
USGS-10348200,"TRUCKEE RV NR SPARKS, NV",39.51761667,-119.7416444,8932654,711002164,Unverified
USGS-10348245,"N TRUCKEE DRAIN AT SPANISH SPRINGS RD NR SPARK, NV",39.56879988,-119.7265766,8931774,710797808,Unverified
USGS-10348295,"N TRUCKEE DRAIN NR BIG FISH DR NR SPARKS, NV",39.5315833,-119.7149722,8932072,710835507,Unverified
USGS-10348460,"FRANKTOWN CK NR CARSON CITY, NV",39.20227778,-119.8710833,8935432,710776001,Unverified
USGS-10348505,"FRANKTOWN CK AT OLD US 395 NR FRANKTOWN, NV",39.27406389,-119.8413528,8935398,710776001,Unverified
USGS-10348520,"OPHIR CK NR STEAMBOAT, NV",39.29082778,-119.8309167,8935386,,Unverified
USGS-10348550,"DAVIS CK AT DAVIS CK CMPGRD RD NR WASHOE CITY, NV",39.3034222,-119.8281667,8935372,710508159,Unverified
USGS-10348570,"WINTERS CK BLW US ALT 395 NR WASHOE CITY, NV",39.31238889,-119.8232083,8935372,710508159,Unverified
USGS-10348801,STEAMBOAT CK AT WASHOE LK DAM AT NEW WASHOE CITY,39.3298333,-119.8019167,8935348,710795840,Unverified
USGS-10348850,"GALENA CK AT GALENA CK STATE PARK, NV",39.35435414,-119.8585225,8935820,710545852,Unverified
USGS-10348995,"GALENA CK BLW GALENA CK BRDG AT PLEASANT VLY, NV",39.3490833,-119.7900556,8935294,710549820,Unverified
USGS-10349300,"STEAMBOAT CK AT STEAMBOAT, NV",39.3771333,-119.7436583,8935822,710851387,Unverified
USGS-10349700,"WHITES CK NR STEAMBOAT, NV",39.38527778,-119.8344444,8935246,710557755,Unverified
USGS-10349770,"WHITES CK AT OLD VIRGINIA RD NR RENO, NV",39.42413889,-119.7547778,8935152,710557755,Unverified
USGS-10349849,"STEAMBOAT CK AT SHORT LN AT RENO, NV",39.4657449,-119.7285199,8935004,710756152,Unverified
USGS-10349980,"STEAMBOAT CK AT CLEANWATER WAY NR RENO, NV",39.5129672,-119.712409,8932212,710883125,Unverified
USGS-10350000,"TRUCKEE RV AT VISTA, NV",39.5204672,-119.7010198,8932092,711010100,Unverified
USGS-10350340,"TRUCKEE RV NR TRACY, NV",39.55657878,-119.5532362,8931902,710948595,Unverified
USGS-10351300,"TRUCKEE CANAL NR WADSWORTH, NV",39.6126902,-119.2971146,8932612,710841455,Unverified
USGS-10351400,"TRUCKEE CANAL NR HAZEN, NV",39.5038035,-119.0451614,13067742,710537909,Unverified
USGS-10351600,"TRUCKEE RV BLW DERBY DAM NR WADSWORTH, NV",39.58463448,-119.4412872,8931712,710928752,Unverified
USGS-10351650,"TRUCKEE RV AT WADSWORTH, NV",39.63213447,-119.2832254,11313919,710968430,Unverified
USGS-10351700,"TRUCKEE RV NR NIXON, NV",39.7773722,-119.3375222,11314309,710944615,Unverified
USGS-10352500,"MCDERMITT CK NR MCDERMITT, NV",41.9665572,-117.831812,11849049,710511990,Unverified
USGS-103530001,QUINN RV BLW CONFL E FK S FK QUINN NR MC DERMITT,41.974,-117.5956944,11849007,710454455,Unverified
USGS-13105000,SALMON FALLS CREEK NR SAN JACINTO NV,41.9447222,-114.688611,23199724,720075305,Unverified
USGS-13161500,"BRUNEAU RV AT ROWLAND, NV",41.9332368,-115.6745268,23287111,720061420,Unverified
USGS-13162225,"JARBIDGE RV BLW JARBIDGE, NV",41.8904614,-115.4286816,23284453,720055472,Unverified
USGS-13174500,"OWYHEE RV NR GOLD CK, NV",41.68879428,-115.8448067,23320100,720039621,Unverified
USGS-13175100,"OWYHEE RV NR MOUNTAIN CITY, NV",41.8604583,-115.9892597,23319658,720077299,Unverified
USGS-362605114163001,"BEAR PAW POPPY SPRING OUTFLOW NR LAKE MEAD, NV",36.43478056,-114.275111,,,Unverified
USGS-362734114124201,"RED ROCK SPRINGS OUTFLOW NR LAKE MEAD, NV",36.45948889,-114.2117806,20678543,710194832,Unverified
USGS-01052500,"Diamond River near Wentworth Location, NH",44.8775,-71.0575,19334265,750120218,Unverified
USGS-01053500,"Androscoggin River at Errol, NH",44.7825,-71.1286111,19334535,750133837,Unverified
USGS-01053600,Androscoggin River below Bog Brook at Cambridge NH,44.6661111,-71.18138889,19334577,750125552,Unverified
USGS-01054000,"Androscoggin River near Gorham, NH",44.4358333,-71.19027778,19335265,750101286,Unverified
USGS-01054114,"Peabody River at Gorham, New Hampshire",44.38131944,-71.1706556,19335075,750087080,Unverified
USGS-010642505,"SACO RIVER AT RIVER STREET, AT BARTLETT, NH",44.08388889,-71.2855556,,750096560,Unverified
USGS-01064500,"Saco River near Conway, NH",43.9908333,-71.0905556,9316375,750124978,Unverified
USGS-01064801,"BEARCAMP RIVER AT SOUTH TAMWORTH, NH",43.83007396,-71.2878488,9315897,750108406,Unverified
USGS-01072800,"COCHECO RIVER NEAR ROCHESTER, NH",43.26841527,-70.9736739,5844728,750115525,Unverified
USGS-01072870,"ISINGLASS R AT ROCHESTER NECK RD, NR DOVER, NH",43.23480487,-70.9564507,5844802,750114934,Unverified
USGS-01073000,"OYSTER RIVER NEAR DURHAM, NH",43.1486955,-70.9650603,5845058,750100728,Unverified
USGS-01073319,"LAMPREY RIVER AT LANGFORD ROAD, AT RAYMOND, NH",43.04138889,-71.2016667,5848186,750100732,Unverified
USGS-01073500,"LAMPREY RIVER NEAR NEWMARKET, NH",43.10258558,-70.952559,5845142,750121450,Unverified
USGS-010735562,"EXETER RIVER AT ODELL ROAD, NEAR SANDOWN, NH",42.94897557,-71.16478279,,750091855,Unverified
USGS-01073587,"EXETER RIVER AT HAIGH ROAD, NEAR BRENTWOOD, NH",42.9845316,-71.038392,5850736,750114350,Unverified
USGS-01073785,"WINNICUT RIVER AT GREENLAND, NR PORTSMOUTH, NH",43.0358333,-70.8475,5845268,750105468,Unverified
USGS-01074520,"EAST BRANCH PEMIGEWASSET RIVER AT LINCOLN, NH",44.0475669,-71.6598029,6728911,750092416,Unverified
USGS-01075000,"PEMIGEWASSET RIVER AT WOODSTOCK, NH",43.9761792,-71.6795244,6731257,750117874,Unverified
USGS-01076000,"BAKER RIVER NEAR RUMNEY, NH",43.79562647,-71.8453594,6730287,750084727,Unverified
USGS-01076500,"PEMIGEWASSET RIVER AT PLYMOUTH, NH",43.7592388,-71.6856337,6731463,750094200,Unverified
USGS-01077400,"COCKERMOUTH RIVER BELOW HARDY BROOK, AT GROTON, NH",43.70388889,-71.8333333,6730525,750059274,Unverified
USGS-01078000,"SMITH RIVER NEAR BRISTOL, NH",43.56646307,-71.747857,6731199,750079405,Unverified
USGS-01081000,"WINNIPESAUKEE RIVER AT TILTON, NH",43.44174376,-71.5875752,6739752,750099537,Unverified
USGS-01081500,"MERRIMACK RIVER AT FRANKLIN JUNCTION, NH",43.42285456,-71.6528543,6741776,750101905,Unverified
USGS-01082000,"CONTOOCOOK RIVER AT PETERBOROUGH, NH",42.8625837,-71.95924609,6764084,750109025,Unverified
USGS-01085000,"CONTOOCOOK RIVER NEAR HENNIKER, NH",43.1520237,-71.85730149,6761358,750148089,Unverified
USGS-01085500,"CONTOOCOOK R BL HOPKINTON DAM AT W HOPKINTON, NH",43.1928569,-71.7472995,6762034,750130920,Unverified
USGS-01086000,"WARNER RIVER AT DAVISVILLE, NH",43.25091159,-71.7322996,6761776,750123222,Unverified
USGS-01087000,"BLACKWATER RIVER NEAR WEBSTER, NH",43.2970225,-71.6945212,6761086,750116115,Unverified
USGS-01089500,"SUNCOOK RIVER AT NORTH CHICHESTER, NH",43.25674759,-71.36951248,6740276,750128550,Unverified
USGS-01089925,"SUNCOOK RIVER AT NH 28, NEAR SUNCOOK, NH",43.15980438,-71.4059011,6741448,750122632,Unverified
USGS-01091000,"SOUTH BRANCH PISCATAQUOG RIVER NEAR GOFFSTOWN, NH",43.01480519,-71.64146129,6741162,750124413,Unverified
USGS-01091500,"PISCATAQUOG RIVER NEAR GOFFSTOWN, NH",43.01675,-71.5506252,6741094,750115532,Unverified
USGS-01092000,"MERRIMACK R NR GOFFS FALLS, BELOW MANCHESTER, NH",42.9481405,-71.4634002,6745688,750130926,Unverified
USGS-01093852,"SOUHEGAN RIVER (SITE WLR-1) NEAR MILFORD, NH",42.8425858,-71.7067399,6744326,750114945,Unverified
USGS-01094000,"SOUHEGAN RIVER AT MERRIMACK, NH",42.8575865,-71.5061785,6745410,750127376,Unverified
USGS-010965852,"BEAVER BROOK AT NORTH PELHAM, NH",42.78286636,-71.35367448,,750132706,Unverified
USGS-01100505,"SPICKET RIVER AT NORTH SALEM, NH",42.8492547,-71.2150607,6744330,750097776,Unverified
USGS-01100561,"SPICKET RIVER NEAR METHUEN, MA",42.7431456,-71.208393,6744772,750128563,Unverified
USGS-01129200,"CONNECTICUT R BELOW INDIAN STREAM NR PITTSBURG, NH",45.04032368,-71.4439704,4592169,750121398,Unverified
USGS-01129500,"CONNECTICUT RIVER AT NORTH STRATFORD, NH",44.74977166,-71.63120018,4593223,750130286,Unverified
USGS-01130000,"UPPER AMMONOOSUC RIVER NEAR GROVETON, NH",44.62505316,-71.4689721,4593015,750141537,Unverified
USGS-01131500,"CONNECTICUT RIVER NEAR DALTON, NH",44.4100591,-71.7206438,4594661,750113719,Unverified
USGS-01137500,"AMMONOOSUC RIVER AT BETHLEHEM JUNCTION, NH",44.2686741,-71.6303617,4594599,750085306,Unverified
USGS-01137940,"AMMONOOSUC RIVER BELOW LISBON DAM, AT LISBON, NH",44.2125,-71.9141667,,750087676,Unverified
USGS-01144500,"CONNECTICUT RIVER AT WEST LEBANON, NH",43.64618187,-72.3123134,9327870,750117883,Unverified
USGS-01152010,"SUGAR RIVER 0.2 MI BELOW NH 11, AT SUNAPEE, NH",43.3864634,-72.0911969,9329414,750086514,Unverified
USGS-01152500,"SUGAR RIVER AT WEST CLAREMONT, NH",43.38757327,-72.36203409,9329460,750091250,Unverified
USGS-01154500,"CONNECTICUT RIVER AT NORTH WALPOLE, NH",43.12618905,-72.4367549,9331546,750155785,Unverified
USGS-01154950,"COLD RIVER AT HIGH STREET, AT ALSTEAD, NH",43.14944444,-72.3616667,9331072,750131513,Unverified
USGS-01157000,"ASHUELOT RIVER NEAR GILSUM, NH",43.03924586,-72.2700858,6776779,750111979,Unverified
USGS-01158000,"ASHUELOT RIVER BELOW SURRY MT DAM, NEAR KEENE, NH",42.9948023,-72.31119719,6777935,750129740,Unverified
USGS-01158110,"ASHUELOT RIVER ABOVE THE BRANCH, AT KEENE, NH",42.9192478,-72.279252,6778033,750119678,Unverified
USGS-01160350,"ASHUELOT RIVER AT WEST SWANZEY, NH",42.87147076,-72.3281415,6778181,750127968,Unverified
USGS-01161000,"ASHUELOT RIVER AT HINSDALE, NH",42.78591586,-72.4861996,6778371,750147506,Unverified
USGS-01367715,Wallkill R at Scott Road at Franklin NJ,41.1333333,-74.5786111,6206816,750128607,Unverified
USGS-01377000,Hackensack River at Rivervale NJ,40.99916667,-73.9891667,6248392,750105522,Unverified
USGS-01377370,Pascack Brook at Park Ridge NJ,41.03666667,-74.0391667,6245972,750106113,Unverified
USGS-01377500,Pascack Brook at Westwood NJ,40.99277778,-74.0211111,6249408,750110259,Unverified
USGS-01378500,Hackensack River at New Milford NJ,40.9483333,-74.0266667,6249556,750129796,Unverified
USGS-01379000,Passaic River near Millington NJ,40.68,-74.52888889,6250860,750110859,Unverified
USGS-01379500,Passaic River near Chatham NJ,40.7261111,-74.3897222,6250836,750163546,Unverified
USGS-01379530,Canoe Brook near Summit NJ,40.74444444,-74.3536111,6250812,750081257,Unverified
USGS-01379700,Rockaway River at Berkshire Valley NJ,40.9308333,-74.5947222,,750094867,Unverified
USGS-01379773,Green Pond Brook at Picatinny Arsenal NJ,40.96,-74.5397222,6249510,750099604,Unverified
USGS-01379780,Green Pond Bk blw Picatinny Lk at Picatinny Ars NJ,40.94944444,-74.5572222,6249604,750099604,Unverified
USGS-01379845,Rockaway River at Warren Street at Dover NJ,40.8861111,-74.56,6249904,750141638,Unverified
USGS-01380100,Beaver Brook at Rockaway NJ,40.9022222,-74.50138889,,750145781,Unverified
USGS-01380450,Rockaway River at Main Street at Boonton NJ,40.9075,-74.4191667,6250646,750186037,Unverified
USGS-01381000,Rockaway River below Reservoir at Boonton NJ,40.89694444,-74.3947222,6249860,750186037,Unverified
USGS-01381400,Whippany River near Morristown NJ,40.8122222,-74.5119444,6250096,750070008,Unverified
USGS-01381500,Whippany River at Morristown NJ,40.8072222,-74.4569444,6250748,750107304,Unverified
USGS-01381800,Whippany River near Pine Brook NJ,40.845,-74.3472222,6249998,750140455,Unverified
USGS-01381900,Passaic River at Pine Brook NJ,40.8625,-74.3216667,6250690,750147559,Unverified
USGS-01382210,Pequannock River at Oak Ridge NJ,41.0397222,-74.5016667,6246352,750105521,Unverified
USGS-01382385,Pequannock River at Green Pond Junction NJ,41.0247222,-74.4083333,6246084,750100786,Unverified
USGS-01382500,Pequannock River at Macopin Intake Dam NJ,41.0183333,-74.4011111,6246362,750100786,Unverified
USGS-01382800,Pequannock River at Riverdale NJ,40.9986111,-74.2980556,6249402,750103154,Unverified
USGS-01383500,Wanaque River at Awosting NJ,41.16027778,-74.3336111,6246368,750111438,Unverified
USGS-01384500,Ringwood Creek near Wanaque NJ,41.1272222,-74.2658333,6246312,750096638,Unverified
USGS-01386000,West Brook near Wanaque NJ,41.0736111,-74.3116667,6246332,750091313,Unverified
USGS-01387000,Wanaque River at Wanaque NJ,41.04416667,-74.2930556,932030153,750124465,Unverified
USGS-01387500,Ramapo River near Mahwah NJ,41.09805556,-74.16277778,6246322,750141040,Unverified
USGS-01387905,Ramapo River at West Oakland Avenue at Oakland NJ,41.0275,-74.25,6246098,750119138,Unverified
USGS-01388000,Ramapo River at Pompton Lakes NJ,40.99194444,-74.28,6250614,750128611,Unverified
USGS-01388500,Pompton River at Pompton Plains NJ,40.9697222,-74.2819444,6249470,750129203,Unverified
USGS-01389010,Passaic River at I-80 at Singac NJ,40.89444444,-74.2661111,6251122,750191957,Unverified
USGS-01389500,Passaic River at Little Falls NJ,40.8847222,-74.2261111,6250676,750165910,Unverified
USGS-01389550,Peckman River at Little Falls NJ,40.87194444,-74.2222222,6249966,,Unverified
USGS-01389890,Passaic River at Dundee Dam at Clifton NJ,40.8858333,-74.1283333,6251098,750194917,Unverified
USGS-01390450,Saddle River at Upper Saddle River NJ,41.0586111,-74.0955556,6245850,750093089,Unverified
USGS-01390500,Saddle River at Ridgewood NJ,40.985,-74.0905556,6250616,750093089,Unverified
USGS-01391000,Hohokus Brook at Ho-Ho-Kus NJ,40.99777778,-74.1119444,6250612,750074146,Unverified
USGS-01391102,Saddle River below Hohokus Brook at Paramus NJ,40.95527778,-74.0997222,6249688,750093089,Unverified
USGS-01391500,Saddle River at Lodi NJ,40.89027778,-74.0805556,6250666,750172421,Unverified
USGS-01392500,Second River at Belleville NJ,40.78805556,-74.1716667,6250768,750149928,Unverified
USGS-01393450,Elizabeth River at Ursino Lake at Elizabeth NJ,40.675,-74.2219444,6261532,750121515,Unverified
USGS-01394500,Rahway River near Springfield NJ,40.6875,-74.3116667,6261526,750132170,Unverified
USGS-01395000,Rahway River at Rahway NJ,40.61888889,-74.2833333,6261548,750120924,Unverified
USGS-01396000,Robinsons Branch at Rahway NJ,40.6058333,-74.2997222,,750080077,Unverified
USGS-01396001,Robinsons Branch at Maple Ave at Rahway NJ,40.6072222,-74.2941667,,750080077,Unverified
USGS-01396190,South Branch Raritan River at Four Bridges NJ,40.8061111,-74.7405556,,750117960,Unverified
USGS-01396500,South Branch Raritan River near High Bridge NJ,40.67777778,-74.8791667,9513810,750144602,Unverified
USGS-01396582,Spruce Run at Main Street at Glen Gardner NJ,40.69138889,-74.9369444,9513784,750110267,Unverified
USGS-01396660,Mulhockaway Creek at Van Syckel NJ,40.6475,-74.96888889,9512952,750081260,Unverified
USGS-01396800,Spruce Run at Clinton NJ,40.64,-74.9155556,9513994,750109676,Unverified
USGS-01397000,South Branch Raritan River at Stanton NJ,40.5722222,-74.8680556,9513836,750115597,Unverified
USGS-01398000,Neshanic River at Reaville NJ,40.4733333,-74.82777778,9515526,750084817,Unverified
USGS-01398107,Holland Brook at Readington NJ,40.5583333,-74.73,,,Unverified
USGS-01398500,North Branch Raritan River near Far Hills NJ,40.7083333,-74.6361111,9513796,750125657,Unverified
USGS-01399100,Middle Brook at Burnt Mills NJ,40.64944444,-74.6816667,9512948,750140460,Unverified
USGS-01399190,Lamington (Black) River at Succasunna NJ,40.85055556,-74.6341667,,750102566,Unverified
USGS-01399200,Lamington (Black) River near Ironia NJ,40.83527778,-74.6441667,,750102566,Unverified
USGS-01399500,Lamington (Black) River near Pottersville NJ,40.7275,-74.73027778,9513794,750133353,Unverified
USGS-01399670,South B Rockaway Creek at Whitehouse Station NJ,40.61944444,-74.7736111,9513068,750092508,Unverified
USGS-01400000,North Branch Raritan River near Raritan NJ,40.57055556,-74.6791667,9513840,750119742,Unverified
USGS-01400500,Raritan River at Manville NJ,40.55555556,-74.58277778,9513852,750123294,Unverified
USGS-01401000,Stony Brook at Princeton NJ,40.33305556,-74.6819444,9515592,750090148,Unverified
USGS-01401301,Millstone River at Carnegie Lake at Princeton NJ,40.3697222,-74.6205556,,750105540,Unverified
USGS-01401650,Pike Run at Belle Mead NJ,40.46805556,-74.64888889,9514754,750052257,Unverified
USGS-01402000,Millstone River at Blackwells Mills NJ,40.475,-74.5758333,9514706,750103761,Unverified
USGS-01402630,Royce Brook at Hamilton Road near Manville NJ,40.5061111,-74.6230556,9513660,750067648,Unverified
USGS-01403060,Raritan River below Calco Dam at Bound Brook NJ,40.5511111,-74.5483333,9513464,750128623,Unverified
USGS-01403150,West Branch Middle Brook near Martinsville NJ,40.6122222,-74.5908333,9513122,,Unverified
USGS-01403400,Green Brook at Seeley Mills NJ,40.6661111,-74.40388889,9512912,750084220,Unverified
USGS-01403500,Green Brook at Plainfield NJ,40.615,-74.4316667,,,Unverified
USGS-01403535,East Br Stony Brook at Best Lake at Watchung NJ,40.64,-74.44777778,,750093100,Unverified
USGS-01403540,Stony Brook at Watchung NJ,40.63638889,-74.45138889,9513054,750093100,Unverified
USGS-01403900,Bound Brook at Middlesex NJ,40.585,-74.50777778,9513328,750096654,Unverified
USGS-01405030,Lawrence Brook at Westons Mills NJ,40.48305556,-74.41277778,9514662,750092513,Unverified
USGS-01405400,Manalapan Brook at Spotswood NJ,40.38944444,-74.3905556,9515956,750106723,Unverified
USGS-01406050,Deep Run at Old Bridge NJ,40.415,-74.34888889,9515546,750087187,Unverified
USGS-01407290,Big Brook near Marlboro NJ,40.3197222,-74.2141667,6262800,,Unverified
USGS-01407500,Swimming River near Red Bank NJ,40.3197222,-74.1155556,6263222,,Unverified
USGS-01407705,Shark River near Neptune City NJ,40.1986111,-74.07,6262928,,Unverified
USGS-01407760,Jumping Brook near Neptune City NJ,40.2033333,-74.0658333,6262926,,Unverified
USGS-01408000,Manasquan River at Squankum NJ,40.16138889,-74.1547222,9442083,750103177,Unverified
USGS-01408029,Manasquan River near Allenwood NJ,40.14666667,-74.1222222,9441199,750107321,Unverified
USGS-01408120,North Branch Metedeconk River near Lakewood NJ,40.09166667,-74.1525,9442143,750110283,Unverified
USGS-01408150,South Branch Metedeconk River near Lakewood NJ,40.0858333,-74.1855556,,750088379,Unverified
USGS-01408500,Toms River near Toms River NJ,39.98638889,-74.2233333,9453743,750114430,Unverified
USGS-01408900,Cedar Creek at Western Blvd near Lanoka Harbor NJ,39.87916667,-74.1905556,9453855,750115025,Unverified
USGS-01409280,Westecunk Creek at Stafford Forge NJ,39.66666667,-74.32027778,9454601,,Unverified
USGS-01409400,Mullica River near Batsto NJ,39.67444444,-74.665,9447943,,Unverified
USGS-01409810,West Branch Wading River near Jenkins NJ,39.68805556,-74.5480556,9454449,750102006,Unverified
USGS-01410000,Oswego River at Harrisville NJ,39.66394444,-74.5234444,9455279,750091350,Unverified
USGS-01410150,East Branch Bass River near New Gretna NJ,39.62305556,-74.44138889,9454631,750090168,Unverified
USGS-01410784,Great Egg Harbor R near Sicklerville NJ,39.7336111,-74.9511111,9433571,750083061,Unverified
USGS-01410820,Great Egg Harbor River near Blue Anchor NJ,39.66916667,-74.9133333,9433603,750115030,Unverified
USGS-01411000,Great Egg Harbor River at Folsom NJ,39.5947222,-74.8516667,9434145,750125096,Unverified
USGS-01411300,Tuckahoe River at Head of River NJ,39.30694444,-74.8205556,9436435,750099056,Unverified
USGS-01411500,Maurice River at Norma NJ,39.49555556,-75.0769444,9485398,750119771,Unverified
USGS-01412000,Menantico Creek near Millville NJ,39.41916667,-74.9658333,9483432,750085436,Unverified
USGS-01412080,Manumuskin River at Cumberland NJ,39.37305556,-74.9447222,9483444,750094910,Unverified
USGS-01412800,Cohansey River at Seeley NJ,39.4725,-75.2555556,9484462,750093131,Unverified
USGS-01440000,Flat Brook near Flatbrookville NJ,41.1061111,-74.9525,4151302,750131566,Unverified
USGS-01440200,Delaware River near Delaware Water Gap Pa,41.0133333,-75.0861111,,750133939,Unverified
USGS-01443280,East Branch Paulins Kill near Lafayette NJ,41.07638889,-74.69527778,2583309,750120321,Unverified
USGS-01443500,Paulins Kill at Blairstown NJ,40.9808333,-74.9533333,2586771,750119731,Unverified
USGS-01443900,Yards Creek near Blairstown NJ,40.98055556,-75.0391667,2587723,,Unverified
USGS-01445000,Pequest River at Huntsville NJ,40.9808333,-74.77638889,2586769,,Unverified
USGS-01445500,Pequest River at Pequest NJ,40.83055556,-74.97777778,2586809,750138679,Unverified
USGS-01446000,Beaver Brook near Belvidere NJ,40.8433333,-75.04638889,2588225,750132759,Unverified
USGS-01446500,Delaware River at Belvidere NJ,40.82638889,-75.0825,2588381,750160583,Unverified
USGS-01455290,Pohatcong Crk at Creek Rd nr Carpentersville NJ,40.6354722,-75.16863889,2588067,750125660,Unverified
USGS-01455500,Musconetcong River at outlet of Lake Hopatcong NJ,40.9172222,-74.6655556,2586785,750099012,Unverified
USGS-01457000,Musconetcong River near Bloomsbury NJ,40.6722222,-75.0608333,2588261,750148747,Unverified
USGS-01457500,Delaware River at Riegelsville NJ,40.5947222,-75.1897222,2588479,750138685,Unverified
USGS-01460378,D&R Ca feeder US of gate at Washington Crossing NJ,40.29638889,-74.8666667,2590249,750116789,Unverified
USGS-01460440,Delaware and Raritan Canal at Port Mercer NJ,40.30444444,-74.685,9515176,750090148,Unverified
USGS-01460500,Delaware and Raritan Canal at Kingston NJ,40.3736111,-74.6183333,,750106132,Unverified
USGS-01460860,Lockatong Creek at Route 12 at Baptistown NJ,40.51694444,-74.9916667,2586685,750065279,Unverified
USGS-01463500,Delaware River at Trenton NJ,40.22166667,-74.7780556,2590277,750114423,Unverified
USGS-01463620,Assunpink Creek near Clarksville NJ,40.2697222,-74.6719444,2590117,750105542,Unverified
USGS-01463740,Shabakunk C at Sylva Lake Dam at Ewingville NJ,40.2711111,-74.7733333,2590243,750078311,Unverified
USGS-01464000,Assunpink Creek at Trenton NJ,40.22416667,-74.7491667,2590137,750093703,Unverified
USGS-01464290,Crosswicks Ck at Hockamik Rd near Cookstown NJ,40.0361111,-74.5361111,4481663,750083053,Unverified
USGS-01464500,Crosswicks Creek at Extonville NJ,40.1372222,-74.6,4481607,750106730,Unverified
USGS-01465850,South Branch Rancocas Creek at Vincentown NJ,39.94,-74.7630556,4492122,,Unverified
USGS-0146587310,Haynes C at Tuckerton Rd at Lake Pine NJ,39.8677222,-74.84175,,750105553,Unverified
USGS-01465880,Southwest Branch Rancocas Creek at Medford NJ,39.89527778,-74.8236111,,750121536,Unverified
USGS-01466500,McDonalds Branch in Byrne State Forest NJ,39.885,-74.50527778,4492036,750091936,Unverified
USGS-01466900,Greenwood Branch at New Lisbon NJ,39.9561111,-74.62777778,4491946,750094895,Unverified
USGS-01467000,North Branch Rancocas Creek at Pemberton NJ,39.97,-74.6844444,4491898,750096079,Unverified
USGS-01467024,Rancocas Creek at Bridgeboro NJ,40.02916667,-74.9316667,4499344,750135149,Unverified
USGS-01467081,South Branch Pennsauken Creek at Cherry Hill NJ,39.94166667,-75.0011111,4495672,,Unverified
USGS-01467150,Cooper River at Haddonfield NJ,39.90305556,-75.02138889,4494690,750088385,Unverified
USGS-01475001,Mantua Creek at East Holly Avenue at Pitman NJ,39.73888889,-75.1144444,4495272,750084836,Unverified
USGS-01477070,Raccoon Creek at Wrights Mill NJ,39.6861111,-75.1844444,4495376,750080693,Unverified
USGS-01477120,Raccoon Creek near Swedesboro NJ,39.74055556,-75.2591667,4495818,750081285,Unverified
USGS-01482500,Salem River at Woodstown NJ,39.64388889,-75.33027778,9480708,750085431,Unverified
USGS-07202500,"EAGLE TAIL DITCH NR MAXWELL, NM",36.64864167,-104.5591556,20065521,760568491,Unverified
USGS-07203000,"VERMEJO RIVER NEAR DAWSON, NM",36.68102778,-104.7863944,20066137,760630058,Unverified
USGS-07206000,"CIMARRON RIVER BELOW EAGLE NEST DAM, NM",36.532125,-105.2281444,20058478,760536886,Unverified
USGS-07207000,"CIMARRON RIVER NEAR CIMARRON, NM",36.5198333,-104.9786111,20059116,760610103,Unverified
USGS-07207500,"PONIL CREEK NEAR CIMARRON, NM",36.57369444,-104.9468056,20058852,760536882,Unverified
USGS-07208500,"RAYADO CREEK NEAR CIMARRON, NM",36.37234444,-104.9692889,20060156,760563522,Unverified
USGS-07211500,"CANADIAN RIVER NEAR TAYLOR SPRINGS, NM",36.29756944,-104.4954722,20050371,760611784,Unverified
USGS-07214470,"SIERRA DITCH NEAR CHACON, NM",36.1833333,-105.4063889,17864774,770041678,Unverified
USGS-07214670,"CANONCITO DITCH NEAR HOLMAN, NM",36.05002778,-105.4575,17864974,,Unverified
USGS-07214680,"LA SIERRA DITCH NEAR HOLMAN, NM",36.05026667,-105.454575,17864974,,Unverified
USGS-07215500,"MORA RIVER AT LA CUEVA, NM",35.94511667,-105.2557333,20044776,760573539,Unverified
USGS-07216500,"MORA RIVER NEAR GOLONDRINAS, NM",35.8908722,-105.1636194,20044782,760518632,Unverified
USGS-07218000,"COYOTE CREEK NEAR GOLONDRINAS, NM",35.9165222,-105.1640833,20044492,760613476,Unverified
USGS-07221500,"CANADIAN RIVER NEAR SANCHEZ, NM",35.6548333,-104.3786111,20052023,760645112,Unverified
USGS-07222500,"CONCHAS RIVER AT VARIADERO, NM",35.40282567,-104.4435938,20039884,760540302,Unverified
USGS-07226500,"UTE CREEK NEAR LOGAN, NM",35.43852778,-103.5257944,20026105,760613513,Unverified
USGS-07227000,"CANADIAN RIVER AT LOGAN, NM",35.35,-103.3997222,20031587,760581904,Unverified
USGS-07227100,"REVUELTO CREEK NEAR LOGAN, NM",35.3443861,-103.3896056,20017399,760555283,Unverified
USGS-08252500,"COSTILLA CREEK ABOVE COSTILLA DAM, NM",36.8983611,-105.2546667,17863228,770046853,Unverified
USGS-08253000,"CASIAS CREEK NEAR COSTILLA, NM",36.89685556,-105.2604583,17863226,770046854,Unverified
USGS-08253500,"SANTISTEVAN CREEK NEAR COSTILLA, NM",36.88416667,-105.2811111,17863236,,Unverified
USGS-08254000,"COSTILLA CREEK BELOW COSTILLA DAM, NM",36.87280556,-105.2836667,17861934,770053094,Unverified
USGS-08255500,"COSTILLA CREEK NEAR COSTILLA, NM",36.9668611,-105.5071111,17863212,770043732,Unverified
USGS-08261000,"COSTILLA CREEK NEAR GARCIA, CO",36.98902778,-105.5324583,17863208,,Unverified
USGS-08263500,"RIO GRANDE NEAR CERRO, NM",36.74001667,-105.6834417,17863292,770067659,Unverified
USGS-08265000,"RED RIVER NEAR QUESTA, NM",36.7033111,-105.5684306,17862454,770059341,Unverified
USGS-08266820,"RED RIVER BELOW FISH HATCHERY, NEAR QUESTA, NM",36.68283889,-105.6541222,17862548,770071821,Unverified
USGS-08267500,"RIO HONDO NEAR VALDEZ, NM",36.5417972,-105.5565222,17863440,770044785,Unverified
USGS-08269000,"RIO PUEBLO DE TAOS NEAR TAOS, NM",36.44126944,-105.51065,17864362,770057270,Unverified
USGS-08271000,"RIO LUCERO NEAR ARROYO SECO, NM",36.50828889,-105.5309639,17863078,770029187,Unverified
USGS-08275500,"RIO GRANDE DEL RANCHO NEAR TALPA, NM",36.29946944,-105.5826,17865290,770052075,Unverified
USGS-08276300,"RIO PUEBLO DE TAOS BELOW LOS CORDOVAS, NM",36.3793333,-105.6678333,17864480,770049992,Unverified
USGS-08276500,"RIO GRANDE BLW TAOS JUNCTION BRIDGE NEAR TAOS, NM",36.3200333,-105.7544444,17864594,770052074,Unverified
USGS-08277470,"RIO PUEBLO NR PENASCO, NM",36.16846667,-105.6027889,17864778,770059359,Unverified
USGS-08279000,"EMBUDO CREEK AT DIXON, NM",36.21085556,-105.9136306,17865320,770069758,Unverified
USGS-08279500,"RIO GRANDE AT EMBUDO, NM",36.20555556,-105.9639722,17864756,770080158,Unverified
USGS-08281400,"RIO CHAMA ABOVE CHAMA, NM",36.93495625,-106.5552122,17844466,770036452,Unverified
USGS-08282300,"RIO BRAZOS AT FISHTAIL ROAD NR TIERRA AMARILLA, NM",36.7379333,-106.4707722,17843682,770060379,Unverified
USGS-08284100,"RIO CHAMA NEAR LA PUENTE, NM",36.6626583,-106.6333667,165886202,770052062,Unverified
USGS-08285500,"RIO CHAMA BELOW EL VADO DAM, NM",36.5803833,-106.7247667,17844046,770054145,Unverified
USGS-08286500,"RIO CHAMA ABOVE ABIQUIU RESERVOIR, NM",36.3188222,-106.5995306,17846526,770049994,Unverified
USGS-08287000,"RIO CHAMA BELOW ABIQUIU DAM, NM",36.2372222,-106.4174167,17846986,770058317,Unverified
USGS-08289000,"RIO OJO CALIENTE AT LA MADERA, NM",36.34974167,-106.0441861,17846406,770044793,Unverified
USGS-08290000,"RIO CHAMA NEAR CHAMITA, NM",36.07355556,-106.1116944,17848906,770056242,Unverified
USGS-08291000,"SANTA CRUZ RIVER NEAR CUNDIYO, NM",35.9647222,-105.9047222,17866714,770064566,Unverified
USGS-08294195,"RIO NAMBE ABOVE NAMBE FALLS DAM NEAR NAMBE, NM",35.85005556,-105.8944444,17866812,770039610,Unverified
USGS-08294210,"RIO NAMBE BELOW NAMBE FALLS DAM NEAR NAMBE, NM",35.8461111,-105.9097222,17866820,770039610,Unverified
USGS-08302500,"TESUQUE CREEK ABOVE DIVERSIONS NEAR SANTA FE, NM",35.73955556,-105.9049528,17866900,770062494,Unverified
USGS-08308050,"RIO TESUQUE BELOW DIVERSIONS NEAR SANTA FE, NM",35.77151667,-105.9412,17866890,770062493,Unverified
USGS-08313000,"RIO GRANDE AT OTOWI BRIDGE, NM",35.8745,-106.1424444,17865930,770092649,Unverified
USGS-08313350,"RITO DE LOS FRIJOLES IN BANDELIER NAT MON, NM",35.77638889,-106.2683333,,770052092,Unverified
USGS-08313500,"COCHITI EAST SIDE MAIN CANAL AT COCHITI, NM",35.617,-106.3241667,17834678,770104098,Unverified
USGS-08314000,"SILE MAIN CANAL (AT HEAD) AT COCHITI, NM",35.6195,-106.3246944,17834678,770104098,Unverified
USGS-08315480,"SANTA FE RIVER ABOVE MCCLURE RES, NR SANTA FE, NM",35.68891667,-105.8228333,17835114,770055214,Unverified
USGS-08316000,"SANTA FE RIVER NEAR SANTA FE, NM",35.68644444,-105.8436111,17835116,770073936,Unverified
USGS-08317200,"SANTA FE RIVER ABOVE COCHITI LAKE, NM",35.5472222,-106.2288889,17834098,770130101,Unverified
USGS-08317400,"RIO GRANDE BELOW COCHITI DAM, NM",35.618,-106.3239444,17834678,770104098,Unverified
USGS-08317950,"GALISTEO CREEK BELOW GALISTEO DAM, NM",35.46465278,-106.2133889,17835524,770113464,Unverified
USGS-08319000,"RIO GRANDE AT SAN FELIPE, NM",35.4445833,-106.4398333,17836174,770133224,Unverified
USGS-08324000,"JEMEZ RIVER NEAR JEMEZ, NM",35.6619833,-106.7434389,17826714,770092656,Unverified
USGS-08328950,"JEMEZ RIVER OUTLET BELOW JEMEZ CANYON DAM, NM",35.39475884,-106.545305,17828666,770169626,Unverified
USGS-08329000,"JEMEZ RIVER BELOW JEMEZ CANYON DAM, NM",35.39041667,-106.5346111,,770170666,Unverified
USGS-08329700,"CAMPUS WASH AT ALBUQUERQUE, NM",35.09388889,-106.6236111,17806412,770109316,Unverified
USGS-08329720,"EMBUDO ARROYO AT ALBUQUERQUE, NM",35.1022222,-106.4925,17806814,770034436,Unverified
USGS-08329835,"N. FLOODWAY CHANNEL AT ALBUQUERQUE, NM",35.1175,-106.6116667,17806324,770095796,Unverified
USGS-08329840,"HAHN ARROYO IN ALBUQUERQUE, NM",35.12587778,-106.5903028,17806310,770126995,Unverified
USGS-08329870,"BEAR ARROYO AT JEFFERSON ST AT ALBQ, NM",35.1508333,-106.5977778,17806268,770122835,Unverified
USGS-08329884,NORTH PINO ARROYO OUTFALL,35.16744444,-106.605,,770118674,Unverified
USGS-08329900,"NORTH FLOODWAY CHANNEL NEAR ALAMEDA, NM",35.19805556,-106.5997222,17806166,770116593,Unverified
USGS-08329918,"RIO GRANDE AT ALAMEDA BRIDGE AT ALAMEDA, NM",35.1977222,-106.6427778,17806172,770113473,Unverified
USGS-08329928,"RIO GRANDE NR ALAMEDA, NM",35.182,-106.6519444,17806852,770138433,Unverified
USGS-083299377,SAN ANTONIO ARROYO AT RIO GRANDE CONFLUENCE IN ABQ,35.13638889,-106.6897222,,770119715,Unverified
USGS-08330000,"RIO GRANDE AT ALBUQUERQUE, NM",35.08916667,-106.6806944,17819068,770150916,Unverified
USGS-08330200,"SAN JOSE DRAIN AT WOODWARD RD AT ALBQ., NM",35.04888889,-106.6486111,17806486,,Unverified
USGS-08330492,"TIJERAS ARROYO AT COYOTE SPRINGS RD NR CARNUEL, NM",35.0599861,-106.4445722,17806406,770140517,Unverified
USGS-08330600,"TIJERAS ARROYO NR ALBUQUERQUE, NM",35.00194444,-106.6575,17806548,770116599,Unverified
USGS-08330775,"SOUTH DIV CHANNEL ABV TIJERAS ARROYO NR ALBQ., NM",35.00277778,-106.6572222,17806548,770029238,Unverified
USGS-08330830,"RIO GRANDE AT VALLE DE ORO, NM",34.9833333,-106.6865556,17808622,770139479,Unverified
USGS-08330875,"RIO GRANDE AT ISLETA LAKES NR ISLETA, NM",34.94666667,-106.6802778,17808622,770139479,Unverified
USGS-08331160,"RIO GRANDE NEAR BOSQUE FARMS, NM",34.87055556,-106.72,943020262,770183164,Unverified
USGS-08331510,"RIO GRANDE AT STATE HWY 346 NEAR BOSQUE, NM",34.545,-106.7630556,24796186,770220615,Unverified
USGS-08332010,"RIO GRANDE FLOODWAY NEAR BERNARDO, NM",34.41701204,-106.8005832,17811950,770251817,Unverified
USGS-08343500,"RIO SAN JOSE AT ACOMA PUEBLO, NM",35.0744111,-107.7511139,17773345,770159237,Unverified
USGS-08353000,"RIO PUERCO NEAR BERNARDO, NM",34.41027778,-106.8544444,943020235,770247660,Unverified
USGS-08354900,"RIO GRANDE FLOODWAY AT SAN ACACIA, NM",34.25638889,-106.8908333,17811742,770238305,Unverified
USGS-08355050,"RIO GRANDE AT BRIDGE NEAR ESCONDIDA, NM",34.1208333,-106.8869444,17810814,770238310,Unverified
USGS-08355490,"RIO GRANDE ABOVE US HWY 380 NR SAN ANTONIO, NM",33.92666667,-106.8511667,943020292,770303837,Unverified
USGS-08357050,"ELMENDORF WASTE DITCH TO LFCC NR SAN ANTONIO, NM",33.8637333,-106.85505,943020296,,Unverified
USGS-08358300,"RIO GRANDE CONVEYANCE CHANNEL AT SAN MARCIAL, NM",33.68766667,-106.9926111,17813222,770282005,Unverified
USGS-08358400,"RIO GRANDE FLOODWAY AT SAN MARCIAL, NM",33.6790833,-106.997,17813236,770297605,Unverified
USGS-08359500,"RIO GRANDE AT NARROWS IN ELEPHANT BUTTE RES., NM",33.38618184,-107.1630872,17727284,770453616,Unverified
USGS-08361000,"RIO GRANDE BELOW ELEPHANT BUTTE DAM, NM",33.1485111,-107.2067833,3222059,770465064,Unverified
USGS-08377900,"RIO MORA NEAR TERRERO, NM",35.77711389,-105.6580278,20815146,770067692,Unverified
USGS-08378500,"PECOS RIVER NEAR PECOS, NM",35.70835,-105.6827028,20815180,770080174,Unverified
USGS-08379500,"PECOS RIVER NEAR ANTON CHICO, NM",35.17866944,-105.1088028,20816582,770130113,Unverified
USGS-08380500,"GALLINAS CREEK NEAR MONTEZUMA, NM",35.65199444,-105.3188306,20815196,770090577,Unverified
USGS-08382000,"GALLINAS RIVER NEAR LOURDES, NM",35.46890278,-105.1614417,20815744,770110343,Unverified
USGS-08382500,"GALLINAS R NR COLONIAS, NM",35.1819611,-104.9002667,20817726,770139472,Unverified
USGS-08382600,"PECOS R ABV CANON DEL UTA NR COLONIAS, NM",35.09138889,-104.8005556,20817526,770147796,Unverified
USGS-08382650,"PECOS RIVER ABOVE SANTA ROSA LAKE, NM",35.05944444,-104.7611111,20817728,770168597,Unverified
USGS-08382830,"PECOS RIVER BELOW SANTA ROSA DAM, NM",35.02416667,-104.6888889,20817606,770152998,Unverified
USGS-08383500,"PECOS RIVER NEAR PUERTO DE LUNA, NM",34.7300833,-104.5249111,20818412,770186288,Unverified
USGS-08384500,"PECOS RIVER BELOW SUMNER DAM, NM",34.60405556,-104.3879167,20800875,770233093,Unverified
USGS-08385000,"FORT SUMNER MAIN CANAL NEAR FORT SUMNER, NM",34.50827778,-104.2783611,20800743,770248697,Unverified
USGS-08385503,"SAND GATE DIV FROM FT SUMNER CANAL AT FT SUMNER,NM",34.4758333,-104.2583333,20802263,770207097,Unverified
USGS-08385522,"PECOS RIVER BELOW TAIBAN CREEK NEAR FORT SUMNER,NM",34.3322222,-104.1811111,20803573,770223743,Unverified
USGS-08385630,"PECOS RIVER NEAR DUNLAP, NM",34.0633333,-104.3066667,20803203,770280952,Unverified
USGS-08386000,"PECOS RIVER NEAR ACME, NM",33.57185556,-104.3736028,20779302,770353769,Unverified
USGS-08386505,"RIO RUIDOSO AT RUIDOSO, NM",33.33653056,-105.7263083,20772466,770284097,Unverified
USGS-08387000,"RIO RUIDOSO AT HOLLYWOOD, NM",33.32669167,-105.6253333,20772542,770314258,Unverified
USGS-08387550,"NORTH FORK EAGLE CREEK NEAR ALTO, NM",33.4095472,-105.7407639,20773110,770294495,Unverified
USGS-08387575,"SOUTH FORK EAGLE CREEK NEAR ALTO, NM",33.3924083,-105.7246806,20773110,770294495,Unverified
USGS-08387600,"EAGLE CREEK BELOW SOUTH FORK NEAR ALTO, NM",33.39285278,-105.7233444,20773110,770294495,Unverified
USGS-08389055,"RIO BONITO NEAR LINCOLN, NM",33.52133,-105.4705567,20770984,770334011,Unverified
USGS-08390500,"RIO HONDO AT DIAMOND A RANCH NR ROSWELL, NM",33.34916667,-104.8516667,20774462,770450497,Unverified
USGS-08390800,"RIO HONDO BLW DIAMOND A DAM NR ROSWELL, NM",33.29986944,-104.721675,20774512,770428659,Unverified
USGS-08393300,"ROCKY ARROYO BLW ROCKY DAM, NM",33.26621246,-104.7021947,20774496,770081300,Unverified
USGS-08393610,"RIO HONDO NEAR ROSWELL, NM",33.408775,-104.4717167,20773700,770410975,Unverified
USGS-08394500,"RIO FELIX AT OLD HWY BRD NR HAGERMAN, NM",33.1251075,-104.3449634,20766191,770421385,Unverified
USGS-08395500,"PECOS RIVER NEAR LAKE ARTHUR, NM",32.98863056,-104.3239556,20783756,770454669,Unverified
USGS-08396500,"PECOS RIVER NEAR ARTESIA, NM",32.8408611,-104.3238333,20784350,770483794,Unverified
USGS-08397600,"RIO PENASCO NEAR DUNKEN, NM",32.88152778,-105.1780556,22421196,770435953,Unverified
USGS-08397620,"RIO PENASCO NEAR HOPE, NM",32.8367722,-105.0694222,22421466,770426595,Unverified
USGS-08398500,"RIO PENASCO AT DAYTON, NM",32.7434472,-104.4141306,22423332,770449478,Unverified
USGS-08399500,"PECOS RIVER (KAISER CHANNEL) NEAR LAKEWOOD, NM",32.689375,-104.2992194,22454933,770512919,Unverified
USGS-08400000,"FOURMILE DRAW NR LAKEWOOD, NM",32.67268889,-104.3689694,22455973,770490040,Unverified
USGS-08401200,"SOUTH SEVEN RIVERS NR LAKEWOOD, NM",32.5886111,-104.4213889,22455359,770482763,Unverified
USGS-08401500,"PECOS RIVER BELOW BRANTLEY DAM NEAR CARLSBAD, NM",32.54318889,-104.3711,22455533,770568045,Unverified
USGS-08401900,"ROCKY ARROYO AT HWY BRD NR CARLSBAD, NM",32.50608056,-104.3749889,22455729,770496287,Unverified
USGS-08402000,"PECOS R AT DAMSITE 3 NR CARLSBAD, NM",32.51122778,-104.3332889,22455677,770551406,Unverified
USGS-08403500,"CARLSBAD MAIN CANAL AT HEAD NEAR CARLSBAD, NM",32.49039444,-104.2527278,22457393,770557646,Unverified
USGS-08404000,"PECOS RIVER BELOW AVALON DAM, NM",32.48085556,-104.2629806,22457393,770557646,Unverified
USGS-08405105,"DARK CANYON DRAW NEAR WHITES CITY, NM",32.29043056,-104.3491667,22458323,770550374,Unverified
USGS-08405150,"DARK CANYON AT CARLSBAD, NM",32.40333333,-104.2294444,22457719,770541010,Unverified
USGS-08405200,"PECOS RIVER BELOW DARK CANYON AT CARLSBAD, NM",32.409275,-104.2149722,22457637,770557650,Unverified
USGS-08405350,"BLACK RIVER BELOW BLUE SPRINGS NR WHITES CITY, NM",32.1818722,-104.2588944,22458799,770531658,Unverified
USGS-08405400,"BLACK RIVER AT HARKEY CROSSING NR MALAGA, NM",32.2359472,-104.1966472,22458531,770543096,Unverified
USGS-08405450,"BLUE SPRINGS ABOVE DIVERSIONS NR WHITES CITY, NM",32.18458889,-104.2844972,22458801,,Unverified
USGS-08405500,"BLACK RIVER ABOVE MALAGA, NM",32.22908889,-104.1518528,22458537,770552456,Unverified
USGS-08406000,"BLACK RIVER AT MALAGA, NM",32.24086667,-104.0646861,22458517,770554536,Unverified
USGS-08406500,"PECOS RIVER NEAR MALAGA, NM",32.20754167,-104.023875,22458637,770588856,Unverified
USGS-08407000,"PECOS RIVER AT PIERCE CANYON CROSSING, NM",32.18853056,-103.9793861,22460369,770590936,Unverified
USGS-08407500,"PECOS RIVER AT RED BLUFF, NM",32.07519167,-104.0394361,22459435,770595101,Unverified
USGS-08408500,"DELAWARE RIVER NR RED BLUFF, NM",32.02314167,-104.0544556,20758520,770556623,Unverified
USGS-08477110,"MIMBRES RIVER AT MIMBRES, NM",32.854675,-107.9737889,17703137,770394354,Unverified
USGS-08480595,"SALT CREEK NEAR TULAROSA, NM",33.27555556,-106.3972222,20850229,770422419,Unverified
USGS-08481500,"TULAROSA CREEK NEAR BENT, NM",33.14488889,-105.8979028,20851387,770422424,Unverified
USGS-09355500,"SAN JUAN RIVER NEAR ARCHULETA, NM",36.80188889,-107.6986389,17040461,710768190,Unverified
USGS-09357000,"SAN JUAN RIVER AT BLOOMFIELD, NM",36.699675,-107.9814417,17040503,710809860,Unverified
USGS-09357700,SAN JUAN R AT BOLACK RANCH BRDG NR FARMINGTON NM,36.7078861,-108.1504806,17037323,710829700,Unverified
USGS-09364010,"ANIMAS RIVER BELOW AZTEC, NM",36.81836667,-108.0229944,17016047,710770174,Unverified
USGS-09364200,"ANIMAS RIVER AT PENNY LANE NEAR FLORA VISTA, NM",36.78364167,-108.1024111,17016235,710772160,Unverified
USGS-09364500,"ANIMAS RIVER AT FARMINGTON, NM",36.7225,-108.20175,17016187,710738434,Unverified
USGS-09365000,"SAN JUAN RIVER AT FARMINGTON, NM",36.72301667,-108.2255889,17003788,710817795,Unverified
USGS-09367000,"LA PLATA RIVER AT LA PLATA, NM",36.93091667,-108.1846389,17000894,710776118,Unverified
USGS-09367500,"LA PLATA RIVER NEAR FARMINGTON, NM",36.737575,-108.2503361,17003262,710752320,Unverified
USGS-09367540,"SAN JUAN R NR FRUITLAND, NM",36.74028769,-108.403147,17003688,710772162,Unverified
USGS-09367580,"HOGBACK CANAL NEAR WATERFLOW, NM",36.74641667,-108.5379722,17003948,710807873,Unverified
USGS-09367958,"CHACO RIVER NR SHIPROCK, NM",36.7663611,-108.6425,16968622,710793985,Unverified
USGS-09368000,"SAN JUAN RIVER AT SHIPROCK, NM",36.77666667,-108.6830556,17003520,710819777,Unverified
USGS-093710009,"MANCOS RIVER NR FOUR CORNERS, CO",36.9823611,-108.9655,,710795957,Unverified
USGS-09386900,"RIO NUTRIA NEAR RAMAH, NM",35.28255278,-108.552975,20572245,710538124,Unverified
USGS-09386950,"ZUNI RIVER ABV BLACK ROCK RESERVOIR, NM",35.10027778,-108.7516667,20573275,710627413,Unverified
USGS-09430010,"WEST FORK GILA RIVER AT GILA CLIFF DWELLINGS, NM",33.22919444,-108.26525,2430292,710413236,Unverified
USGS-09430020,"W FORK GILA R BLW MDL FORK NR GILA HOT SPRINGS, NM",33.2218611,-108.2419722,2430318,710433077,Unverified
USGS-09430030,"GILA RIVER NR GILA HOT SPRINGS, NM",33.1797222,-108.2062778,2430432,710488631,Unverified
USGS-09430500,"GILA RIVER NEAR GILA, NM",33.06150278,-108.5373861,2430698,710552126,Unverified
USGS-09430600,"MOGOLLON CREEK NEAR CLIFF, NM",33.16666667,-108.6497222,2430436,710391416,Unverified
USGS-09431500,"GILA RIVER NEAR REDROCK, NM",32.72694444,-108.6755556,3081637,710443023,Unverified
USGS-09432000,"GILA RIVER BELOW BLUE CREEK, NEAR VIRDEN, NM",32.64630833,-108.8468472,,710528339,Unverified
USGS-09442681,"SAN FRANCISCO RIVER AT RESERVE, NM",33.71710556,-108.7572194,21353317,710476699,Unverified
USGS-09444000,"SAN FRANCISCO RIVER NEAR GLENWOOD, NM",33.24716667,-108.88,21358611,710526324,Unverified
USGS-334334106544910,UNIT40 OUTFLOW,33.7260972,-106.9137306,17813208,770218563,Unverified
USGS-334606106531010,NAWCA AT WILDLIFE CROSSING,33.7683333,-106.8861111,17813166,,Unverified
USGS-01200000,"TENMILE RIVER NEAR GAYLORDSVILLE, CT",41.65876389,-73.5286833,7712756,750203185,Unverified
USGS-01302020,BRONX RIVER AT NY BOTANICAL GARDEN AT BRONX NY,40.86230556,-73.87438889,,750180709,Unverified
USGS-01302050,ALLEY CREEK NEAR OAKLAND GARDENS NY,40.7558333,-73.7458333,9509830,,Unverified
USGS-01303000,MILL NECK CREEK AT MILL NECK NY,40.88741667,-73.5631944,,,Unverified
USGS-01303500,COLD SPRING BROOK AT COLD SPRING HARBOR NY,40.85716667,-73.4635556,,,Unverified
USGS-01304500,PECONIC RIVER AT RIVERHEAD NY,40.91369444,-72.6869444,,750155845,Unverified
USGS-01305000,CARMANS RIVER AT YAPHANK NY,40.83016667,-72.90613889,,750130390,Unverified
USGS-01305500,SWAN RIVER AT EAST PATCHOGUE NY,40.76725,-72.9938333,,750134536,Unverified
USGS-01306460,CONNETQUOT BK NR CENTRAL ISLIP NY,40.77227778,-73.1586667,,750119736,Unverified
USGS-01308500,CARLLS RIVER AT BABYLON NY,40.7089722,-73.3288056,,750138682,Unverified
USGS-01309500,MASSAPEQUA CREEK AT MASSAPEQUA NY,40.689,-73.45538889,,750122699,Unverified
USGS-01309950,BELLMORE CREEK NEAR BELLMORE NY,40.67866667,-73.5158611,,750103755,Unverified
USGS-01309990,BELLMORE CREEK TRIBUTARY AT BELLMORE NY,40.6801111,-73.513,,750103163,Unverified
USGS-01310500,EAST MEADOW BROOK AT FREEPORT NY,40.66563889,-73.5700833,,750115593,Unverified
USGS-01311500,VALLEY STREAM AT VALLEY STREAM NY,40.66380556,-73.70452778,,750085403,Unverified
USGS-01311810,CONSELYEAS POND TRIBUTARY AT ROSEDALE NY,40.66205556,-73.7433056,9498634,750093098,Unverified
USGS-01312000,HUDSON RIVER NEAR NEWCOMB NY,43.96602778,-74.13138889,,750109587,Unverified
USGS-01315000,INDIAN RIVER NEAR INDIAN LAKE NY,43.7565,-74.2670556,,750096569,Unverified
USGS-01315226,VANDERWHACKER BROOK TRIB 1 NEAR BOREAS RIVER NY,43.9485,-73.9883611,,,Unverified
USGS-01315227,VANDERWHACKER BROOK TRIB 2 NEAR BOREAS RIVER NY,43.94819444,-73.9901111,,,Unverified
USGS-01315500,HUDSON RIVER AT NORTH CREEK NY,43.7008611,-73.9831944,,750104265,Unverified
USGS-01318500,HUDSON RIVER AT HADLEY NY,43.31905556,-73.8443056,,750114340,Unverified
USGS-01321000,SACANDAGA RIVER NEAR HOPE NY,43.3534722,-74.2684722,,750108419,Unverified
USGS-01325000,SACANDAGA RIVER AT STEWARTS BRIDGE NR HADLEY NY,43.3113611,-73.8672222,,750129141,Unverified
USGS-01327500,GLENS FALLS FEEDER AT DUNHAM BASIN NY,43.30425,-73.5465,22287891,750071716,Unverified
USGS-01327750,HUDSON RIVER AT FORT EDWARD NY,43.26938889,-73.5958333,,750133877,Unverified
USGS-01329490,BATTEN KILL BELOW MILL AT BATTENVILLE NY,43.10866667,-73.4224167,,750126186,Unverified
USGS-01330000,GLOWEGEE CREEK AT WEST MILTON NY,43.03080556,-73.9275833,,750106652,Unverified
USGS-01334500,HOOSIC RIVER NEAR EAGLE BRIDGE NY,42.9385833,-73.3769444,,750130335,Unverified
USGS-01335754,HUDSON RIVER ABOVE LOCK 1 NEAR WATERFORD NY,42.82916667,-73.6661111,,750133889,Unverified
USGS-01335755,HUDSON RIVER AT LOCK 1 NEAR WATERFORD NY,42.8239664,-73.6620622,22290557,750133889,Unverified
USGS-01336000,MOHAWK RIVER BELOW DELTA DAM NEAR ROME NY,43.26444444,-75.43638889,,750113749,Unverified
USGS-01337005,NINEMILE CREEK NEAR STITTVILLE NY,43.2078611,-75.3057222,,750106055,Unverified
USGS-01338000,ORISKANY CREEK NEAR ORISKANY NY,43.14277778,-75.3378056,,750140985,Unverified
USGS-01339060,SAUQUOIT CREEK AT WHITESBORO NY,43.11144444,-75.294,,750097178,Unverified
USGS-01342602,MOHAWK RIVER NEAR UTICA NY,43.09369444,-75.1579167,,750117898,Unverified
USGS-01342682,MOYER CREEK NEAR FRANKFORT NY,43.02694444,-75.1043056,,750102508,Unverified
USGS-01342730,STEELE CREEK AT ILION NY,43.0065833,-75.0416667,,750110797,Unverified
USGS-01342743,FULMER CREEK NEAR MOHAWK NY,42.9852222,-74.9904444,,750097181,Unverified
USGS-01343060,WEST CANADA CREEK NEAR WILMURT NY,43.3661111,-74.95777778,,750097763,Unverified
USGS-01343403,BLACK CREEK NEAR GRAY NY,43.28277778,-74.9591944,,750117893,Unverified
USGS-01344795,CINCINNATI CREEK AT BARNEVELD NY,43.27038889,-75.18425,,750104277,Unverified
USGS-01346000,WEST CANADA CREEK AT KAST BRIDGE NY,43.06852778,-74.98827778,,750123227,Unverified
USGS-01347000,MOHAWK RIVER NEAR LITTLE FALLS NY,43.0147222,-74.7794444,,750135660,Unverified
USGS-01348000,EAST CANADA CREEK AT EAST CREEK NY,43.01666667,-74.7408333,,750121452,Unverified
USGS-01349000,OTSQUAGO CREEK AT FORT PLAIN NY,42.92925,-74.63288889,,750129151,Unverified
USGS-01349150,CANAJOHARIE CREEK NEAR CANAJOHARIE NY,42.87627778,-74.6028611,,750108432,Unverified
USGS-01349527,MOHAWK R ABOVE STATE HIGHWAY 30A AT FONDA NY,42.95044444,-74.371,,750123822,Unverified
USGS-01349700,EAST KILL NEAR JEWETT CENTER NY,42.24916667,-74.30277778,,750114369,Unverified
USGS-01349705,SCHOHARIE CREEK NEAR LEXINGTON NY,42.23694444,-74.34027778,,750154625,Unverified
USGS-01349711,WEST KILL BELOW HUNTER BROOK NEAR SPRUCETON NY,42.18505556,-74.2771111,,750054579,Unverified
USGS-01349810,WEST KILL NEAR WEST KILL NY,42.23027778,-74.3930556,,750142194,Unverified
USGS-01349950,BATAVIA KILL AT RED FALLS NEAR PRATTSVILLE NY,42.3083333,-74.39,,750146928,Unverified
USGS-01350000,SCHOHARIE CREEK AT PRATTSVILLE NY,42.31944444,-74.4366667,,750170607,Unverified
USGS-01350035,BEAR KILL NEAR PRATTSVILLE NY,42.33805556,-74.4516667,,750148111,Unverified
USGS-01350080,MANOR KILL AT WEST CONESVILLE NEAR GILBOA NY,42.37694444,-74.4130556,,750101933,Unverified
USGS-01350101,SCHOHARIE CREEK AT GILBOA NY,42.3972222,-74.4505556,,750159357,Unverified
USGS-01350120,PLATTER KILL AT GILBOA NY,42.4067222,-74.44813889,,750100157,Unverified
USGS-01350140,MINE KILL NEAR NORTH BLENHEIM NY,42.42888889,-74.4730556,,750099564,Unverified
USGS-01350180,SCHOHARIE CREEK AT NORTH BLENHEIM NY,42.4658333,-74.4622222,,750158172,Unverified
USGS-01350212,SCHOHARIE CREEK NEAR NORTH BLENHEIM NY,42.47263889,-74.44113889,,750151067,Unverified
USGS-01350355,SCHOHARIE CREEK AT BREAKABEEN NY,42.53763889,-74.41025,,750141594,Unverified
USGS-01350480,LITTLE SCHOHARIE CREEK NEAR MIDDLEBURGH NY,42.58127778,-74.3174444,,750107256,Unverified
USGS-01350500,SCHOHARIE CREEK AT MIDDLEBURGH NY,42.5995,-74.3363611,,750162904,Unverified
USGS-01351200,FOX CREEK NEAR SCHOHARIE NY,42.67305556,-74.25388889,,750143366,Unverified
USGS-01351298,COBLESKILL CREEK AT S GRAND ST AT COBLESKILL NY,42.67255556,-74.4819167,,750140406,Unverified
USGS-01351500,SCHOHARIE CREEK AT BURTONSVILLE NY,42.80002778,-74.26277778,,750148098,Unverified
USGS-01354083,MOHAWK RIVER AT AMSTERDAM NY,42.934,-74.1918611,,750129150,Unverified
USGS-01354500,MOHAWK RIVER AT FREEMAN'S BRIDGE AT SCHENECTADY NY,42.83052778,-73.93075,,750129153,Unverified
USGS-01357500,MOHAWK RIVER AT COHOES NY,42.78538889,-73.70777778,,750156386,Unverified
USGS-01358000,HUDSON RIVER AT GREEN ISLAND NY,42.7522222,-73.68888889,6186146,750152835,Unverified
USGS-01359135,PATROON CREEK AT ALBANY NY,42.66344444,-73.7448611,,750041541,Unverified
USGS-01359528,NORMANS KILL AT ALBANY NY,42.63363889,-73.80427778,,750146918,Unverified
USGS-01360640,VALATIE KILL NEAR NASSAU NY,42.5523611,-73.5905833,,750116729,Unverified
USGS-01361000,KINDERHOOK CREEK AT ROSSMAN NY,42.33105556,-73.7444444,,750154029,Unverified
USGS-0136219503,ESOPUS CREEK BELOW LOST CLOVE RD AT BIG INDIAN NY,42.09788889,-74.4490833,,750135093,Unverified
USGS-013621955,BIRCH CREEK AT BIG INDIAN NY,42.10888889,-74.4519444,,750132133,Unverified
USGS-01362200,ESOPUS CREEK AT ALLABEN NY,42.11694444,-74.38027778,,750165877,Unverified
USGS-01362230,DIVERSION FROM SCHOHARIE RESERVOIR NY,42.1145,-74.3635556,6189632,750164692,Unverified
USGS-01362232,BROADSTREET HOLLOW BROOK AT HWY28 AT ALLABEN NY,42.11255556,-74.3586944,,750051620,Unverified
USGS-01362297,PANTHER KILL AT WOODLAND VALLEY RD NR PHOENICIA NY,42.0728611,-74.3357222,,750062279,Unverified
USGS-0136230002,WOODLAND CREEK ABOVE MOUTH AT PHOENICIA NY,42.0797222,-74.3345833,,750139830,Unverified
USGS-01362322,MYRTLE BROOK AT STATE HWY 214 AT EDGEWOOD NY,42.1336111,-74.23152778,,750055764,Unverified
USGS-01362336,STONY CLOVE CR AT JANSSEN RD AT LANESVILLE NY,42.12794444,-74.26325,,750055764,Unverified
USGS-01362342,HOLLOW TREE BROOK AT LANESVILLE NY,42.14175,-74.2648611,,750053988,Unverified
USGS-01362357,WARNER CREEK NEAR CHICHESTER NY,42.09616667,-74.2904167,,,Unverified
USGS-01362368,OX CLOVE NEAR MOUTH AT CHICHESTER NY,42.10477778,-74.3095556,,750114373,Unverified
USGS-01362370,STONY CLOVE CREEK BLW OX CLOVE AT CHICHESTER NY,42.10202778,-74.31088889,,750113781,Unverified
USGS-01362487,BEAVER KILL AT MOUNT TREMPER NY,42.046758,-74.2768136,,750131542,Unverified
USGS-01362497,LITTLE BEAVER KILL AT BEECHFORD NEAR MT TREMPER NY,42.01944444,-74.26638889,,750068199,Unverified
USGS-01362500,ESOPUS CREEK AT COLDBROOK NY,42.0144722,-74.2701944,,750181271,Unverified
USGS-01363382,BUSH KILL BLW MALTBY HOLLOW BK AT WEST SHOKAN NY,41.96555556,-74.2930556,,750119113,Unverified
USGS-01363556,ESOPUS CREEK NEAR LOMONTVILLE NY,41.8793333,-74.1453611,,750197850,Unverified
USGS-01364500,ESOPUS CREEK AT MOUNT MARION NY,42.03777778,-73.9719444,,750192519,Unverified
USGS-01365000,RONDOUT CREEK NEAR LOWES CORNERS NY,41.86638889,-74.4872222,,750159963,Unverified
USGS-01365100,CANNONSVILLE RES DIV CHANNEL NR GRAHAMSVILLE NY,41.8521111,-74.51302778,,750153452,Unverified
USGS-01365500,CHESTNUT CREEK AT GRAHAMSVILLE NY,41.845,-74.5394444,,750153452,Unverified
USGS-01365505,NEVERSINK RES DIVERSION CHANNEL AT GRAHAMSVILLE NY,41.84555556,-74.5360833,,750153452,Unverified
USGS-01365550,CHESTNUT CREEK AT MOUTH AT GRAHAMSVILLE NY,41.8490833,-74.5318333,,750153452,Unverified
USGS-01367500,RONDOUT CREEK AT ROSENDALE NY,41.8430833,-74.0861111,,750200812,Unverified
USGS-01368050,WALLKILL RIVER AT OIL CITY ROAD NEAR UNIONVILLE NY,41.2878333,-74.5343333,,750161163,Unverified
USGS-01370520,WALLKILL RIVER AT PHILLIPSBURG NY,41.43838889,-74.3659444,,750207335,Unverified
USGS-01371500,WALLKILL RIVER AT GARDINER NY,41.68613889,-74.16527778,,750199040,Unverified
USGS-01372500,WAPPINGER CREEK NEAR WAPPINGERS FALLS NY,41.65305556,-73.8725,,750190160,Unverified
USGS-0137449480,EAST BRANCH CROTON RIVER NEAR PUTNAM LAKE NY,41.44725,-73.5560833,,750197862,Unverified
USGS-01374505,EAST BRANCH CROTON RIVER AT BREWSTER NY,41.3945833,-73.6074722,,750180104,Unverified
USGS-01374531,EAST BRANCH CROTON RIVER NEAR CROTON FALLS NY,41.37338889,-73.6395833,,750173593,Unverified
USGS-01374559,WEST BRANCH CROTON RIVER AT RICHARDSVILLE NY,41.4704722,-73.7595833,,750149318,Unverified
USGS-01374581,W BR CROTON RIVER BELOW DAM NEAR KENT CLIFFS NY,41.44994444,-73.7361111,,750150502,Unverified
USGS-01374598,HORSE POUND BROOK NEAR LAKE CARMEL NY,41.4758611,-73.6894722,,750155831,Unverified
USGS-0137462010,WEST BRANCH CROTON RIVER NEAR CARMEL NY,41.41180556,-73.69375,,750157015,Unverified
USGS-01374701,WEST BRANCH CROTON RIVER NEAR CROTON FALLS NY,41.358,-73.6679722,,750163529,Unverified
USGS-01374781,TITICUS RIVER BELOW JUNE ROAD AT SALEM CENTER NY,41.3273611,-73.5914722,,750117946,Unverified
USGS-01374821,TITICUS RIVER AT PURDYS STATION NY,41.3271111,-73.65563889,,750118538,Unverified
USGS-01374890,CROSS RIVER NEAR CROSS RIVER NY,41.2602222,-73.6018611,,750091307,Unverified
USGS-01374901,CROSS RIVER AT KATONAH NY,41.26605556,-73.6660833,,750139852,Unverified
USGS-01374930,MUSCOOT RIVER AT BALDWIN PLACE NY,41.33813889,-73.7686944,,750129785,Unverified
USGS-01374941,MUSCOOT RIVER BELOW DAM AT AMAWALK NY,41.2876111,-73.75363889,,750124458,Unverified
USGS-01375000,CROTON R AT NEW CROTON DAM NR CROTON-ON-HUDSON NY,41.22502778,-73.85888889,,750152284,Unverified
USGS-01376534,RICHMOND CREEK AT LIGHTHOUSE AVE AT RICHMOND NY,40.5737222,-74.1413056,6261360,750087774,Unverified
USGS-01376558,LEMON CREEK AT AMBOY ROAD AT PLEASANT PLAINS NY,40.52541667,-74.20938889,6261576,,Unverified
USGS-01376800,HACKENSACK RIVER AT WEST NYACK NY,41.09555556,-73.96388889,,750107296,Unverified
USGS-01387095,RAMAPO R AT MARY H HARRIMAN MEM PK AT HARRIMAN NY,41.31155556,-74.1469722,,750066442,Unverified
USGS-01387400,RAMAPO RIVER AT RAMAPO NY,41.14027778,-74.1686111,,750131567,Unverified
USGS-01387420,RAMAPO RIVER AT SUFFERN NY,41.1183333,-74.16027778,,750132751,Unverified
USGS-01387450,Mahwah River near Suffern NY,41.1411111,-74.1161111,6245480,750112622,Unverified
USGS-01413088,EAST BRANCH DELAWARE RIVER AT ROXBURY NY,42.29380556,-74.5591944,,750126208,Unverified
USGS-01413398,BUSH KILL NEAR ARKVILLE NY,42.1508333,-74.60138889,,750151667,Unverified
USGS-01413408,DRY BROOK AT ARKVILLE,42.14666667,-74.6233333,,750154036,Unverified
USGS-01413500,EAST BRANCH DELAWARE RIVER AT MARGARETVILLE NY,42.1447222,-74.6536111,,750165876,Unverified
USGS-01414000,PLATTE KILL AT DUNRAVEN NY,42.13305556,-74.6955556,,750156996,Unverified
USGS-01414500,MILL BROOK NEAR DUNRAVEN NY,42.1061111,-74.7305556,,750172389,Unverified
USGS-01415000,TREMPER KILL NEAR ANDES NY,42.12,-74.8186111,,750151668,Unverified
USGS-01415460,TERRY CLOVE KILL NEAR DE LANCEY NY,42.1471111,-74.9052222,,750045107,Unverified
USGS-01417000,EAST BRANCH DELAWARE RIVER AT DOWNSVILLE NY,42.07502778,-74.97627778,,750191926,Unverified
USGS-01417500,EAST BRANCH DELAWARE RIVER AT HARVARD NY,42.0245833,-75.11927778,,750188967,Unverified
USGS-01419500,WILLOWEMOC CREEK NR LIVINGSTON MANOR NY,41.9033333,-74.81277778,,750152266,Unverified
USGS-01420500,BEAVER KILL AT COOKS FALLS NY,41.94641667,-74.9796667,,750161145,Unverified
USGS-01421000,EAST BRANCH DELAWARE RIVER AT FISHS EDDY NY,41.97327778,-75.1747222,,750177129,Unverified
USGS-01421610,WEST BRANCH DELAWARE RIVER AT HOBART NY,42.37138889,-74.66888889,,750098973,Unverified
USGS-01421618,TOWN BROOK SOUTHEAST OF HOBART NY,42.3611111,-74.6622222,,750037406,Unverified
USGS-01421900,WEST BRANCH DELAWARE RIVER UPSTREAM FROM DELHI NY,42.28027778,-74.9072222,,750145744,Unverified
USGS-01422500,LITTLE DELAWARE RIVER NEAR DELHI NY,42.25238889,-74.9010556,,750129761,Unverified
USGS-01422747,EAST BROOK EAST OF WALTON NY,42.17266667,-75.1219167,,750130946,Unverified
USGS-01422779,WEST BROOK AT AUSTIN LINCOLN PARK AT WALTON NY,42.17738889,-75.1289167,,750143971,Unverified
USGS-01423000,WEST BRANCH DELAWARE RIVER AT WALTON NY,42.1661111,-75.14002778,,750183043,Unverified
USGS-0142400103,TROUT CREEK NEAR TROUT CREEK NY,42.1735833,-75.2794444,,750142787,Unverified
USGS-01425000,WEST BRANCH DELAWARE RIVER AT STILESVILLE NY,42.07491667,-75.3958056,,750189558,Unverified
USGS-01425805,OQUAGA CREEK AT MCCLURE NY,42.04869444,-75.4851944,,750164694,Unverified
USGS-01426500,WEST BRANCH DELAWARE RIVER AT HALE EDDY NY,42.00302778,-75.38352778,,750191927,Unverified
USGS-01427500,CALLICOON CREEK AT CALLICOON NY,41.76055556,-75.04838889,,750183646,Unverified
USGS-01428000,TENMILE RIVER AT TUSTEN NY,41.56377778,-75.01438889,,750168851,Unverified
USGS-01428500,DELAWARE R ABOVE LACKAWAXEN R NEAR BARRYVILLE NY,41.50875,-74.9860556,,750194309,Unverified
USGS-01432900,MONGAUP RIVER AT MONGAUP VALLEY NY,41.66805556,-74.7805556,,750174176,Unverified
USGS-01433005,MONGAUP R BELOW SWINGING BRIDGE RESERVOIR NY,41.56727778,-74.78327778,,750188387,Unverified
USGS-01433500,MONGAUP RIVER NEAR MONGAUP NY,41.4612222,-74.75877778,,750213254,Unverified
USGS-0143400680,E BR NEVERSINK R NORTHEAST OF DENNING NY,41.96694444,-74.4480556,,750049256,Unverified
USGS-01434017,EAST BRANCH NEVERSINK RIVER NEAR CLARYVILLE NY,41.92527778,-74.54027778,,750049256,Unverified
USGS-01434021,W BR NEVERSINK R AT WINNISOOK L NR FROST VALLEY NY,42.0111111,-74.4144444,,,Unverified
USGS-01434025,BISCUIT BK ABOVE PIGEON BK AT FROST VALLEY NY,41.9960833,-74.5002222,,750114376,Unverified
USGS-01434498,WEST BRANCH NEVERSINK RIVER AT CLARYVILLE NY,41.92041667,-74.57438889,,750126217,Unverified
USGS-01435000,NEVERSINK RIVER NEAR CLARYVILLE NY,41.88994444,-74.5898056,,750165882,Unverified
USGS-01436000,NEVERSINK RIVER AT NEVERSINK NY,41.82,-74.6355556,,750184236,Unverified
USGS-01436655,SHELDRAKE STREAM AT THOMPSONVILLE NY,41.66780556,-74.62302778,,750170625,Unverified
USGS-01436690,NEVERSINK RIVER AT BRIDGEVILLE NY,41.63805556,-74.61688889,,750202593,Unverified
USGS-01437100,GUMAER BROOK NEAR WURTSBORO NY,41.59594444,-74.4681944,,750128002,Unverified
USGS-01437349,BASHER KILL BLW BASHAKILL MARSH AT WESTBROOKVILLE,41.49963889,-74.5522222,,750168261,Unverified
USGS-01437500,NEVERSINK RIVER AT GODEFFROY NY,41.4413611,-74.60188889,,750224502,Unverified
USGS-01500000,OULEOUT CREEK AT EAST SIDNEY NY,42.33313889,-75.2343056,,750153439,Unverified
USGS-01500500,SUSQUEHANNA RIVER AT UNADILLA NY,42.3215,-75.31638889,,750183039,Unverified
USGS-01502500,UNADILLA RIVER AT ROCKDALE NY,42.37777778,-75.4061111,,750165277,Unverified
USGS-01502632,SUSQUEHANNA RIVER AT BAINBRIDGE NY,42.2918333,-75.47677778,,750171792,Unverified
USGS-01502731,SUSQUEHANNA RIVER AT WINDSOR NY,42.07405556,-75.6369444,,750199029,Unverified
USGS-01503000,SUSQUEHANNA RIVER AT CONKLIN NY,42.03555556,-75.80227778,,750201399,Unverified
USGS-01505000,CHENANGO RIVER AT SHERBURNE NY,42.6786111,-75.5105556,,750147509,Unverified
USGS-01505810,CHENANGO RIVER AT OXFORD NY,42.44166667,-75.59638889,,750156395,Unverified
USGS-01507000,CHENANGO RIVER AT GREENE NY,42.32444444,-75.77125,,750180671,Unverified
USGS-01509000,TIOUGHNIOGA RIVER AT CORTLAND NY,42.60266667,-76.15938889,,750138631,Unverified
USGS-01510000,OTSELIC RIVER AT CINCINNATUS NY,42.5411111,-75.8997222,,750143961,Unverified
USGS-01512500,CHENANGO RIVER NEAR CHENANGO FORKS NY,42.21805556,-75.84813889,,750178897,Unverified
USGS-01513500,SUSQUEHANNA RIVER AT VESTAL NY,42.09166667,-76.05652778,,750208501,Unverified
USGS-01513831,SUSQUEHANNA RIVER AT OWEGO NY,42.09613889,-76.2656944,,750213237,Unverified
USGS-01514000,OWEGO CREEK NEAR OWEGO NY,42.12916667,-76.2705556,,750168244,Unverified
USGS-01520500,TIOGA RIVER AT LINDLEY NY,42.0287222,-77.1321944,,750184231,Unverified
USGS-01521500,CANISTEO RIVER AT ARKPORT NY,42.3958333,-77.71138889,,750091278,Unverified
USGS-01523500,CANACADEA CREEK NEAR HORNELL NY,42.3348611,-77.6826667,,750141007,Unverified
USGS-01524500,CANISTEO RIVER BELOW CANACADEA CREEK AT HORNELL NY,42.3134722,-77.6510833,,750149887,Unverified
USGS-01525500,CANISTEO RIVER AT WEST CAMERON NY,42.2224722,-77.41752778,,750181858,Unverified
USGS-01525981,TUSCARORA CREEK ABOVE SOUTH ADDISON NY,42.0722222,-77.29888889,,750162326,Unverified
USGS-01526500,TIOGA RIVER NEAR ERWINS NY,42.1211111,-77.1291667,,750193109,Unverified
USGS-01527500,COHOCTON RIVER AT AVOCA NY,42.41105556,-77.4263611,,750143964,Unverified
USGS-01529500,COHOCTON RIVER NEAR CAMPBELL NY,42.2525,-77.2166667,,750167057,Unverified
USGS-01529950,CHEMUNG RIVER AT CORNING NY,42.14641667,-77.0575,,750178900,Unverified
USGS-01530332,CHEMUNG RIVER AT ELMIRA NY,42.08638889,-76.8011111,,750199621,Unverified
USGS-01531000,CHEMUNG RIVER AT CHEMUNG NY,42.0022222,-76.6347222,,750197847,Unverified
USGS-03010820,ALLEGHENY RIVER AT OLEAN NY,42.0723611,-78.4508611,,760599695,Unverified
USGS-03011020,ALLEGHENY RIVER AT SALAMANCA NY,42.1568333,-78.7155556,,760641289,Unverified
USGS-03014500,CHADAKOIN RIVER AT FALCONER NY,42.11263889,-79.20363889,,760622988,Unverified
USGS-04213319,CHAUTAUQUA CREEK BELOW WESTFIELD NY,42.33080556,-79.5899167,,740114124,Unverified
USGS-04213376,CANADAWAY CREEK AT FREDONIA NY,42.45063889,-79.3504444,,740126212,Unverified
USGS-04213394,SILVER CREEK AT US ROUTE 20 AT SILVER CREEK NY,42.54391667,-79.1646667,,740138304,Unverified
USGS-04213401,WALNUT CREEK AT US ROUTE 20 AT SILVER CREEK NY,42.5383611,-79.1689722,,740123521,Unverified
USGS-04213500,CATTARAUGUS CREEK AT GOWANDA NY,42.46344444,-78.9345278,,740153092,Unverified
USGS-04213508,THATCHER BROOK AT GOWANDA NY,42.45352778,-78.9415556,,740081860,Unverified
USGS-04214060,BIG SISTER CREEK AT EVANS CENTER NY,42.65713889,-79.0355,,740149047,Unverified
USGS-0421422210,EIGHTEENMILE CREEK AT HAMBURG NY,42.70655556,-78.84925,,740192052,Unverified
USGS-04214231,S BR EIGHTEENMILE CR AT BLEY RD AT EDEN VALLEY,42.68027778,-78.8786944,,740136954,Unverified
USGS-04214500,BUFFALO CREEK AT GARDENVILLE NY,42.8546111,-78.7564167,,740236395,Unverified
USGS-04215000,CAYUGA CREEK NEAR LANCASTER NY,42.8900833,-78.6449444,,740197417,Unverified
USGS-04215500,CAZENOVIA CREEK AT EBENEZER NY,42.82952778,-78.7750278,,740210861,Unverified
USGS-04216418,TONAWANDA CREEK AT ATTICA NY,42.86469444,-78.2834167,,740216236,Unverified
USGS-04217000,TONAWANDA CREEK AT BATAVIA NY,42.99713889,-78.1881667,,740265955,Unverified
USGS-04218000,TONAWANDA CREEK AT RAPIDS NY,43.0935,-78.6361667,,740239070,Unverified
USGS-04218518,ELLICOTT CREEK BELOW WILLIAMSVILLE NY,42.97794444,-78.7636944,,740210854,Unverified
USGS-04218601,ERIE (BARGE) C ABV HALLS WASTE WEIR AT LOCKPORT NY,43.17469444,-78.6890556,15567175,740123483,Unverified
USGS-04218700,ERIE(BARGE)CANAL(W OF GENESEE R)AT ROCHESTER NY,43.1256111,-77.6501111,904130059,,Unverified
USGS-04219000,ERIE (BARGE) CANAL AT LOCK 30 AT MACEDON NY,43.07177778,-77.2969722,,740175902,Unverified
USGS-04219767,EIGHTEENMILE CREEK AT NEWFANE NY,43.25255556,-78.6978611,,740212180,Unverified
USGS-04219768,EIGHTEENMILE CREEK AT BURT NY,43.31380556,-78.7154167,,740206801,Unverified
USGS-04219915,JOHNSON CREEK AT KUCKVILLE NY,43.3608333,-78.2645278,,740206798,Unverified
USGS-04220045,OAK ORCHARD CREEK NEAR SHELBY NY,43.17430556,-78.38638889,,740225626,Unverified
USGS-0422016550,OAK ORCHARD CREEK NEAR KENYONVILLE NY,43.301,-78.3104444,,740226962,Unverified
USGS-0422018610,OAK ORCHARD CREEK AT THE BRIDGES NY,43.35330556,-78.1930556,,740201421,Unverified
USGS-04220223,SANDY CREEK AT NORTH HAMLIN NY,43.3390833,-77.9152222,,740209488,Unverified
USGS-0422026250,NORTHRUP CREEK AT NORTH GREECE NY,43.2538611,-77.7420833,,740174545,Unverified
USGS-0422027430,ROUND POND CREEK AT STRAUB ROAD AT GREECE NY,43.19805556,-77.7108611,,740163798,Unverified
USGS-04221000,GENESEE RIVER AT WELLSVILLE NY,42.1222222,-77.9572222,,740099351,Unverified
USGS-04223000,GENESEE RIVER AT PORTAGEVILLE NY,42.57019444,-78.0419722,,740147710,Unverified
USGS-04224775,CANASERAGA CREEK ABOVE DANSVILLE NY,42.5358611,-77.7039444,,740139649,Unverified
USGS-04226000,KESHEQUA CR AT CRAIG COLONY AT SONYEA NY,42.6824722,-77.8286944,,740175927,Unverified
USGS-04227000,CANASERAGA CREEK AT SHAKERS CROSSING NY,42.73605556,-77.8414167,,740185330,Unverified
USGS-04227500,GENESEE RIVER NEAR MOUNT MORRIS NY,42.76666667,-77.83888889,,740193393,Unverified
USGS-04227995,CONESUS CREEK NEAR LAKEVILLE NY,42.85416667,-77.71527778,,740209516,Unverified
USGS-04228500,GENESEE RIVER AT AVON NY,42.9227222,-77.7574167,,740252519,Unverified
USGS-04229500,HONEOYE CREEK AT HONEOYE FALLS NY,42.9572222,-77.58888889,,740224293,Unverified
USGS-04230380,OATKA CREEK AT WARSAW NY,42.74266667,-78.1376111,,740151730,Unverified
USGS-04230500,OATKA CREEK AT GARBUTT NY,43.01,-77.79138889,,740216226,Unverified
USGS-04230650,GENESEE R AT BALLANTYNE BRIDGE NEAR MORTIMER NY,43.09294444,-77.6808333,,740260575,Unverified
USGS-04231000,BLACK CREEK AT CHURCHVILLE NY,43.10055556,-77.8822222,,740236380,Unverified
USGS-04231401,RED CREEK BELOW CO HWY 85 AT MORTIMER NY,43.09352778,-77.6507222,,740174557,Unverified
USGS-04231600,"GENESEE RIVER AT FORD STREET BRIDGE, ROCHESTER NY",43.1417222,-77.6163056,,740236379,Unverified
USGS-04232034,IRONDEQUOIT CR AT RAILROAD MILLS NEAR FISHERS NY,43.0278333,-77.4787222,,740181281,Unverified
USGS-04232050,ALLEN CREEK NEAR ROCHESTER NY,43.12802778,-77.527,,740153051,Unverified
USGS-0423205010,IRONDEQUOIT CR ABOVE BLOSSOM RD NEAR ROCHESTER NY,43.145,-77.5119444,,740233690,Unverified
USGS-04232053,MILL CREEK NEAR WEBSTER NY,43.25769444,-77.4468611,,,Unverified
USGS-04232200,CATHARINE CR AT MONTOUR FALLS NY,42.32827778,-76.8439167,,740138317,Unverified
USGS-0423245850,SUGAR CREEK AT COUNTY HOUSE ROAD AT GUYANOGA NY,42.62769444,-77.1589167,,740138296,Unverified
USGS-04232482,KEUKA LAKE OUTLET AT DRESDEN NY,42.6803333,-76.95388889,,740208182,Unverified
USGS-04232730,SENECA RIVER NEAR SENECA FALLS NY,42.93888889,-76.7611111,,740245799,Unverified
USGS-04233255,CAYUGA INLET AT ITHACA NY,42.4272222,-76.5216667,,740115461,Unverified
USGS-04233300,SIXMILE CREEK AT BETHEL GROVE NY,42.40263889,-76.4355833,,740112775,Unverified
USGS-04234000,FALL CREEK NEAR ITHACA NY,42.4533333,-76.47277778,,740149057,Unverified
USGS-0423401815,SALMON CREEK NEAR LUDLOWVILLE NY,42.5526111,-76.5338333,,740130237,Unverified
USGS-0423406130,SENECA RIVER AT FREE BRIDGE CORNERS NY,42.96292674,-76.7368961,,740241765,Unverified
USGS-04234254,GANARGUA CREEK AT MACEDON NY,43.0674722,-77.2982222,,740210846,Unverified
USGS-04234398,WEST RIVER AT MIDDLESEX NY,42.70466667,-77.2759167,,740134258,Unverified
USGS-04235000,CANANDAIGUA OUTLET AT CHAPIN NY,42.9182222,-77.23277778,,740221608,Unverified
USGS-04235250,FLINT CREEK AT PHELPS NY,42.95777778,-77.0680556,,740272676,Unverified
USGS-0423527080,CLYDE RIVER (ERIE CANAL) AT CLYDE NY,43.0825833,-76.87752778,,740282077,Unverified
USGS-04235299,OWASCO INLET BELOW AURORA STREET AT MORAVIA NY,42.7115833,-76.434,,740182644,Unverified
USGS-04235440,"OWASCO OUTLET AT GENESEE ST., AUBURN NY",42.93238889,-76.5635556,,740225640,Unverified
USGS-04235600,SENECA RIVER (ERIE CANAL) NEAR PORT BYRON NY,43.0786111,-76.6455556,,740286109,Unverified
USGS-04235890,GROUT BROOK NEAR FAIR HAVEN NY,42.74202778,-76.2653611,,,Unverified
USGS-04236800,SKANEATELES CREEK NEAR SKANEATELES JUNCTION NY,43.01488889,-76.47225,,740204129,Unverified
USGS-04237496,SENECA RIVER NEAR BALDWINSVILLE NY,43.1623333,-76.3626944,,740217561,Unverified
USGS-04239000,"ONONDAGA CREEK AT DORWIN AVENUE, SYRACUSE NY",42.9833333,-76.1508333,,740206821,Unverified
USGS-04240010,"ONONDAGA CREEK AT SPENCER STREET, SYRACUSE NY",43.05744444,-76.162,,740196064,Unverified
USGS-04242500,EAST BRANCH FISH CREEK AT TABERG NY,43.3011111,-75.6214722,,740239056,Unverified
USGS-04242640,FISH CREEK AT BECKS GROVE NY,43.25825,-75.61302778,,740233682,Unverified
USGS-04243500,ONEIDA CREEK AT ONEIDA NY,43.09755556,-75.6394167,,740209500,Unverified
USGS-04243783,COWASELON CREEK AT STATE ROUTE 13 AT CANASTOTA NY,43.0956111,-75.7512222,,740186652,Unverified
USGS-04244000,CHITTENANGO CREEK NEAR CHITTENANGO NY,43.02305556,-75.8586111,,740249828,Unverified
USGS-04245840,SCRIBA CREEK NEAR CONSTANTIA NY,43.25980556,-76.00277778,,740179922,Unverified
USGS-04247000,ONEIDA RIVER NEAR EUCLID NY,43.2053611,-76.21777778,,740261910,Unverified
USGS-04247055,OSWEGO RIVER NEAR PHOENIX NY,43.21116667,-76.2871111,,740265942,Unverified
USGS-04249000,"OSWEGO RIVER AT LOCK 7, OSWEGO NY",43.45166667,-76.50527778,,740239050,Unverified
USGS-04249200,NORTH BRANCH SALMON RIVER AT REDFIELD NY,43.5423611,-75.8139722,,740248448,Unverified
USGS-04250200,SALMON RIVER AT PINEVILLE NY,43.53119444,-76.0376944,,740173187,Unverified
USGS-04250750,SANDY CREEK NEAR ADAMS NY,43.81369444,-76.0744444,,740263217,Unverified
USGS-04252500,BLACK RIVER NEAR BOONVILLE NY,43.5116111,-75.30677778,,740220228,Unverified
USGS-04253294,"BUCK CREEK, SOUTH TRIBUTARY, NEAR INLET NY",43.74188889,-74.7109167,,,Unverified
USGS-04253295,"BUCK CREEK, NORTH TRIBUTARY, NEAR INLET NY",43.74369444,-74.7132222,,,Unverified
USGS-04253296,BUCK CREEK NEAR INLET NY,43.74402778,-74.7216667,,,Unverified
USGS-04256000,INDEPENDENCE RIVER AT DONNATTSBURG NY,43.74680556,-75.3334444,,740214835,Unverified
USGS-04258000,BEAVER RIVER AT CROGHAN NY,43.89716667,-75.40427778,,740333100,Unverified
USGS-04260500,BLACK RIVER AT WATERTOWN NY,43.9858333,-75.9246111,,740280680,Unverified
USGS-04262000,OSWEGATCHIE RIVER NEAR OSWEGATCHIE NY,44.22255556,-75.0743056,,740311577,Unverified
USGS-04262500,WEST BRANCH OSWEGATCHIE RIVER NEAR HARRISVILLE NY,44.18555556,-75.3308333,,740342492,Unverified
USGS-04263000,OSWEGATCHIE RIVER NEAR HEUVELTON NY,44.5994444,-75.37888889,,740449987,Unverified
USGS-04265432,GRASS RIVER AT CHASE MILLS NY,44.84652778,-75.0784444,,740345141,Unverified
USGS-04266500,RAQUETTE RIVER AT PIERCEFIELD NY,44.23466667,-74.5716667,,740303512,Unverified
USGS-04267500,RAQUETTE RIVER AT SOUTH COLTON NY,44.5098333,-74.8836111,,740267207,Unverified
USGS-04268000,RAQUETTE RIVER AT RAYMONDVILLE NY,44.83888889,-74.97888889,,740357236,Unverified
USGS-04268800,WEST BRANCH ST. REGIS RIVER NEAR PARISHVILLE NY,44.59875,-74.7372222,,740441924,Unverified
USGS-04269000,ST. REGIS RIVER AT BRASHER CENTER NY,44.8637222,-74.7786944,,740341109,Unverified
USGS-04270200,LITTLE SALMON RIVER AT BOMBAY NY,44.94,-74.5569444,,740296753,Unverified
USGS-04271500,GREAT CHAZY RIVER AT PERRY MILLS NY,44.9996111,-73.5020833,,740358571,Unverified
USGS-04271815,LITTLE CHAZY RIVER NEAR CHAZY NY,44.9022222,-73.415,,740299441,Unverified
USGS-04273500,SARANAC RIVER AT PLATTSBURGH NY,44.68166667,-73.4711111,,740385468,Unverified
USGS-04273700,SALMON RIVER AT SOUTH PLATTSBURGH NY,44.64016667,-73.49488889,,740316927,Unverified
USGS-04273800,LITTLE AUSABLE RIVER NEAR VALCOUR NY,44.59427778,-73.4963333,,740361282,Unverified
USGS-04274000,W BR AUSABLE R NR LAKE PLACID NY,44.3109722,-73.9156944,9528089,740372052,Unverified
USGS-04274185,WHITE BROOK NEAR WILMINGTON NY,44.392,-73.85738889,,,Unverified
USGS-04275000,EAST BRANCH AUSABLE RIVER AT AU SABLE FORKS NY,44.43738889,-73.6809722,,740363981,Unverified
USGS-04275500,AUSABLE RIVER NEAR AU SABLE FORKS NY,44.45175,-73.6426667,,740377420,Unverified
USGS-04276500,BOQUET RIVER AT WILLSBORO NY,44.3583333,-73.3944444,,740335762,Unverified
USGS-04280450,METTAWEE RIVER NEAR MIDDLE GRANVILLE NY,43.46394444,-73.2845,,740212166,Unverified
USGS-0204382800,"PASQUOTANK RIVER NEAR SOUTH MILLS, NC",36.42138889,-76.3425,,750119854,Unverified
USGS-02053200,"POTECASI CREEK NEAR UNION, NC",36.3708333,-77.0255556,8746117,750127551,Unverified
USGS-02053500,"AHOSKIE CREEK AT AHOSKIE, NC",36.28027778,-76.9994444,10461553,750143537,Unverified
USGS-02068500,"DAN RIVER NEAR FRANCISCO, NC",36.515,-80.3030556,8675313,750117483,Unverified
USGS-02069000,"DAN RIVER AT PINE HALL, NC",36.31930349,-80.0500424,8679473,750163073,Unverified
USGS-02070500,"MAYO RIVER NEAR PRICE, NC",36.53388889,-79.99138889,8673563,750120443,Unverified
USGS-02071000,"DAN RIVER NEAR WENTWORTH, NC",36.4125,-79.8261111,8677803,750144126,Unverified
USGS-02074000,"SMITH RIVER AT EDEN, NC",36.52555556,-79.7655556,8673565,750125771,Unverified
USGS-02077200,"HYCO CREEK NEAR LEASBURG, NC",36.39777778,-79.1966667,8701361,750126960,Unverified
USGS-02077303,"HYCO R BL ABAY D NR MCGEHEES MILL, NC",36.5227222,-78.9970556,8693577,750122219,Unverified
USGS-02077670,"MAYO CR NR BETHEL HILL, NC",36.5408333,-78.8719444,8693517,750109195,Unverified
USGS-02080500,"ROANOKE RIVER AT ROANOKE RAPIDS, NC",36.46,-77.6336111,10451598,750146492,Unverified
USGS-02081022,"ROANOKE RIVER NEAR OAK CITY, NC",36.0136111,-77.21527778,,750155385,Unverified
USGS-02081054,"ROANOKE RIVER AT WILLIAMSTON, NC",35.8597222,-77.04027778,,750169005,Unverified
USGS-0208111310,"CASHIE RIVER AT SR1257 NEAR WINDSOR, NC",36.04777778,-76.9841667,,750132887,Unverified
USGS-02081500,"TAR RIVER NEAR TAR RIVER, NC",36.19416667,-78.5830556,8760623,750141764,Unverified
USGS-02081747,"TAR R AT US 401 AT LOUISBURG, NC",36.09305556,-78.2961111,8759765,750136438,Unverified
USGS-02081942,"TAR RIVER AT NC-581 NEAR SPRING HOPE, NC",35.8820861,-78.08953889,8764333,750155388,Unverified
USGS-0208250410,"TAR RIVER BELOW DAM NEAR LANGLEY CROSSROADS, NC",35.89987728,-77.88414888,,750155980,Unverified
USGS-02082585,"TAR RIVER AT NC 97 AT ROCKY MOUNT, NC",35.9547222,-77.7872222,8762349,750146506,Unverified
USGS-02082950,"LITTLE FISHING CREEK NEAR WHITE OAK, NC",36.1833333,-77.8761111,10511316,750128739,Unverified
USGS-02083000,"FISHING CREEK NEAR ENFIELD, NC",36.15055556,-77.6930556,10510596,750149461,Unverified
USGS-02083500,"TAR RIVER AT TARBORO, NC",35.89444444,-77.5330556,3348563,750161900,Unverified
USGS-02084000,"TAR RIVER AT GREENVILLE, NC",35.61666667,-77.37277778,3350921,750177299,Unverified
USGS-02084557,"VAN SWAMP NEAR HOKE, NC",35.7308333,-76.7461111,933020167,,Unverified
USGS-02085000,"ENO RIVER AT HILLSBOROUGH, NC",36.0711111,-79.0955556,8780571,750124007,Unverified
USGS-02085070,"ENO RIVER NEAR DURHAM, NC",36.0722222,-78.9077778,8778383,750135847,Unverified
USGS-0208521324,"LITTLE RIVER AT SR1461 NEAR ORANGE FACTORY, NC",36.14166667,-78.9191667,,750122229,Unverified
USGS-0208524090,"MOUNTAIN CREEK AT SR1617 NR BAHAMA, NC",36.1497222,-78.8966667,,,Unverified
USGS-0208524975,"LITTLE R BL LITTLE R TRIB AT FAIRNTOSH, NC",36.1133333,-78.8597222,,750128742,Unverified
USGS-02085500,"FLAT RIVER AT BAHAMA, NC",36.18277778,-78.87888889,8778363,750127555,Unverified
USGS-02086500,"FLAT RIVER AT DAM NEAR BAHAMA, NC",36.1486111,-78.82888889,8777373,750127557,Unverified
USGS-02086624,"KNAP OF REEDS CREEK NEAR BUTNER, NC",36.12792215,-78.7983389,8777467,750113349,Unverified
USGS-0208675010,"ELLERBE CREEK AT CLUB BOULEVARD AT DURHAM, NC",36.01938889,-78.8947778,,750113353,Unverified
USGS-02086799,"GOOSE CREEK AT CAMDEN AVENUE AT DURHAM, NC",36.02455,-78.8605694,8778101,750053561,Unverified
USGS-02086849,"ELLERBE CREEK NEAR GORMAN, NC",36.05931106,-78.8325065,933020162,750133480,Unverified
USGS-02087183,"NEUSE RIVER NEAR FALLS, NC",35.94,-78.5808333,8782661,750151243,Unverified
USGS-0208726005,"CRABTREE CR AT EBENEZER CHURCH RD NR RALEIGH, NC",35.84527778,-78.7244444,,750158349,Unverified
USGS-02087275,"CRABTREE CREEK AT HWY 70 AT RALEIGH, NC",35.83805556,-78.6741667,8783339,750156574,Unverified
USGS-02087324,"CRABTREE CREEK AT US 1 AT RALEIGH, NC",35.8111111,-78.6108333,8783667,750158350,Unverified
USGS-0208732534,"PIGEON HOUSE CR AT CAMERON VILLAGE AT RALEIGH, NC",35.7875,-78.6547222,,,Unverified
USGS-0208732593,"PIGEON HOUSE CREEK AT FENTON STREET AT RALEIGH, NC",35.8029583,-78.6202528,,,Unverified
USGS-0208732885,"MARSH CREEK NEAR NEW HOPE, NC",35.81694444,-78.5930556,,,Unverified
USGS-02087337,"WALNUT CREEK AT BUCK JONES ROAD AT RALEIGH, NC",35.77295,-78.7369528,8783945,750130527,Unverified
USGS-0208734210,"WALNUT CREEK AT TRAILWOOD DRIVE AT RALEIGH, NC",35.76838889,-78.691,,750130527,Unverified
USGS-0208734795,"WALNUT CREEK AT SOUTH WILMINGTON ST AT RALEIGH, NC",35.75688889,-78.6406111,,750130527,Unverified
USGS-0208735012,"ROCKY BRANCH BELOW PULLEN ROAD AT RALEIGH, NC",35.78,-78.66638889,,,Unverified
USGS-02087359,"WALNUT CREEK AT SUNNYBROOK DRIVE NR RALEIGH, NC",35.7583333,-78.5830556,8784005,750144736,Unverified
USGS-02087500,"NEUSE RIVER NEAR CLAYTON, NC",35.6472222,-78.4052778,8786017,750182626,Unverified
USGS-02087570,"NEUSE RIVER AT SMITHFIELD, NC",35.5125,-78.3494444,,750165462,Unverified
USGS-02087580,"SWIFT CREEK NEAR APEX, NC",35.71888889,-78.7522222,8785997,750101521,Unverified
USGS-0208758850,"SWIFT CREEK NEAR MCCULLARS CROSSROADS, NC",35.6936111,-78.6922222,,750121057,Unverified
USGS-0208773375,"SWIFT CREEK AT SR1555 NEAR CLAYTON, NC",35.575,-78.4986111,,750146517,Unverified
USGS-02088000,"MIDDLE CREEK NEAR CLAYTON, NC",35.5708333,-78.5905556,8786045,750155397,Unverified
USGS-02088383,"LITTLE RIVER NEAR ZEBULON, NC",35.82194444,-78.3522222,8783531,750138222,Unverified
USGS-02088500,"LITTLE RIVER NEAR PRINCETON, NC",35.51138889,-78.1602778,8786063,750157765,Unverified
USGS-02089000,"NEUSE RIVER NEAR GOLDSBORO, NC",35.3375,-77.9975,11239411,750167835,Unverified
USGS-02089500,"NEUSE RIVER AT KINSTON, NC",35.25777778,-77.5855556,11239465,750164877,Unverified
USGS-02090380,"CONTENTNEA CREEK NEAR LUCAMA, NC",35.6911111,-78.1097222,11573494,750156577,Unverified
USGS-02090504,"CONTENTNEA CREEK NR BLACK CREEK, NC",35.66849178,-77.90887268,11572160,750171969,Unverified
USGS-02091000,"NAHUNTA SWAMP NEAR SHINE, NC",35.48888889,-77.8061111,11573918,750124023,Unverified
USGS-02091500,"CONTENTNEA CREEK AT HOOKERTON, NC",35.42888889,-77.5825,11574598,750151849,Unverified
USGS-02091814,"NEUSE RIVER NEAR FORT BARNWELL, NC",35.31388889,-77.30277778,11239241,750170204,Unverified
USGS-0209205053,"SWIFT CREEK AT HWY 43 NR STREETS FERRY, NC",35.2308333,-77.11388889,,750147118,Unverified
USGS-02092500,"TRENT RIVER NEAR TRENTON, NC",35.06416667,-77.46138889,10976591,750184420,Unverified
USGS-02092554,"TRENT R AT POLLOCKSVILLE, NC",35.01,-77.21888889,,750195668,Unverified
USGS-02093000,"NEW RIVER NEAR GUM BRANCH, NC",34.84916667,-77.5194444,10518518,750160744,Unverified
USGS-02093800,"REEDY FORK NEAR OAK RIDGE, NC",36.1725,-79.9527778,8890056,750102101,Unverified
USGS-02093877,"BRUSH CREEK AT MUIRFIELD RD AT GREENSBORO, NC",36.12805556,-79.92388889,8890414,,Unverified
USGS-0209399200,"HORSEPEN CREEK AT US 220 NR GREENSBORO, NC",36.13777778,-79.86,,750100918,Unverified
USGS-02094500,"REEDY FORK NEAR GIBSONVILLE, NC",36.17305556,-79.6141667,8890012,750155972,Unverified
USGS-02094659,"SOUTH BUFFALO CREEK NR POMONA, NC",36.04944444,-79.8552778,8890896,750036984,Unverified
USGS-02094770,"SOUTH BUFFALO CREEK AT US 220 AT GREENSBORO, NC",36.03805556,-79.7997222,8891014,750038168,Unverified
USGS-02094775,"RYAN CREEK BELOW US 220 AT GREENSBORO, NC",36.0311111,-79.7961111,8891056,750038168,Unverified
USGS-02095000,"SOUTH BUFFALO CR NEAR GREENSBORO, NC",36.06,-79.7258333,8891502,750115128,Unverified
USGS-02095181,"N BUFFALO CR AT WESTOVER TERRACE AT GREENSBORO, NC",36.07916667,-79.8127778,8890700,750032247,Unverified
USGS-02095271,"NORTH BUFFALO CREEK AT CHURCH ST AT GREENSBORO, NC",36.09777778,-79.7825,8890624,750032247,Unverified
USGS-02095500,"NORTH BUFFALO CREEK NEAR GREENSBORO, NC",36.12055556,-79.7080556,8891478,750103286,Unverified
USGS-0209553650,"BUFFALO CREEK AT SR2819 NR MCLEANSVILLE, NC",36.12805556,-79.6616667,,750124598,Unverified
USGS-02096500,"HAW RIVER AT HAW RIVER, NC",36.0872222,-79.3661111,8891488,750146502,Unverified
USGS-02096846,"CANE CREEK NEAR ORANGE GROVE, NC",35.9872222,-79.2061111,8895436,750044089,Unverified
USGS-02096960,"HAW RIVER NEAR BYNUM, NC",35.76527778,-79.1358333,8897934,750177295,Unverified
USGS-0209722970,"SANDY CREEK AT CORNWALLIS RD NEAR DURHAM, NC",35.9832222,-78.9568056,,750100922,Unverified
USGS-0209725960,"THIRD FORK CREEK AT M.L. KING PARKWAY AT DURHAM,NC",35.95118056,-78.9269417,,750048826,Unverified
USGS-02097280,"THIRD FORK CR AT WOODCROFT PARKWAY NR BLANDS, NC",35.92263889,-78.9524167,8894150,750099739,Unverified
USGS-02097314,"NEW HOPE CREEK NEAR BLANDS, NC",35.885,-78.9652778,8893722,750131116,Unverified
USGS-0209734440,"BOLIN CREEK AT VILLAGE DRIVE AT CHAPEL HILL, NC",35.92230556,-79.066,,750098555,Unverified
USGS-02097386,"BOOKER CREEK AT SR 1751 NEAR CHAPEL HILL, NC",35.9419972,-79.0490333,8895888,750098555,Unverified
USGS-0209741955,"NORTHEAST CREEK AT SR1100 NR GENLEE, NC",35.8722222,-78.9130556,,750099148,Unverified
USGS-02097464,"MORGAN CREEK NEAR WHITE CROSS, NC",35.9236111,-79.115,8896094,750118683,Unverified
USGS-02097517,"MORGAN CREEK NEAR CHAPEL HILL, NC",35.8933333,-79.0197222,8897336,750122236,Unverified
USGS-0209782609,"WHITE OAK CR AT MOUTH NEAR GREEN LEVEL, NC",35.76027778,-78.9202778,,750050607,Unverified
USGS-02098206,"HAW RIVER NEAR MONCURE, NC",35.6322222,-79.06,26325150,750185586,Unverified
USGS-02099000,"EAST FORK DEEP RIVER NEAR HIGH POINT, NC",36.0372222,-79.9455556,8866534,750101512,Unverified
USGS-02100500,"DEEP RIVER AT RAMSEUR, NC",35.72638889,-79.6555556,8870072,750166640,Unverified
USGS-0210166029,"ROCKY R AT SR1300 NR CRUTCHFIELD CROSSROADS, NC",35.80694444,-79.5275,,750106847,Unverified
USGS-02101726,"ROCKY R AT US 64 NEAR SILER CITY, NC",35.73514055,-79.4230754,8869974,750161904,Unverified
USGS-02101800,"TICK CREEK NEAR MOUNT VERNON SPRINGS, NC",35.6597222,-79.4016667,8872070,750132306,Unverified
USGS-02102000,"DEEP RIVER AT MONCURE, NC",35.62694444,-79.1161111,8872370,750167827,Unverified
USGS-02102192,"BUCKHORN CREEK NR CORINTH, NC",35.5597222,-78.9736111,8842705,750140597,Unverified
USGS-02102500,"CAPE FEAR RIVER AT LILLINGTON, NC",35.4061111,-78.8133333,8846907,750158361,Unverified
USGS-02102907,"LITTLE RIVER NEAR MOUNT PLEASANT, NC",35.1924083,-79.1839556,8849809,750131135,Unverified
USGS-02102908,"FLAT CREEK NEAR INVERNESS, NC",35.18277778,-79.1775,8849951,,Unverified
USGS-02103000,"LITTLE RIVER AT MANCHESTER, NC",35.1933333,-78.9855556,8846189,750145343,Unverified
USGS-0210307880,"TANK CREEK AT REILLY ROAD AT FORT BRAGG, NC",35.1807111,-79.0015194,,750109823,Unverified
USGS-02103770,"CROSS CREEK AT LANGDON STREET AT FAYETTEVILLE, NC",35.07980556,-78.8882222,8846583,750137650,Unverified
USGS-0210382325,"CROSS CREEK AT BLUE STREET AT FAYETTEVILLE, NC",35.06456389,-78.8906778,,750138242,Unverified
USGS-0210398250,BLOUNTS CREEK AT WINSLOW STREET AT FAYETTEVILLE NC,35.04430278,-78.8901611,,750071939,Unverified
USGS-02104000,"CAPE FEAR RIVER AT FAYETTEVILLE, NC",35.0497222,-78.85638889,8847219,750194483,Unverified
USGS-02104220,"ROCKFISH CREEK AT RAEFORD, NC",34.9997222,-79.2147222,8853165,750189748,Unverified
USGS-02105500,"CAPE FEAR R AT WILM O HUSKE LOCK NR TARHEEL, NC",34.83555556,-78.8236111,8831710,750203960,Unverified
USGS-02105769,"CAPE FEAR R AT LOCK 1 NR KELLY, NC",34.40444444,-78.2936111,8834930,750245411,Unverified
USGS-02106500,"BLACK RIVER NEAR TOMAHAWK, NC",34.755,-78.2886111,8816187,750212251,Unverified
USGS-02108000,"NORTHEAST CAPE FEAR RIVER NEAR CHINQUAPIN, NC",34.82888889,-77.8322222,10525935,750212249,Unverified
USGS-02108566,"NORTHEAST CAPE FEAR R NR BURGAW, NC",34.5983333,-77.8752778,,750241854,Unverified
USGS-02109500,"WACCAMAW RIVER AT FREELAND, NC",34.095,-78.5483333,9064270,750276204,Unverified
USGS-02111000,"YADKIN RIVER AT PATTERSON, NC",35.9908333,-81.5583333,9253266,750122232,Unverified
USGS-02111180,"ELK CREEK AT ELKVILLE, NC",36.07138889,-81.4030556,9251726,750118086,Unverified
USGS-0211139110,"YADKIN RIVER BL W KERR SCOTT DAM NEAR BUCK, NC",36.1361111,-81.2233333,,750133478,Unverified
USGS-02111500,"REDDIES RIVER AT NORTH WILKESBORO, NC",36.175,-81.16888889,9250814,750132292,Unverified
USGS-02112000,"YADKIN RIVER AT WILKESBORO, NC",36.1525,-81.1455556,9250904,750144133,Unverified
USGS-02112250,"YADKIN RIVER AT ELKIN, NC",36.24103889,-80.8491,9249426,750137619,Unverified
USGS-02113850,"ARARAT RIVER AT ARARAT, NC",36.40438889,-80.5616944,9245516,750135838,Unverified
USGS-02114450,"LITTLE YADKIN RIVER AT DALTON, NC",36.29916667,-80.4147222,9246384,750118673,Unverified
USGS-02115360,"YADKIN RIVER AT ENON, NC",36.1328861,-80.445275,9249606,750147094,Unverified
USGS-02116500,"YADKIN RIVER AT YADKIN COLLEGE, NC",35.85666667,-80.3869444,9252852,750166637,Unverified
USGS-02118000,"SOUTH YADKIN RIVER NEAR MOCKSVILLE, NC",35.845,-80.65888889,9235493,750162493,Unverified
USGS-02118500,"HUNTING CREEK NEAR HARMONY, NC",36.00055556,-80.7455556,9233605,750139993,Unverified
USGS-02120780,"SECOND CREEK NEAR BARBER, NC",35.7176083,-80.596075,9236229,750132897,Unverified
USGS-02121500,"ABBOTTS CREEK AT LEXINGTON, NC",35.80694444,-80.2347222,9223419,750149470,Unverified
USGS-02123500,"UWHARRIE RIVER NEAR ELDORADO, NC",35.43147778,-80.01663889,9224643,750164280,Unverified
USGS-02123629,"LITTLE MOUNTAIN CREEK AT NC HWY 740 AT BADIN, NC",35.4006083,-80.1228806,9211564,,Unverified
USGS-0212378405,"PEE DEE R AT HWY731 BL LK TILLERY NR NORWOOD, NC",35.20066667,-80.0618056,,750161327,Unverified
USGS-0212393300,"W. BR ROCKY R B MTH OF S PRONG R NR CORNELIUS, NC",35.46777778,-80.7902778,,750119879,Unverified
USGS-02124080,"CLARKE CREEK NEAR HARRISBURG, NC",35.41416667,-80.7519444,9203161,750103897,Unverified
USGS-0212414900,"MALLARD CR BL STONY CR NR HARRISBURG, NC",35.33277778,-80.7158333,,750128171,Unverified
USGS-0212419274,"CODDLE CR AT SR 1612 NEAR DAVIDSON, NC",35.50388889,-80.73638889,,750103302,Unverified
USGS-02124269,"BACK CR AT SR1173 NEAR HARRISBURG, NC",35.30916667,-80.6736111,9202493,750030492,Unverified
USGS-0212427947,"REEDY CREEK AT SR 2803 NR CHARLOTTE, NC",35.25634444,-80.7006944,,750111597,Unverified
USGS-0212430293,"REEDY CREEK BELOW I-485 NR PINE RIDGE, NC",35.2586111,-80.6627778,,750112189,Unverified
USGS-0212430653,"MCKEE CREEK AT SR2804 NR WILGROVE, NC",35.25388889,-80.6480556,,,Unverified
USGS-0212433550,"ROCKY R AB IRISH BUFFALO CR NR ROCKY RIVER, NC",35.32166667,-80.5408333,,750155403,Unverified
USGS-0212466000,"CLEAR CREEK AT SR3181 NR MINT HILL, NC",35.2083333,-80.58,,750116926,Unverified
USGS-0212467451,"GOOSE CR AT SR1524 NEAR INDIAN TRAIL, NC",35.13152778,-80.63225,,750033456,Unverified
USGS-0212467595,"GOOSE CREEK AT SR1525 NR INDIAN TRAIL, NC",35.125,-80.6027778,,750033456,Unverified
USGS-02126000,"ROCKY RIVER NEAR NORWOOD, NC",35.1569972,-80.1657722,9202827,750157184,Unverified
USGS-02128000,"LITTLE RIVER NEAR STAR, NC",35.3872222,-79.83138889,9210446,750150666,Unverified
USGS-02129000,"PEE DEE R NR ROCKINGHAM, NC",34.9458333,-79.8697222,9167976,750211653,Unverified
USGS-02132320,"BIG SHOE HEEL CREEK NR LAURINBURG, NC",34.75055556,-79.3866667,9110346,750187978,Unverified
USGS-02133500,"DROWNING CREEK NEAR HOFFMAN, NC",35.0611111,-79.49388889,9125942,750151266,Unverified
USGS-02133624,"LUMBER RIVER NEAR MAXTON, NC",34.77277778,-79.3319444,9130612,750214025,Unverified
USGS-02134170,"LUMBER RIVER AT LUMBERTON, NC",34.62027778,-79.0111111,9129886,750245998,Unverified
USGS-02134480,"BIG SWAMP NR TAR HEEL, NC",34.71027778,-78.83638889,9127910,750199819,Unverified
USGS-02134500,"LUMBER RIVER AT BOARDMAN, NC",34.4425,-78.9602778,9131716,750238899,Unverified
USGS-02137727,"CATAWBA R NR PLEASANT GARDENS, NC",35.6858333,-82.0602778,9754776,750157762,Unverified
USGS-02138500,"LINVILLE RIVER NEAR NEBO, NC",35.79555556,-81.8911111,9753828,750152431,Unverified
USGS-02138520,"CATAWBA R AT SR1223 BL LK JAMES NR BRIDGEWATER, NC",35.74125,-81.8352528,9752982,750160720,Unverified
USGS-02138816,"OLD CATAWBA R BL CATAWBA DAM NEAR BRIDGEWATER, NC",35.7344861,-81.887375,9753070,750168416,Unverified
USGS-02140991,"JOHNS RIVER AT ARNEYS STORE, NC",35.8336111,-81.7119444,9752476,750160125,Unverified
USGS-0214183365,"UPPER LITTLE R AT SR1740 AT PETRA MILLS, NC",35.842025,-81.3613778,,750122829,Unverified
USGS-0214192500,"MIDDLE LITTLE R AT MORETZ DAM NR BETHLEHEM, NC",35.8447361,-81.2794972,,750134076,Unverified
USGS-0214196125,"CATAWBA RIVER AT NC HIGHWAY 16 NR MILLERSVILLE, NC",35.8218972,-81.1903833,,750166046,Unverified
USGS-02142000,"LOWER LITTLE RIVER NR ALL HEALING SPRINGS, NC",35.94555556,-81.2369444,9753760,750095594,Unverified
USGS-0214244102,"CATAWBA RIVER BL LOOKOUT SHOALS DAM NR SHARON, NC",35.75719444,-81.08915,,750175519,Unverified
USGS-02142654,"MCDOWELL CREEK NR HUNTERSVILLE, NC",35.40694444,-80.8905556,9755364,750022792,Unverified
USGS-0214265808,"TORRENCE CR AT BRADFORD HILL LN NR HUNTERSVLLE, NC",35.4036111,-80.8827778,,750017465,Unverified
USGS-0214265828,"MCDOWELL CR TRIB AT SR2131 NR HICKS CROSSROADS, NC",35.40178889,-80.9175194,,,Unverified
USGS-0214266000,"MCDOWELL CREEK NR CHARLOTTE, NC CSW10",35.38971389,-80.921,,750105674,Unverified
USGS-0214266080,"GAR CREEK AT SR2074 NR CROFT, NC",35.36138889,-80.8975,,,Unverified
USGS-0214269560,"KILLIAN CREEK NEAR MARIPOSA, NC",35.43416667,-81.03,,750149480,Unverified
USGS-02142900,"LONG CREEK NEAR PAW CREEK, NC",35.3286111,-80.9097222,9755474,750110411,Unverified
USGS-02142914,"GUM BRANCH NEAR THRIFT, NC",35.29944444,-80.94638889,9755434,,Unverified
USGS-0214291555,"LONG CREEK NR RHYNE, NC",35.30055556,-80.9727778,,750118700,Unverified
USGS-0214295600,"PAW CR AT WILKINSON BLVD NR CHARLOTTE, NC",35.24027778,-80.9744444,,750025757,Unverified
USGS-0214297160,"BEAVERDAM CREEK AB WINDY GAP ROAD NR SHOPTON, NC",35.1697222,-80.9877778,,,Unverified
USGS-02143000,"HENRY FORK NEAR HENRY RIVER, NC",35.68444444,-81.4033333,9745124,750125794,Unverified
USGS-02143040,"JACOB FORK AT RAMSEY, NC",35.59055556,-81.5669444,9745600,750125796,Unverified
USGS-02143500,"INDIAN CREEK NEAR LABORATORY, NC",35.42055556,-81.2652778,9747390,750138233,Unverified
USGS-02144000,"LONG CREEK NEAR BESSEMER CITY, NC",35.30638889,-81.2347222,9747396,750116924,Unverified
USGS-02145000,"SOUTH FORK CATAWBA RIVER AT LOWELL, NC",35.28527778,-81.1011111,9747440,750162508,Unverified
USGS-02145268,"DUHARTS CREEK AT SR 2439 NEAR CRAMERTON, NC",35.2475,-81.0976722,9747398,750103310,Unverified
USGS-02146211,"IRWIN CR AT STATESVILLE AVE AT CHARLOTTE, NC",35.26194444,-80.8369444,9731248,750100941,Unverified
USGS-0214627970,"STEWART CREEK AT STATE ST AT CHARLOTTE, NC",35.24027778,-80.8683333,,750027533,Unverified
USGS-02146285,"STEWART CREEK AT WEST MOREHEAD ST AT CHARLOTTE, NC",35.2283333,-80.8691667,9731264,750027533,Unverified
USGS-02146300,"IRWIN CREEK NEAR CHARLOTTE, NC",35.19777778,-80.9044444,9731482,750124030,Unverified
USGS-02146315,"TAGGART CREEK AT WEST BOULEVARD NR CHARLOTTE, NC",35.20666667,-80.9219444,9731272,,Unverified
USGS-02146348,"COFFEY CREEK NR CHARLOTTE, NC",35.1458333,-80.9269444,9731300,,Unverified
USGS-02146381,"SUGAR CREEK AT NC 51 NEAR PINEVILLE, NC",35.0908333,-80.8994444,9731328,750153041,Unverified
USGS-02146409,"LTL SUGAR CR AT MEDICAL CENTER DR AT CHARLOTTE, NC",35.2036111,-80.8369444,9731486,750029309,Unverified
USGS-0214642825,"BRIAR CREEK NEAR CHARLOTTE, NC",35.2361111,-80.7711111,,750104494,Unverified
USGS-0214643820,"EDWARDS BRANCH AT SHEFFIELD DR AT CHARLOTTE, NC",35.2033333,-80.7722222,,,Unverified
USGS-0214645022,"BRIAR CR ABOVE COLONY RD AT CHARLOTTE, NC",35.17527778,-80.8308333,,750114559,Unverified
USGS-02146470,"LITTLE HOPE CR AT SENECA PLACE AT CHARLOTTE, NC",35.16444444,-80.8530556,9731488,750029309,Unverified
USGS-02146507,"LITTLE SUGAR C AT ARCHDALE DR AT CHARLOTTE, NC",35.14805556,-80.8577778,9731296,750125808,Unverified
USGS-02146530,"LITTLE SUGAR CREEK AT PINEVILLE, NC",35.08527778,-80.8822222,9731340,750125808,Unverified
USGS-0214655255,"MCALPINE CREEK AT SR3150 NR IDLEWILD, NC",35.1758333,-80.7191667,,750026943,Unverified
USGS-02146562,"CAMPBELL CREEK NR CHARLOTTE, NC",35.18666667,-80.7366667,9731286,,Unverified
USGS-0214657975,"IRVINS CREEK AT SR3168 NR CHARLOTTE, NC",35.1586111,-80.7133333,,750095616,Unverified
USGS-02146600,"MCALPINE CR AT SARDIS ROAD NEAR CHARLOTTE, NC",35.13777778,-80.7675,9731500,750114560,Unverified
USGS-02146670,"FOUR MILE CREEK NEAR PINEVILLE, NC",35.07694444,-80.8225,9731342,750119298,Unverified
USGS-02146700,"MCMULLEN CR AT SHARON VIEW RD NEAR CHARLOTTE, NC",35.1408333,-80.82,9731494,,Unverified
USGS-02146750,"MCALPINE CR BELOW MCMULLEN CR NR PINEVILLE, NC",35.0664972,-80.86985,9731398,750158962,Unverified
USGS-0214678175,"STEELE CREEK AT SR1441 NR PINEVILLE, NC",35.105,-80.9536111,,,Unverified
USGS-0214685800,"SIX MILE CREEK NEAR PINEVILLE, NC",35.01035556,-80.8285417,,750117523,Unverified
USGS-02149000,"COVE CREEK NEAR LAKE LURE, NC",35.4233333,-82.1116667,12036581,750157176,Unverified
USGS-02150495,"SECOND BROAD RIVER NR LOGAN, NC",35.40444444,-81.8725,12034371,750142969,Unverified
USGS-02151500,"BROAD RIVER NEAR BOILING SPRINGS, NC",35.2108333,-81.6975,12035543,750159550,Unverified
USGS-02152100,"FIRST BROAD RIVER NEAR CASAR, NC",35.4929722,-81.6822778,12034181,750128758,Unverified
USGS-02152474,"FIRST BROAD RIVER AT LAWNDALE, NC",35.41527778,-81.5616667,12034339,750141193,Unverified
USGS-0215329875,"BUFFALO CREEK BL MOSS LAKE DAM NR OAK GROVE, NC",35.2753611,-81.45595,,750144156,Unverified
USGS-03161000,"SOUTH FORK NEW RIVER NEAR JEFFERSON, NC",36.3933333,-81.4069444,6892192,760631745,Unverified
USGS-03439000,"FRENCH BROAD RIVER AT ROSMAN, NC",35.1433333,-82.8247222,22165090,760462113,Unverified
USGS-03441000,"DAVIDSON RIVER NEAR BREVARD, NC",35.27305556,-82.7058333,22164500,760505365,Unverified
USGS-03443000,"FRENCH BROAD RIVER AT BLANTYRE, NC",35.29916667,-82.62388889,22164302,760558615,Unverified
USGS-03446000,"MILLS RIVER NEAR MILLS RIVER, NC",35.39805556,-82.595,22163718,760558605,Unverified
USGS-0344632850,"MUD CREEK AT SECONDARY ROAD 1503 NEAR BALFOUR, NC",35.335,-82.4636111,,760483730,Unverified
USGS-03447687,"FRENCH BROAD RIVER NEAR FLETCHER, NC",35.42916667,-82.5525,22163560,760563595,Unverified
USGS-0344878100,"HOMINY CREEK NR WEST ASHEVILLE, NC",35.56138889,-82.5969444,,760625152,Unverified
USGS-0344894205,"NORTH FORK SWANNANOA RIVER NEAR WALKERTOWN, NC",35.68569444,-82.3324167,,760390518,Unverified
USGS-03450000,"BEETREE CREEK NEAR SWANNANOA, NC",35.65305556,-82.4052778,22161670,,Unverified
USGS-03451000,"SWANNANOA RIVER AT BILTMORE, NC",35.5683333,-82.5447222,22161688,760605184,Unverified
USGS-03451500,"FRENCH BROAD RIVER AT ASHEVILLE, NC",35.60888889,-82.5780556,22162094,760585214,Unverified
USGS-03453000,"IVY RIVER NEAR MARSHALL, NC",35.7697222,-82.6208333,22161598,760645105,Unverified
USGS-03453500,"FRENCH BROAD RIVER AT MARSHALL, NC",35.78638889,-82.6608333,22161966,760603504,Unverified
USGS-03454500,"FRENCH BROAD RIVER AT HOT SPRINGS, NC",35.88991667,-82.821,22161878,760546920,Unverified
USGS-03455500,"W F PIGEON R ABOVE LAKE LOGAN NR HAZELWOOD, NC",35.3961111,-82.9375,22152669,760418831,Unverified
USGS-0345577330,"WEST FORK PIGEON RIVER NEAR RETREAT, NC",35.42666667,-82.9197222,,760478733,Unverified
USGS-03456100,"WEST FORK PIGEON RIVER AT BETHEL, NC",35.46388889,-82.9,22152441,760483722,Unverified
USGS-03456500,"EAST FORK PIGEON RIVER NEAR CANTON, NC",35.46166667,-82.8697222,22152435,760518664,Unverified
USGS-03456991,"PIGEON RIVER NEAR CANTON, NC",35.52194444,-82.8480556,22150285,760480388,Unverified
USGS-03459500,"PIGEON RIVER NEAR HEPCO, NC",35.635,-82.99,22150419,760545275,Unverified
USGS-03460000,"CATALOOCHEE CREEK NEAR CATALOOCHEE, NC",35.6672222,-83.0727778,22151401,760505338,Unverified
USGS-03460795,"PIGEON R BL POWER PLANT NR WATERVILLE, NC",35.7836111,-83.1119444,22151067,760591856,Unverified
USGS-03463300,"SOUTH TOE RIVER NEAR CELO, NC",35.83138889,-82.1841667,19490270,760540268,Unverified
USGS-03479000,"WATAUGA RIVER NEAR SUGAR GROVE, NC",36.23916667,-81.8222222,19743834,760528589,Unverified
USGS-0347927162,"BUCKEYE CR ABOVE BUCKEYE LAKE NEAR CANNON GAP, NC",36.21742778,-81.9081222,,,Unverified
USGS-0347927164,"BUCKEYE CR BELOW BUCKEYE LAKE NEAR CANNON GAP, NC",36.2200083,-81.9076056,,,Unverified
USGS-03500000,"LITTLE TENNESSEE RIVER NEAR PRENTISS, NC",35.15,-83.3797222,19736555,760485409,Unverified
USGS-0350011450,"CARTOOGECHAYE CREEK AT SR 1148 NEAR FRANKLIN, NC",35.15776944,-83.4243694,,760457119,Unverified
USGS-03503000,"LITTLE TENNESSEE RIVER AT NEEDMORE, NC",35.33638889,-83.5269444,19736737,760571922,Unverified
USGS-03504000,"NANTAHALA RIVER NEAR RAINBOW SPRINGS, NC",35.1275,-83.6186111,19736561,760510370,Unverified
USGS-03505550,"NANTAHALA RIVER NEAR HEWITT, NC",35.305,-83.6522222,19735407,760558614,Unverified
USGS-03508050,"TUCKASEGEE RIVER AT SR 1172 NR CULLOWHEE, NC",35.28777778,-83.14388889,19730552,760505367,Unverified
USGS-03510577,"TUCKASEGEE RIVER AT BARKER'S CREEK, NC",35.38444444,-83.2916667,19729930,760525326,Unverified
USGS-03512000,"OCONALUFTEE RIVER AT BIRDTOWN, NC",35.46138889,-83.3536111,19730510,760561928,Unverified
USGS-03513000,"TUCKASEGEE RIVER AT BRYSON CITY, NC",35.4275,-83.4469444,19730694,760563594,Unverified
USGS-0351706800,"CHEOAH RIVER NR BEARPEN GAP NR TAPOCO, NC",35.4383333,-83.91888889,,760538635,Unverified
USGS-03550000,"VALLEY RIVER AT TOMOTLA, NC",35.13888889,-83.9805556,19674799,760495392,Unverified
USGS-05051500,"RED RIVER OF THE NORTH AT WAHPETON, ND",46.26607,-96.5986848,6668523,730035769,Unverified
USGS-0505152130,"RED RIVER OF THE NORTH AT ENLOE, ND",46.49888889,-96.7388889,,730031909,Unverified
USGS-05051522,"RED RIVER OF THE NORTH AT HICKSON, ND",46.65968548,-96.7959154,6667943,730034456,Unverified
USGS-05051600,"WILD RICE RIVER NR RUTLAND, ND",46.0221855,-97.511485,6675856,730028109,Unverified
USGS-05052000,"WILD RICE RIVER NEAR MANTADOR, ND",46.17245926,-97.0106403,6675628,730033216,Unverified
USGS-05052500,"ANTELOPE CREEK AT DWIGHT, ND",46.31134769,-96.7345217,6676348,730037046,Unverified
USGS-05053000,"WILD RICE RIVER NR ABERCROMBIE, ND",46.4705168,-96.7823018,6676032,730033191,Unverified
USGS-05053500,"WILD RICE RIVER NR ST BENEDICT, ND",46.7169444,-96.8205556,6672216,730042129,Unverified
USGS-05054000,"RED RIVER OF THE NORTH AT FARGO, ND",46.861075,-96.7836924,6667867,730042119,Unverified
USGS-05054500,"SHEYENNE RIVER ABOVE HARVEY, ND",47.7027775,-99.9490145,14278458,730117569,Unverified
USGS-05055300,"SHEYENNE R AB DEVILS LK STATE OUTLET NR FLORA, ND",47.90777778,-99.4155556,14278290,730185386,Unverified
USGS-05055400,"SHEYENNE R BL DEVILS LK STATE OUTLET NR BREMEN, ND",47.82138889,-99.2761111,14278496,730149553,Unverified
USGS-05056000,"SHEYENNE RIVER NR WARWICK, ND",47.8055534,-98.7162172,14267516,730171315,Unverified
USGS-05056060,"MAUVAIS COULEE TRIB NO. 3 NR CANDO, ND",48.4575008,-99.2243037,14294007,730190457,Unverified
USGS-05056100,"MAUVAIS COULEE NR CANDO, ND",48.4480588,-99.1026354,14293805,730242935,Unverified
USGS-05056200,"EDMORE COULEE NR EDMORE, ND",48.33667157,-98.6603958,14299851,730223749,Unverified
USGS-05056215,"EDMORE COULEE TRIB NR WEBSTER, ND",48.2663928,-98.6809499,14299781,730208395,Unverified
USGS-05056239,"STARKWEATHER COULEE NR WEBSTER, ND",48.3205591,-98.9406851,14299757,730196870,Unverified
USGS-05056340,"LITTLE COULEE NR LEEDS, ND",48.2433322,-99.3729125,14293899,730186637,Unverified
USGS-05056678,"TOLNA COULEE NEAR TOLNA, ND",47.8608333,-98.4944444,14267476,,Unverified
USGS-05056770,"SHEYENNE RIVER AT CO RD 20 NR. KLOTEN, ND",47.6868222,-98.1304194,14267710,730143165,Unverified
USGS-05057000,"SHEYENNE RIVER NR COOPERSTOWN, ND",47.43277097,-98.0275954,14269180,730052305,Unverified
USGS-05057200,"BALDHILL CREEK NR DAZEY, ND",47.2291562,-98.1248189,14269214,730039523,Unverified
USGS-05058000,"SHEYENNE RIVER BELOW BALDHILL DAM, ND",47.0338718,-98.0837077,14824943,730029300,Unverified
USGS-05058500,"SHEYENNE RIVER AT VALLEY CITY, ND",46.91555556,-98.0105556,14826925,730043392,Unverified
USGS-05058700,"SHEYENNE RIVER AT LISBON, ND",46.4469123,-97.6792652,14828615,730039592,Unverified
USGS-05058980,"SHEYENNE RIVER ON GOL ROAD NEAR KINDRED, ND",46.60305556,-97.0322222,,730040861,Unverified
USGS-05059000,"SHEYENNE RIVER NEAR KINDRED, ND",46.63163288,-97.000643,14828113,730040861,Unverified
USGS-05059300,"SHEYENNE R AB SHEYENNE R DIVERSION NR HORACE, ND",46.74638889,-96.9269444,14828151,730040847,Unverified
USGS-05059310,"SHEYENNE RIVER DIVERSION NR HORACE, ND",46.7516335,-96.9261978,14828151,730040847,Unverified
USGS-05059480,"SHEYENNE RIVER DIVERSION AT WEST FARGO, ND",46.8910787,-96.916751,14828145,730038274,Unverified
USGS-05059500,"SHEYENNE RIVER AT WEST FARGO, ND",46.8910784,-96.9070286,14828149,730030598,Unverified
USGS-05059600,"MAPLE RIVER NR HOPE, ND",47.32498855,-97.7906537,14251875,730028001,Unverified
USGS-05059700,"MAPLE RIVER NR ENDERLIN, ND",46.6216388,-97.5739851,14254647,730039578,Unverified
USGS-05059715,"MAPLE RIVER ABOVE MAPLE RIVER DAM NR SHELDON, ND",46.6848611,-97.4584167,14254591,730034452,Unverified
USGS-05060000,"MAPLE RIVER NR MAPLETON, ND",46.8660826,-97.106477,14254205,730051077,Unverified
USGS-05060100,"MAPLE RIVER BL MAPLETON, ND",46.9052487,-97.052587,14254079,730052354,Unverified
USGS-05060400,"SHEYENNE RIVER AT HARWOOD, ND",46.97746739,-96.8917491,14828143,730035711,Unverified
USGS-05060500,"RUSH RIVER AT AMENIA, ND",47.0166413,-97.214254,909020972,730038261,Unverified
USGS-05064500,"RED RIVER OF THE NORTH AT HALSTAD, MN",47.351918,-96.843691,6696830,730058715,Unverified
USGS-05065500,"GOOSE RIVER NEAR PORTLAND, ND",47.5377646,-97.453424,14144081,730076615,Unverified
USGS-05066500,"GOOSE RIVER AT HILLSBORO, ND",47.40942385,-97.0611974,14145053,730068949,Unverified
USGS-05070000,"RED RIVER OF THE NORTH NEAR THOMPSON, ND",47.7588646,-96.9439684,9398544,730163640,Unverified
USGS-05082500,"RED RIVER OF THE NORTH AT GRAND FORKS, ND",47.9269234,-97.0292435,9398232,730182825,Unverified
USGS-05082625,"TURTLE RIVER AT TURTLE R STATE PARK NR ARVILLA, ND",47.9319336,-97.5145305,14440046,730140584,Unverified
USGS-05084000,"FOREST RIVER NR FORDVILLE, ND",48.1972148,-97.7306431,14434913,730193042,Unverified
USGS-05085000,"FOREST RIVER AT MINTO, ND",48.286099,-97.3700763,14434345,730204554,Unverified
USGS-05089995,"PARK RIVER DIVERSION AT GRAFTON,ND",48.4351944,-97.4152222,14428870,,Unverified
USGS-05090000,"PARK RIVER AT GRAFTON, ND",48.4247108,-97.412023,14428870,730209661,Unverified
USGS-05092000,"RED RIVER OF THE NORTH AT DRAYTON, ND",48.5722064,-97.1475697,7077522,730227571,Unverified
USGS-05099400,"LITTLE SOUTH PEMBINA RIVER NR WALHALLA, ND",48.86527259,-98.0059317,14415263,730260826,Unverified
USGS-05099600,"PEMBINA RIVER AT WALHALLA, ND",48.9133284,-97.9170369,14416271,730290261,Unverified
USGS-05100000,"PEMBINA RIVER AT NECHE, ND",48.9897138,-97.5570221,14416871,,Unverified
USGS-05101000,"TONGUE RIVER AT AKRA, ND",48.77832786,-97.746759,14416705,730230111,Unverified
USGS-05113600,"LONG CREEK NEAR NOONAN, ND",48.98106266,-103.076709,14042845,730235214,Unverified
USGS-05114000,"SOURIS RIVER NEAR SHERWOOD, ND",48.98995719,-101.9583348,14046345,730255690,Unverified
USGS-05116000,"SOURIS RIVER NR FOXHOLM, ND",48.3722357,-101.5054414,14049217,730237824,Unverified
USGS-05116150,"DES LACS RIVER NEAR KENMARE, ND",48.58967728,-101.9974985,14182140,730236527,Unverified
USGS-05116500,"DES LACS RIVER AT FOXHOLM, ND",48.37056947,-101.5701633,14186076,730214786,Unverified
USGS-05117500,"SOURIS RIVER ABOVE MINOT, ND",48.2457899,-101.371361,14049227,730208397,Unverified
USGS-05119410,"BONNES COULEE NEAR VELVA, ND",48.058342,-100.9504287,14050281,730173855,Unverified
USGS-05120000,"SOURIS RIVER NR VERENDRYE, ND",48.15972928,-100.7295863,14172523,730200725,Unverified
USGS-05120500,"WINTERING RIVER NEAR KARLSRUHE, ND",48.1382932,-100.5399409,14172539,730191768,Unverified
USGS-05122000,"SOURIS RIVER NR BANTRY, ND",48.50555109,-100.4348534,14169775,730203256,Unverified
USGS-05123400,"WILLOW CREEK NEAR WILLOW CITY, ND",48.5877399,-100.4416083,14156742,730226285,Unverified
USGS-05123510,"DEEP RIVER NEAR UPHAM, ND",48.58412696,-100.8627348,14150206,730210928,Unverified
USGS-05124000,"SOURIS RIVER NR WESTHOPE, ND",48.9964079,-100.9584889,939010254,730249293,Unverified
USGS-06331000,"LITTLE MUDDY RIVER BL COW CREEK NR WILLISTON, ND",48.2844683,-103.5729718,14586327,760278068,Unverified
USGS-06331680,"TOBACCO GARDEN CREEK NEAR WATFORD CITY, ND",47.99244695,-103.1664229,21536942,760278090,Unverified
USGS-06332000,"WHITE EARTH RIVER AT WHITE EARTH, ND",48.37555556,-102.7672222,21533084,760309677,Unverified
USGS-06332190,"WHITE EARTH RIVER ABOVE MOUTH NEAR MANITOU, ND",48.21188056,-102.7797361,21534354,760306361,Unverified
USGS-06332515,"BEAR DEN CREEK NEAR MANDAREE, ND",47.78717057,-102.7686286,21539242,760314715,Unverified
USGS-06332523,"E. FORK SHELL CREEK NR PARSHALL, ND",47.94862396,-102.214893,21538554,760329677,Unverified
USGS-06332770,"DEEPWATER CREEK AT MOUTH NR RAUB, ND",47.73778499,-102.1076687,21539336,760379614,Unverified
USGS-06335500,"LITTLE MISSOURI RIVER AT MARMARTH, ND",46.29777778,-103.9175,14571638,760487885,Unverified
USGS-06335750,"DEEP CREEK NEAR AMIDON, ND",46.57638889,-103.5580556,14569114,760469559,Unverified
USGS-06336000,"LITTLE MISSOURI RIVER AT MEDORA, ND",46.9180722,-103.5303444,14567692,760434588,Unverified
USGS-06336600,"BEAVER CREEK NR TROTTERS, ND",47.16307028,-103.9927057,13466672,760496138,Unverified
USGS-06337000,"LITTLE MISSOURI RIVER NR WATFORD CITY, ND",47.59140556,-103.2526667,14469321,760462824,Unverified
USGS-06337200,"CHERRY CREEK ON STATE HIGHWAY 23 NEAR SCHAFER, ND",47.8051944,-103.1759944,14467809,760289752,Unverified
USGS-06339100,"KNIFE RIVER AT MANNING, ND",47.2361259,-102.7699074,16247217,760401285,Unverified
USGS-06339200,"CROOKED CREEK NEAR EMERSON, ND",47.1825833,-102.6044444,16247387,760474506,Unverified
USGS-06339500,"KNIFE RIVER NEAR GOLDEN VALLEY, ND",47.1543948,-102.0599856,16247437,760424587,Unverified
USGS-06340000,"SPRING CREEK AT ZAP, ND",47.2861188,-101.925726,16249787,760414591,Unverified
USGS-06340010,"KNIFE RIVER NEAR BEULAH, ND",47.25388889,-101.7855556,16248877,760467843,Unverified
USGS-06340500,"KNIFE RIVER AT HAZEN, ND",47.2852816,-101.6221093,16249791,760412928,Unverified
USGS-06342260,"SQUARE BUTTE CREEK BELOW CENTER, ND",47.05749409,-101.1957001,14519511,760426258,Unverified
USGS-06342450,"BURNT CREEK NEAR BISMARCK, ND",46.91495565,-100.813828,14523345,760409628,Unverified
USGS-06342500,"MISSOURI RIVER AT BISMARCK, ND",46.81416667,-100.8213889,14523623,760517796,Unverified
USGS-06343000,"HEART RIVER NR SOUTH HEART, ND",46.86556675,-102.9485116,16235445,760419616,Unverified
USGS-06344600,"GREEN RIVER NEAR NEW HRADEC, ND",47.0277231,-103.0533527,16233369,760384660,Unverified
USGS-06345500,"HEART RIVER NR RICHARDTON, ND",46.74555556,-102.3083333,16236093,760521130,Unverified
USGS-06345780,"HEART R AB LAKE TSCHIDA NR GLEN ULLIN, ND",46.6569506,-102.0793279,16236583,760427952,Unverified
USGS-06347000,"ANTELOPE CREEK NR CARSON, ND",46.5452839,-101.6454228,16224323,760426299,Unverified
USGS-06347500,"BIG MUDDY CREEK NEAR ALMONT, ND",46.69444606,-101.4673665,16224859,760431278,Unverified
USGS-06348300,"HEART RIVER AT STARK BRIDGE NEAR JUDSON, ND",46.7033333,-101.2136111,16223819,760383021,Unverified
USGS-06348500,"SWEETBRIAR CREEK NEAR JUDSON, ND",46.85106476,-101.2532875,16224753,760447905,Unverified
USGS-06349000,"HEART RIVER NR MANDAN, ND",46.8338827,-100.9745789,16225429,760441251,Unverified
USGS-06349500,"APPLE CREEK NR MENOKEN, ND",46.79443787,-100.6573459,14682302,760496164,Unverified
USGS-06349600,"HAY CREEK AT MAIN AVENUE AT BISMARCK, ND",46.80717809,-100.734102,14681826,760373026,Unverified
USGS-06350000,"CANNONBALL RIVER AT REGENT, ND",46.42667116,-102.5518303,16213178,760494529,Unverified
USGS-06351200,"CANNONBALL RIVER NEAR RALEIGH, ND",46.12689745,-101.3332835,16214760,760624345,Unverified
USGS-06352000,"CEDAR CREEK NR HAYNES, ND",46.15528136,-102.4757133,21860180,760544471,Unverified
USGS-06353000,"CEDAR CREEK NR RALEIGH, ND",46.09166988,-101.333742,21861216,760577756,Unverified
USGS-06354000,"CANNONBALL RIVER AT BREIEN, ND",46.3761111,-100.9344444,16203752,760526150,Unverified
USGS-06354050,"CANNONBALL RIVER AT SOLEN, ND",46.39055556,-100.7998333,16203720,760524485,Unverified
USGS-06354480,"SOUTH BRANCH BEAVER CREEK NEAR ZEELAND, ND",46.11388889,-99.8369444,14668901,760529497,Unverified
USGS-06354580,"BEAVER CREEK BELOW LINTON, ND",46.2685687,-100.2526914,14665387,760534478,Unverified
USGS-06354815,"PORCUPINE CREEK NEAR FORT YATES, ND",46.19328885,-100.751875,14485464,760501204,Unverified
USGS-06354890,"NORTH FORK GRAND RIVER ABOVE BOWMAN-HALEY LAKE, ND",45.9524438,-103.3069613,21849679,760569447,Unverified
USGS-06354980,"SPRING CREEK NEAR HALEY, ND",46.0177216,-103.2919615,21848339,760517857,Unverified
USGS-06468170,"JAMES RIVER NR GRACE CITY, ND",47.5580525,-98.862885,12570210,760379627,Unverified
USGS-06468250,"JAMES RIVER ABOVE ARROWWOOD LAKE NR KENSAL, ND",47.3997189,-98.7976057,12576056,760437878,Unverified
USGS-06469400,"PIPESTEM CREEK NEAR PINGREE, ND",47.1674635,-98.9690423,11500082,760437897,Unverified
USGS-06469500,"PIPESTEM CREEK NEAR BUCHANAN, ND",47.0663814,-98.918998,11500144,760461201,Unverified
USGS-06470000,"JAMES RIVER AT JAMESTOWN, ND",46.8897222,-98.6816667,11463132,760464543,Unverified
USGS-06470500,"JAMES RIVER AT LAMOURE, ND",46.35552489,-98.3045433,11468954,760519494,Unverified
USGS-06470800,"BEAR CREEK NEAR OAKES, ND",46.22524359,-98.0717809,11468868,760486224,Unverified
USGS-06470878,JAMES RIVER AT ND-SD STATE LINE,45.9363579,-98.1742692,11473846,760642663,Unverified
USGS-06471200,MAPLE RIVER AT ND-SD STATE LINE,45.93886156,-98.4526004,11446137,760559462,Unverified
USGS-03086500,Mahoning River at Alliance OH,40.93283615,-81.0945413,,760589798,Unverified
USGS-03090500,Mahoning River bl Berlin Dam nr Berlin Center OH,41.0483912,-81.0012032,13156389,760598111,Unverified
USGS-03091500,Mahoning River at Pricetown OH,41.1314461,-80.9712018,13154265,760604762,Unverified
USGS-03092090,West Branch Mahoning River near Ravenna OH,41.16144549,-81.1970453,13156217,760473299,Unverified
USGS-03092460,West Branch Mahoning River at Wayland OH,41.15700127,-81.0717621,13156205,760488278,Unverified
USGS-03093000,Eagle Creek at Phalanx Station OH,41.26116735,-80.9542569,13154221,760428364,Unverified
USGS-03094000,Mahoning River at Leavittsburg OH,41.23922335,-80.880642,13154725,760549839,Unverified
USGS-03094704,Mosquito Creek near Greene Center OH,41.48305556,-80.7461111,13154163,,Unverified
USGS-03095500,Mosquito Creek bl Mosquito Ck Dam nr Cortland OH,41.29977898,-80.7584141,13153121,760448329,Unverified
USGS-03098600,Mahoning River above West Ave at Youngstown OH,41.10527778,-80.6655556,13153643,760681305,Unverified
USGS-03098700,Crab Creek at Youngstown OH,41.11172469,-80.6353523,,760368470,Unverified
USGS-03099500,Mahoning River at Lowellville OH,41.03672598,-80.5361815,13154299,760643038,Unverified
USGS-03102950,Pymatuning Creek at Kinsman OH,41.44283235,-80.58812999,,,Unverified
USGS-03109500,Little Beaver Creek near East Liverpool OH,40.6758974,-80.5406244,3819547,760584823,Unverified
USGS-03110000,Yellow Creek near Hammondsville OH,40.53784235,-80.7250777,3820543,760661382,Unverified
USGS-03111500,Short Creek near Dillonvale OH,40.19340427,-80.7342482,19453023,760694685,Unverified
USGS-03111548,Wheeling Creek below Blaine OH,40.0670164,-80.8084198,19452479,760623143,Unverified
USGS-03113990,Captina Creek at S.R. 148 at Armstrongs Mills OH,39.9067395,-80.9359288,19454103,760626484,Unverified
USGS-03114306,"OHIO RIVER ABOVE SARDIS, OH",39.63027778,-80.8747222,15429794,760744649,Unverified
USGS-03115400,Little Muskingum River at Bloomfield OH,39.5631294,-81.2037236,15431680,760678095,Unverified
USGS-03115644,East Fork Duck Creek near Harrietsville OH,39.6128833,-81.371975,15431096,760581578,Unverified
USGS-03115712,West Fork Duck Creek at Macksburg OH,39.63160556,-81.4608333,15431000,760616521,Unverified
USGS-03115786,Duck Creek below Whipple OH,39.50888889,-81.4230556,15431824,760659794,Unverified
USGS-03115917,Tuscarawas River above Barberton OH,41.02,-81.5602778,19386588,,Unverified
USGS-03116000,Tuscarawas River at Clinton OH,40.9278334,-81.6326245,19387736,760606437,Unverified
USGS-03116077,Chippewa Creek at Miller Rd at Sterling OH,40.96638889,-81.8505556,19387554,760481635,Unverified
USGS-03116196,Chippewa Creek above Easton OH,40.95805556,-81.7630556,19387568,760543204,Unverified
USGS-03117000,Tuscarawas River at Massillon OH,40.7875,-81.5230556,19388350,760589809,Unverified
USGS-03117500,Sandy Creek at Waynesburg OH,40.6725609,-81.2598308,19388778,760651386,Unverified
USGS-03118000,Middle Branch Nimishillen Creek at Canton OH,40.84144709,-81.3537229,19388196,760556525,Unverified
USGS-03118500,Nimishillen Creek at North Industry OH,40.7497222,-81.3694444,19389766,760634738,Unverified
USGS-03120500,McGuire Creek near Leesville OH,40.47034258,-81.196493,19392430,760493321,Unverified
USGS-03121500,Indian Fork bl Atwood Dam near New Cumberland OH,40.52534188,-81.2881642,19390010,760599813,Unverified
USGS-03122500,Tuscarawas River below Dover Dam near Dover OH,40.5297862,-81.4298369,,760659713,Unverified
USGS-03124000,Sugar Creek bl Beach City Dam near Beach City OH,40.6356165,-81.5528993,,760639741,Unverified
USGS-03124500,Sugar Creek at Strasburg OH,40.5875624,-81.523175,19389138,760702976,Unverified
USGS-03124800,Tuscarawas River at New Philadelphia OH,40.4808984,-81.4481707,19392708,760751240,Unverified
USGS-03125338,Stillwater Creek above Piedmont Lake OH,40.08416667,-81.1272222,19392654,760445097,Unverified
USGS-03125900,Boggs Fork at Piedmont OH,40.19451235,-81.2095508,19392614,760606495,Unverified
USGS-03126000,Stillwater Creek at Piedmont OH,40.1947901,-81.2153844,19392614,760606495,Unverified
USGS-03126910,Brushy Fork near Tippecanoe OH,40.2661111,-81.2841667,19391932,760707994,Unverified
USGS-03127000,Stillwater Creek at Tippecanoe OH,40.2703451,-81.2903866,19392546,760691353,Unverified
USGS-03128500,Little Stillwater Creek bl Tappan Dam at Tappan OH,40.3570105,-81.2301062,19392488,760604818,Unverified
USGS-03129000,Tuscarawas River at Newcomerstown OH,40.2614593,-81.6090097,19392918,760737945,Unverified
USGS-03129197,Black Fork Mohican River at Shelby OH,40.8811111,-82.6597222,15409409,760543210,Unverified
USGS-03130000,Black Fork below Charles Mill Dam near Mifflin OH,40.7378353,-82.36321869,,760649717,Unverified
USGS-03130647,Touby Run at W 6th St at Mansfield OH,40.76527778,-82.5180556,15409983,760491635,Unverified
USGS-03131122,Rocky Fork at Lucas OH,40.7036111,-82.4144444,,760594805,Unverified
USGS-03131500,Black Fork at Loudonville OH,40.63589367,-82.2393259,,760641403,Unverified
USGS-03131965,Cedar Fork above Bellville OH,40.61777778,-82.5897222,,760455038,Unverified
USGS-03131982,Clear Fork Mohican River at Bellville OH,40.6233333,-82.5111111,,760546558,Unverified
USGS-03133500,Clear Fork bl Pleasant Hill Dam nr Perrysville OH,40.6203379,-82.3243284,,760666364,Unverified
USGS-03135000,Lake Fork bl Mohicanville Dam near Mohicanville OH,40.72339156,-82.1548767,,760563188,Unverified
USGS-03136500,Kokosing River at Mount Vernon OH,40.4056175,-82.4998854,15401606,760653070,Unverified
USGS-03138500,Walhonding River below Mohawk Dam at Nellie OH,40.34145696,-82.0654213,,760776211,Unverified
USGS-03139000,Killbuck Creek at Killbuck OH,40.48145387,-81.985979,15399982,760739592,Unverified
USGS-03140000,Mill Creek near Coshocton OH,40.36284598,-81.8623563,15400312,760579857,Unverified
USGS-03140500,Muskingum River near Coshocton OH,40.24840465,-81.872909,15379381,760766234,Unverified
USGS-03141500,Seneca Fork bl Senecaville Dam near Senecaville OH,39.92451624,-81.4378966,15373634,760584883,Unverified
USGS-03141870,Leatherwood Creek near Kipling OH,39.99007179,-81.4956758,15372674,760543278,Unverified
USGS-03142000,Wills Creek at Cambridge OH,40.01451644,-81.5870674,15371560,760656428,Unverified
USGS-03143500,Wills Creek bl Wills Creek Dam at Wills Creek OH,40.15951555,-81.8473527,,760694690,Unverified
USGS-03144000,Wakatomika Creek near Frazeysburg OH,40.1197222,-82.13638889,15380081,760616483,Unverified
USGS-03144500,Muskingum River at Dresden OH,40.12034687,-81.9995802,15380191,760721316,Unverified
USGS-03144816,South Fork Licking River at Kirkersville OH,39.9636111,-82.5986111,15365423,760626480,Unverified
USGS-03145000,South Fork Licking River near Hebron OH,39.988675,-82.47487789,15365291,760579886,Unverified
USGS-03145173,South Fork Licking River at Heath OH,40.0375,-82.4133333,15363573,760614827,Unverified
USGS-03145483,Raccoon Creek near Granville OH,40.06888889,-82.5516667,15363353,760624808,Unverified
USGS-03145534,Raccoon Cr. bl. Wilson Street at Newark OH,40.0525,-82.41138889,15363491,760653096,Unverified
USGS-03146000,North Fork Licking River at Utica OH,40.22978675,-82.454881,15362745,760646425,Unverified
USGS-03146277,North Fork Licking River at Newark OH,40.0872222,-82.4108333,,760638117,Unverified
USGS-03146402,N. Fk. Licking River at E. Main St. at Newark OH,40.05944444,-82.39638889,15363451,760671400,Unverified
USGS-03146405,"North Fork Licking River at Ohio Street, Newark OH",40.05388889,-82.3922222,,760671400,Unverified
USGS-03146500,Licking River near Newark OH,40.05923245,-82.3395948,15363885,760573225,Unverified
USGS-03147500,Licking River bl Dillon Dam near Dillon Falls OH,39.98840049,-82.0804166,,760699693,Unverified
USGS-03149500,Salt Creek near Chandlersville OH,39.9086814,-81.8604105,15380941,760616499,Unverified
USGS-03150000,Muskingum River at McConnelsville OH,39.6450711,-81.8498578,15383167,760761287,Unverified
USGS-03150500,Muskingum River at Beverly OH,39.5450731,-81.6404066,15383319,760696400,Unverified
USGS-03156400,Hocking River at Lancaster OH,39.70673098,-82.6007184,15418113,760534980,Unverified
USGS-03157000,Clear Creek near Rockbridge OH,39.5883982,-82.5784946,15419467,760546636,Unverified
USGS-03157500,Hocking River at Enterprise OH,39.5650661,-82.4746008,15419475,760669773,Unverified
USGS-03159500,Hocking River at Athens OH,39.32896188,-82.0876439,15421121,760704737,Unverified
USGS-03159540,Shade River near Chester OH,39.06368935,-81.8818024,19440277,760666485,Unverified
USGS-03202000,Raccoon Creek at Adamsville OH,38.8736111,-82.3558333,3368258,760721410,Unverified
USGS-03205470,Symmes Creek at Aid OH,38.59619126,-82.495157,3369272,760708119,Unverified
USGS-03216070,"OHIO RIVER AT IRONTON, OH",38.53205556,-82.6859444,935090016,760701470,Unverified
USGS-03217424,Scioto River at Kenton OH,40.64444444,-83.6136111,5212083,760651388,Unverified
USGS-03217500,Scioto River at La Rue OH,40.57194444,-83.3841667,5211705,760694656,Unverified
USGS-03219500,Scioto River near Prospect OH,40.4195042,-83.1971372,5215353,760702987,Unverified
USGS-03219781,Mill Creek above Marysville OH,40.25694444,-83.39,5215423,760578200,Unverified
USGS-03220000,Mill Creek near Bellepoint OH,40.24839457,-83.1738026,5214699,760712986,Unverified
USGS-03221000,Scioto River below O'Shaughnessy Dam nr Dublin OH,40.14339564,-83.1204664,,760698018,Unverified
USGS-03221646,Scioto River at 5th Ave at Columbus OH,39.98916667,-83.0677778,5218149,760726317,Unverified
USGS-03223000,Olentangy River at Claridon OH,40.58283738,-82.9887969,,760619777,Unverified
USGS-03223425,Whetstone Creek at Mt Gilead OH,40.5489487,-82.8212902,5210827,760614787,Unverified
USGS-03225500,Olentangy River near Delaware OH,40.35506096,-83.0671318,5214379,760704656,Unverified
USGS-03226800,Olentangy River near Worthington OH,40.110341,-83.0318515,5215055,760701348,Unverified
USGS-03227107,Olentangy River at J H Herrick Dr at Columbus OH,39.99777778,-83.0236111,5218153,760716333,Unverified
USGS-03227500,Scioto River at Columbus OH,39.9095084,-83.0090724,5218167,760686387,Unverified
USGS-03228300,Big Walnut Creek at Sunbury OH,40.2361735,-82.8512892,5213097,760563227,Unverified
USGS-03228500,Big Walnut Creek at Central College OH,40.1036745,-82.8840675,5213261,760581537,Unverified
USGS-03228689,Blacklick Creek near Pickerington OH,39.92888889,-82.7925,5216439,760581554,Unverified
USGS-03228750,Alum Creek near Kilbourne OH,40.35672806,-82.9215704,5212897,760561554,Unverified
USGS-03228805,Alum Creek at Africa OH,40.18228495,-82.9615711,5213149,760659742,Unverified
USGS-03229000,Alum Creek at Columbus OH,39.94506415,-82.9410138,5217097,760613166,Unverified
USGS-03229500,Big Walnut Creek at Rees OH,39.85673038,-82.9571255,5217115,760693047,Unverified
USGS-03229610,Scioto River near Commercial Point OH,39.77422977,-83.0076834,5218213,760718014,Unverified
USGS-03229796,Walnut Creek at Ashville OH,39.71089625,-82.96295889,5217005,760724676,Unverified
USGS-03230310,Little Darby Creek at West Jefferson OH,39.9511729,-83.26936009,5217611,760606511,Unverified
USGS-03230427,Clover Groff Ditch below Alton OH,39.94444444,-83.1761111,5217585,760514993,Unverified
USGS-03230450,Hellbranch Run near Harrisburg OH,39.8478333,-83.1573333,5217811,,Unverified
USGS-03230500,Big Darby Creek at Darbyville OH,39.7006176,-83.110187,5218143,760752964,Unverified
USGS-03230700,Scioto River at Circleville OH,39.60145128,-82.9551804,3483129,760724683,Unverified
USGS-03230800,Deer Creek at Mount Sterling OH,39.7150611,-83.2571369,3483935,760661443,Unverified
USGS-03230900,Deer Creek near Pancoastburg OH,39.6206174,-83.2129682,,760666442,Unverified
USGS-03231000,Deer Creek at Williamsport OH,39.58589537,-83.122687,,760634827,Unverified
USGS-03231500,Scioto River at Chillicothe OH,39.34145297,-82.9710126,3486865,760738016,Unverified
USGS-03232000,Paint Creek near Greenfield OH,39.3792304,-83.3754706,5231986,760703068,Unverified
USGS-03232470,Paint Creek near Bainbridge OH,39.25228728,-83.3493577,,,Unverified
USGS-03232500,Rocky Fork near Barretts Mills OH,39.21839888,-83.3854695,5233206,760536681,Unverified
USGS-03234000,Paint Creek near Bourneville OH,39.2636763,-83.16685208,5233256,760668134,Unverified
USGS-03234300,Paint Creek at Chillicothe OH,39.3203421,-82.9782349,5231404,760643170,Unverified
USGS-03234500,Scioto River at Higby OH,39.21228934,-82.8637854,3486931,760634857,Unverified
USGS-03237020,Scioto River at Piketon OH,39.07006954,-83.0196224,3488041,760738034,Unverified
USGS-03237280,Upper Twin Creek at McGaw OH,38.64368745,-83.21573648,1920776,760500116,Unverified
USGS-03237500,Ohio Brush Creek near West Union OH,38.8036838,-83.4210226,1919636,760664840,Unverified
USGS-03238495,White Oak Creek above Georgetown OH,38.9197222,-83.9283333,1918988,760673151,Unverified
USGS-03240000,Little Miami River near Oldtown OH,39.74839296,-83.9313196,3931398,760659776,Unverified
USGS-03241500,Massies Creek at Wilberforce OH,39.72238889,-83.8823056,3930910,760584898,Unverified
USGS-03244936,O'Bannon Creek near Loveland OH,39.2647812,-84.2327142,3935804,760566629,Unverified
USGS-03245500,Little Miami River at Milford OH,39.17144887,-84.2979933,25243939,760746347,Unverified
USGS-03246500,East Fork Little Miami River at Williamsburg OH,39.05256455,-84.0504885,3935574,760708085,Unverified
USGS-03247500,East Fork Little Miami River at Perintown OH,39.13700548,-84.2379918,3935066,760678127,Unverified
USGS-03255349,Mill Creek at East Sharon Rd at Sharonville OH,39.26944444,-84.4319444,3404925,760564965,Unverified
USGS-03255420,Mill Creek at Evendale OH,39.2545024,-84.4257749,3404931,760576614,Unverified
USGS-03255500,Mill Creek at Reading OH,39.2206139,-84.4468864,,760614887,Unverified
USGS-03259000,Mill Creek at Carthage OH,39.2019722,-84.4712778,3405071,760626538,Unverified
USGS-03260706,Bokengehalas Creek at De Graff OH,40.31116317,-83.9124371,3981308,760636433,Unverified
USGS-03261500,Great Miami River at Sidney OH,40.2869942,-84.149943,3983110,760619799,Unverified
USGS-03261950,Loramie Creek near Newport OH,40.30699246,-84.3838383,3984740,760693011,Unverified
USGS-03262000,Loramie Creek at Lockington OH,40.21449409,-84.2441116,3984508,760786205,Unverified
USGS-03262500,Great Miami River at Piqua OH,40.1508844,-84.2288333,3984696,760648097,Unverified
USGS-03262700,Great Miami River at Troy OH,40.03055556,-84.1872222,3984712,760717992,Unverified
USGS-03263000,Great Miami River at Taylorsville OH,39.87450176,-84.16188479,3986312,760661430,Unverified
USGS-03264000,Greenville Creek near Bradford OH,40.1022723,-84.4299498,3983862,760643109,Unverified
USGS-03265000,Stillwater River at Pleasant Hill OH,40.05782925,-84.3560589,3984094,760618153,Unverified
USGS-03266000,Stillwater River at Englewood OH,39.87033349,-84.2860557,3986322,760706356,Unverified
USGS-03266560,Mad River at West Liberty OH - 03266560,40.25227718,-83.749655,3982120,760591513,Unverified
USGS-03267000,Mad River near Urbana OH,40.1075575,-83.7990978,3981712,760611491,Unverified
USGS-03267900,Mad River at St Paris Pike at Eagle City OH,39.9642265,-83.8315962,3985518,760721328,Unverified
USGS-03269500,Mad River near Springfield OH,39.92311527,-83.8702081,3985316,760450098,Unverified
USGS-03269817,Mad River at State Route 235 near Fairborn OH,39.84311438,-84.0504914,3986374,760626489,Unverified
USGS-03270000,Mad River near Dayton OH,39.79728106,-84.088548,3986460,760649787,Unverified
USGS-03270500,Great Miami River at Dayton OH,39.7653365,-84.1974405,3883698,760714687,Unverified
USGS-03271000,Wolf Creek at Dayton OH,39.76672525,-84.2366086,3882066,760583230,Unverified
USGS-03271300,Holes Creek near Kettering OH,39.6542259,-84.1957722,3882442,760425160,Unverified
USGS-03271500,Great Miami River at Miamisburg OH,39.6445028,-84.2896639,3883750,760683080,Unverified
USGS-03271620,Great Miami River at Franklin OH,39.563114,-84.3049408,3883918,760686414,Unverified
USGS-03272000,Twin Creek near Germantown OH,39.6378342,-84.403834,3883632,760661447,Unverified
USGS-03272100,Great Miami River at Middletown OH,39.5198861,-84.4126778,3883848,760733010,Unverified
USGS-03272700,Sevenmile Creek at Camden OH,39.6292196,-84.6443964,3882696,760638153,Unverified
USGS-03274000,Great Miami River at Hamilton OH,39.3911674,-84.572169,3885878,760734682,Unverified
USGS-03322485,Beaver Creek near Celina OH,40.5347222,-84.57638889,18507740,760579844,Unverified
USGS-04177000,"Ottawa River at University of Toledo, Toledo OH",41.65968056,-83.6125472,13167914,740111475,Unverified
USGS-04177266,"WEST BRANCH ST. JOSEPH RIVER NR NETTLE LAKE, OH",41.68334819,-84.6699172,,740087277,Unverified
USGS-04178000,St Joseph River near Newville IN,41.38560609,-84.8016259,15678101,740119554,Unverified
USGS-04180988,St. Marys River at Rockford OH,40.69476968,-84.6466254,15672195,740032237,Unverified
USGS-04181049,St Marys River at Walcot Street at Willshire OH,40.74888889,-84.7891667,15672743,740034922,Unverified
USGS-04183500,Maumee River at Antwerp OH,41.19893889,-84.7444033,15669979,740089998,Unverified
USGS-04183979,Platter Creek near Sherwood OH,41.26694444,-84.5919444,15666995,740077897,Unverified
USGS-04184500,Bean Creek at Powers OH,41.6594951,-84.2491148,15662144,740115503,Unverified
USGS-04185000,Tiffin River at Stryker OH,41.50449567,-84.4296719,15662050,740114172,Unverified
USGS-04185318,Tiffin River near Evansport OH,41.3825,-84.4161111,15662798,740099393,Unverified
USGS-04185440,Unnamed Tributary to Lost Creek near Farmer OH,41.3617172,-84.6910667,15662946,740071172,Unverified
USGS-04185935,Auglaize River near Kossuth OH,40.6858333,-84.2655556,15652757,740051054,Unverified
USGS-04186500,Auglaize River near Fort Jennings OH,40.9486617,-84.266059,15651789,740044319,Unverified
USGS-04187100,Ottawa River at Lima OH,40.7247729,-84.1263371,15653137,740037609,Unverified
USGS-04188100,Ottawa River near Kalida OH,40.9903287,-84.2266132,15651637,740061787,Unverified
USGS-04188252,Shallow Run nr Dunkirk OH,40.76138889,-83.5952778,15645546,740044328,Unverified
USGS-04188324,Potato Run near Wharton OH,40.86555556,-83.49138889,15645354,740030883,Unverified
USGS-04188337,Blanchard River below Mt. Blanchard OH,40.9244986,-83.5571508,15645168,740038943,Unverified
USGS-04188400,Blanchard River above Findlay OH,41.0339426,-83.5793742,15644350,740087320,Unverified
USGS-04188433,Lye Creek above Findlay OH,40.9825539,-83.5857631,15645044,740077913,Unverified
USGS-04188496,Eagle Creek above Findlay OH,40.9792203,-83.6532653,15647198,740057758,Unverified
USGS-04189000,Blanchard River near Findlay OH,41.05588646,-83.6879889,15644224,740068503,Unverified
USGS-04189131,Blanchard River at Gilboa OH,41.01527778,-83.91888889,15644396,740098073,Unverified
USGS-04189174,Riley Creek below Pandora OH,40.97305556,-83.97638889,15645174,740048352,Unverified
USGS-04189260,Blanchard River at Ottawa OH,41.0169962,-84.0468889,15644820,740104793,Unverified
USGS-04190000,Blanchard River near Dupont OH,41.0414393,-84.2268905,15644764,740102104,Unverified
USGS-04191058,Little Auglaize River at Melrose OH,41.09194444,-84.4075,15649577,740077909,Unverified
USGS-04191378,Flatrock Creek at State Route 613 near Payne OH,41.09166667,-84.6930556,,740076565,Unverified
USGS-04191444,Little Flatrock Creek near Junction OH,41.18555556,-84.4955556,15650217,740060431,Unverified
USGS-04191500,Auglaize River near Defiance OH,41.23754895,-84.3991137,15650317,740075212,Unverified
USGS-04192500,Maumee River near Defiance OH,41.2919928,-84.2810573,15640871,740095368,Unverified
USGS-04192574,West Creek near Hamler OH,41.26194444,-84.0366667,15637581,,Unverified
USGS-04192599,South Turkeyfoot Creek near Shunk OH,41.35638889,-84.0508333,15637321,740091334,Unverified
USGS-04192695,Bad Creek near Delta OH,41.59666667,-84.0230556,,740099382,Unverified
USGS-04193500,Maumee River at Waterville OH,41.5000526,-83.7127145,15634673,740119549,Unverified
USGS-04193994,Ai Creek near Swanton OH,41.5825,-83.8611111,,740087287,Unverified
USGS-04193997,Blue Creek near Whitehouse OH,41.52694444,-83.7808333,,740081916,Unverified
USGS-04193999,Wolf Creek at Holland OH,41.60944444,-83.6841667,15633989,740100726,Unverified
USGS-04195500,Portage River at Woodville OH,41.449496,-83.3613156,15626425,740108799,Unverified
USGS-04195820,Portage River near Elmore OH,41.49116178,-83.2246454,15628121,740111485,Unverified
USGS-04196000,Sandusky River near Bucyrus OH,40.80366875,-83.00574369,15614242,740048356,Unverified
USGS-04196500,Sandusky River near Upper Sandusky OH,40.85061194,-83.2563084,15614706,740051043,Unverified
USGS-04196800,Tymochtee Creek at Crawford OH,40.9228332,-83.3488116,15613832,740040287,Unverified
USGS-04197100,Honey Creek at Melmore OH,41.022278,-83.1096382,15612400,740090009,Unverified
USGS-04197137,Sandusky River at Tiffin OH,41.11416667,-83.1797222,15612776,740092692,Unverified
USGS-04197152,Rock Creek near Republic OH,41.10166667,-83.05388889,15612278,,Unverified
USGS-04197170,Rock Creek at Tiffin OH,41.1136659,-83.1682521,15612196,,Unverified
USGS-04197277,Wolf Creek near Kansas OH,41.21388889,-83.2941667,,740064461,Unverified
USGS-04198000,Sandusky River near Fremont OH,41.3078307,-83.1588088,15612718,740094024,Unverified
USGS-04199000,Huron River at Milan OH,41.3008852,-82.6082326,15605384,740084616,Unverified
USGS-04199155,Old Woman Creek at Berlin Rd near Huron OH,41.34838289,-82.51378249,15604094,740075206,Unverified
USGS-04199500,Vermilion River near Vermilion OH,41.38199,-82.3168273,15605376,740106116,Unverified
USGS-04200500,Black River at Elyria OH,41.38032368,-82.10459279,15597503,740110148,Unverified
USGS-04201400,West Branch Rocky River at West View OH,41.3508833,-81.9031933,15594731,740069834,Unverified
USGS-04201404,Baker Creek at Olmsted Falls OH,41.35088339,-81.9001376,15594783,740063111,Unverified
USGS-04201409,Unnamed Tributary to W B Rocky R near Berea OH,41.3508333,-81.8861111,15594767,,Unverified
USGS-04201423,Plum Creek near Olmsted Falls OH,41.3586111,-81.92138889,15595507,740088644,Unverified
USGS-04201429,Unnamed Trib to W B Rocky R near Olmsted Falls OH,41.3833333,-81.9094444,15594719,,Unverified
USGS-04201484,East Branch Rocky River near Strongsville OH,41.33444444,-81.8347222,15595509,740079239,Unverified
USGS-04201495,Baldwin Creek at Strongsville OH,41.34949577,-81.8256901,15594723,,Unverified
USGS-04201500,Rocky River near Berea OH,41.4075483,-81.88263759,15594647,740118210,Unverified
USGS-04201526,Abram Creek at Kolthoff Drive at Brook Park OH,41.39305556,-81.8502778,15594685,,Unverified
USGS-04202000,Cuyahoga River at Hiram Rapids OH,41.3406103,-81.1667664,15587398,740098054,Unverified
USGS-04203900,Cuyahoga River at Cuyahoga Falls OH,41.13916667,-81.4797222,15588140,740080594,Unverified
USGS-04203983,Cuyahoga R at Gorge Metro Pk at Cuyahoga Falls OH,41.12305556,-81.4972222,15588740,740080594,Unverified
USGS-04204066,Cuyahoga R at Cuyahoga St below Cuyahoga Falls OH,41.1172222,-81.5252778,15588508,740080594,Unverified
USGS-04206000,Cuyahoga River at Old Portage OH,41.1356112,-81.5470622,15588498,740079251,Unverified
USGS-04206413,Indian Creek near Macedonia OH,41.30305556,-81.5133333,15587472,740049672,Unverified
USGS-04206416,Brandywine Creek near Macedonia OH,41.29416667,-81.5208333,15588412,740055048,Unverified
USGS-04206425,Cuyahoga River at Jaite OH,41.28894396,-81.56511929,15587526,740103433,Unverified
USGS-04206439,Chippewa Creek at Broadview Heights OH,41.32416667,-81.6719444,15587340,740053703,Unverified
USGS-04206448,Chippewa Ck in Chippewa Met Pk near Brecksville OH,41.31672109,-81.5978997,15587392,740055047,Unverified
USGS-04207200,Tinkers Creek at Bedford OH,41.38449868,-81.5273419,15587092,740106115,Unverified
USGS-04208000,Cuyahoga River at Independence OH,41.39533087,-81.6298478,15587072,740120899,Unverified
USGS-04208347,Mill Creek at Garfield Pkwy at Garfield Heights OH,41.4333333,-81.6061111,15586982,740061761,Unverified
USGS-04208460,Mill Creek at Garfield Hts OH,41.4239415,-81.6376266,15586982,740061761,Unverified
USGS-042085017,East Br Big Creek at Brookpark Rd nr Parma OH,41.4186111,-81.7552778,,740068481,Unverified
USGS-04208502,Big Creek at Cleveland OH,41.45032916,-81.7215204,15588372,740083263,Unverified
USGS-04208504,Cuyahoga River near Newburgh Heights OH,41.46255164,-81.680963,15588544,740116863,Unverified
USGS-04208598,Doan Brook at MLK Jr Dr at Cleveland OH,41.51416667,-81.6183333,9858943,,Unverified
USGS-04208677,Euclid Creek at South Euclid OH,41.52444444,-81.5141667,9858941,,Unverified
USGS-04208684,East Branch Euclid Creek at Richmond Heights OH,41.57416667,-81.4947222,9859077,740072503,Unverified
USGS-04208700,Euclid Creek at Cleveland OH,41.58227158,-81.5587337,9859073,740084600,Unverified
USGS-04208923,Unnamed tributary to Chagrin R at Pepper Pike OH,41.4711111,-81.4383333,9860631,740063101,Unverified
USGS-04208943,Unnamed trib to Chagrin R at Mayfield Village OH,41.54277778,-81.4447222,9858873,,Unverified
USGS-04209000,Chagrin River at Willoughby OH,41.630881,-81.40344549,28123621,740098036,Unverified
USGS-04212100,Grand River near Painesville OH,41.7189339,-81.2278789,9848335,740118192,Unverified
USGS-04213000,Conneaut Creek at Conneaut OH,41.92699898,-80.6039659,9841738,740110117,Unverified
USGS-402304084230100,Miami and Erie Canal at Minster OH,40.38444444,-84.3836111,3982806,,Unverified
USGS-402913084285400,Chickasaw Creek at St. Marys OH,40.48694444,-84.4816667,15673583,760473355,Unverified
USGS-402958084363300,Coldwater Creek at Coldwater OH,40.49949097,-84.6091238,18509310,760453386,Unverified
USGS-410014081362600,Wolf Creek Outlet O&E Canal OH,41.0039441,-81.6070666,19386638,760473313,Unverified
USGS-410051081594500,Little Killbuck Creek near Lodi OH,41.01416667,-81.9958333,15396810,760426720,Unverified
USGS-410121081330300,Long Lake Feeder O&E Canal OH,41.02255558,-81.55067419,19386588,,Unverified
USGS-410433081312500,Lock 1 Outlet O&E Canal OH,41.0758891,-81.52345,19386474,740064469,Unverified
USGS-411607084241200,Inflow to wetland nr Winn Rd nr Defiance OH,41.2686111,-84.4033333,15649067,,Unverified
USGS-411610084240800,Wetland outflow near Winn Rd near Defiance OH,41.26944444,-84.4022222,15649067,,Unverified
USGS-412122083061400,Sandusky River below Bradys Island at Fremont OH,41.3561111,-83.10388889,15612706,740110150,Unverified
USGS-412141081412100,West Creek at Pleasant Valley Road near Parma OH,41.36138889,-81.6891667,15587246,,Unverified
USGS-412325081415500,West Creek at Ridgewood Road at Parma OH,41.39027778,-81.6986111,15587158,740060417,Unverified
USGS-412453081395500,West Creek at Brooklyn Heights OH,41.4147222,-81.6652778,15587158,740060417,Unverified
USGS-412624081450700,East Branch Big Creek at Brooklyn OH,41.44,-81.7519444,15588372,740100736,Unverified
USGS-07148400,"Salt Fork Arkansas River nr Alva, OK",36.81503056,-98.6481395,21028210,760651680,Unverified
USGS-07151000,"Salt Fork Arkansas River at Tonkawa, OK",36.6719792,-97.3094887,21002333,760658347,Unverified
USGS-07152000,"Chikaskia River near Blackwell, OK",36.8114211,-97.277265,20988263,760723233,Unverified
USGS-07152500,"Arkansas River at Ralston, OK",36.50421677,-96.7283672,20969328,760475320,Unverified
USGS-07153000,"Black Bear Creek at Pawnee, OK",36.34366537,-96.7994788,20972352,760640070,Unverified
USGS-07154500,"Cimarron River near Kenton, OK",36.92668707,-102.9590954,21126643,760626713,Unverified
USGS-07157950,"Cimarron River near Buffalo, OK",36.85197484,-99.315387,21046034,760664990,Unverified
USGS-07158000,"Cimarron River near Waynoka, OK",36.51725644,-98.8795366,21047070,760686647,Unverified
USGS-07159100,"Cimarron River near Dover, OK",35.95170756,-97.9144994,255558,760620130,Unverified
USGS-07159750,"Cottonwood Creek near Seward, OK",35.81366006,-97.478097,254068,760540270,Unverified
USGS-07160000,"Cimarron River near Guthrie, OK",35.9206023,-97.4258746,255270,760618469,Unverified
USGS-07160300,"Boggy Creek at 30th St at Enid, OK",36.38983889,-97.8368611,250386,760498625,Unverified
USGS-07160350,"Skeleton Creek at Enid, OK",36.3761449,-97.8003332,250456,760533570,Unverified
USGS-07160500,"Skeleton Creek near Lovell, OK",36.06004045,-97.5850471,251506,760645082,Unverified
USGS-07161450,"Cimarron River near Ripley, OK",35.9858927,-96.9122504,496568,760681697,Unverified
USGS-07164480,"Arkansas Rv at SH 344 nr Tulsa, OK",36.1419111,-96.0573694,369209,760723284,Unverified
USGS-07164500,"Arkansas River at Tulsa, OK",36.14064807,-96.0063866,369211,760726612,Unverified
USGS-07164600,"Joe Creek at 61st St at Tulsa, OK",36.07565044,-95.9605501,367965,760367192,Unverified
USGS-07165562,"Haikey Creek at 101st St South at Tulsa, OK",36.01704297,-95.8488777,368019,760448733,Unverified
USGS-07165565,"Little Haikey Creek at 101st St South at Tulsa, OK",36.01759824,-95.8608227,367999,,Unverified
USGS-07165570,"Arkansas River near Haskell, OK",35.82277778,-95.6377778,369995,760635116,Unverified
USGS-07171000,"Verdigris River near Lenapah, OK",36.85119615,-95.5860882,21798265,760655004,Unverified
USGS-07174400,"Caney River above Coon Creek at Bartlesville, OK",36.75564425,-95.9722064,21784444,760726564,Unverified
USGS-07175500,"Caney River near Ramona, OK",36.5089816,-95.8419306,21784710,760650041,Unverified
USGS-07176000,"Verdigris River near Claremore, OK",36.3075,-95.6997222,833464,760635077,Unverified
USGS-07176321,"Bird Creek at SH 99 at Pawhuska, OK",36.66694444,-96.3138889,,760543532,Unverified
USGS-07176500,"Bird Creek at Avant, OK",36.48508798,-96.0602743,847886,760616762,Unverified
USGS-07176950,"Hominy Creek near Hominy, OK",36.4736793,-96.3789064,,760595130,Unverified
USGS-07177500,"Bird Creek near Sperry, OK",36.27842534,-95.954162,847292,760606792,Unverified
USGS-07177650,"Flat Rock Creek at Cincinnati Ave at Tulsa, OK",36.21536936,-95.9952759,847326,760325582,Unverified
USGS-07177800,"Coal Creek at Tulsa, OK",36.1945384,-95.9141599,847340,760352210,Unverified
USGS-07178000,"Bird Creek near Owasso, OK",36.24870534,-95.867213,847304,760651725,Unverified
USGS-07178200,"Bird Ck at State Highway 266 near Catoosa, OK",36.2231514,-95.8194322,847450,760675020,Unverified
USGS-07185000,"Neosho River near Commerce, OK",36.92868144,-94.9574574,24778185,760726552,Unverified
USGS-07185030,"Elm Creek near Commerce, OK",36.92166667,-94.9183333,7583101,760480280,Unverified
USGS-07185090,"Tar Creek near Commerce, OK",36.94367956,-94.8532862,7583093,760451990,Unverified
USGS-07185095,"Tar Creek at 22nd Street Bridge at Miami, OK",36.90006955,-94.8682878,7583113,760496921,Unverified
USGS-07188000,"Spring River near Quapaw, OK",36.93451148,-94.7471711,7592691,760616726,Unverified
USGS-07188005,"Beaver Creek near Quapaw, OK",36.93388889,-94.7538889,7592649,,Unverified
USGS-07189540,"Cave Springs Branch near South West City, MO",36.547297,-94.6180004,7583211,760410421,Unverified
USGS-07189542,"Honey Creek near South West City, MO",36.54888889,-94.6836111,7583213,760505269,Unverified
USGS-07189700,"Horse Creek at Afton, OK",36.6931972,-94.9453944,941070221,760437033,Unverified
USGS-07189710,"Horse Creek at 540 Rd near Afton, OK",36.67774167,-94.9092139,7583201,760491947,Unverified
USGS-07190500,"Neosho River near Langley, OK",36.4389742,-95.048573,21773053,760704957,Unverified
USGS-07191000,"Big Cabin Creek near Big Cabin, OK",36.56841789,-95.1521891,21770039,760555186,Unverified
USGS-07191220,"Spavinaw Creek near Sycamore, OK",36.3347222,-94.6413889,21771103,760538566,Unverified
USGS-071912213,"Spavinaw Creek near Colcord, OK",36.3225808,-94.6852238,,760546886,Unverified
USGS-07191222,"Beaty Creek near Jay, OK",36.35535924,-94.7763388,21770993,760445379,Unverified
USGS-07191265,"Brush Ck at Brush Ck Rd. nr Jay, OK",36.4053333,-94.7955611,21770691,760518591,Unverified
USGS-07191288,"Spavinaw Creek near Eucha, OK",36.37925097,-94.936901,21770855,760548547,Unverified
USGS-07191315,Saline Creek near Bull Hollow OK,36.30403889,-94.8787611,21771309,760496970,Unverified
USGS-07191322,Saline Ck at CR 490 nr Kenwood OK,36.31161944,-94.9892139,21771183,760536903,Unverified
USGS-07191500,"Neosho River near Chouteau, OK",36.2295379,-95.182741,21773127,760716620,Unverified
USGS-07194500,"Arkansas River near Muskogee, OK",35.7695432,-95.2971867,381670,760678383,Unverified
USGS-07195500,"Illinois River near Watts, OK",36.13008185,-94.5721645,398302,760571861,Unverified
USGS-07195855,"Flint Creek near West Siloam Springs, OK",36.2161111,-94.6052778,397590,760420430,Unverified
USGS-07195865,"Sager Creek near West Siloam Springs, OK",36.20174844,-94.6052207,397706,760465360,Unverified
USGS-07196000,"Flint Creek near Kansas, OK",36.18647245,-94.7068913,399514,760563536,Unverified
USGS-07196090,"Illinois River at Chewey, OK",36.1042527,-94.7827283,398442,760613462,Unverified
USGS-07196500,"Illinois River near Tahlequah, OK",35.9255472,-94.9217028,400380,760623459,Unverified
USGS-07197000,"Baron Fork at Eldon, OK",35.9216222,-94.8372472,400496,760546914,Unverified
USGS-07197360,"Caney Creek near Barber, OK",35.7850906,-94.8563398,401366,760470383,Unverified
USGS-07198000,"Illinois River near Gore, OK",35.5731511,-95.0688458,402478,760596862,Unverified
USGS-07228650,"Canadian River near Cogar, Ok",35.45489167,-98.1492833,6025622,760641800,Unverified
USGS-07228940,"Canadian River near Mustang, OK",35.32416667,-97.7236111,6026262,760635154,Unverified
USGS-07229050,"Canadian River at Norman, OK",35.19451115,-97.4850339,6026308,760618524,Unverified
USGS-07229200,"Canadian River at Purcell, OK",35.01396104,-97.3475281,6026378,760591913,Unverified
USGS-07229300,"Walnut Creek at Purcell, OK",34.99896109,-97.3669727,6027600,760545323,Unverified
USGS-07230000,"Little River blw Lk Thunderbird nr Norman, OK",35.22173637,-97.2139165,481940,760546970,Unverified
USGS-07230500,"Little River near Tecumseh, OK",35.17257416,-96.9319662,482410,760551966,Unverified
USGS-07231000,"Little River near Sasakwa, OK",34.9653615,-96.5125113,484578,760538669,Unverified
USGS-07231500,"Canadian River at Calvin, OK",34.97786698,-96.2436172,6030210,760571949,Unverified
USGS-07234000,"Beaver River at Beaver, OK",36.82224819,-100.5193158,13853161,760708256,Unverified
USGS-07235600,"Wolf Creek nr Gage, OK",36.32666667,-99.7611111,13813330,760653382,Unverified
USGS-07237500,"North Canadian River at Woodward, OK",36.43670336,-99.2784383,388800,760693309,Unverified
USGS-07238000,"North Canadian River near Seiling, OK",36.18337277,-98.9212057,390116,760663378,Unverified
USGS-07239000,"North Canadian River at Canton, OK",36.07698408,-98.59675,,760613464,Unverified
USGS-07239300,"North Canadian River blw Weavers Ck nr Watonga, OK",35.8119886,-98.4209053,390946,760695021,Unverified
USGS-07239450,"North Canadian River near Calumet, OK",35.6169933,-98.0653316,391180,760603515,Unverified
USGS-07239500,"North Canadian River near El Reno, OK",35.56310656,-97.9575498,391658,760615169,Unverified
USGS-07239700,"North Canadian River near Yukon, OK",35.5394985,-97.7425442,391680,760670082,Unverified
USGS-07240000,"Lake Hefner Canal near Oklahoma City, OK",35.55311129,-97.6200419,254998,760343937,Unverified
USGS-07241000,"North Canadian River blw Lk Overholser nr OKC, OK",35.47866848,-97.6633752,393414,760650118,Unverified
USGS-07241504,"Crutcho Creek at SE 50th st. at Boone Township, OK",35.41501667,-97.418475,415461,760388875,Unverified
USGS-07241506,"Crutcho Creek at SE 29th st. at Boone Township, OK",35.435025,-97.4172222,415461,760390539,Unverified
USGS-07241513,"Soldier Creek S of SE 15th st. Boone Township, OK",35.44689444,-97.3732667,415451,760367241,Unverified
USGS-07241520,"North Canadian River at Britton Rd at OKC, OK",35.5656147,-97.367258,414275,760623489,Unverified
USGS-07241550,"North Canadian River near Harrah, OK",35.5003412,-97.1939194,414203,760676741,Unverified
USGS-07241780,"Squirrel Creek at Shawnee, OK",35.30416667,-96.9122222,417985,760385556,Unverified
USGS-07241800,"North Canadian River at Shawnee, OK",35.33312675,-96.8694661,417955,760593555,Unverified
USGS-07242000,"North Canadian River near Wetumka, OK",35.2656454,-96.2061167,418429,760611863,Unverified
USGS-07242380,"Deep Fork at Warwick, OK",35.68089589,-97.0083615,532681,760625143,Unverified
USGS-07243500,"Deep Fork near Beggs, OK",35.6739876,-96.0686077,536835,760626808,Unverified
USGS-07245000,"Canadian River near Whitefield, OK",35.26231927,-95.2371891,512987,760620183,Unverified
USGS-07247015,"Poteau River at Loving, OK",34.87982388,-94.4841112,6047872,760565301,Unverified
USGS-07247250,"Black Fork below Big Creek nr Page, OK",34.7737148,-94.5121685,6048082,760445500,Unverified
USGS-07247500,"Fourche Maline near Red Oak, OK",34.91259909,-95.1557985,6049306,760497074,Unverified
USGS-07249413,"Poteau River near Panama, OK",35.16565268,-94.6530016,6041518,760611871,Unverified
USGS-07249800,"Lee Creek at Short, OK",35.5658333,-94.5319444,1540035,760541951,Unverified
USGS-07249920,"Little Lee Creek near Nicut, OK",35.57305556,-94.5569444,1539341,760616832,Unverified
USGS-07249985,"Lee Creek near Short, OK",35.5172222,-94.4641667,1539671,760523652,Unverified
USGS-07300500,"Salt Fork Red River at Mangum, OK",34.85839374,-99.5087007,13533405,760528694,Unverified
USGS-07301110,"Salt Fork Red River near Elmer, OK",34.47896485,-99.38231,13534209,760417234,Unverified
USGS-07301420,"Sweetwater Creek near Sweetwater, OK",35.42227237,-99.9692772,13754931,760566922,Unverified
USGS-07301500,"North Fork Red River near Carter, OK",35.16810838,-99.5073128,13756121,760616863,Unverified
USGS-07303000,"North Fork Red River blw Altus Dam nr Lugert, OK",34.88950479,-99.307028,559997,760532020,Unverified
USGS-07303400,"Elm Fork of North Fork Red River nr Carl, OK",35.01172,-99.9037143,13746044,760581931,Unverified
USGS-07305000,"North Fork Red River near Headrick, OK",34.6381266,-99.103691,560477,760492103,Unverified
USGS-07307028,"North Fork Red River near Tipton, OK",34.50702089,-99.2081389,561081,760485455,Unverified
USGS-07311000,"East Cache Creek near Walters, OK",34.36230747,-98.2825468,674726,760432220,Unverified
USGS-07311500,"Deep Red Creek near Randlett, OK",34.22092454,-98.4531104,576014,760312423,Unverified
USGS-07315500,"Red River near Terral, OK",33.8787106,-97.9344798,3134443,760334081,Unverified
USGS-07315700,"Mud Creek near Courtney, OK",34.00426516,-97.566968,3132401,760317431,Unverified
USGS-07316000,"Red River near Gainesville, TX",33.7278833,-97.1600129,3134651,760337421,Unverified
USGS-07316500,"Washita River near Cheyenne, OK",35.62643705,-99.6684386,3141592,760603516,Unverified
USGS-07324200,"Washita River near Hammon, OK",35.65643696,-99.3062086,3142490,760663417,Unverified
USGS-07324400,"Washita River near Foss, OK",35.5389379,-99.1698128,678895,760548614,Unverified
USGS-07325000,"Washita River near Clinton, OK",35.5308832,-98.9670296,679877,760658435,Unverified
USGS-07325800,"Cobb Creek near Eakly, OK",35.2906111,-98.5942308,683399,760533653,Unverified
USGS-07325840,"Lake Creek near Sickles, OK",35.39172078,-98.5178418,682279,760418829,Unverified
USGS-07325850,"Lake Creek near Eakly, OK",35.29088918,-98.5292287,682419,760525333,Unverified
USGS-07325860,"Willow Creek near Albert, OK",35.23339066,-98.4661702,683417,760485402,Unverified
USGS-07326000,"Cobb Creek near Fort Cobb, OK",35.14367036,-98.4428358,682561,760528671,Unverified
USGS-07326500,"Washita River at Anadarko, OK",35.08422846,-98.2433849,683473,760585253,Unverified
USGS-07327442,"Little Washita River near Cyril, OK",34.89256647,-98.2331053,685791,760367283,Unverified
USGS-07327447,"Little Washita River near Cement, OK",34.83784678,-98.1244903,686037,760460472,Unverified
USGS-07327550,"Little Washita River East of Ninnekah, OK",34.9634007,-97.8994861,687397,760497070,Unverified
USGS-07328100,"Washita River at Alex, OK",34.92590298,-97.7739273,19958172,760578609,Unverified
USGS-07328180,"North Criner Creek near Criner, OK",34.9714592,-97.5847555,19957106,760365614,Unverified
USGS-07328500,"Washita River near Pauls Valley, OK",34.75480245,-97.2514124,19958192,760522046,Unverified
USGS-07329780,"Honey Creek below Turner Falls near Davis, OK",34.4317552,-97.1472406,19959914,760260824,Unverified
USGS-073298507,Travertine Creek above U.S. 177 at Sulphur,34.50444444,-96.9688889,,760320720,Unverified
USGS-07329852,"Rock Creek at Sulphur, OK",34.49536695,-96.9886281,19960370,760344017,Unverified
USGS-07331000,"Washita River near Dickson, OK",34.23342725,-96.9758447,430522,760402278,Unverified
USGS-07331185,"Mill Creek near Sulphur, OK",34.4773361,-96.9057806,429948,760267472,Unverified
USGS-07331200,"Mill Creek near Mill Creek, OK",34.40509165,-96.8633439,429982,760319064,Unverified
USGS-07331205,"Mill Cr at Mouth of 3Mile Cr near Mill Cr , OK",34.3888361,-96.8457611,429994,760340697,Unverified
USGS-07331293,"Pennington Creek North of Mill Creek, OK",34.47745278,-96.8113167,429942,760290771,Unverified
USGS-07331295,"Pennington Creek East of Mill Creek, OK",34.42036998,-96.7588959,430412,760295766,Unverified
USGS-07331300,"Pennington Creek near Reagan, OK",34.3513333,-96.7103889,430036,760382300,Unverified
USGS-07332307,"Blue River near Franks, OK",34.5781455,-96.6988971,697684,760344011,Unverified
USGS-07332348,"Blue River North of Connerville, OK",34.45441944,-96.6356389,698676,760370644,Unverified
USGS-07332390,"Blue River near Connerville, OK",34.383426,-96.6005579,698694,760373977,Unverified
USGS-07332500,"Blue River near Blue, OK",33.99704088,-96.2410985,700694,760330743,Unverified
USGS-07334000,"Muddy Boggy Creek near Farris, OK",34.27148539,-95.9122049,707416,760393954,Unverified
USGS-07334428,"Delaware Cr Blw Del Cr Site 9 RSVR nr Bromide, OK",34.40701667,-96.5399306,6068668,760274134,Unverified
USGS-07334800,"Clear Boggy Creek abv Caney Creek nr Caney, OK",34.2550899,-96.2127678,6068804,760385637,Unverified
USGS-07335300,"Muddy Boggy Creek near Unger, OK",34.02676714,-95.7502479,707434,760310773,Unverified
USGS-07335500,"Red River at Arthur City, TX",33.8751049,-95.5019023,8348933,760359041,Unverified
USGS-07335700,"Kiamichi River near Big Cedar, OK",34.63843685,-94.6127236,588170,760385607,Unverified
USGS-07335790,"Kiamichi River near Clayton, OK",34.5748229,-95.3408025,591268,760435530,Unverified
USGS-07336200,"Kiamichi River near Antlers, OK",34.24871203,-95.6052475,592734,760332388,Unverified
USGS-07337900,"Glover River near Glover, OK",34.09760677,-94.9021667,616744,760285808,Unverified
USGS-07338500,"Little River blw Lukfata Creek, nr Idabel, OK",33.94122094,-94.7585482,618952,760310781,Unverified
USGS-07338750,"Mountain Fork at Smithville, OK",34.4623262,-94.6352202,630159,760382292,Unverified
USGS-07339000,"Mountain Fork near Eagletown, OK",34.04177757,-94.6199358,632727,760342387,Unverified
USGS-10396000,DONNER UND BLITZEN RIVER NR FRENCHGLEN OR,42.7908333,-118.8675,24013585,710248078,Unverified
USGS-11491450,"IRVING CREEK NEAR LENZ, OR",42.95166667,-121.4590556,24082265,,Unverified
USGS-11491470,"JACKSON CREEK NEAR LENZ, OR",42.9783611,-121.459361,24081621,710188547,Unverified
USGS-11491950,"MILLER CREEK NEAR BEAVER MARSH, OR",43.1833333,-121.8735556,24081687,710113144,Unverified
USGS-11492550,"SAND CREEK BLW SAND CREEK CANAL NR CHINCHALO, OR",42.8704083,-121.8484722,24082029,710182602,Unverified
USGS-11493100,"SCOTT CREEK BLW SAND CREEK CANAL NR CHINCHALO, OR",42.88709167,-121.8727556,24082003,710011977,Unverified
USGS-11493500,"WILLIAMSON RIVER NEAR KLAMATH AGENCY, OR",42.739925,-121.8345167,24081559,710273870,Unverified
USGS-11501000,"SPRAGUE RIVER NEAR CHILOQUIN, OR",42.58430556,-121.8483333,24084310,710327446,Unverified
USGS-11502500,"WILLIAMSON RIVER BLW SPRAGUE RIVER NR CHILOQUIN,OR",42.564375,-121.8797139,24082481,710319512,Unverified
USGS-11504115,"WOOD RIVER NEAR KLAMATH AGENCY, OR",42.58155556,-121.9417028,24092756,710337367,Unverified
USGS-11504260,"FOURMILE CANAL NEAR KLAMATH AGENCY, OR",42.5745,-122.051361,24092168,710204436,Unverified
USGS-11504270,"CRYSTAL CREEK NEAR ROCKY POINT, OR",42.51269444,-122.0761389,24092188,710206426,Unverified
USGS-11504290,"SEVENMILE CNL AT DIKE RD BR, NR KLAMATH AGENCY, OR",42.58166667,-121.9713889,24091982,,Unverified
USGS-11507500,"LINK RIVER AT KLAMATH FALLS, OR",42.22347795,-121.7941708,2553629,710452457,Unverified
USGS-11509105,"NORTH CANAL AT HIGHWAY 97, NEAR MIDLAND, OR",42.12138889,-121.8267528,2561995,710408814,Unverified
USGS-11509200,"ADY CANAL AT HIGHWAY 97, NEAR WORDEN, OR",42.08088889,-121.8446389,2552667,,Unverified
USGS-11509250,"ADY CANAL ABOVE LOWER KLAMATH NWR, NEAR WORDEN, OR",42.00416667,-121.8258333,2553209,710386994,Unverified
USGS-11509340,"KLAMATH STRAITS DRAIN NEAR WORDEN, OR",42.08095278,-121.8483222,2552667,,Unverified
USGS-11509500,"KLAMATH RIVER AT KENO, OR",42.13319946,-121.9622313,359943,710450478,Unverified
USGS-11510700,"KLAMATH RIVER BLW JOHN C.BOYLE PWRPLNT, NR KENO,OR",42.0845877,-122.0733453,358949,710488176,Unverified
USGS-13181000,OWYHEE RIVER NR ROME OR,42.86638889,-117.6491667,23349779,720156552,Unverified
USGS-13183000,"OWYHEE RIVER BELOW OWYHEE DAM, OR",43.65444444,-117.2558333,24540979,720251703,Unverified
USGS-13215480,"SOUTH FORK MALHEUR RIVER NR RIVERSIDE, OR",43.5190833,-118.1750583,23414081,720212035,Unverified
USGS-13233300,MALHEUR RIVER BELOW NEVADA DAM NEAR VALE OR,43.9875,-117.2188889,24143926,720305233,Unverified
USGS-13290450,SNAKE RIVER AT HELLS CANYON DAM ID-OR STATE LINE,45.2544444,-116.6969444,,720215820,Unverified
USGS-13325000,"EAST FORK WALLOWA RIVER NEAR JOSEPH, OR",45.27110278,-117.211325,23437467,720148362,Unverified
USGS-13331500,"MINAM RIVER AT MINAM, OR",45.6198669,-117.7265892,23436993,720193960,Unverified
USGS-13333000,"GRANDE RONDE RIVER AT TROY, OR",45.9457019,-117.4510089,23442119,720199874,Unverified
USGS-14020000,"UMATILLA RIVER ABOVE MEACHAM CREEK, NR GIBBON, OR",45.71957668,-118.3232913,23648622,720170138,Unverified
USGS-14020300,"MEACHAM CREEK AT GIBBON, OR",45.689125,-118.3544472,23648490,720213789,Unverified
USGS-14020850,"UMATILLA R AT W RESERVATION BNDY NR PENDLETON, OR",45.67151937,-118.736649,23648424,720184031,Unverified
USGS-14033500,"UMATILLA RIVER NEAR UMATILLA, OR",45.9026944,-119.3270833,23647724,720166154,Unverified
USGS-14034470,"WILLOW CREEK ABV WILLOW CR LAKE, NR HEPPNER, OR",45.34068289,-119.5158544,23659590,720164228,Unverified
USGS-14034480,"BALM FORK NEAR HEPPNER, OR",45.33207265,-119.5411325,,720144387,Unverified
USGS-14034500,"WILLOW CREEK AT HEPPNER, OR",45.3504062,-119.5500218,23659572,720154306,Unverified
USGS-14034608,"WILLOW CREEK AT MORGAN STREET, AT HEPPNER, OR",45.3612398,-119.5602998,23659568,720158272,Unverified
USGS-14036860,"JOHN DAY R AT BLUE MTN HOT SPGS NR PRAIRIE CITY,OR",44.35793778,-118.5760531,23822685,720194091,Unverified
USGS-14038530,"JOHN DAY RIVER NEAR JOHN DAY, OR",44.41848897,-118.9063419,23822553,720229796,Unverified
USGS-14043840,"MF JOHN DAY RIVER ABV CAMP CREEK, NR GALENA, OR",44.692625,-118.7943083,23681319,720211912,Unverified
USGS-14044000,"MIDDLE FORK JOHN DAY RIVER AT RITTER, OR",44.88876388,-119.1413686,23681167,720180147,Unverified
USGS-14046000,"NORTH FORK JOHN DAY RIVER AT MONUMENT, OR",44.8137582,-119.4316565,947070134,720180154,Unverified
USGS-14046500,"JOHN DAY RIVER AT SERVICE CREEK, OR",44.7937468,-120.006677,23686204,720231740,Unverified
USGS-14046778,"BRIDGE CR ABV COYOTE CANYON NR MITCHELL, OR",44.7267988,-120.301965,23686020,720205958,Unverified
USGS-14048000,"JOHN DAY RIVER AT MCDONALD FERRY, OR",45.5876278,-120.4094919,23685496,720132455,Unverified
USGS-14056500,"DESCHUTES R BL WICKIUP RES NR LA PINE, OR",43.68595349,-121.6880826,,720188210,Unverified
USGS-14064500,"DESCHUTES R AT BENHAM FALLS NR BEND, OR",43.93011715,-121.4119746,,720265559,Unverified
USGS-14070615,"M F TUMALO CREEK ABV PROWELL SPRINGS, NR BEND, OR",44.03711389,-121.6327694,23700389,720148491,Unverified
USGS-14070621,"DIVERSION CANAL TO BRIDGE CREEK, NEAR BEND, OR",44.03706667,-121.6325889,23700389,720148491,Unverified
USGS-14070624,"M F TUMALO CREEK BLW PROWELL SPRINGS, NR BEND, OR",44.03722778,-121.6325639,23700389,720148491,Unverified
USGS-14070900,"BRIDGE CREEK BELOW INTAKE, NEAR BEND, OR",44.0310833,-121.5678333,23701381,720162379,Unverified
USGS-14076500,"DESCHUTES RIVER NEAR CULVER, OR",44.4987293,-121.3211558,23700281,720247644,Unverified
USGS-14087380,"CROOKED RIVER BLW OSBORNE CANYON, NR OPAL CITY, OR",44.4268972,-121.2328728,23713918,720285347,Unverified
USGS-14087400,"CROOKED RIVER BELOW OPAL SPRINGS, NEAR CULVER, OR",44.4923407,-121.298377,23713916,720285347,Unverified
USGS-14091500,"METOLIUS RIVER NEAR GRANDVIEW, OR",44.6262275,-121.4839433,23700105,720211917,Unverified
USGS-14092500,"DESCHUTES RIVER NEAR MADRAS, OR",44.72595225,-121.2469939,23719673,720235717,Unverified
USGS-14092750,"SHITIKE CRK AT PETERS PASTURE, NR WARM SPRINGS, OR",44.75039516,-121.633397,23719653,720126593,Unverified
USGS-14093000,"SHITIKE CREEK NEAR WARM SPRINGS, OR",44.7642856,-121.2364393,23719623,720201983,Unverified
USGS-14096850,"BEAVER CREEK BELOW QUARTZ CREEK, NR SIMNASHO, OR",44.9587272,-121.3942286,23719315,720168235,Unverified
USGS-14097100,"WARM SPRINGS RIVER NEAR KAHNEETA HOT SPRINGS, OR",44.8565087,-121.1497735,23719285,720201973,Unverified
USGS-14101500,"WHITE RIVER BELOW TYGH VALLEY, OR",45.2414782,-121.095022,23718793,720164237,Unverified
USGS-14103000,"DESCHUTES RIVER AT MOODY, NEAR BIGGS, OR",45.6220678,-120.9056203,23718705,720199912,Unverified
USGS-14105700,"COLUMBIA RIVER AT THE DALLES, OR",45.60827778,-121.1899167,947070192,720199910,Unverified
USGS-14113200,"MOSIER CREEK NEAR MOSIER, OR",45.649008,-121.3772951,24504496,720160226,Unverified
USGS-14120000,"HOOD RIVER AT TUCKER BRIDGE, NEAR HOOD RIVER, OR",45.6545,-121.5488,24504350,720142371,Unverified
USGS-14137000,"SANDY RIVER NEAR MARMOT, OR",45.3995642,-122.1373068,23735817,720182078,Unverified
USGS-14138720,"BULL RUN RIVER AT LOWER FLUME NR BRIGHTWOOD, OR",45.4709515,-121.8653567,23736087,,Unverified
USGS-14138800,"BLAZED ALDER CREEK NEAR RHODODENDRON, OR",45.4526183,-121.8914684,23736071,720106679,Unverified
USGS-14138850,"BULL RUN RIVER NEAR MULTNOMAH FALLS, OR",45.4981743,-122.0123049,23736049,720136432,Unverified
USGS-14138870,"FIR CREEK NEAR BRIGHTWOOD, OR",45.48011889,-122.0256385,23736433,,Unverified
USGS-14138900,"NORTH FORK BULL RUN RIVER NEAR MULTNOMAH FALLS, OR",45.4942454,-122.035888,23736091,720148338,Unverified
USGS-14139800,"SOUTH FORK BULL RUN RIVER NEAR BULL RUN, OR",45.444564,-122.1095292,23736041,720116599,Unverified
USGS-14140000,"BULL RUN RIVER NEAR BULL RUN (RIVER ONLY), OR",45.4373,-122.1796556,23736009,720158262,Unverified
USGS-14141500,"LITTLE SANDY RIVER NEAR BULL RUN, OR",45.41539777,-122.1714746,23735991,720132474,Unverified
USGS-14142500,"SANDY RIVER BLW BULL RUN RIVER, NR BULL RUN, OR",45.4490094,-122.2450885,23735805,720164215,Unverified
USGS-14142800,"BEAVER CREEK AT TROUTDALE, OR",45.5194444,-122.3892778,23737123,720118576,Unverified
USGS-14144800,"MIDDLE FORK WILLAMETTE RIVER NR OAKRIDGE, OR",43.60178867,-122.4575474,,720217979,Unverified
USGS-14145500,"MF WILLAMETTE RIVER ABV SALT CRK, NEAR OAKRIDGE,OR",43.72095655,-122.4378256,23751940,720257647,Unverified
USGS-14147500,"N FK OF M FK WILLAMETTE R NR OAKRIDGE, OR",43.7567902,-122.5053292,,720249705,Unverified
USGS-14148000,"MF WILLAMETTE RIVER BLW N FORK, NR OAKRIDGE, OR.",43.80123517,-122.5608879,23751880,720255653,Unverified
USGS-14150000,"MIDDLE FORK WILLAMETTE RIVER NEAR DEXTER, OR",43.9456815,-122.8372967,23751830,720259611,Unverified
USGS-14150800,"WINBERRY CREEK NEAR LOWELL,OR",43.9142924,-122.6886762,23752608,720190170,Unverified
USGS-14151000,"FALL CREEK BLW WINBERRY CREEK, NEAR FALL CREEK, OR",43.94429299,-122.774794,23752598,720237781,Unverified
USGS-14152000,"MIDDLE FORK WILLAMETTE RIVER AT JASPER, OR",43.99818166,-122.9059126,23751778,720249680,Unverified
USGS-14152500,"COAST FORK WILLAMETTE AT LONDON, OR",43.64151015,-123.0859089,23760056,720223926,Unverified
USGS-14153500,"COAST FORK WILLAMETTE R BLW COTTAGE GROVE DAM, OR",43.72067785,-123.0497994,23759308,720229871,Unverified
USGS-14154500,"ROW RIVER ABOVE PITCHER CREEK, NEAR DORENA, OR",43.7359565,-122.8734019,23759452,720186220,Unverified
USGS-14155500,"ROW RIVER NEAR COTTAGE GROVE, OR",43.7929012,-122.9914655,23759440,720212007,Unverified
USGS-14157500,"COAST FORK WILLAMETTE RIVER NEAR GOSHEN, OR",43.98040324,-122.96647,23759228,720229843,Unverified
USGS-14158500,"MCKENZIE RIVER AT OUTLET OF CLEAR LAKE, OR",44.3609545,-121.9956172,23773373,720269482,Unverified
USGS-14158740,"MCKENZIE RIVER BL PAYNE CR, NR BELKNAP SPRINGS, OR",44.28638889,-122.0368056,23773365,720245681,Unverified
USGS-14158790,"SMITH RIVER ABV SMITH R RESV,NR BELKNAP SPRNGS,OR",44.3345666,-122.0470074,23773393,720170284,Unverified
USGS-14158798,SMITH RIVER ABV TRAIL BRDG RESV NR BELKNAP SPRINGS,44.28988889,-122.0485833,23773387,720223856,Unverified
USGS-14158850,"MCKENZIE R BLW TRAIL BR DAM NR BELKNAP SPRINGS, OR",44.2679001,-122.0497826,23773359,720217907,Unverified
USGS-14159110,"MCKENZIE RIVER ABOVE SOUTH FORK, NEAR RAINBOW, OR",44.16633386,-122.2565067,,720241726,Unverified
USGS-14159200,SO FK MCKENZIE RIVER ABV COUGAR LAKE NR RAINBOW OR,44.047067,-122.2178245,23773037,720237771,Unverified
USGS-14159500,"SOUTH FORK MCKENZIE RIVER NEAR RAINBOW, OR",44.13595817,-122.248391,23773009,720245698,Unverified
USGS-14161100,"BLUE RIVER BELOW TIDBITS CREEK, NR BLUE RIVER, OR",44.2179043,-122.2650676,,720239737,Unverified
USGS-14161500,"LOOKOUT CREEK NEAR BLUE RIVER, OR",44.2095708,-122.256733,23773411,720168311,Unverified
USGS-14162050,"NF QUARTZ CREEK NEAR BLUE RIVER, OR",44.1845,-122.3148056,23774081,720140541,Unverified
USGS-14162200,"BLUE RIVER AT BLUE RIVER, OR",44.16234819,-122.3331192,23773405,720198078,Unverified
USGS-14162450,"QUARTZ CREEK NEAR FINN ROCK, OR",44.1233611,-122.3787222,23772953,720211973,Unverified
USGS-14162500,"MCKENZIE RIVER NEAR VIDA, OR",44.1248487,-122.47062,23772909,720269508,Unverified
USGS-14163000,"GATE CREEK AT VIDA, OR",44.1460861,-122.5730333,23773469,720206016,Unverified
USGS-14163150,"MCKENZIE RIVER BLW LEABURG DAM, NR LEABURG, OR",44.123738,-122.6275715,23772857,720259586,Unverified
USGS-14163900,"MCKENZIE RIVER NEAR WALTERVILLE, OR",44.0698492,-122.7711874,23772801,720243720,Unverified
USGS-14164550,"CAMP CRK AT CAMP CRK RD BRIDGE, NR SPRINGFIELD, OR",44.07066667,-122.8846667,23773487,720144516,Unverified
USGS-14164700,"CEDAR CREEK AT SPRINGFIELD, OR",44.059348,-122.9196644,23774369,,Unverified
USGS-14164900,"McKENZIE RIVER ABV HAYDEN BR, AT SPRINGFIELD,OR",44.0712365,-122.9645273,23772751,720253641,Unverified
USGS-14165000,"MOHAWK RIVER NEAR SPRINGFIELD, OR",44.09290317,-122.9573052,23773513,720243718,Unverified
USGS-14165500,"MCKENZIE RIVER NEAR COBURG, OR",44.11305556,-123.0469722,23772727,720275463,Unverified
USGS-14166000,"WILLAMETTE RIVER AT HARRISBURG, OR",44.27040126,-123.1737036,23763337,720261558,Unverified
USGS-14166500,"LONG TOM RIVER NEAR NOTI, OR",44.04984478,-123.4262097,23763161,720211978,Unverified
USGS-14169000,"LONG TOM RIVER NEAR ALVADORE, OR",44.1226111,-123.3003056,23763139,720231812,Unverified
USGS-14170000,"LONG TOM RIVER AT MONROE, OR",44.3128333,-123.296361,23763075,720225839,Unverified
USGS-14171000,"MARYS RIVER NEAR PHILOMATH, OR",44.525,-123.334,23762895,720253592,Unverified
USGS-14171600,"WILLAMETTE RIVER AT CORVALLIS, OR",44.5663611,-123.2568056,23762877,720247637,Unverified
USGS-14173500,"CALAPOOIA RIVER AT ALBANY, OR",44.62002778,-123.1284722,23763521,720229775,Unverified
USGS-14174000,"WILLAMETTE RIVER AT ALBANY, OR",44.6387328,-123.1067616,23762845,720223820,Unverified
USGS-14178000,"NO SANTIAM R BLW BOULDER CRK, NR DETROIT, OR",44.7067885,-122.1011859,23780591,720207942,Unverified
USGS-14179000,"BREITENBUSH R ABV FRENCH CR NR DETROIT, OR.",44.75262179,-122.1289648,23780701,720194047,Unverified
USGS-14180300,"BLOWOUT CREEK NEAR DETROIT, OR",44.65289999,-122.130908,23780557,720152396,Unverified
USGS-14181500,"NORTH SANTIAM RIVER AT NIAGARA, OR",44.75377778,-122.2974444,23780511,720168257,Unverified
USGS-14182500,"LITTLE NORTH SANTIAM RIVER NEAR MEHAMA, OR",44.7915108,-122.5789738,23780805,720158331,Unverified
USGS-14183000,"NORTH SANTIAM RIVER AT MEHAMA, OR",44.78925,-122.6188056,23780481,720168253,Unverified
USGS-14184100,"NORTH SANTIAM R AT GREENS BRIDGE, NR JEFFERSON, OR",44.7079444,-122.973111,23780883,720203972,Unverified
USGS-14185000,"SOUTH SANTIAM RIVER BELOW CASCADIA, OR",44.39179225,-122.4975817,23785793,720225830,Unverified
USGS-14185900,"QUARTZVILLE CREEK NEAR CASCADIA, OR",44.54012357,-122.4359155,23786019,720182164,Unverified
USGS-14187000,"WILEY CREEK NEAR FOSTER, OR",44.37234769,-122.6231384,23785723,720200041,Unverified
USGS-14187200,"SOUTH SANTIAM RIVER NEAR FOSTER, OR",44.4123468,-122.6886956,23785717,720227812,Unverified
USGS-14187500,"SOUTH SANTIAM RIVER AT WATERLOO, OR",44.4984564,-122.8234214,23785687,720237725,Unverified
USGS-14187600,"LEBANON SANTIAM CANAL NEAR LEBANON, OR",44.51484526,-122.8648109,23785681,720247641,Unverified
USGS-14188610,"SCHAFER CREEK NEAR LACOMB, OR",44.61956728,-122.4659162,23786215,720136527,Unverified
USGS-14188800,"THOMAS CREEK NEAR SCIO, OR",44.71206687,-122.7700878,23786251,720207941,Unverified
USGS-14189000,"SANTIAM RIVER AT JEFFERSON, OR",44.7147222,-123.01425,23780423,720231749,Unverified
USGS-14190500,"LUCKIAMUTE RIVER NEAR SUVER, OR",44.78317527,-123.2345435,23762661,720156349,Unverified
USGS-14191000,"WILLAMETTE RIVER AT SALEM, OR",44.9442863,-123.0428742,23791093,720180140,Unverified
USGS-14194150,"SOUTH YAMHILL RIVER AT MCMINNVILLE, OR",45.2069444,-123.1816667,23796627,720168208,Unverified
USGS-14197900,"WILLAMETTE RIVER AT NEWBERG, OR",45.2845625,-122.9614893,23791305,720209865,Unverified
USGS-14198400,"BULL CREEK NEAR WILHOIT, OR",44.9609,-122.385,23801710,720132526,Unverified
USGS-14198500,"MOLALLA R AB PC NR WILHOIT, OR",45.0097222,-122.4809167,,720174183,Unverified
USGS-14199704,"NATE CREEK TRIBUTARY NEAR COLTON, OR",45.2054444,-122.412111,23801184,,Unverified
USGS-14200000,"MOLALLA RIVER NEAR CANBY, OR",45.24391667,-122.6874444,23800820,720207884,Unverified
USGS-14200100,"DRIFT CREEK NEAR SILVERTON, OR",44.97680556,-122.830111,,720148395,Unverified
USGS-14200700,"ABIQUA CREEK AT SILVERTON, OR",45.03145,-122.7908306,,720144419,Unverified
USGS-14201300,"ZOLLNER CREEK NEAR MT ANGEL, OR",45.10039816,-122.8217596,23801360,720136476,Unverified
USGS-14201340,"PUDDING RIVER NEAR WOODBURN, OR",45.15123137,-122.80426,23800604,720213851,Unverified
USGS-14201500,"BUTTE CREEK AT MONITOR, OR",45.1015099,-122.7462019,23800762,720142435,Unverified
USGS-14202000,"PUDDING RIVER AT AURORA, OR",45.23327778,-122.7509167,23800594,720192018,Unverified
USGS-14202650,"WAPATO CREEK AT SW GASTON ROAD, AT GASTON, OR",45.44064167,-123.125,23805858,720128505,Unverified
USGS-14202980,"SCOGGINS CK BLW HENRY HAGG LAKE, NR GASTON, OR",45.46927968,-123.200109,,720120563,Unverified
USGS-14203500,"TUALATIN RIVER NEAR DILLEY, OR",45.4748365,-123.124274,23805092,720148342,Unverified
USGS-14205350,"EF DAIRY CR ABV MURTAUGH CR NR MEACHAM CORNER, OR",45.69385556,-123.0700194,23804990,720114587,Unverified
USGS-14206241,"TUALATIN RIVER AT HWY 219 NEAR HILLSBORO, OR",45.50011635,-122.9912157,23804932,720164209,Unverified
USGS-14206900,"FANNO CREEK AT 56TH AVE, AT PORTLAND, OR",45.4881944,-122.73475,23805292,720150328,Unverified
USGS-14206950,"FANNO CREEK AT DURHAM, OR",45.403452,-122.7548185,23805270,720128507,Unverified
USGS-14207500,"TUALATIN RIVER AT WEST LINN, OR",45.35067559,-122.6762044,23804832,720180095,Unverified
USGS-14208700,"OAK GROVE FORK NEAR GOVERNMENT CAMP, OR",45.11373009,-121.8150775,23810706,720174170,Unverified
USGS-14209000,"OAK GROVE FORK ABOVE POWERPLANT INTAKE, OR.",45.0712319,-121.9406345,23809432,720150366,Unverified
USGS-14209250,"OAK GROVE FORK AT RIPPLEBROOK CAMPGROUND, OR",45.07981389,-122.0428583,23809416,720152350,Unverified
USGS-14209500,"CLACKAMAS RIVER ABOVE THREE LYNX CREEK, OR",45.1248432,-122.0734137,23809158,720195994,Unverified
USGS-14209700,"FISH CREEK NEAR THREE LYNX, OR",45.14762079,-122.1531366,23809116,720154332,Unverified
USGS-14210000,"CLACKAMAS RIVER AT ESTACADA, OR",45.29984346,-122.3539746,23809080,720213831,Unverified
USGS-14211010,"CLACKAMAS RIVER NEAR OREGON CITY, OR",45.3792874,-122.5773134,23809000,720176124,Unverified
USGS-14211315,"TRYON CREEK NEAR LAKE OSWEGO, OR",45.43067476,-122.6737057,23815500,,Unverified
USGS-14211400,"JOHNSON CREEK AT REGNER ROAD, AT GRESHAM, OR",45.4863333,-122.4218333,23815070,720110645,Unverified
USGS-14211499,"KELLEY CREEK AT SE 159TH DRIVE AT PORTLAND, OR",45.4767869,-122.4984239,23815128,720142386,Unverified
USGS-14211500,"JOHNSON CREEK AT SYCAMORE, OR",45.47745556,-122.5080194,23815066,720108660,Unverified
USGS-14211542,"CRYSTAL SPRINGS CREEK AT BYBEE ST, PORTLAND, OR",45.47402778,-122.6417222,23815444,,Unverified
USGS-14211550,"JOHNSON CREEK AT MILWAUKIE, OR",45.452897,-122.6431496,23815062,720152310,Unverified
USGS-14211720,"WILLAMETTE RIVER AT PORTLAND, OR",45.5175,-122.6691667,23815040,720184049,Unverified
USGS-14211814,"FAIRVIEW CREEK AT GLISAN ST NEAR GRESHAM, OR",45.52761968,-122.4487024,23815106,720130476,Unverified
USGS-14211820,"COLUMBIA SLOUGH AT PORTLAND, OR",45.63900515,-122.763155,23815084,720098724,Unverified
USGS-14246900,"COLUMBIA RIVER AT PORT WESTWARD, NEAR QUINCY, OR",46.18122136,-123.1834539,24520424,720189929,Unverified
USGS-14299800,"NEHALEM RIVER NEAR VERNONIA, OR",45.80705586,-123.2831722,23872135,720140369,Unverified
USGS-14301000,"NEHALEM RIVER NEAR FOSS, OR",45.7039986,-123.755405,23871899,720158235,Unverified
USGS-14301340,"NEHALEM RIVER AT NEHALEM, OR",45.70888889,-123.8880556,23871849,720191961,Unverified
USGS-14301500,"WILSON RIVER NEAR TILLAMOOK, OR",45.47593996,-123.7251209,23875925,720168178,Unverified
USGS-14302480,"TRASK RIVER ABOVE CEDAR CREEK, NEAR TILLAMOOK, OR",45.4462181,-123.7103974,23875839,720168184,Unverified
USGS-14302900,"NESTUCCA RIVER NEAR FAIRDALE, OR",45.31063889,-123.4135278,23875729,720100741,Unverified
USGS-14303200,"TUCCA CREEK NEAR BLAINE, OR.",45.32427635,-123.5465012,23876773,,Unverified
USGS-14303600,"NESTUCCA RIVER NEAR BEAVER, OR",45.26649446,-123.847061,23875671,720203913,Unverified
USGS-14305500,"SILETZ RIVER AT SILETZ, OR",44.7151172,-123.8873348,23880874,720211907,Unverified
USGS-14305800,"SILETZ RIVER NEAR SILETZ, OR",44.7646,-123.9137972,23880866,720188096,Unverified
USGS-14306340,"EAST FORK LOBSTER CREEK NEAR ALSEA, OR.",44.24789909,-123.6364936,23887140,720184181,Unverified
USGS-14306500,"ALSEA RIVER NEAR TIDEWATER, OR",44.3859538,-123.831778,23886298,720235752,Unverified
USGS-14307620,"SIUSLAW RIVER NEAR MAPLETON, OR",44.06234317,-123.8831659,23889518,720245704,Unverified
USGS-14308000,"SOUTH UMPQUA RIVER AT TILLER, OR",42.9303985,-122.9483872,23901573,720192256,Unverified
USGS-14308500,"ELK CREEK NR DREW, OR",42.89012159,-122.9178303,23903347,720114887,Unverified
USGS-14308990,"COW CREEK ABV GALESVILLE RES, NR AZALEA, OR.",42.82317665,-123.1258922,23901309,720152587,Unverified
USGS-14309000,"COW CREEK NEAR AZALEA, OR",42.82484286,-123.1789492,23901297,720152587,Unverified
USGS-14309500,"WEST FORK COW CREEK NEAR GLENDALE, OR",42.80400356,-123.6109071,23901147,720156558,Unverified
USGS-14310000,"COW CREEK NEAR RIDDLE, OR",42.9234502,-123.428957,23901097,720178371,Unverified
USGS-14312000,"SOUTH UMPQUA RIVER NEAR BROCKWAY, OR",43.13317169,-123.3984053,23900935,720172397,Unverified
USGS-14313200,"N.UMPQUA R ABV WHITE MULE CK, NR TOKETEE FALLS, OR",43.32401306,-122.1969797,23894452,720172376,Unverified
USGS-14313700,"N.UMPQUA R BLW WARM SPRINGS CK NR TOKETEE FALLS,OR",43.35484515,-122.2519822,23894446,720216020,Unverified
USGS-14314500,"CLEARWATER RIVER ABV TRAP CK NR TOKETEE FALLS, OR",43.2442903,-122.2872596,23894366,720202144,Unverified
USGS-14314700,"CLEARWATER R BLW MOWICH CREEK, NR TOKETEE FALLS,OR",43.25095636,-122.3383725,23894364,720168415,Unverified
USGS-14315500,"NORTH UMPQUA RIVER AT TOKETEE FALLS, OR",43.26373317,-122.4217087,23894350,720194206,Unverified
USGS-14315700,"N.UMPQUA R BLW SLIDE CK DAM NR TOKETEE FALLS, OR",43.27641667,-122.4499722,23894348,720194206,Unverified
USGS-14315950,"FISH CREEK ABV SLIPPER CREEK NR TOKETEE FALLS, OR",43.21123347,-122.4275415,23894310,720166435,Unverified
USGS-14316455,"N.UMPQUA R BLW SODA SPGS RESV, NR TOKETEE FALLS,OR",43.30373229,-122.4989339,23894292,720198170,Unverified
USGS-14316495,"BOULDER CREEK NEAR TOKETEE FALLS, OR",43.3034543,-122.5303237,23894558,720142616,Unverified
USGS-14316500,"N UMPQUA RIVER ABV COPELAND CK NR TOKETEE FALLS,OR",43.29595427,-122.5367127,23894288,720192217,Unverified
USGS-14316700,"STEAMBOAT CREEK NEAR GLIDE, OR",43.349842,-122.7289415,23894574,720154515,Unverified
USGS-14317600,"ROCK CREEK NEAR GLIDE, OR",43.34666389,-122.9925917,23894752,720180309,Unverified
USGS-14318000,"LITTLE RIVER AT PEEL, OR",43.2526179,-123.0261716,23894004,720221984,Unverified
USGS-14319500,"NORTH UMPQUA RIVER AT WINCHESTER, OR",43.27096667,-123.4115444,23893934,720218010,Unverified
USGS-14320934,"LITTLE WOLF CREEK NEAR TYEE, OR",43.43122665,-123.5867573,24526862,720110862,Unverified
USGS-14321000,"UMPQUA RIVER NEAR ELKTON, OR",43.5859502,-123.5553727,24526814,720235836,Unverified
USGS-14325000,"SOUTH FORK COQUILLE RIVER AT POWERS, OR",42.89149904,-124.070652,23914567,720176390,Unverified
USGS-14326300,"MF COQUILLE RIVER BLW MCMULLEN CREEK NR BRIDGE, OR",43.0347222,-124.04025,23914703,720194230,Unverified
USGS-14328000,"ROGUE RIVER ABOVE PROSPECT, OR",42.77484917,-122.4997585,23923664,720166479,Unverified
USGS-14330000,"ROGUE RIVER BELOW PROSPECT, OR",42.72957187,-122.516147,23923628,720194261,Unverified
USGS-14332000,"SOUTH FORK ROGUE RIVER NEAR PROSPECT, OR",42.70638889,-122.388611,23923512,720162520,Unverified
USGS-14335072,"ROGUE R AT COLE M RIVERS F HATCHERY NR MCLEOD, OR",42.6658333,-122.6863889,23923430,720166492,Unverified
USGS-14337500,"BIG BUTTE CREEK NEAR MCLEOD, OR",42.6512372,-122.6914288,23923284,720188321,Unverified
USGS-14337600,"ROGUE RIVER NEAR MCLEOD, OR",42.6554035,-122.7150408,23923278,720220062,Unverified
USGS-14338000,"ELK CREEK NEAR TRAIL, OR",42.6787364,-122.7419867,23923878,720148634,Unverified
USGS-14339000,"ROGUE RIVER AT DODGE BRIDGE, NEAR EAGLE POINT, OR",42.5248471,-122.8428203,23923226,720132779,Unverified
USGS-14353000,"WEST FORK ASHLAND CREEK NEAR ASHLAND, OR",42.14874336,-122.7166989,23930882,720077269,Unverified
USGS-14353500,"EAST FORK ASHLAND CREEK NEAR ASHLAND, OR",42.1526323,-122.7094764,23931320,720077269,Unverified
USGS-14354200,"BEAR CREEK BELOW ASHLAND CREEK AT ASHLAND, OR",42.2185,-122.7248056,23930874,720126860,Unverified
USGS-14357500,"BEAR CREEK AT MEDFORD, OR",42.32401547,-122.8667057,947100124,720105025,Unverified
USGS-14359000,"ROGUE RIVER AT RAYGOLD NEAR CENTRAL POINT, OR",42.43734597,-122.9872678,23930752,720174453,Unverified
USGS-14361500,"ROGUE RIVER AT GRANTS PASS, OR",42.43039607,-123.3178365,23930602,720164534,Unverified
USGS-14362000,"APPLEGATE RIVER NEAR COPPER, OR",42.0637361,-123.1114358,23936033,720089181,Unverified
USGS-14362250,"STAR GULCH NEAR RUCH, OR",42.15401355,-123.075323,23935979,720079250,Unverified
USGS-14366000,"APPLEGATE RIVER NEAR APPLEGATE, OR",42.2415113,-123.1400485,23935947,720132810,Unverified
USGS-14369500,"APPLEGATE RIVER NEAR WILDERVILLE, OR",42.3540058,-123.4067276,23935811,720140734,Unverified
USGS-14372300,"ROGUE RIVER NEAR AGNESS, OR",42.5784422,-124.0581443,23940255,720176418,Unverified
USGS-14375100,"SUCKER CREEK BLW LITTLE GRAYBACK CK, NR HOLLAND,OR",42.15956105,-123.4789509,23945295,720101074,Unverified
USGS-14377100,"ILLINOIS RIVER NEAR KERBY, OR",42.23177936,-123.66368,23945111,720107019,Unverified
USGS-14400000,"CHETCO RIVER NEAR BROOKINGS, OR",42.12344278,-124.1873107,23949601,720124884,Unverified
USGS-423815118453900,DONNER UND BLITZEN ABOVE INDIAN CREEK,42.637425,-118.7607722,,710246101,Unverified
USGS-441344122095400,"LOOKOUT CREEK ABOVE MACK CREEK, NR BLUE RIVER, OR",44.2288333,-122.165111,,720142520,Unverified
USGS-441400122123000,"MCRAE CREEK NEAR BLUE RIVER, OR",44.2333611,-122.2083333,,720152438,Unverified
USGS-441504122105500,"UNNAMED TRIB TO MCRAE CREEK NEAR BLUE RIVER, OR",44.2512222,-122.1818333,,720152438,Unverified
USGS-452736122294900,"MITCHELL CREEK AT SE 162nd AVE, AT PORTLAND, OR",45.46,-122.4969444,,,Unverified
USGS-452755122234100,"SUNSHINE CREEK AT MOUTH NEAR GRESHAM, OR",45.4650752,-122.3958978,,720110645,Unverified
USGS-452807122215001,"N FK JOHNSON CR NR SE ORIENT DR, NR GRESHAM, OR",45.46866667,-122.3639722,,,Unverified
USGS-01427195,"Equinunk Creek near Dillontown, PA",41.84027778,-75.2383333,2617248,750168844,Unverified
USGS-01427207,DELAWARE RIVER AT LORDVILLE NY,41.86727778,-75.21375,,750199035,Unverified
USGS-01427510,DELAWARE RIVER AT CALLICOON NY,41.75675,-75.0574167,,750207918,Unverified
USGS-01428750,"West Branch Lackawaxen River near Aldenville, PA",41.67452998,-75.37601299,2739748,750170032,Unverified
USGS-01429000,"West Branch Lackawaxen River at Prompton, PA",41.5872185,-75.326829,2739772,750186609,Unverified
USGS-01429301,"Dyberry Creek at Tanners Falls near Dyberry, PA",41.65308889,-75.28205278,2739446,750170033,Unverified
USGS-01429500,"Dyberry Creek near Honesdale, PA",41.6072181,-75.26710469,2739766,750173586,Unverified
USGS-01430000,"Lackawaxen River near Honesdale, PA",41.5619407,-75.2479377,2739776,750184243,Unverified
USGS-01431500,"Lackawaxen River at Hawley, PA",41.4762002,-75.1721186,2743198,750210886,Unverified
USGS-01432055,"Lackawaxen River near Baoba, PA",41.46941667,-75.1089444,2743172,750219174,Unverified
USGS-01432110,"Lackawaxen River at Rowland, PA",41.4759228,-75.036281,2743148,750221542,Unverified
USGS-01432160,DELAWARE RIVER AT BARRYVILLE NY,41.47536824,-74.91238898,,750232198,Unverified
USGS-01432495,"Shohola Creek near Walker Lake, PA",41.45,-74.9216667,4150256,750171223,Unverified
USGS-01434000,DELAWARE RIVER AT PORT JERVIS NY,41.3705833,-74.69713889,4151524,750206744,Unverified
USGS-01438500,Delaware River at Montague NJ,41.30916667,-74.79527778,4151628,750171226,Unverified
USGS-01439500,"Bush Kill at Shoemakers, PA",41.08815078,-75.03767469,4153168,750129792,Unverified
USGS-01439590,"Little Bush Kill at Edgemere, PA",41.25860935,-74.9954313,4150904,750115581,Unverified
USGS-01440400,"Brodhead Creek near Analomink, PA",41.0848148,-75.2146251,4153166,750112624,Unverified
USGS-01440485,"Swiftwater Creek at Swiftwater, PA",41.09388988,-75.32210958,4153154,750120320,Unverified
USGS-01441495,"Pocono Creek ab Wigwam Run near Stroudsburg, PA",40.99083514,-75.2551636,4154310,750095458,Unverified
USGS-01442500,"Brodhead Creek at Minisink Hills, PA",40.998706,-75.1426788,4154488,750114995,Unverified
USGS-01446775,"Bushkill Creek ab Rt 33 bridge at Tatamy, PA",40.7489862,-75.2651783,2588233,750137496,Unverified
USGS-01446776,"Bushkill Creek bl SR2017 bridge at Tatamy, PA",40.74870845,-75.2610116,2588233,750137496,Unverified
USGS-01447500,"Lehigh River at Stoddartsville, PA",41.1302794,-75.62545259,4185679,750122095,Unverified
USGS-01447680,"Tunkhannock Creek near Long Pond, PA",41.06527778,-75.52138889,4185837,750109665,Unverified
USGS-01447720,"Tobyhanna Creek near Blakeslee, PA",41.08472426,-75.6054522,4185779,750128016,Unverified
USGS-01447800,Lehigh R bl Francis E Walter Res nr White Haven PA,41.10472447,-75.73212288,4186403,750127423,Unverified
USGS-01449000,"Lehigh River at Lehighton, PA",40.8292587,-75.70518938,4188159,750157623,Unverified
USGS-01449360,"Pohopoco Creek at Kresgeville, PA",40.8975919,-75.5024077,4187925,750142229,Unverified
USGS-01449800,"Pohopoco Cr bl Beltzville Dam nr Parryville, PA",40.84564756,-75.6457437,4187341,750131574,Unverified
USGS-01450500,"Aquashicola Creek at Palmerton, PA",40.8062047,-75.5979643,4187957,750138088,Unverified
USGS-01451000,"Lehigh River at Walnutport, PA",40.7570395,-75.60296388,4188205,750164728,Unverified
USGS-01451380,"Little Lehigh Creek near Trexlertown, PA",40.53111897,-75.60045519,4187863,750078896,Unverified
USGS-01451400,"Spring Creek at Trexlertown, PA",40.5340833,-75.6014722,4187845,750085407,Unverified
USGS-01451500,"Little Lehigh Creek near Allentown, PA",40.5823197,-75.48296088,4188011,750102575,Unverified
USGS-01451630,"Cedar Creek at Mouth near Allentown, PA",40.5875,-75.4968056,4188295,750074750,Unverified
USGS-01451650,Little Lehigh Creek at Tenth St. Br. at Allentown,40.59648637,-75.4740717,4187763,750113822,Unverified
USGS-01451800,"Jordan Creek near Schnecksville, PA",40.66176219,-75.626854,4187713,750099020,Unverified
USGS-01452000,"Jordan Creek at Allentown, PA",40.623062,-75.48239529,4188007,750094877,Unverified
USGS-01452500,"Monocacy Creek at Bethlehem, PA",40.6412091,-75.37934709,4188017,750108492,Unverified
USGS-01453000,"Lehigh River at Bethlehem, PA",40.6153761,-75.3787914,4188281,750133949,Unverified
USGS-01454700,"Lehigh River at Glendon, PA",40.6692656,-75.23628808,4188251,750153484,Unverified
USGS-01459500,"Tohickon Creek near Pipersville, PA",40.4337151,-75.1165609,2591219,750104946,Unverified
USGS-01464645,"NB Neshaminy Cr bl Lake Galena nr New Britain, PA",40.31232805,-75.2065626,4482695,750070020,Unverified
USGS-01464720,"NB Neshaminy Creek at Chalfont, PA",40.28816188,-75.20378458,4482733,750109094,Unverified
USGS-01464750,"Neshaminy Creek near Rushland, PA",40.26038549,-75.0348915,4482999,750112646,Unverified
USGS-01464899,"Park Cr (SW-19) at Countyline Rd at Warminster, PA",40.2195,-75.15163889,4482903,750061736,Unverified
USGS-01464907,Little Neshaminy C at Valley Road nr Neshaminy PA,40.22927456,-75.119616,4482885,750086599,Unverified
USGS-01464930,"Unnamed Trib to L Neshaminy Creek at Traymore, PA",40.23344136,-75.07155919,,750088375,Unverified
USGS-01464984,"L Neshaminy Cr at Walton Road nr Jacksonville, PA",40.2406635,-75.0537809,4483015,750088967,Unverified
USGS-01465200,"Neshaminy Creek near Penns Park, PA",40.25184167,-75.0087083,4483013,750091335,Unverified
USGS-01465500,"Neshaminy Creek near Langhorne, PA",40.1739982,-74.9568342,4480911,750117385,Unverified
USGS-01465798,"Poquessing Creek at Grant Ave. at Philadelphia, PA",40.0569557,-74.9851603,4488242,750090156,Unverified
USGS-01467031,"Pennypack Creek at Horsham, PA",40.1772222,-75.1219444,,750085417,Unverified
USGS-01467042,"Pennypack Creek at Pine Road, at Philadelphia, PA",40.0897334,-75.0690517,4489170,750096666,Unverified
USGS-01467048,"Pennypack Cr at Lower Rhawn St Bdg, Phila., PA",40.0500115,-75.0326619,4489178,750098444,Unverified
USGS-01467086,"Tacony Creek ab Adams Avenue, Philadelphia, PA",40.04261157,-75.1121191,4489180,750076540,Unverified
USGS-01467087,"Frankford Creek at Castor Ave, Philadelphia, PA",40.0159454,-75.0968411,4489096,750120349,Unverified
USGS-01467200,"Delaware River at Penn's Landing, Philadelphia, PA",39.946402,-75.1393603,4495952,750125087,Unverified
USGS-01468500,"Schuylkill River at Landingville, PA",40.6292577,-76.1246622,4779603,750079484,Unverified
USGS-01469500,"Little Schuylkill River at Tamaqua, PA",40.8069505,-75.97185458,4778811,750130392,Unverified
USGS-01470500,"Schuylkill River at Berne, PA",40.5225932,-75.99826819,4779167,750125071,Unverified
USGS-01470755,"Maiden Creek near Virginville, PA",40.52537159,-75.8749251,4779053,750115599,Unverified
USGS-01470761,"Maiden Creek at Berkley, PA",40.42852778,-75.9396944,4780611,750096657,Unverified
USGS-01470779,"Tulpehocken Creek near Bernville, PA",40.4133443,-76.1715854,4783101,750106131,Unverified
USGS-01470960,Tulpehocken Cr at Blue Marsh Damsite near Reading,40.37056658,-76.025192,4783213,750110275,Unverified
USGS-01471000,"Tulpehocken Creek near Reading, PA",40.36898166,-75.9791015,4782017,750112052,Unverified
USGS-01471510,"Schuylkill River at Reading, PA",40.3353611,-75.9368333,4782313,750113828,Unverified
USGS-01471875,"Manatawny Creek near Spangsville, PA",40.339538,-75.7421359,4780921,750088372,Unverified
USGS-01472000,"Schuylkill River at Pottstown, PA",40.2417631,-75.6515752,4782441,750109687,Unverified
USGS-01472157,"French Creek near Phoenixville, PA",40.15149064,-75.601305,4782153,750128633,Unverified
USGS-01472198,"Perkiomen Creek at East Greenville, PA",40.393898,-75.5154532,4780723,750076530,Unverified
USGS-01472199,"West Branch Perkiomen Creek at Hillegass, PA",40.3739879,-75.5224034,4780787,750090147,Unverified
USGS-01472620,"East Branch Perkiomen Creek near Dublin, PA",40.40399276,-75.2343416,4782009,750084819,Unverified
USGS-01472810,"East Branch Perkiomen Creek near Schwenksville, PA",40.2587137,-75.4287873,4781261,750116198,Unverified
USGS-01473000,"Perkiomen Creek at Graterford, PA",40.22954725,-75.451567,4782107,750097255,Unverified
USGS-01473169,Valley Creek at PA Turnpike Br near Valley Forge,40.07927367,-75.46074808,4781877,750048716,Unverified
USGS-01473470,"Stony Creek at Sterigere Street at Norristown, PA",40.12733007,-75.3449047,4781759,750078314,Unverified
USGS-01473500,"Schuylkill River at Norristown, PA",40.11555556,-75.3561111,4782491,750132778,Unverified
USGS-01473730,"Schuylkill River at Conshohocken, PA",40.0706655,-75.3096279,4782593,750123308,Unverified
USGS-01473900,"Wissahickon Creek at Fort Washington, PA",40.1239987,-75.2198992,4781731,750101994,Unverified
USGS-01474000,"Wissahickon Creek at Mouth, Philadelphia, PA",40.0152903,-75.2068343,4782187,750116797,Unverified
USGS-01474500,"Schuylkill River at Philadelphia, PA",39.9677908,-75.1885007,4784831,750138109,Unverified
USGS-01475510,"Darby Creek near Darby, PA",39.92900154,-75.2724064,4495682,750084238,Unverified
USGS-01475530,"Cobbs Cr at U.S. Hghwy No. 1 at Philadelphia, PA",39.9747355,-75.2798924,4495656,,Unverified
USGS-01475548,"Cobbs Creek at Mt. Moriah Cemetery, Philadelphia",39.9327861,-75.2376361,4495680,750073583,Unverified
USGS-01475850,"Crum Creek near Newtown Square, PA",39.97649897,-75.4365864,4494460,750083646,Unverified
USGS-01476480,"Ridley Creek at Media, PA",39.9161255,-75.40323,4495704,750102591,Unverified
USGS-01477000,"Chester Creek near Chester, PA",39.8690009,-75.4082494,4495846,750122129,Unverified
USGS-01478100,"EB White Clay Creek Trib near London Grove, PA",39.85834967,-75.7832425,4650944,750130418,Unverified
USGS-01478120,"East Branch White Clay Creek at Avondale, PA",39.8284429,-75.780773,4651038,750130418,Unverified
USGS-01478137,"Trout Run at Avondale, PA",39.8217764,-75.7791061,4651042,750130418,Unverified
USGS-01478185,"Middle Branch White Clay Creek near West Grove,PA",39.8325833,-75.8450833,4651064,750098452,Unverified
USGS-01478220,"West Branch White Clay Creek near Chesterville, PA",39.76566619,-75.7960492,4651230,750098452,Unverified
USGS-01478245,"White Clay Creek near Strickersville, PA",39.7475,-75.7708333,4651254,750112660,Unverified
USGS-01479820,"Red Clay Creek near Kennett Square, PA",39.81677739,-75.6916008,4651090,750125682,Unverified
USGS-01480300,"West Branch Brandywine Creek near Honey Brook, PA",40.07287916,-75.8607744,4648694,750111468,Unverified
USGS-01480400,"Birch Run near Wagontown, PA",40.0273261,-75.8449449,4648544,750112060,Unverified
USGS-01480500,"West Branch Brandywine Creek at Coatesville, PA",39.98566144,-75.8274467,932040162,750110878,Unverified
USGS-01480617,"West Branch Brandywine Creek at Modena, PA",39.9617734,-75.8013341,4650580,750111470,Unverified
USGS-01480629,"Buck Run at Doe Run, PA",39.9295515,-75.82300028,4651854,750083647,Unverified
USGS-01480638,"Broad Run at Northbrook, PA",39.9303864,-75.6846599,4650698,750118575,Unverified
USGS-01480675,"Marsh Creek near Glenmoore, PA",40.09779108,-75.7415732,4648686,750080683,Unverified
USGS-01480685,"Marsh Creek near Downingtown, PA",40.0552915,-75.71629489,4648728,750089564,Unverified
USGS-01480700,"East Branch Brandywine Creek near Downingtown, PA",40.03473617,-75.708517,4648568,750101996,Unverified
USGS-01480870,"East Branch Brandywine Creek below Downingtown, PA",39.9687191,-75.6732715,4650548,750116205,Unverified
USGS-01481000,"Brandywine Creek at Chadds Ford, PA",39.8698328,-75.5932623,4652046,750123905,Unverified
USGS-01494850,"East Branch Big Elk Creek at Forestville, PA",39.8223306,-75.8968883,4762980,750093122,Unverified
USGS-01513550,"Choconut Creek near Choconut, PA",41.96277778,-76.00138889,8103605,750115561,Unverified
USGS-01514850,"Wappasening Creek near Windham Center, PA",41.97416667,-76.3322222,8103553,750184232,Unverified
USGS-01515000,SUSQUEHANNA RIVER NEAR WAVERLY NY,41.98494444,-76.50125,,750212056,Unverified
USGS-01516350,"Tioga River near Mansfield, PA",41.7970183,-77.0802457,8112301,750176541,Unverified
USGS-01516500,"Corey Creek near Mainesburg, PA",41.79090746,-77.0146877,8112305,750131549,Unverified
USGS-01518000,"Tioga River at Tioga, PA",41.90833256,-77.1293867,8112611,750190155,Unverified
USGS-01518420,Crooked Cr bl Catlin Hollow at Middlebury Center,41.8425002,-77.27328068,8112167,750171804,Unverified
USGS-01518700,"Tioga River at Tioga Junction, PA",41.95257385,-77.1152486,8111755,750168841,Unverified
USGS-01518862,"Cowanesque River at Westfield, PA",41.9230558,-77.5319,8111873,750175946,Unverified
USGS-01519200,"Cowanesque River at Elkland, PA",41.98749908,-77.30216978,8111583,750171800,Unverified
USGS-01520000,"Cowanesque River near Lawrenceville, PA",41.99674048,-77.1399724,8111577,750176536,Unverified
USGS-01531250,"NB Sugar Creek Trib near Columbia Cross Roads, PA",41.84027668,-76.826877,4197356,750017884,Unverified
USGS-01531325,"Sugar Creek at West Burlington, PA",41.76055556,-76.675,4197880,750174174,Unverified
USGS-01531500,"Susquehanna River at Towanda, PA",41.76535278,-76.4407743,4199356,750202589,Unverified
USGS-01531908,"Towanda Creek near Franklindale, PA",41.69777778,-76.5786111,4198190,750178320,Unverified
USGS-01532000,"Towanda Creek near Monroeton, PA",41.70757505,-76.4849432,4199144,750186607,Unverified
USGS-01533400,"Susquehanna River at Meshoppen, PA",41.60729826,-76.0502031,4199592,750212658,Unverified
USGS-01534000,"Tunkhannock Creek near Tunkhannock, PA",41.55841008,-75.89464168,4196160,750200819,Unverified
USGS-01534300,"Lackawanna River near Forest City, PA",41.67980547,-75.47184988,2598631,750172992,Unverified
USGS-01534500,"Lackawanna River at Archbald, PA",41.5044422,-75.5421143,2598765,750185429,Unverified
USGS-01534860,"Lackawanna R bl Leggetts Creek at Scranton, PA",41.44119115,-75.6421337,2600169,750203191,Unverified
USGS-01536000,"Lackawanna River at Old Forge, PA",41.35924619,-75.744359,2600273,750185433,Unverified
USGS-01536500,"Susquehanna River at Wilkes-Barre, PA",41.2509149,-75.8807518,2601199,750174779,Unverified
USGS-01538000,"Wapwallopen Creek near Wapwallopen, PA",41.0594483,-76.0938016,2603031,750111441,Unverified
USGS-01538510,"L Nescopeck Creek Tributary near Freeland, PA",41.00528187,-75.9937986,2600965,750104339,Unverified
USGS-01538700,"Susquehanna River at Bloomsburg, PA",40.9939757,-76.4399451,2604943,750130978,Unverified
USGS-01539000,"Fishing Creek near Bloomsburg, PA",41.07814118,-76.4313333,2603023,750138672,Unverified
USGS-01540500,"Susquehanna River at Danville, PA",40.95814218,-76.6191222,2604975,750151700,Unverified
USGS-01541000,"West Branch Susquehanna River at Bower, PA",40.89700655,-78.6769726,4673267,750187221,Unverified
USGS-01541200,"WB Susquehanna River near Curwensville, PA",40.9614471,-78.5191906,4674941,750189589,Unverified
USGS-01541248,"Anderson Creek at Curwensville, PA",40.97544444,-78.5307778,4672909,750101971,Unverified
USGS-01541303,"West Branch Susquehanna River at Hyde, PA",41.00450158,-78.4566886,4672573,750133347,Unverified
USGS-01541500,"Clearfield Creek at Dimeling, PA",40.97172406,-78.4058533,4674911,750130979,Unverified
USGS-01542500,"WB Susquehanna River at Karthaus, PA",41.11755906,-78.108896,4672393,750111439,Unverified
USGS-01542810,"Waldy Run near Emporium, PA",41.57895225,-78.2925121,8125917,750114387,Unverified
USGS-01543000,"Driftwood Br Sinnemahoning Cr at Sterling Run, PA",41.41333985,-78.1969244,8127529,750196087,Unverified
USGS-01543500,"Sinnemahoning Creek at Sinnemahoning, PA",41.31728467,-78.1030596,8127609,750164122,Unverified
USGS-01543693,"East Fork Sinnemahoning at Wharton Township, PA",41.54138889,-77.9802778,8124573,750191348,Unverified
USGS-01543700,"First Fork Sinnemahoning Creek at Wharton, PA",41.518894,-78.0274739,8125667,750191940,Unverified
USGS-01544000,"First Fork Sinnemahoning Cr near Sinnemahoning, PA",41.4016728,-78.024141,8126619,750193128,Unverified
USGS-01544500,"Kettle Creek at Cross Fork, PA",41.47583829,-77.82580078,8134650,750203782,Unverified
USGS-01545000,"Kettle Creek near Westport, PA",41.31945098,-77.8738587,8134992,750187208,Unverified
USGS-01545500,"West Branch Susquehanna River at Renovo, PA",41.32367797,-77.7499869,8135528,750175370,Unverified
USGS-01545600,"Young Womans Creek near Renovo, PA",41.38951168,-77.6908191,8134878,750164712,Unverified
USGS-01545800,"WB Susquehanna River at Lock Haven, PA",41.13806266,-77.44190088,8137096,750148142,Unverified
USGS-01546400,"Spring Creek at Houserville, PA",40.8336726,-77.82750108,8140280,750135719,Unverified
USGS-01546500,"Spring Creek near Axemann, PA",40.88978334,-77.794168,8140406,750138678,Unverified
USGS-01547100,"Spring Creek at Milesburg, PA",40.9317273,-77.7855575,8140404,750178933,Unverified
USGS-01547200,"Bald Eagle Creek bl Spring Creek at Milesburg, PA",40.943116,-77.78639109,8140016,750132164,Unverified
USGS-01547500,"Bald Eagle Creek at Blanchard, PA",41.05173127,-77.6044379,8139444,750135121,Unverified
USGS-01547700,"Marsh Creek at Blanchard, PA",41.05950916,-77.6058264,8139414,750115585,Unverified
USGS-01547950,"Beech Creek at Monument, PA",41.1117307,-77.7022159,8139224,750136304,Unverified
USGS-01548005,"Bald Eagle Creek near Beech Creek Station, PA",41.0808995,-77.54943419,8139390,750142816,Unverified
USGS-01548500,"Pine Creek at Cedar Run, PA",41.52167017,-77.4474547,8144622,750209108,Unverified
USGS-01549500,"Blockhouse Creek near English Center, PA",41.4736144,-77.2307812,8144818,750182470,Unverified
USGS-01549700,"Pine Creek bl L Pine Creek near Waterville, PA",41.273683,-77.32414028,8145248,750166491,Unverified
USGS-01549760,"WB Susquehanna River at Jersey Shore, PA",41.20222816,-77.251061,8153511,750153470,Unverified
USGS-01550000,"Lycoming Creek near Trout Run, PA",41.41813179,-77.0330238,8152817,750179511,Unverified
USGS-01551500,"WB Susquehanna River at Williamsport, PA",41.23611599,-76.996608,,750162940,Unverified
USGS-01552000,"Loyalsock Creek at Loyalsockville, PA",41.32500378,-76.9124381,8152257,750173001,Unverified
USGS-01552500,"Muncy Creek near Sonestown, PA",41.35702418,-76.5346708,8151091,750154649,Unverified
USGS-01553025,"West Branch Susquehanna River at Allenwood, PA",41.10805556,-76.89,8152521,750141039,Unverified
USGS-01553500,"West Branch Susquehanna River at Lewisburg, PA",40.96750719,-76.8763277,8153799,750136307,Unverified
USGS-01553700,"Chillisquaque Creek at Washingtonville, PA",41.0616723,-76.6802096,8152057,750122689,Unverified
USGS-01553850,"Chillisquaque Creek near Potts Grove, PA",40.97444444,-76.8,8153625,750113219,Unverified
USGS-01554000,"Susquehanna River at Sunbury, PA",40.8345293,-76.8266349,932050211,750162951,Unverified
USGS-01555000,"Penns Creek at Penns Creek, PA",40.86674917,-77.0483088,4520418,750161766,Unverified
USGS-01555500,"East Mahantango Creek near Dalmatia, PA",40.61119589,-76.9119198,4518306,750125069,Unverified
USGS-01556000,"Frankstown Br Juniata River at Williamsburg, PA",40.4631283,-78.199732,4684242,750100801,Unverified
USGS-01557500,"Bald Eagle Creek at Tyrone, PA",40.6836733,-78.23362439,4683152,750113819,Unverified
USGS-01558000,"Little Juniata River at Spruce Creek, PA",40.61251438,-78.1405373,4682638,750119741,Unverified
USGS-01559000,"Juniata River at Huntingdon, PA",40.48473768,-78.0188672,4684346,750101984,Unverified
USGS-01560000,"Dunning Creek at Belden, PA",40.071688,-78.4924955,4690113,750116796,Unverified
USGS-01562000,"Raystown Branch Juniata River at Saxton, PA",40.21591249,-78.2652901,4690429,750123896,Unverified
USGS-01563200,"Rays Br Juniata R bl Rays Dam nr Huntingdon, PA",40.42896398,-77.9911135,4688455,750109090,Unverified
USGS-01563500,"Juniata River at Mapleton Depot, PA",40.39229876,-77.93499988,4700071,750116195,Unverified
USGS-01564500,"Aughwick Creek near Three Springs, PA",40.21258144,-77.9252764,4699877,750122121,Unverified
USGS-01564512,"Aughwick Creek near Shirleysburg, PA",40.2820244,-77.890553,4699337,750128630,Unverified
USGS-01564895,"Juniata River at Lewistown, PA",40.59451734,-77.5824931,4697593,750125070,Unverified
USGS-01565000,"Kishacoquillas Creek at Reedsville, PA",40.65473468,-77.5830189,4697437,750145196,Unverified
USGS-01566000,"Tuscarora Creek near Port Royal, PA",40.5153564,-77.41915568,4697481,750096656,Unverified
USGS-01567000,"Juniata River at Newport, PA",40.47841677,-77.1291484,4699925,750110272,Unverified
USGS-01567500,"Bixler Run near Loysville, PA",40.37091615,-77.402209,4710396,750084227,Unverified
USGS-01568000,"Sherman Creek at Shermans Dale, PA",40.3233483,-77.1688404,4710668,750107317,Unverified
USGS-01570000,"Conodoguinet Creek near Hogestown, PA",40.2522222,-77.0211111,4712048,750112055,Unverified
USGS-01570500,"Susquehanna River at Harrisburg, PA",40.25481164,-76.8860846,4710000,750142246,Unverified
USGS-01571005,"Paxton Creek near Glenwood, PA",40.3061111,-76.8555556,4709222,750070021,Unverified
USGS-01571184,"Mountain Creek near Pine Grove Furnace, PA",40.0309245,-77.3085949,4711782,750087789,Unverified
USGS-01571500,"Yellow Breeches Creek near Camp Hill, PA",40.22481237,-76.8980293,4709484,750101399,Unverified
USGS-01572025,"Swatara Creek near Pine Grove, PA",40.53258999,-76.4021793,4707802,750109087,Unverified
USGS-01572190,"Swatara Creek near Inwood, PA",40.4792558,-76.530797,4708462,750090144,Unverified
USGS-01573000,"Swatara Creek at Harper Tavern, PA",40.40251235,-76.5771541,4708726,750113235,Unverified
USGS-01573160,"Quittapahilla Creek near Bellegrove, PA",40.3426111,-76.56188889,4709060,750090149,Unverified
USGS-01573208,"Swatara Creek near Palmyra, PA",40.32223889,-76.6293944,4709174,750111460,Unverified
USGS-01573560,"Swatara Creek near Hershey, PA",40.29842358,-76.6677469,4709260,750109093,Unverified
USGS-01573660,"Fishing Creek at Goldsboro, PA",40.1533333,-76.7555556,4709876,750093114,Unverified
USGS-01573684,"Little Conewago Crk, Gingrich Rd at Upper Lawn PA",40.22519444,-76.55452778,4709486,750032135,Unverified
USGS-01573695,"Conewago Creek near Bellaire, PA",40.19527778,-76.56777778,4709872,750109096,Unverified
USGS-01573710,"Conewago Creek near Falmouth, PA",40.14930556,-76.68775,4709644,750106137,Unverified
USGS-01573825,"West Conewago Creek at East Berlin, PA",39.9412222,-76.99,4724617,750107327,Unverified
USGS-01573849,"Bermudian Creek at Oxford Road nr Heidlersburg, PA",39.9802222,-77.1546111,4727061,750080094,Unverified
USGS-01574000,"West Conewago Creek near Manchester, PA",40.0809008,-76.7180813,4722109,750117979,Unverified
USGS-01574500,"Codorus Creek at Spring Grove, PA",39.8787104,-76.8533073,4726129,750116801,Unverified
USGS-01575500,"Codorus Creek near York, PA",39.94620975,-76.7552459,4726065,750107919,Unverified
USGS-01575598,"Codorus Creek near Saginaw, PA",40.0522222,-76.6544444,4721533,750126861,Unverified
USGS-01575900,"Chiques Creek near Marietta, PA",40.0628745,-76.5155214,4721493,750119756,Unverified
USGS-01576000,"Susquehanna River at Marietta, PA",40.0545413,-76.5307992,4722217,750120348,Unverified
USGS-01576007,"Kreutz Creek at Strickler, PA",40.01416667,-76.5480556,4721831,750090750,Unverified
USGS-01576045,"Fishing Creek at Craley, PA",39.94194444,-76.50027778,4726071,750080687,Unverified
USGS-01576381,"Hammer Creek at Obie Rd nr Schafferstown, PA",40.2710833,-76.3217222,4720655,750043382,Unverified
USGS-01576500,"Conestoga River at Lancaster, PA",40.05009748,-76.2771798,4722137,750110284,Unverified
USGS-015765195,"Big Spring Run near Mylin Corners, PA",39.9959361,-76.26403889,,750088381,Unverified
USGS-01576754,"Conestoga River at Conestoga, PA",39.9464886,-76.3677388,4724553,750119759,Unverified
USGS-01576767,"Pequea Creek near Ronks, PA",40.00916667,-76.1622222,4721931,750102589,Unverified
USGS-01576787,"Pequea Creek at Martic Forge, PA",39.90593409,-76.32829298,4724801,750123904,Unverified
USGS-01577500,"Muddy Creek at Castle Fin, PA",39.77260378,-76.3157919,4726191,750112068,Unverified
USGS-01601000,"Wills Creek below Hyndman, PA",39.81202897,-78.7164072,14362658,750136338,Unverified
USGS-01613050,"Tonoloway Creek near Needmore, PA",39.89842119,-78.132229,5892356,750077728,Unverified
USGS-03007800,"Allegheny River at Port Allegany, PA",41.81867578,-78.29279129,8972788,760596387,Unverified
USGS-03010500,"Allegheny River at Eldred, PA",41.963398,-78.3861287,8974256,760593048,Unverified
USGS-03010655,"Oswayo Creek at Shinglehouse, PA",41.96173237,-78.1980662,8971150,760533144,Unverified
USGS-03011800,"Kinzua Creek near Guffey, PA",41.76645099,-78.71863999,8974366,760514854,Unverified
USGS-03012550,"Allegheny River at Kinzua Dam, PA",41.84144917,-79.0119846,8975664,760619681,Unverified
USGS-03015000,"Conewango Creek at Russell, PA",41.9381145,-79.133101,15445645,760637975,Unverified
USGS-03015310,"Allegheny River bl Conewango Creek at Warren, PA",41.8439485,-79.1497668,8975690,760623009,Unverified
USGS-03015500,"Brokenstraw Creek at Youngsville, PA",41.8525587,-79.3172708,8975634,760579744,Unverified
USGS-03016000,"Allegheny River at West Hickory, PA",41.5708949,-79.4078243,10220190,760604726,Unverified
USGS-03017500,"Tionesta Creek at Lynch, PA",41.60200599,-79.0500392,10220060,760553135,Unverified
USGS-03020000,"Tionesta Creek at Tionesta Creek Dam, PA",41.47784,-79.4439351,10222366,760594749,Unverified
USGS-03020500,"Oil Creek at Rouseville, PA",41.4817261,-79.6953304,10222374,760511545,Unverified
USGS-03021350,"French Creek near Wattsburg, PA",42.015332,-79.7825507,9049227,760501523,Unverified
USGS-03021410,"West Branch French Creek near Lowville, PA",42.0817221,-79.8503286,,760406670,Unverified
USGS-03021520,"French Creek near Union City, PA",41.90783338,-79.8967189,9050757,760637977,Unverified
USGS-03022540,"Woodcock Creek at Blooming Valley, PA",41.6906115,-80.04811219,9052485,760533164,Unverified
USGS-03022554,"Woodcock Creek at Woodcock Creek Dam, PA",41.69588905,-80.1081133,9052441,760536492,Unverified
USGS-03023100,"French Creek at Meadville, PA",41.63255476,-80.1595043,9053093,760538160,Unverified
USGS-03024000,"French Creek at Utica, PA",41.43755525,-79.9558912,9053487,760559806,Unverified
USGS-03025500,"Allegheny River at Franklin, PA",41.3895027,-79.8203322,10222194,760589763,Unverified
USGS-03026480,"East Branch Clarion River near Clermont, PA",41.64405556,-78.5314444,6873503,760395055,Unverified
USGS-03026500,"Sevenmile Run near Rasselas, PA",41.63117349,-78.5766898,6874093,760331822,Unverified
USGS-03027500,"EB Clarion River at EB Clarion River Dam, PA",41.5531176,-78.5961347,6874115,760473270,Unverified
USGS-03028000,"West Branch Clarion River at Wilcox, PA",41.57533955,-78.69224919,6874111,760478261,Unverified
USGS-03028500,"Clarion River at Johnsonburg, PA",41.48617269,-78.6783595,6874629,760509883,Unverified
USGS-03029000,"Clarion River at Ridgway, PA",41.4208946,-78.7358612,6874893,760546497,Unverified
USGS-03029500,"Clarion River at Cooksburg, PA",41.3306189,-79.2089298,6877193,760609735,Unverified
USGS-03030500,"Clarion River near Piney, PA",41.19256259,-79.440045,6877295,760588114,Unverified
USGS-03031500,"Allegheny River at Parker, PA",41.10061789,-79.68116,4745955,760679642,Unverified
USGS-03031882,"Redbank Creek at Brookville, PA",41.15811918,-79.0808701,4738065,760568149,Unverified
USGS-03032500,"Redbank Creek at St. Charles, PA",40.9945093,-79.3942088,4741683,760598113,Unverified
USGS-03034000,"Mahoning Creek at Punxsutawney, PA",40.93923105,-79.00836738,4741709,760631397,Unverified
USGS-03034500,"Little Mahoning Creek at McCormick, PA",40.8361756,-79.1100356,4741771,760551532,Unverified
USGS-03036000,"Mahoning Creek at Mahoning Creek Dam, PA",40.9275653,-79.2911508,166808422,760659687,Unverified
USGS-03036500,"Allegheny River at Kittanning, PA",40.82034197,-79.531434,4742165,760649708,Unverified
USGS-03038000,"Crooked Creek at Idaho, PA",40.6547875,-79.3486511,4741899,760588154,Unverified
USGS-03039000,Crooked Creek at Crooked Creek Dam near Ford City,40.7203422,-79.5114332,4741239,760576503,Unverified
USGS-03040000,"Stonycreek River at Ferndale, PA",40.28563049,-78.9205806,4753658,760603159,Unverified
USGS-03041029,"Conemaugh River at Minersville, PA",40.34138889,-78.9261111,4753772,760709651,Unverified
USGS-03041500,"Conemaugh River at Seward, PA",40.4192377,-79.0261404,4754886,760673037,Unverified
USGS-03042000,"Blacklick Creek at Josephine, PA",40.4770127,-79.1867009,4754050,760711304,Unverified
USGS-03042280,"Yellow Creek near Homer City, PA",40.57256726,-79.1033664,4752350,760566529,Unverified
USGS-03042500,"Two Lick Creek at Graceton, PA",40.5172899,-79.171701,4752366,760681349,Unverified
USGS-03044000,"Conemaugh River at Tunnelton, PA",40.4545117,-79.3908724,4754924,760729611,Unverified
USGS-03044810,"Linn Run at Linn Run State Park near Rector, PA",40.16888889,-79.23388889,4582730,,Unverified
USGS-03045000,"Loyalhanna Creek at Kingston, PA",40.29257045,-79.340591,4582476,760639770,Unverified
USGS-03047000,"Loyalhanna Creek at Loyalhanna Dam, PA",40.45888889,-79.4494444,4583044,760688011,Unverified
USGS-03048500,"Kiskiminetas River at Vandergrift, PA",40.6045099,-79.5519887,4581930,760683009,Unverified
USGS-03048900,"Buffalo Creek at Iron Bridge, PA",40.7344722,-79.6781111,11049850,760551540,Unverified
USGS-03049500,"Allegheny River at Natrona, PA",40.6152958,-79.7183667,11049994,760721274,Unverified
USGS-03049800,"Little Pine Creek near Etna, PA",40.5203462,-79.93810799,11049744,,Unverified
USGS-03049807,"Pine Creek at Grant Avenue at Etna, PA",40.50313889,-79.9484444,11049784,760609798,Unverified
USGS-03049819,"Girtys Run above Grant Avenue at Millvale, PA",40.4778333,-79.9700278,11050566,760722953,Unverified
USGS-03072000,"Dunkard Creek at Shannopin, PA",39.7592449,-79.9706152,3787957,760694720,Unverified
USGS-03072655,"Monongahela River near Masontown, PA",39.8250275,-79.9228206,3788105,760802876,Unverified
USGS-03073000,"South Fork Tenmile Creek at Jefferson, PA",39.92313056,-80.072558,3789647,760661428,Unverified
USGS-03074500,"Redstone Creek at Waltersburg, PA",39.9800758,-79.7642085,3787171,760558255,Unverified
USGS-03075070,"Monongahela River at Elizabeth, PA",40.26224454,-79.9011517,3785895,760794522,Unverified
USGS-03077500,"Youghiogheny River at Youghiogheny River Dam, PA",39.80535485,-79.3642019,3809037,760754620,Unverified
USGS-03079000,"Casselman River at Markleton, PA",39.85991667,-79.2288333,3808745,760624822,Unverified
USGS-03080000,"Laurel Hill Creek at Ursina, PA",39.820355,-79.3214227,3808755,760581561,Unverified
USGS-03081000,"Youghiogheny River below Confluence, PA",39.8275767,-79.3725353,3809023,760688058,Unverified
USGS-03081500,"Youghiogheny River at Ohiopyle, PA",39.86590869,-79.4944829,3808977,760673080,Unverified
USGS-03082500,"Youghiogheny River at Connellsville, PA",40.01752778,-79.5932222,3806299,760713004,Unverified
USGS-03083500,"Youghiogheny River at Sutersville, PA",40.2402222,-79.8066944,3806147,760749596,Unverified
USGS-03084698,"Turtle Creek at Wilmerding, PA",40.39423566,-79.8058805,3785833,760586511,Unverified
USGS-03084800,"Thompson Run at Turtle Creek, PA",40.4053467,-79.82782569,3785779,760455053,Unverified
USGS-03085000,"Monongahela River at Braddock, PA",40.39113189,-79.8580943,,760782864,Unverified
USGS-030850498,"Ninemile Run above McFarren St nr Swissviale, PA",40.41730556,-79.91563889,,760802830,Unverified
USGS-03085100,"Streets Run at Hays, PA",40.3866111,-79.9323611,3785155,,Unverified
USGS-03085213,"Sawmill Run at Duquesne Heights nr Pittsburgh, PA",40.43279845,-80.0294886,3822821,760483340,Unverified
USGS-03085500,"Chartiers Creek at Carnegie, PA",40.4006247,-80.0964444,3823985,760644751,Unverified
USGS-03085947,"Lowries Run at Camp Horne near Emsworth, PA",40.52019444,-80.0869444,3820523,760498309,Unverified
USGS-03085956,"Montour Run at Scott Station near Imperial, PA",40.4572222,-80.1844444,,760498314,Unverified
USGS-03086000,"Ohio River at Sewickley, PA",40.5491864,-80.20560508,3821223,760771205,Unverified
USGS-03101500,"Shenango River at Pymatuning Dam, PA",41.49810898,-80.46006929,12997122,760588090,Unverified
USGS-03102500,"Little Shenango River at Greenville, PA",41.42199889,-80.376178,12998878,760543167,Unverified
USGS-03102850,"Shenango River near Transfer, PA",41.3536663,-80.3978453,12997756,760583109,Unverified
USGS-03103500,"Shenango River at Sharpsville, PA",41.2661241,-80.47255589,12999322,760656333,Unverified
USGS-03105500,"Beaver River at Wampum, PA",40.88867389,-80.3370083,19464300,760651369,Unverified
USGS-03106000,"Connoquenessing Creek near Zelienople, PA",40.8170092,-80.2422837,10926401,760664687,Unverified
USGS-03106300,"Muddy Creek near Portersville, PA",40.9633333,-80.12888889,10926383,760526564,Unverified
USGS-03106500,"Slippery Rock Creek at Wurtemburg, PA",40.88390519,-80.2336604,10925875,760656360,Unverified
USGS-03107500,"Beaver River at Beaver Falls, PA",40.763351,-80.31505239,19464254,760691315,Unverified
USGS-03108000,"Raccoon Creek at Moffatts Mill, PA",40.62779694,-80.33755359,3820883,760663039,Unverified
USGS-04213075,"Brandy Run near Girard, PA",41.99195079,-80.2911584,9841436,,Unverified
USGS-04213152,"Walnut Creek Upstream Pool, near Erie, PA",42.07388889,-80.2347222,9840538,740084571,Unverified
USGS-01109403,"TEN MILE R., PAWTUCKET AVE. AT E. PROVIDENCE, RI",41.83093377,-71.3503315,6128655,750190156,Unverified
USGS-01111300,"NIPMUC RIVER NEAR HARRISVILLE, RI",41.9812093,-71.68590049,6118862,750122664,Unverified
USGS-01111500,"BRANCH RIVER AT FORESTDALE, RI",41.99648716,-71.56200758,6119204,750191336,Unverified
USGS-01112500,"BLACKSTONE RIVER AT WOONSOCKET, RI",42.0064871,-71.5025613,6117292,750187191,Unverified
USGS-01113895,BLACKSTONE R AT ROOSEVELT ST AT PAWTUCKET RI,41.8884331,-71.38144467,6128415,750200218,Unverified
USGS-01114000,"MOSHASSUCK RIVER AT PROVIDENCE, RI",41.833989,-71.41061208,167237335,750177724,Unverified
USGS-01114500,"WOONASQUATUCKET RIVER AT CENTERDALE, RI",41.8589884,-71.4872823,6128489,750171211,Unverified
USGS-01115098,"PEEPTOAD BROOK AT ELMDALE RD NR NORTH SCITUATE, RI",41.8525992,-71.6061754,6128495,,Unverified
USGS-01115110,"HUNTINGHOUSE BK AT ELMDALE RD AT N SCITUATE, RI",41.8456548,-71.6095088,6128513,750136876,Unverified
USGS-01115114,"RUSH BROOK NEAR ELMDALE RD NEAR NORTH SCITUATE, RI",41.83759929,-71.6120089,6128591,,Unverified
USGS-01115170,"MOSWANSICUT STREAM NR NORTH SCITUATE, RI",41.84093269,-71.584508,6128559,,Unverified
USGS-01115183,"QUONOPAUG BK AT RT 116 NR NORTH SCITUATE, RI",41.79759966,-71.5847857,6129613,,Unverified
USGS-01115185,"WINSOR BROOK AT WINSOR RD NEAR SOUTH FOSTER, RI",41.83621005,-71.72256829,6128585,,Unverified
USGS-01115187,"PONAGANSET RIVER AT SOUTH FOSTER, RI",41.8187102,-71.7050677,6128661,750136284,Unverified
USGS-01115190,"DOLLY COLE BK AT OLD DANIELSON PK AT S FOSTER, RI",41.8223213,-71.70034528,6128659,750136284,Unverified
USGS-01115265,"HEMLOCK BROOK AT KING ROAD NR FOSTER, RI",41.7906548,-71.6986785,6128769,750092477,Unverified
USGS-01115276,"WESTCONNAUG STREAM AT PLAINFIELD PIKE, RI",41.7853772,-71.6672885,6128797,,Unverified
USGS-01115278,"SWAMP BROOK AT PONAGANSETT ROAD NR CLAYVILLE, RI",41.7968,-71.6694306,6128743,750142797,Unverified
USGS-01115280,"CORK BK AT ROCKLAND SCITUATE RD NR CLAYVILLE, RI",41.80398827,-71.6497879,6128763,,Unverified
USGS-01115297,WILBUR HOLLOW BK AT OLD PLAINFIELD PK NR CLAYVILLE,41.7648219,-71.6356207,,,Unverified
USGS-01115500,"NORTH BRANCH PAWTUXET RIVER AT FISKEVILLE, RI",41.73287798,-71.5497842,6128987,750172991,Unverified
USGS-01115630,"NOOSENECK RIVER AT NOOSENECK, RI",41.6267667,-71.6325646,6129235,750135106,Unverified
USGS-01116000,"SOUTH BRANCH PAWTUXET RIVER AT WASHINGTON, RI",41.69010026,-71.5658958,6129689,750197264,Unverified
USGS-01116500,"PAWTUXET RIVER AT CRANSTON, RI",41.75093399,-71.4450575,6129655,750209695,Unverified
USGS-01116905,"HUNT R 250 FT DS FRY BRK AT FRENCHTOWN, RI",41.63,-71.47888889,6129219,750144578,Unverified
USGS-01117000,"HUNT RIVER NEAR EAST GREENWICH, RI",41.6412122,-71.4445016,6129703,750188386,Unverified
USGS-01117350,"CHIPUXET RIVER AT WEST KINGSTON, RI",41.48220458,-71.5511513,166174967,750132149,Unverified
USGS-01117370,QUEEN R AT LIBERTY RD AT LIBERTY RI,41.53898957,-71.568673,6140308,750156420,Unverified
USGS-01117420,"USQUEPAUG RIVER NEAR USQUEPAUG, RI",41.4766493,-71.60476418,6141056,750158197,Unverified
USGS-01117430,"PAWCATUCK RIVER AT KENYON, RI",41.4460941,-71.6211538,6141076,750193718,Unverified
USGS-01117468,"BEAVER RIVER NEAR USQUEPAUG, RI",41.49260037,-71.6281194,6140842,750183062,Unverified
USGS-01117500,"PAWCATUCK RIVER AT WOOD RIVER JUNCTION, RI",41.44498329,-71.68087799,6141084,750207926,Unverified
USGS-01117800,"WOOD RIVER NEAR ARCADIA, RI",41.5739884,-71.72062318,6139996,750170035,Unverified
USGS-01118000,"WOOD RIVER AT HOPE VALLEY, RI",41.49815516,-71.7164561,6140122,750175365,Unverified
USGS-01118500,"PAWCATUCK RIVER AT WESTERLY, RI",41.3852623,-71.83255,6140952,750196088,Unverified
USGS-02110400,"BUCK CREEK NEAR LONGS, SC",33.953505,-78.71973988,,,Unverified
USGS-02110500,"WACCAMAW RIVER NEAR LONGS, SC",33.9126719,-78.7150175,9069040,,Unverified
USGS-02110550,"WACCAMAW RIVER ABOVE CONWAY, SC",33.8508333,-78.8972222,9069104,750282131,Unverified
USGS-02110701,"CRABTREE SWAMP AT CONWAY, SC",33.86100349,-79.0411471,9071598,750219379,Unverified
USGS-02110760,"AIW AT MYRTLEWOOD GOLF COURSE AT MYRTLE BEACH, SC",33.74072759,-78.8666928,,750255494,Unverified
USGS-02110777,"AIW AT HIGHWAY 9 AT NIXONS CROSSROADS, SC",33.8515612,-78.6558483,,750219971,Unverified
USGS-02110815,"WACCAMAW R NR HAGLEY LAND. NR PAWLEYS ISLAND, SC",33.44461245,-79.1739341,,750277998,Unverified
USGS-02130000,"PEE DEE RIVER AT CHERAW, SC",34.70848979,-79.8761747,9168578,750235932,Unverified
USGS-02130561,"PEE DEE RIVER NR BENNETTSVILLE, SC",34.60626798,-79.7883963,9168348,750253102,Unverified
USGS-02130840,"BLACK CREEK BELOW CHESTERFIELD, SC",34.6633333,-80.2116667,9170418,750164893,Unverified
USGS-02130900,"BLACK CREEK NEAR MCBEE, SC",34.51404244,-80.1831244,9171068,750212257,Unverified
USGS-02130910,"BLACK CREEK NEAR HARTSVILLE, SC",34.39737618,-80.149791,9176612,750222324,Unverified
USGS-02130980,"BLACK CREEK NEAR QUINBY, SC",34.24376518,-79.7447833,9174850,750260216,Unverified
USGS-02131000,"PEE DEE RIVER AT PEEDEE, SC",34.20432518,-79.5483896,9175254,750309945,Unverified
USGS-02131010,"PEE DEE RIVER BELOW PEE DEE, SC",34.15738145,-79.5533904,9175266,750309945,Unverified
USGS-02131309,"FORK CREEK AT JEFFERSON, SC",34.6387658,-80.388679,,750174958,Unverified
USGS-021313485,"BUFFALO CREEK AT MT PISGAH, SC",34.5822222,-80.4569444,,750150095,Unverified
USGS-02131455,"LITTLE LYNCHES RIVER NEAR KERSHAW, SC",34.5512656,-80.5464611,9147582,750195088,Unverified
USGS-02131472,"HANGING ROCK CREEK NR KERSHAW, SC",34.51626465,-80.5828514,9147710,750186209,Unverified
USGS-02131500,"LYNCHES RIVER NEAR BISHOPVILLE, SC",34.2501545,-80.2136816,9153118,750261399,Unverified
USGS-02132000,"LYNCHES RIVER AT EFFINGHAM, SC",34.05154846,-79.7539545,9150508,750315870,Unverified
USGS-02132500,"LITTLE PEE DEE RIVER NEAR DILLON, SC",34.40488388,-79.34004579,9114578,750228835,Unverified
USGS-02134900,"LUMBER RIVER AT NICHOLS, SC",34.22599744,-79.1342051,9134724,750301657,Unverified
USGS-02135000,"LITTLE PEE DEE R. AT GALIVANTS FERRY, SC",34.05675,-79.2477222,9114416,750291005,Unverified
USGS-02135200,"PEE DEE RIVER AT HWY 701 NR BUCKSPORT, SC",33.6610024,-79.1544874,9179884,750312327,Unverified
USGS-02136000,"BLACK RIVER AT KINGSTREE, SC",33.66225,-79.83613889,9090138,750270296,Unverified
USGS-02136030,"BLACK RIVER NEAR ANDREWS, SC",33.49044467,-79.54561819,9097804,750238924,Unverified
USGS-02136361,"TURKEY CREEK NEAR MARYVILLE, SC",33.32850037,-79.3381102,933040045,,Unverified
USGS-02145642,"CROWDERS CREEK RD 1104 NEAR CLOVER, SC",35.1373616,-81.13563159,,750132320,Unverified
USGS-021457492,"ALLISON CREEK AT RD 114 NEAR YORK, SC",35.065,-81.1383333,,750128178,Unverified
USGS-02145910,"CATAWBA RIVER BL LAKE WYLIE DAM FEWELL ISLAND, SC",35.01641944,-81.00156389,9756986,750197444,Unverified
USGS-021459367,"BIG DUTCHMAN CREEK AT ROCK HILL, SC",34.9868083,-81.00833889,,750126405,Unverified
USGS-02146000,"CATAWBA RIVER NEAR ROCK HILL, SC",34.98486935,-80.9739658,9736188,750198628,Unverified
USGS-02146110,"MANCHESTER CREEK AT ROCK HILL, SC",34.94444444,-80.9797222,9733402,750045302,Unverified
USGS-0214676115,"MCALPINE CREEK AT SR2964 NR CAMP COX, SC",35.0408333,-80.8916667,,750158962,Unverified
USGS-02146800,"SUGAR CREEK NR FORT MILL, SC",35.00566944,-80.90195,9731454,750187972,Unverified
USGS-02147020,"CATAWBA RIVER BELOW CATAWBA, SC",34.83625705,-80.879518,9736382,750202184,Unverified
USGS-021473415,"FISHING CREEK AT HWY 5 BELOW YORK, SC",34.97531944,-81.18015,,750144165,Unverified
USGS-021473426,"TOOLS FORK CREEK NEAR ROCK HILL, SC",34.95648056,-81.1058611,,750045301,Unverified
USGS-021473428,"WILDCAT CREEK BELOW ROCK HILL, SC",34.88927778,-81.0686944,,750164887,Unverified
USGS-02147403,"FISHING CREEK BELOW FORT LAWN, SC",34.6368105,-80.9273011,9735208,750214029,Unverified
USGS-02147500,"ROCKY CREEK AT GREAT FALLS, SC",34.5654221,-80.9198025,9735864,750203376,Unverified
USGS-02147801,"LAKE WATEREE TAILRACE ABOVE CAMDEN, SC",34.3320798,-80.69842699,9718493,750247781,Unverified
USGS-02148000,"WATEREE RIVER NR. CAMDEN, SC",34.24459385,-80.6539697,9718581,750242456,Unverified
USGS-02153200,"BROAD RIVER NEAR BLACKSBURG, SC",35.12401728,-81.58787199,12035605,750170801,Unverified
USGS-02153551,"BROAD RIVER BELOW NINETYNINE ISLAND RESERVOIR, SC",35.0312419,-81.492591,12035715,750191523,Unverified
USGS-02153590,"KINGS CREEK AT BLACKSBURG, SC",35.11846498,-81.43647578,12034957,750131137,Unverified
USGS-02153700,"THICKETTY CREEK AT CNTY ROAD 42 NEAR GAFFNEY, SC",35.0629045,-81.7145444,12035131,750115746,Unverified
USGS-02153800,"BULLOCK CREEK NR SHARON, SC",34.95374457,-81.38258499,,750172581,Unverified
USGS-02154500,"NORTH PACOLET RIVER AT FINGERVILLE, SC",35.12095166,-81.9859403,12035439,750158961,Unverified
USGS-02154790,"SOUTH PACOLET RIVER NR CAMPOBELLO, SC",35.1065051,-82.1295549,12037613,750119297,Unverified
USGS-02155500,"PACOLET RIVER NEAR FINGERVILLE, SC",35.10984144,-81.9595507,12034959,750159553,Unverified
USGS-021556525,"PACOLET RIVER BELOW LAKE BLALOCK NEAR COWPENS, SC",35.0476231,-81.8556592,,750173763,Unverified
USGS-02155800,"PACOLET RIVER AT US-29 NEAR CONVERSE, SC",34.99366667,-81.8334444,12038117,750190932,Unverified
USGS-02156300,"LAWSONS FORK CREEK AT SPARTANBURG, SC",34.9481803,-81.8687141,12038169,750178501,Unverified
USGS-02156370,"PACOLET RIVER NEAR SARATT, SC",34.8733333,-81.5316667,12038217,750216983,Unverified
USGS-021564493,"BROAD RIVER BELOW NEAL SHOALS RES NR CARLISLE, SC",34.66305556,-81.4472222,,750238301,Unverified
USGS-02156500,"BROAD RIVER NEAR CARLISLE, SC",34.5951393,-81.4212089,9705130,750237711,Unverified
USGS-021569983,"NORTH TYGER RIVER AT WELLFORD, SC",34.95944444,-82.0797222,,750118116,Unverified
USGS-02156999,"N. TYGER RIVER BELOW WELLFORD, SC",34.94,-82.0533333,9699821,750142389,Unverified
USGS-02157000,"NORTH TYGER RIVER NEAR FAIRMONT, SC",34.92928718,-82.0442725,9699821,750196855,Unverified
USGS-02157470,"MIDDLE TYGER RIVER NEAR GRAMLING, SC",35.03888889,-82.2186111,9698267,750129955,Unverified
USGS-02157475,"MIDDLE TYGER RIVER BELOW LYMAN LAKE, NR GREER, SC",34.98002778,-82.1932778,9699751,750153636,Unverified
USGS-02157490,"BEAVERDAM CREEK ABOVE GREER, SC",34.97527778,-82.1955556,9699753,750135283,Unverified
USGS-02157510,"MIDDLE TYGER RIVER NEAR LYMAN, SC",34.9401187,-82.1234421,9700081,750166069,Unverified
USGS-02157530,"MIDDLE TYGER RIVER AT HOWELL RD NR REIDVILLE, SC",34.9128611,-82.0837778,9699875,750166069,Unverified
USGS-02158408,"SOUTH TYGER RIVER BELOW DUNCAN, SC",34.92095239,-82.130109,9700085,750174358,Unverified
USGS-02159500,"TYGER RIVER NEAR WOODRUFF, SC",34.75527778,-81.9272222,9698971,750208699,Unverified
USGS-02160000,"FAIRFOREST CREEK NEAR UNION, SC",34.6818333,-81.6863611,9698987,750212253,Unverified
USGS-02160105,"TYGER RIVER NEAR DELTA, SC",34.5354163,-81.548158,9698941,750240673,Unverified
USGS-02160300,"ENOREE RIVER AT BATESVILLE, SC",34.8726177,-82.2428919,9692750,750196263,Unverified
USGS-02160325,"BRUSHY CREEK NEAR GREENVILLE, SC",34.88345068,-82.3012278,9692198,,Unverified
USGS-02160326,"ENOREE RIVER AT PELHAM, SC",34.856575,-82.22581389,9692762,750177320,Unverified
USGS-02160381,"DURBIN CREEK ABOVE FOUNTAIN INN, SC",34.71678818,-82.1737222,9692468,750137068,Unverified
USGS-02160390,"ENOREE RIVER NEAR WOODRUFF, SC",34.68345815,-82.0398229,9692530,750215213,Unverified
USGS-02160700,"ENOREE RIVER AT WHITMIRE, SC",34.5093039,-81.5981594,9691190,750234753,Unverified
USGS-02161000,"BROAD RIVER AT ALSTON, SC",34.24320335,-81.319541,9707930,750280936,Unverified
USGS-02162035,"BROAD RIVER NEAR COLUMBIA, SC",34.0483333,-81.0733333,9707984,750293965,Unverified
USGS-02162093,"SMITH BRANCH AT NORTH MAIN ST AT COLUMBIA, SC",34.02737615,-81.0417588,9707670,750131758,Unverified
USGS-021622845,"SOUTH SALUDA RIVER NEAR ROCKY BOTTOM, SC",35.0608333,-82.705,,750113971,Unverified
USGS-021622847,"SLICKING CREEK NEAR ROCKY BOTTOM, SC",35.06777778,-82.6980556,,,Unverified
USGS-02162287,"TABLE ROCK RESERVOIR TAILRACE NR CLEVELAND, SC",35.0622222,-82.6697222,9866086,750141794,Unverified
USGS-02162290,"SOUTH SALUDA RIVER NEAR CLEVELAND, SC",35.06345088,-82.650128,9865840,750142386,Unverified
USGS-02162350,"MIDDLE SALUDA RIVER NEAR CLEVELAND, SC",35.1201172,-82.537623,9865692,750105681,Unverified
USGS-021623950,"NORTH SALUDA RIVER NEAR HIGHLAND, SC",35.1672222,-82.3647222,,750122256,Unverified
USGS-021623957,"BIG FALLS CREEK NEAR TIGERVILLE, SC",35.17,-82.4027778,,,Unverified
USGS-021623975,"NORTH SALUDA RIVER ABOVE SLATER, SC",35.08388889,-82.46,,750144161,Unverified
USGS-021624101,"SALUDA RIVER AT HUNTS BRIDGE RD NR DACUSVILLE, SC",34.9390833,-82.5251111,,750185014,Unverified
USGS-02162500,"SALUDA RIVER NEAR GREENVILLE, SC",34.84233977,-82.4806814,9867174,750209287,Unverified
USGS-02162550,"SALUDA RIVER ABOVE I-85 NR GOLDEN GROVE, SC",34.7793611,-82.4586667,9867316,750224090,Unverified
USGS-02163001,"SALUDA RIVER NEAR WILLIAMSTON, SC",34.6148366,-82.44401468,9868654,750227645,Unverified
USGS-02163500,"SALUDA RIVER NEAR WARE SHOALS, SC",34.39178518,-82.22345068,9871292,750231795,Unverified
USGS-02164000,"REEDY RIVER NEAR GREENVILLE, SC",34.8001183,-82.3651213,9868300,750156600,Unverified
USGS-02164110,"REEDY RIVER ABOVE FORK SHOALS, SC",34.65289568,-82.2976186,9867682,750204557,Unverified
USGS-021650905,"REEDY RIVER NEAR WATERLOO, SC",34.39138889,-82.1394444,,750238308,Unverified
USGS-02165200,"SOUTH RABON CREEK NEAR GRAY COURT, SC",34.52011957,-82.1570514,9868430,750179696,Unverified
USGS-021652801,"NORTH RABON CREEK NEAR HICKORY TAVERN, SC",34.525,-82.1383333,,750170224,Unverified
USGS-02166501,"LAKE GREENWOOD TAILRACE NR CHAPPELLS, SC",34.16763036,-81.9078923,9869434,750268506,Unverified
USGS-02167000,"SALUDA RIVER AT CHAPPELLS, SC",34.17457619,-81.864002,9869744,750291595,Unverified
USGS-02167450,"LITTLE RIVER NR SILVERSTREET, SC",34.20957949,-81.7631659,9869384,750266729,Unverified
USGS-02167582,"BUSH RIVER NR PROSPERITY, SC",34.1687501,-81.61038399,9869450,750240682,Unverified
USGS-02167705,"LITTLE SALUDA RIVER NEAR SALUDA, SC",34.04458079,-81.697051,9869618,750274430,Unverified
USGS-02168504,"SALUDA RIVER BELOW LK MURRAY DAM NR COLUMBIA, SC",34.0509822,-81.2095418,9869858,750310542,Unverified
USGS-02168810,"TWELVE MILE CREEK AT LEXINGTON, SC",33.97677778,-81.2278056,9873230,750257856,Unverified
USGS-02169000,"SALUDA RIVER NEAR COLUMBIA, SC",34.0140416,-81.0878717,9869898,750315871,Unverified
USGS-02169500,"CONGAREE RIVER AT COLUMBIA, SC",33.99320985,-81.049815,9684210,750324751,Unverified
USGS-02169505,"ROCKY BRANCH AT PICKENS ST AT COLUMBIA, SC",33.9948774,-81.0237029,,,Unverified
USGS-02169570,"GILLS CREEK AT COLUMBIA, SC",33.98960016,-80.9742573,9680968,750247791,Unverified
USGS-02169630,"BIG BEAVER CREEK NEAR ST. MATTHEWS, SC",33.7368213,-80.9581473,,750138870,Unverified
USGS-02171500,"SANTEE RIVER NEAR PINEVILLE, SC",33.45377778,-80.1413611,9661944,750275630,Unverified
USGS-02171645,"REDIV CANAL AT SANTEE RIVER NR ST STEPHEN, SC",33.4275,-79.915,9660548,750186238,Unverified
USGS-02171700,"SANTEE RIVER NR JAMESTOWN, SC",33.3048893,-79.6781263,9660602,750278593,Unverified
USGS-02172002,"LAKE MOULTRIE TAILRACE CANAL AT MONCKS CORNER, SC",33.21491667,-79.9749167,9643431,750232420,Unverified
USGS-02172040,"BACK RIVER AT DUPONT INTAKE NR KITTREDGE, SC",33.0569722,-79.9584722,166756775,,Unverified
USGS-021720677,"COOPER R AT FILBIN CREEK AT NORTH CHARLESTON, SC",32.89045228,-79.9628645,,750229469,Unverified
USGS-021720698,"WANDO RIVER ABOVE MT PLEASANT, SC",32.8590638,-79.8961963,,750198093,Unverified
USGS-02172300,"MCTIER CREEK RD 209 NEAR MONETTA, SC",33.75347736,-81.6017714,10549446,750189189,Unverified
USGS-02172558,"SOUTH FORK EDISTO RIVER ABOVE SPRINGFIELD, SC",33.52027778,-81.4102778,166756802,750215244,Unverified
USGS-02172640,"DEAN SWAMP CREEK NR SALLEY, SC",33.58931518,-81.3656595,,750214058,Unverified
USGS-02173000,"SOUTH FORK EDISTO RIVER NEAR DENMARK, SC",33.39320916,-81.1331559,10553860,750264975,Unverified
USGS-02173030,"SOUTH FORK EDISTO RIVER NEAR COPE, SC",33.3590442,-81.0595425,10553174,,Unverified
USGS-02173051,"SOUTH FORK EDISTO RIVER NEAR BAMBERG, SC",33.33710079,-81.018708,10553876,750265568,Unverified
USGS-02173212,"CEDAR CREEK NEAR THOR, SC",33.69,-81.2541667,10540922,750216422,Unverified
USGS-02173299,"NORTH FORK EDISTO RIVER AT SC394, ABOVE NORTH, SC",33.60702778,-81.1356111,10540996,750250761,Unverified
USGS-02173500,"NORTH FORK EDISTO RIVER AT ORANGEBURG, SC",33.47792207,-80.8747286,10542322,750248989,Unverified
USGS-02174000,"EDISTO RIVER NEAR BRANCHVILLE, SC",33.1765502,-80.8012085,9614637,,Unverified
USGS-02174055,"EDISTO RIVER BELOW CANADYS, SC",33.06166667,-80.52438889,9614641,750267944,Unverified
USGS-02174250,"COW CASTLE CREEK NEAR BOWMAN, SC",33.3787575,-80.699807,9609466,,Unverified
USGS-02175000,"EDISTO RIVER NR GIVHANS, SC",33.02794645,-80.3914876,9614545,750251961,Unverified
USGS-02175148,"ASHEPOO RIVER AT US17 NR GREENPOND, SC",32.74388889,-80.55638889,20150981,750249601,Unverified
USGS-02175500,"SALKEHATCHIE RIVER NEAR MILEY, SC",32.98904958,-81.0526044,20172848,,Unverified
USGS-02176500,"COOSAWHATCHIE RIVER NEAR HAMPTON, SC",32.8362777,-81.1317718,20152151,750219406,Unverified
USGS-02177000,"CHATTOOGA RIVER NEAR CLAYTON, GA",34.81377778,-83.3063611,6269342,750206329,Unverified
USGS-02185010,"EASTATOEE CRK ON CLEO CHAPMAN HWY NEAR SUNSET, SC",34.99613889,-82.8278333,11748711,750152452,Unverified
USGS-02185200,"LITTLE RIVER NEAR WALHALLA, SC",34.83648406,-82.9798708,,750181464,Unverified
USGS-02186000,"TWELVEMILE CREEK NEAR LIBERTY, SC",34.8015056,-82.7484771,11749667,750187385,Unverified
USGS-02186645,"CONEROSS CK NR SENECA, SC",34.64926575,-82.9915382,11749393,750202189,Unverified
USGS-02186702,"EIGHTEENMILE CREEK BELOW PENDLETON, SC",34.645,-82.8005556,11749433,750196861,Unverified
USGS-02187910,"ROCKY RIVER NR STARR, SC",34.38316394,-82.577352,11735427,750211668,Unverified
USGS-02192500,"LITTLE RIVER NEAR MT. CARMEL, SC",34.07244444,-82.5009167,11737579,750247197,Unverified
USGS-02196000,"STEVENS CREEK NEAR MODOC, SC",33.72929717,-82.1817873,11730030,750269702,Unverified
USGS-02196689,"LITTLE HORSE CREEK NEAR GRANITEVILLE, SC",33.56374744,-81.8740015,,750176763,Unverified
USGS-02196690,"HORSE CREEK AT CLEARWATER, SC",33.4781928,-81.90761399,22721723,750217021,Unverified
USGS-02197300,"UPPER THREE RUNS NEAR NEW ELLENTON, SC",33.3848664,-81.616498,22723575,750253727,Unverified
USGS-05050000,"BOIS DE SIOUX RIVER NEAR WHITE ROCK, SD",45.86246018,-96.573958,909020677,730030683,Unverified
USGS-05051650,LA BELLE CR NEAR VEBLEN SD,45.8925147,-97.3619276,,730028116,Unverified
USGS-05289985,"BIG COULEE CR NEAR PEEVER,SD",45.4874332,-96.9584379,,760471307,Unverified
USGS-05290000,"LITTLE MINNESOTA RIVER NEAR PEEVER, SD",45.6158333,-96.8755556,4073636,760621056,Unverified
USGS-05291000,"WHETSTONE RIVER NEAR BIG STONE CITY, SD",45.2916316,-96.487557,4085588,760680985,Unverified
USGS-06334500,"LITTLE MISSOURI RIVER AT CAMP CROOK,SD",45.5481343,-103.9712386,9792506,760739205,Unverified
USGS-06354881,"OAK CREEK NR RATTLESNAKE BUTTE NR WAKPALA, SD",45.72842778,-100.596275,14490728,760596087,Unverified
USGS-06355500,"NORTH FORK GRAND RIVER NEAR WHITE BUTTE,SD",45.80222,-102.3623795,21851961,760627698,Unverified
USGS-06356500,"SOUTH FORK GRAND RIVER NEAR CASH,SD",45.6486883,-102.6433259,16188366,760596094,Unverified
USGS-06357600,"GRAND RIVER NEAR THUNDER HAWK, SD",45.7120972,-101.9207083,21831389,760654327,Unverified
USGS-06357800,"GRAND RIVER AT LITTLE EAGLE,SD",45.65777405,-100.8181933,21834041,760634365,Unverified
USGS-06359500,"MOREAU RIVER NEAR FAITH,SD",45.19775826,-102.1565472,11252528,760714272,Unverified
USGS-06360500,"MOREAU RIVER NEAR WHITEHORSE,SD",45.2558171,-100.8429214,11258604,760705947,Unverified
USGS-06395000,"CHEYENNE RIVER AT EDGEMONT,SD",43.3055286,-103.8210312,9555429,760589615,Unverified
USGS-06400000,"HAT CREEK NEAR EDGEMONT,SD",43.2399736,-103.5882519,5438910,760591286,Unverified
USGS-06400875,"HORSEHEAD CREEK AT OELRICHS,SD",43.18803166,-103.2265866,9556391,760348349,Unverified
USGS-06401500,"CHEYENNE RIVER BELOW ANGOSTURA DAM,SD",43.34497757,-103.4371412,9555125,760556334,Unverified
USGS-06402000,"FALL RIVER AT HOT SPRINGS,SD",43.43053476,-103.4763069,14401052,760539686,Unverified
USGS-06402430,"BEAVER CREEK NEAR PRINGLE, SD",43.58137177,-103.4765835,14396988,760448156,Unverified
USGS-06402500,"BEAVER CREEK NEAR BUFFALO GAP,SD",43.4666495,-103.3060308,14400096,760531363,Unverified
USGS-06402600,CHEYENNE RIVER NEAR BUFFALO GAP SD,43.5019636,-103.0744103,14397246,760621218,Unverified
USGS-06403300,FRENCH CREEK ABOVE FAIRBURN SD,43.7172105,-103.3679713,14396660,760469777,Unverified
USGS-06403700,"CHEYENNE RIVER AT RED SHIRT, SD",43.6724058,-102.8921298,14399328,760584597,Unverified
USGS-06404000,"BATTLE CREEK NEAR KEYSTONE,SD",43.87164727,-103.3363029,14396112,760456453,Unverified
USGS-06404800,"GRACE COOLIDGE CREEK NEAR HAYWARD, SD",43.8020628,-103.4343143,,760293387,Unverified
USGS-06404998,"GRACE COOLIDGE CREEK NR GAME LODGE NR CUSTER,SD",43.76110028,-103.3640816,14396556,760378253,Unverified
USGS-06405800,"BEAR GULCH NEAR HAYWARD, SD",43.79193375,-103.3474139,,,Unverified
USGS-06406000,"BATTLE CREEK AT HERMOSA,SD",43.82804586,-103.1960211,14396284,760479753,Unverified
USGS-06406500,"BATTLE CREEK BELOW HERMOSA,SD",43.72543145,-102.9061231,14398608,760561296,Unverified
USGS-06407500,"SPRING CREEK NEAR KEYSTONE,SD",43.97871038,-103.3460469,14395792,760486396,Unverified
USGS-06408650,"CHEYENNE RIVER NEAR SCENIC, SD",43.8980449,-102.6440611,14399470,760581251,Unverified
USGS-06408700,"RHOADS FORK NEAR ROCHFORD,SD",44.13387149,-103.8615912,17532989,760338290,Unverified
USGS-06409000,"CASTLE CREEK ABOVE DEERFIELD RES NEAR HILL CITY,SD",44.01359238,-103.8304784,17533503,760413179,Unverified
USGS-06410000,CASTLE CREEK BELOW DEERFIELD DAM SD,44.02914848,-103.7818652,17533403,760431482,Unverified
USGS-06410500,"RAPID CREEK ABOVE PACTOLA RES AT SILVER CITY,  SD",44.08470785,-103.5804702,17533119,760529653,Unverified
USGS-06411500,"RAPID CREEK BELOW PACTOLA DAM,SD",44.07665378,-103.482134,17533145,760461430,Unverified
USGS-06412500,"RAPID CREEK ABV CANYON LAKE NEAR RAPID CITY,SD",44.05276555,-103.3118507,17533253,760514680,Unverified
USGS-06412810,"CLEGHORN SPRINGS AT RAPID CITY, SD",44.05887667,-103.2974058,17533823,760484727,Unverified
USGS-06412900,RAPID CREEK BLW CLEGHORN SPGS AT RAPID CITY SD,44.0591544,-103.2974058,,760484727,Unverified
USGS-06414000,"RAPID CR AT RAPID CITY,SD",44.08551554,-103.241843,17533719,760567925,Unverified
USGS-06418800,"RAPID CREEK ABOVE WRF NR RAPID CITY, SD",44.02680556,-103.1011111,17533355,760532985,Unverified
USGS-06421500,"RAPID CR NEAR FARMINGDALE,SD",43.94210239,-102.8539247,17534793,760466432,Unverified
USGS-06422500,"BOXELDER CREEK NEAR NEMO,SD",44.1443339,-103.4545385,14553227,760449776,Unverified
USGS-06423075,"BOXELDER CREEK TRIB 7 ABV POND 2 AT BOX ELDER, SD",44.12884865,-103.0879829,14552941,,Unverified
USGS-06423500,"CHEYENNE RIVER NEAR WASTA, SD",44.08109849,-102.4012746,14555097,760572918,Unverified
USGS-06425100,"ELK CREEK NR RAPID CITY,SD",44.2402646,-103.1512907,14552525,760514665,Unverified
USGS-06425500,"ELK CREEK NEAR ELM SPRINGS,SD",44.24831768,-102.5032217,14555623,760547944,Unverified
USGS-06428500,BELLE FOURCHE RIVER AT WY-SD STATE LINE,44.74883136,-104.0516966,5450580,760681026,Unverified
USGS-06429997,MURRAY DITCH ABV HEADGATE AT WY-SD STATE LINE,44.5763739,-104.0560453,5478985,760383183,Unverified
USGS-06430500,REDWATER CREEK AT WY-SD STATE LINE,44.5718625,-104.0536449,5479389,760531282,Unverified
USGS-06430770,"SPEARFISH CREEK NR LEAD, SD",44.29921736,-103.8681641,5481961,760463077,Unverified
USGS-06430800,"ANNIE CREEK NEAR LEAD, SD",44.32749778,-103.894532,5481927,760478050,Unverified
USGS-06430850,"LITTLE SPEARFISH CREEK NEAR LEAD, SD",44.3496865,-103.9359118,5481901,760423138,Unverified
USGS-06430898,"CLEOPATRA CREEK NEAR SPEARFISH, SD",44.40077556,-103.8939183,,760539613,Unverified
USGS-06431500,"SPEARFISH CREEK AT SPEARFISH,SD",44.48248388,-103.861592,5481765,760556247,Unverified
USGS-06433000,"REDWATER RIVER ABOVE BELLE FOURCHE,SD",44.66720665,-103.8393696,5479727,760642761,Unverified
USGS-06434505,"INLET CANAL ABOVE BELLE FOURCHE RESERVOIR,SD",44.70092898,-103.7327817,5454530,,Unverified
USGS-06436000,"BELLE FOURCHE RIVER NEAR FRUITDALE,SD",44.6908178,-103.7376985,5454530,760664390,Unverified
USGS-06436156,"WHITETAIL CREEK AT LEAD, SD",44.34331769,-103.7663095,,760334946,Unverified
USGS-06436170,"WHITEWOOD CREEK AT DEADWOOD, SD",44.37994546,-103.724182,5458618,760456415,Unverified
USGS-06436180,"WHITEWOOD CREEK ABOVE WHITEWOOD,SD",44.4422065,-103.6293606,5457710,760524635,Unverified
USGS-06436190,"WHITEWOOD CREEK NEAR WHITEWOOD,SD",44.54175655,-103.5719867,5454018,760542931,Unverified
USGS-06436198,"WHITEWOOD CREEK ABOVE VALE,SD",44.617485,-103.4807452,5454566,760574541,Unverified
USGS-06437000,"BELLE FOURCHE RIVER NEAR STURGIS,SD",44.5130418,-103.1368464,5454116,760562898,Unverified
USGS-06437020,"BEAR BUTTE CREEK NEAR DEADWOOD, SD",44.3355403,-103.6354716,5458116,760444771,Unverified
USGS-06438000," BELLE FOURCHE RIVER NEAR ELM SPRINGS,SD",44.369989,-102.5665256,5460336,760609503,Unverified
USGS-06438500,"CHEYENNE RIVER NEAR PLAINVIEW,SD",44.5294304,-101.9301531,14376509,760604499,Unverified
USGS-06439000,"CHERRY CREEK NEAR PLAINVIEW,SD",44.74304495,-102.0534948,14536442,760551235,Unverified
USGS-06440200,"SOUTH FORK BAD RIVER NEAR COTTONWOOD,SD",43.9690175,-101.767229,16133019,760483070,Unverified
USGS-06441110,"PLUM CREEK BELOW HAYES, SD",44.21053769,-100.7265279,,760498025,Unverified
USGS-06441500,"BAD RIVER NEAR FORT PIERRE,SD",44.32664897,-100.3843003,16128803,760549603,Unverified
USGS-06442130,"CEDAR CREEK NEAR PRESHO, SD",44.14026325,-100.0848464,11542954,760426480,Unverified
USGS-06442600,"MEDICINE CREEK NEAR LOWER BRULE, SD",44.01637796,-99.745113,11529585,760537978,Unverified
USGS-06442718,CAMPBELL C NR LEE'S CORNER,44.077407,-99.3814387,,760471410,Unverified
USGS-06442900,ELM CREEK NEAR GANN VALLEY SD,44.0774863,-99.151061,12583511,760524660,Unverified
USGS-06445685,WHITE RIVER NEAR NE-SD STATE LINE,43.013036,-102.8357327,16099125,760622920,Unverified
USGS-06446000,WHITE RIVER NEAR OGLALA SD,43.25484357,-102.8273511,16099571,760599606,Unverified
USGS-06446500,"WHITE RIVER NEAR INTERIOR,SD",43.69388346,-101.9326516,16074906,760594578,Unverified
USGS-06446700,"BEAR IN THE LODGE CREEK NEAR WANBLEE,SD",43.53666558,-101.7985923,16074256,760544671,Unverified
USGS-06447000,"WHITE RIVER NEAR KADOKA,SD",43.7524949,-101.5248665,16074848,760518031,Unverified
USGS-06447230,"BLACK PIPE CREEK NEAR BELVIDERE, SD",43.75527266,-101.2279205,16072528,760557968,Unverified
USGS-06447450,"WHITE RIVER NEAR WHITE RIVER, SD",43.71304839,-100.6850534,16076140,760606226,Unverified
USGS-06447500,"LITTLE WHITE RIVER NEAR MARTIN,SD",43.1669155,-101.6327322,20179529,760574652,Unverified
USGS-06449000,"LAKE CREEK BELOW REFUGE NEAR TUTHILL,SD",43.1459166,-101.5128713,20180463,760489789,Unverified
USGS-06449100,"LITTLE WHITE RIVER NEAR VETAL,SD",43.10069918,-101.232234,20180511,760568000,Unverified
USGS-06449500,LITTLE WHITE RIVER NEAR ROSEBUD SD,43.3255586,-100.8837556,20182043,760586287,Unverified
USGS-06450500,"LITTLE WHITE RIVER BELOW WHITE RIVER,SD",43.60138549,-100.7498608,20177973,760609563,Unverified
USGS-06452000,"WHITE RIVER NEAR OACOMA,SD",43.74832745,-99.5564948,11547654,760524686,Unverified
USGS-06452320,"PLATTE CREEK NEAR PLATTE, SD",43.3272192,-98.9706446,11550704,760516398,Unverified
USGS-06453255,CHOTEAU CR NR AVON SD,42.9235524,-98.1063243,,760573005,Unverified
USGS-06464100,"KEYA PAHA RIVER NEAR KEYAPAHA,SD",43.12917164,-100.1070671,11653122,760631230,Unverified
USGS-06464500,"KEYA PAHA RIVER AT WEWELA,SD",43.0270872,-99.780921,11654348,760637894,Unverified
USGS-06471000,"JAMES RIVER AT COLUMBIA,SD",45.6035795,-98.3103756,11473636,760700929,Unverified
USGS-06471500,"ELM RIVER AT WESTPORT,SD",45.6560866,-98.4970402,11446173,760637690,Unverified
USGS-06471800,"FOOT CREEK NEAR ABERDEEN, SD",45.51919906,-98.577541,11473702,760592774,Unverified
USGS-06472000,"JAMES RIVER NEAR STRATFORD,SD",45.24163936,-98.3914819,11479108,760682650,Unverified
USGS-06473000,"JAMES RIVER AT ASHTON,SD",44.99830768,-98.480927,12694924,760664366,Unverified
USGS-06475000,"JAMES RIVER NEAR REDFIELD,SD",44.91053097,-98.4720386,12695090,760651062,Unverified
USGS-06476000,"JAMES RIVER AT HURON,SD",44.36359475,-98.199257,12699860,760569565,Unverified
USGS-06477000,"JAMES RIVER NEAR FORESTBURG,SD",43.9738721,-98.070916,12664516,760619517,Unverified
USGS-06477500,"FIRESTEEL CREEK NEAR MOUNT VERNON,SD",43.77640219,-98.2456658,12664828,760526349,Unverified
USGS-06478000,"JAMES RIVER NEAR MITCHELL,SD",43.65887165,-97.9192403,12667026,760596245,Unverified
USGS-06478500,"JAMES RIVER NEAR SCOTLAND,SD",43.1858255,-97.635622,12668946,760621242,Unverified
USGS-06478513,"JAMES RIVER NEAR YANKTON, SD",42.9958297,-97.3697806,12669690,760694471,Unverified
USGS-06478600,"EAST FORK VERMILLION RIVER NEAR PARKER, SD",43.44525895,-97.1097788,16014062,760564644,Unverified
USGS-06478690,"WEST FORK VERMILLION RIVER NEAR PARKER,SD",43.41562216,-97.2051972,16014114,760597927,Unverified
USGS-06479010,"VERMILLION RIVER NEAR VERMILLION,SD",42.8172187,-96.9242106,16016298,760553046,Unverified
USGS-06479215,"BIG SIOUX RIVER NEAR FLORENCE,SD",45.18079549,-97.1861904,9370700,760577826,Unverified
USGS-06479438,"BIG SIOUX RIVER NEAR WATERTOWN,SD",45.0060753,-97.1650756,9370962,760632750,Unverified
USGS-06479500,"BIG SIOUX RIVER AT WATERTOWN,SD",44.94246436,-97.1461856,9372356,760596147,Unverified
USGS-06479520,"BIG SIOUX RIVER BELOW WATERTOWN, SD",44.8477423,-97.049515,,760607802,Unverified
USGS-06479525,"BIG SIOUX RIVER NEAR CASTLEWOOD,SD",44.7315478,-97.0446518,9372528,760554563,Unverified
USGS-06479770,"BIG SIOUX RIVER NEAR BRUCE, SD",44.4675224,-96.8874204,9375808,760626135,Unverified
USGS-06480000,"BIG SIOUX RIVER NEAR BROOKINGS,SD",44.1802473,-96.749496,9376712,760514670,Unverified
USGS-06480400,SPRING CREEK NEAR FLANDREAU SD,44.1216644,-96.5891297,,760511345,Unverified
USGS-06480650,FLANDREAU CREEK ABOVE FLANDREAU SD,44.06269306,-96.485626,7218820,760448118,Unverified
USGS-06481000,"BIG SIOUX RIVER NEAR DELL RAPIDS,SD",43.79044595,-96.7456623,7222688,760556299,Unverified
USGS-06481480,"SKUNK CREEK NEAR CHESTER,SD",43.8481959,-96.8368313,7222416,760518021,Unverified
USGS-06481500,"SKUNK CREEK AT SIOUX FALLS,SD",43.53358676,-96.7908849,7223720,760546335,Unverified
USGS-06482000,BIG SIOUX RIVER AT SIOUX FALLS SD,43.5010864,-96.748384,7224014,760624546,Unverified
USGS-06482020,"BIG SIOUX R AT NORTH CLIFF AVE AT SIOUX FALLS,SD",43.56700265,-96.7113274,7223612,760614560,Unverified
USGS-06482610,"SPLIT ROCK CREEK AT CORSON,SD",43.61636276,-96.5653227,7223370,760523032,Unverified
USGS-06483950,"BIG SIOUX RIVER NEAR HAWARDEN, IA",43.05137597,-96.4897545,7226214,760616258,Unverified
USGS-06485910,"BIG SIOUX RIVER NEAR JEFFERSON, SD",42.6263833,-96.5155868,7226762,760601316,Unverified
USGS-435300103270800,W.FK LAFFERTY GULCH CR ABV S.WELL AT MT. RUSHMORE,43.8836083,-103.4514222,14396150,,Unverified
USGS-03408500,"NEW RIVER AT NEW RIVER, TN",36.3855255,-84.5546973,12154450,760623426,Unverified
USGS-03409500,"CLEAR FORK NEAR ROBBINS, TN",36.38829775,-84.6301691,12154278,760628418,Unverified
USGS-03410210,"SOUTH FK CUMBERLAND RIVER AT LEATHERWOOD FORD, TN",36.47739057,-84.6693508,12154474,760560187,Unverified
USGS-03415000,"WEST FORK OBEY RIVER NEAR ALPINE, TN",36.3973873,-85.1744486,10183165,760583489,Unverified
USGS-03416000,"WOLF RIVER NEAR BYRDSTOWN, TN",36.5603447,-85.0730073,10181647,760503606,Unverified
USGS-03417500,"CUMBERLAND RIVER AT CELINA, TN",36.5542507,-85.5143938,,760704949,Unverified
USGS-03418000,"ROARING RIVER NEAR HILHAM, TN",36.34089454,-85.4263596,10176975,760555204,Unverified
USGS-03418224,"JENNINGS CREEK AT RILEY CR RD AT WHITLEYVILLE, TN",36.44027778,-85.6747222,10175909,760548541,Unverified
USGS-03419530,"CALFKILLER RIVER AT HWY 70 AT SPARTA, TN",35.9265,-85.4674306,18422661,760576868,Unverified
USGS-03421000,"COLLINS RIVER NEAR MCMINNVILLE, TN",35.7082839,-85.7318338,18432749,760583542,Unverified
USGS-03423000,"FALLING WATER RIVER NEAR COOKEVILLE, TN",36.0772849,-85.5213658,18421297,760501977,Unverified
USGS-03424730,"SMITH FORK AT TEMPERANCE HALL, TN",36.08731209,-85.9074506,18421273,760533592,Unverified
USGS-03424860,CANEY FORK AT STONEWALL,36.1861111,-85.9044444,18421703,760640081,Unverified
USGS-03425000,"CUMBERLAND RIVER AT CARTHAGE, TN",36.24810996,-85.95526519,,760691661,Unverified
USGS-03425290,"GOOSE CREEK NEAR HARTSVILLE, TN",36.4083836,-86.1058207,18414381,760553536,Unverified
USGS-03425520,"SPRING CREEK BELOW LEBANON, TN",36.25295099,-86.2466695,18415029,760563533,Unverified
USGS-03425622,"BLEDSOE CREEK NEAR BETHPAGE, TN",36.4456901,-86.3319936,18414205,760511933,Unverified
USGS-03426387,"MANSKER CREEK AT HWY 41 NEAR MILLERSVILLE, TN",36.3575,-86.725,18407724,,Unverified
USGS-03426470,"DRY CREEK NEAR EDENWOLD, TN",36.28448937,-86.706331,18407884,760338889,Unverified
USGS-03427500,"EAST FORK STONES RIVER NEAR LASCASSAS, TN",35.91839756,-86.3338806,18402499,760551909,Unverified
USGS-03428200,"WEST FORK STONES RIVER AT MURFREESBORO, TN",35.90287438,-86.429978,18402511,760538599,Unverified
USGS-03429498,"STEWARTS CREEK AT SMYRNA,TN",35.9742619,-86.5024803,18403545,760482019,Unverified
USGS-03430200,"STONES RIVER AT US HWY 70 NEAR DONELSON, TN",36.1864446,-86.6327739,18401497,760616785,Unverified
USGS-03430550,"MILL CREEK NEAR NOLENSVILLE, TN",36.00923625,-86.7015087,18408390,760475358,Unverified
USGS-03431000,"MILL CREEK NEAR ANTIOCH, TN",36.08159827,-86.6807333,,760556890,Unverified
USGS-03431040,"SEVENMILE CREEK AT BLACKMAN RD,NR NASHVILLE TN",36.0725595,-86.7333316,18408304,760410458,Unverified
USGS-03431060,"MILL CREEK AT THOMPSON LANE, NEAR WOODBINE, TN",36.11757476,-86.7190478,18408240,760511959,Unverified
USGS-03431100,"W F BROWNS C AT GLENDALE LANE AT NASHVILLE, TN",36.09422558,-86.7938882,18408278,760445398,Unverified
USGS-03431300,"BROWNS CREEK AT STATE FAIRGROUNDS AT NASHVILLE, TN",36.12998547,-86.7610486,18408484,760447062,Unverified
USGS-03431500,"CUMBERLAND RIVER AT NASHVILLE, TN",36.1614984,-86.7726764,18408692,760714963,Unverified
USGS-03431530,"WHITES C AT OLD HICKORY BLVD AT WHITES CREEK, TN",36.27397846,-86.8169345,18407916,760365512,Unverified
USGS-03431599,"WHITES CREEK NEAR BORDEAUX, TN",36.2176545,-86.8202207,18408070,760423758,Unverified
USGS-03431655,"RICHLAND CREEK AT HARDING PLACE AT BELLE MEADE, TN",36.10166667,-86.8680556,18408256,760463702,Unverified
USGS-03431700,"RICHLAND CREEK AT CHARLOTTE AVE, AT NASHVILLE, TN",36.15125855,-86.8542634,18408480,760432085,Unverified
USGS-03431790,"CUMBERLAND RIVER AT ASHLAND CITY, TN",36.27055556,-87.0761111,18409490,760726604,Unverified
USGS-03431800,"SYCAMORE CREEK NEAR ASHLAND CITY, TN",36.3200218,-87.0511943,18409192,760553542,Unverified
USGS-03432100,"HARPETH RIVER AT MCDANIEL, TN",35.832598,-86.6988753,,760601837,Unverified
USGS-0343233905,"HARPETH RIVER AT MILE 90.5 NEAR FRANKLIN, TN",35.89984185,-86.8428894,,760560231,Unverified
USGS-03432350,"HARPETH RIVER AT FRANKLIN, TN",35.92084908,-86.86548879,18393858,760653414,Unverified
USGS-03432400,"HARPETH RIVER BELOW FRANKLIN, TN",35.94819856,-86.8817337,18393756,760605155,Unverified
USGS-03433500,"HARPETH RIVER AT BELLEVUE, TN",36.0545965,-86.9285018,18391756,760650075,Unverified
USGS-03434500,"HARPETH RIVER NEAR KINGSTON SPRINGS, TN",36.1220032,-87.09889379,18393278,760615127,Unverified
USGS-03435000,"CUMBERLAND RIVER BELOW CHEATHAM DAM, TN",36.32290298,-87.2282645,,760675015,Unverified
USGS-03435770,"SULPHUR FORK RED RIVER ABOVE SPRINGFIELD, TN",36.5131006,-86.8622203,,760546871,Unverified
USGS-03436100,"RED RIVER AT PORT ROYAL, TN",36.5547222,-87.1419444,10169834,760655029,Unverified
USGS-03436690,"YELLOW CREEK AT ELLIS MILLS, TN",36.3106833,-87.5539407,11883626,760566856,Unverified
USGS-03455000,"FRENCH BROAD RIVER NEAR NEWPORT, TN",35.98151389,-83.1612083,22162876,760621792,Unverified
USGS-03461500,"PIGEON RIVER AT NEWPORT, TN",35.96064907,-83.1743217,22150583,760585186,Unverified
USGS-03465500,"NOLICHUCKY RIVER AT EMBREEVILLE, TN",36.1764961,-82.457364,19487554,760620114,Unverified
USGS-03466208,"BIG LIMESTONE CREEK NEAR LIMESTONE, TN",36.20592158,-82.65041619,19487012,760475342,Unverified
USGS-03466500,"NOLICHUCKY RIVER BELOW NOLICHUCKY DAM, TN",36.06562706,-82.86644949,25397538,760600153,Unverified
USGS-03467609,NOLICHUCKY RIVER NEAR LOWLAND,36.126332,-83.1752965,19488816,760645073,Unverified
USGS-03469251,"WEST PRONG LITTLE PIGEON R NR GATLINBURG, TN",35.6995366,-83.5271088,22144064,760536951,Unverified
USGS-03470000,"LITTLE PIGEON RIVER AT SEVIERVILLE, TN",35.87842286,-83.57766919,22143174,760628457,Unverified
USGS-03485500,"DOE RIVER AT ELIZABETHTON, TN",36.34455309,-82.210132,19744396,760526921,Unverified
USGS-03486000,"WATAUGA RIVER AT ELIZABETHTON, TN",36.3559188,-82.2235467,19745222,760648388,Unverified
USGS-03491000,"BIG CREEK NEAR ROGERSVILLE, TN",36.42620656,-82.9518304,22178350,760588476,Unverified
USGS-03491544,"CROCKETT CREEK BELOW ROGERSVILLE, TN",36.37981674,-83.0465542,22178772,,Unverified
USGS-03495005,"FLAT CREEK NEAR MASCOT, TN",36.0775845,-83.7429577,22180118,760495320,Unverified
USGS-03497300,"LITTLE RIVER ABOVE TOWNSEND, TN",35.66453328,-83.7112821,,760581881,Unverified
USGS-03498500,"LITTLE RIVER NEAR MARYVILLE, TN",35.7856337,-83.8846022,22130235,760586864,Unverified
USGS-03498850,"LITTLE RIVER NEAR ALCOA, TN",35.8088391,-83.926578,22130125,760643437,Unverified
USGS-034991109,STOCK CREEK AT MARTIN MILL RD NR KNOXVILLE,35.87819444,-83.89575,,760435432,Unverified
USGS-03518500,"TELLICO RIVER AT TELLICO PLAINS, TN",35.3620163,-84.2790141,19722609,760513680,Unverified
USGS-03528000,"CLINCH RIVER ABOVE TAZEWELL, TN",36.425087,-83.3982345,14642349,760655038,Unverified
USGS-03532000,"POWELL RIVER NEAR ARTHUR, TN",36.5421469,-83.63031,22540324,760631732,Unverified
USGS-03535000,"BULLRUN CREEK NEAR HALLS CROSSROADS, TN",36.11441319,-83.9881737,22123016,760568534,Unverified
USGS-03535200,BEAVER C NR POWELL TENN,36.0184137,-84.0515795,22124080,760566876,Unverified
USGS-03535400,"BEAVER CREEK AT SOLWAY, TN",35.96503044,-84.1786528,22125042,760550242,Unverified
USGS-03535618,Conner Ck at E Gallaher Ferry Rd nr Farragut TN,35.9203611,-84.2166944,22125092,,Unverified
USGS-03538830,"OBED RIVER AT ADAMS BRIDGE NEAR CROSSVILLE, TN",36.06166667,-84.96138889,19710659,760581851,Unverified
USGS-03538970,"BASSES CREEK AT LAKE TANSI NR CROSSVILLE,TN",35.8508333,-85.0547222,19713083,,Unverified
USGS-03539600,"DADDYS CREEK NEAR HEBBERTSBURG, TN",35.99766528,-84.8224946,19711775,760553567,Unverified
USGS-03539778,"CLEAR CREEK AT LILLY BRIDGE NEAR LANCING, TN",36.1031293,-84.7182771,19710283,760563543,Unverified
USGS-03539800,"OBED RIVER NEAR LANCING, TN",36.0814937,-84.6703113,19710425,760580183,Unverified
USGS-03540500,"EMORY RIVER AT OAKDALE, TN",35.9831307,-84.557992,19712873,760573536,Unverified
USGS-03543500,"SEWEE CREEK NEAR DECATUR, TN",35.5813165,-84.7480508,19693637,760583552,Unverified
USGS-03559500,"OCOEE RIVER AT COPPERHILL, TN",34.99146908,-84.3765897,19669347,760528685,Unverified
USGS-03565500,"OOSTANAULA CREEK NEAR SANFORD, TN",35.3276313,-84.7051057,19677799,760535311,Unverified
USGS-03566420,"WOLFTEVER CREEK NEAR OOLTEWAH, TN",35.0621992,-85.0663838,19695879,760453799,Unverified
USGS-03566535,"NORTH CHICKAMAUGA CR AT MILE STRAIGHT, TN",35.2111806,-85.2152353,19695443,760513691,Unverified
USGS-03567500,"SOUTH CHICKAMAUGA CREEK NEAR CHICKAMAUGA, TN",35.01416139,-85.2065825,19696075,760561963,Unverified
USGS-03569190,"MOUNTAIN CREEK NEAR  GLENDALE, TN",35.10927889,-85.3207776,19695757,760380581,Unverified
USGS-03571000,"SEQUATCHIE RIVER NEAR WHITWELL, TN",35.20661584,-85.497083,19663107,760570266,Unverified
USGS-03578000,"ELK RIVER NEAR PELHAM, TN",35.296828,-85.869736,19604615,760505364,Unverified
USGS-03578500,"BRADLEY CREEK NR PRAIRIE PLAINS, TN",35.35633238,-85.9790227,19604435,760488717,Unverified
USGS-03582000,"ELK RIVER ABOVE FAYETTEVILLE, TN",35.1345565,-86.5397039,19608213,760608543,Unverified
USGS-03584045,"RICHLAND CREEK AT HWY 64 BYPASS AT PULASKI, TN",35.195,-87.06388889,19596000,760546972,Unverified
USGS-03584600,"ELK RIVER AT PROSPECT, TN",35.0142361,-86.9946574,19594712,760613546,Unverified
USGS-03588500,"SHOAL CREEK AT IRON CITY, TN",35.02415329,-87.5790219,19577853,760537001,Unverified
USGS-03593800,"HORSE CREEK NEAR SAVANNAH, TN (TVA)",35.180686,-88.2096051,19550100,760555298,Unverified
USGS-03594421,"BEECH RIVER BELOW WOLF CREEK NEAR LEXINGTON, TN",35.63416667,-88.4147222,19543740,760467065,Unverified
USGS-03596000,"DUCK RIVER BELOW MANCHESTER, TN",35.4709384,-86.1216354,19534712,760556934,Unverified
USGS-03597590,"WARTRACE CREEK BELOW COUNTY ROAD AT WARTRACE, TN",35.52729537,-86.340271,19531616,760458753,Unverified
USGS-03597860,"DUCK RIVER AT SHELBYVILLE, TN",35.4829327,-86.462582,19533702,760586889,Unverified
USGS-03598000,"DUCK RIVER NEAR SHELBYVILLE, TN",35.48035,-86.4991609,19534708,760540295,Unverified
USGS-03598185,"DUCK RIVER AT HALLS MILL BRIDGE, TN",35.5528901,-86.5822509,19532014,760615170,Unverified
USGS-03599240,"DUCK RIVER ABOVE MILLTOWN, TN",35.5763595,-86.7785853,19531956,760558591,Unverified
USGS-03599419,"DUCK RIVER AT MILE 156 NEAR POTTSVILLE, TN",35.5703492,-86.8713904,19532008,760621821,Unverified
USGS-03599500,"DUCK RIVER AT COLUMBIA, TN",35.6180856,-87.0323384,19518240,760615164,Unverified
USGS-03601600,"DUCK RIVER NEAR SHADY GROVE, TN.",35.72065845,-87.266038,19516502,760610165,Unverified
USGS-03601990,"DUCK RIVER AT HWY 100 AT CENTERVILLE, TN",35.7842341,-87.46001419,19515920,760615152,Unverified
USGS-03602500,"PINEY RIVER AT VERNON, TN",35.87129448,-87.5014002,19518084,760340584,Unverified
USGS-03603000,"DUCK RIVER ABOVE HURRICANE MILLS, TN",35.93009609,-87.7430743,19514640,760661732,Unverified
USGS-03604000,"BUFFALO RIVER NEAR FLAT WOODS, TN",35.49590598,-87.8328037,19504798,760608518,Unverified
USGS-03604400,"BUFFALO RIVER BELOW LOBELVILLE, TN",35.8118428,-87.77875039,19503182,760665069,Unverified
USGS-03605078,"CYPRESS CREEK AT CAMDEN, TN",36.0470382,-88.0758624,10581525,760475357,Unverified
USGS-03606500,"BIG SANDY RIVER AT BRUCETON, TN",36.03701614,-88.2291116,10581939,760666717,Unverified
USGS-07024200,"CROOKED CREEK NEAR HUNTINGDON, TN",36.06453779,-88.4047615,14112386,760473690,Unverified
USGS-07024500,"SOUTH FORK OBION RIVER NEAR GREENFIELD, TN",36.1181477,-88.81088529,14113038,760590166,Unverified
USGS-07025400,"NORTH FORK OBION RIVER NEAR MARTIN, TN (CE)",36.40533398,-88.8547618,7483456,760675008,Unverified
USGS-07026040,"OBION RIVER AT HWY 51 NEAR OBION, TN",36.24085076,-89.2176397,7486930,760648396,Unverified
USGS-07027720,"SOUTH FORK FORKED DEER RIVER NEAR OWL CITY, TN",35.71876687,-89.2122764,14240668,760580213,Unverified
USGS-07028500,"NORTH FORK FORKED DEER RIVER AT TRENTON, TN",35.9803459,-88.9264535,,760561889,Unverified
USGS-07028960,MIDDLE FORK FORKED DEER RIVER NEAR FAIRVIEW,35.74426606,-88.8464417,14101407,760551923,Unverified
USGS-07029500,"HATCHIE RIVER AT BOLIVAR, TN",35.275356,-88.976626,14078174,,Unverified
USGS-07030050,"HATCHIE RIVER AT RIALTO, TN",35.63733496,-89.609455,14073444,760625148,Unverified
USGS-07030240,"LOOSAHATCHIE RIVER NEAR ARLINGTON, TN",35.3109497,-89.6395599,14062259,760522004,Unverified
USGS-07030392,"WOLF RIVER AT LAGRANGE, TN",35.03258978,-89.246736,14208484,760472105,Unverified
USGS-07030500,"WOLF RIVER AT ROSSVILLE, TN",35.05425748,-89.5411896,14207658,760586919,Unverified
USGS-07031650,"WOLF RIVER AT GERMANTOWN, TN",35.1164879,-89.8014706,14206856,760618530,Unverified
USGS-07031692,FLETCHER CREEK AT SYCAMORE VIEW ROAD AT MEMPHIS,35.16937845,-89.8661226,14206348,760415517,Unverified
USGS-07032000,"MISSISSIPPI RIVER AT MEMPHIS, TN",35.12314616,-90.077592,7474830,760608549,Unverified
USGS-07032200,"NONCONNAH CREEK NEAR GERMANTOWN, TN",35.04982264,-89.818971,14199477,760493736,Unverified
USGS-07227420,"Cramer Ck at US Hwy 54 nr Dalhart, TX",35.75125,-102.8931667,20001250,760548594,Unverified
USGS-07227500,"Canadian Rv nr Amarillo, TX",35.4703261,-101.879628,19984864,760620168,Unverified
USGS-07227890,"Big Blue Ck nr Fritch, TX",35.72077778,-101.6625278,24803965,760583540,Unverified
USGS-07228000,"Canadian Rv nr Canadian, TX",35.935042,-100.3706884,19972126,760700004,Unverified
USGS-07233500,"Palo Duro Ck nr Spearman, TX",36.20225497,-101.305993,13837931,760628432,Unverified
USGS-07235000,"Wolf Ck at Lipscomb, TX",36.23864885,-100.2756889,13812194,760668365,Unverified
USGS-07295400,"Palo Duro Ck at Westline Rd nr Umbarger, TX",35.03550556,-102.1506,167484685,760560297,Unverified
USGS-07295500,"Tierra Blanca Ck abv Buffalo Lk nr Umbarger, TX",34.84867146,-102.1760295,13914213,760513719,Unverified
USGS-07297910,"Pr Dog Twn Fk Red Rv nr Wayside, TX",34.83755505,-101.4140578,13925051,760537015,Unverified
USGS-07298500,"Pr Dog Twn Fk Red Rv nr Brice, TX",34.62783574,-100.9406994,13927805,760495432,Unverified
USGS-07299540,"Pr Dog Twn Fk Red Rv nr Childress, TX",34.56922728,-100.1940023,13956737,760367307,Unverified
USGS-07299670,"Groesbeck Ck at SH 6 nr Quanah, TX",34.35451979,-99.7403719,13741403,760408924,Unverified
USGS-07299890,"Lelia Lk Ck bl Bell Ck nr Hedley, TX",34.93560669,-100.6965246,13546725,760478769,Unverified
USGS-07300000,"Salt Fork Red River near Wellington, TX",34.95755294,-100.220949,13531193,760550319,Unverified
USGS-07301300,"N Fk Red Rv nr Shamrock, TX",35.2642163,-100.2417855,13754391,760591895,Unverified
USGS-07301410,"Sweetwater Ck nr Kelton, TX",35.47310419,-100.1209501,13754363,760523655,Unverified
USGS-07308200,"Pease Rv nr Vernon, TX",34.1795833,-99.3233333,14002393,760398954,Unverified
USGS-07308500,"Red Rv nr Burkburnett, TX",34.11009327,-98.5317234,13971012,760367347,Unverified
USGS-07311600,"N Wichita Rv nr Paducah, TX",33.9506365,-100.0648269,,760295804,Unverified
USGS-07311700,"N Wichita Rv nr Truscott, TX",33.82064216,-99.7864822,13526822,760309126,Unverified
USGS-07311800,"S Wichita Rv nr Benjamin, TX",33.644257,-99.8009252,13520741,760282515,Unverified
USGS-07311900,"Wichita Rv nr Seymour, TX",33.70036966,-99.3886905,13733388,760294159,Unverified
USGS-07312100,"Wichita Rv nr Mabelle, TX",33.7600934,-99.1428495,13732942,760337418,Unverified
USGS-07312110,"S Side Canal nr Dundee, TX",33.81398475,-98.932844,13734206,760330758,Unverified
USGS-07312200,"Beaver Ck nr Electra, TX",33.90592785,-98.9050666,13730379,760335743,Unverified
USGS-07312330,"Wichita Rv at FM 368 nr Iowa Park, TX",33.89694444,-98.7072222,,760340734,Unverified
USGS-07312500,"Wichita Rv at Wichita Falls, TX",33.90954178,-98.5336663,13734150,760344062,Unverified
USGS-07312610,"Holliday Ck at Wichita Falls, TX",33.88444444,-98.4988889,13734154,760280834,Unverified
USGS-07312700,"Wichita Rv nr Charlie, TX",34.0531504,-98.2967139,13732288,760312437,Unverified
USGS-07314500,"Little Wichita Rv nr Archer City, TX",33.66260225,-98.6131124,13660637,760280849,Unverified
USGS-07314900,"Little Wichita Rv abv Henrietta, TX",33.8267666,-98.2400458,13660341,760334085,Unverified
USGS-07315200,"E Fk Little Wichita Rv nr Henrietta, TX",33.81287833,-98.0850406,13660367,760320775,Unverified
USGS-07331600,"Red Rv at Denison Dam nr Denison, TX",33.81899124,-96.5633264,8350531,760365701,Unverified
USGS-07332603,"Bois D'Arc Creek at FM 271 nr Bonham, TX",33.55502778,-96.1695833,8350253,760209307,Unverified
USGS-07332605,"Bois D'Arc Ck at HWY 56 nr Bonham, TX",33.57579444,-96.1557444,8350199,760237592,Unverified
USGS-07332622,"Bois D'Arc Ck at FM 409 nr Honey Grove, TX",33.74416667,-95.9611111,8348819,760372363,Unverified
USGS-07332655,"Bois D'Arc Ck at FM 100 nr Honey Grove, TX",33.7587361,-95.9159472,8348519,760375691,Unverified
USGS-07336820,"Red River near De Kalb, TX",33.68400005,-94.6943774,9544021,760307470,Unverified
USGS-07342470,"S Sulphur Rv at SH 11 nr Commerce, TX",33.21930278,-95.8621944,4300965,760186036,Unverified
USGS-07342480,"Middle Sulphur Rv at Commerce, TX",33.26650079,-95.9155217,4300953,760149424,Unverified
USGS-07342500,"S Sulphur Rv nr Cooper, TX",33.356499,-95.5949562,4300941,760111144,Unverified
USGS-07343000,"N Sulphur Rv nr Cooper, TX",33.47483009,-95.5877347,4300911,760161056,Unverified
USGS-07343200,"Sulphur Rv nr Talco, TX",33.3862233,-95.1324428,1129593,760210983,Unverified
USGS-07343356,"Cuthand Ck at FM 910 nr Cuthand, TX",33.49888889,-95.0513889,1129421,,Unverified
USGS-07343450,"Sulphur Rv at IH 30 nr Dalby Springs, TX",33.30944444,-94.6980556,1128575,760224301,Unverified
USGS-07343500,"White Oak Ck nr Talco, TX",33.32233617,-95.0927184,1122795,760201003,Unverified
USGS-07343840,"White Oak Ck at IH 30 nr Omaha, TX",33.2747222,-94.8025,1121321,760201007,Unverified
USGS-07344100,"Anderson Ck at Hwy 98 nr Simms, TX",33.38444444,-94.4980556,1128207,760177702,Unverified
USGS-07344210,"Sulphur Rv nr Texarkana, TX",33.30416667,-94.1513889,1128277,760230957,Unverified
USGS-07344493,"Big Cypress Ck at US Hwy 271 nr Pittsburg, TX",33.07293056,-94.9652278,1009020,760176063,Unverified
USGS-07344500,"Big Cypress Ck nr Pittsburg, TX",33.02095787,-94.8821554,1009042,760179394,Unverified
USGS-07346000,"Big Cypress Bayou nr Jefferson, TX",32.74958345,-94.4988102,1017893,760182743,Unverified
USGS-07346045,"Black Cypress Bayou at Jefferson, TX",32.7779173,-94.3574153,1017865,760164437,Unverified
USGS-07346050,"Little Cypress Ck nr Ore City, TX",32.6726406,-94.7510435,1042497,760126173,Unverified
USGS-07346070,"Little Cypress Bayou nr Jefferson, TX",32.71291998,-94.3460265,1042491,760156122,Unverified
USGS-07346080,"Big Cypress Ck abv SH 43 nr Karnack, TX",32.7386111,-94.2325,1018031,760187735,Unverified
USGS-08017200,"Cowleech Fk Sabine Rv at Greenville, TX",33.1328933,-96.0769164,5253949,770402664,Unverified
USGS-08017250,"W Caddo Ck at IH 30 nr Caddo Mills, TX",33.01427778,-96.2125,5253913,770383948,Unverified
USGS-08017300,"S Fk Sabine Rv nr Quinlan, TX",32.89790085,-96.2533118,5254557,770357952,Unverified
USGS-08017410,"Sabine Rv nr Wills Point, TX",32.8062358,-95.9194109,5256789,,Unverified
USGS-08017605,"Mill Ck at CR 1903 nr Fruitvale, TX",32.72952778,-95.8105278,5255977,770434919,Unverified
USGS-08017900,"Sabine Rv at FM 17 nr Golden, TX",32.72021667,-95.6350861,5256013,770495239,Unverified
USGS-08018000,"Grand Saline Ck at FM 857 nr Grand Saline, TX",32.66174167,-95.6910806,5256221,770372522,Unverified
USGS-08018500,"Sabine Rv nr Mineola, TX",32.61374667,-95.4857901,5275740,770490042,Unverified
USGS-08019000,"Lake Fk Ck nr Quitman, TX",32.76318386,-95.4630094,5293833,770485877,Unverified
USGS-08019200,"Sabine Rv nr Hawkins, TX",32.55986369,-95.206614,5275972,770545165,Unverified
USGS-08019500,"Big Sandy Ck nr Big Sandy, TX",32.6040291,-95.0916099,5275798,770524363,Unverified
USGS-08020000,"Sabine Rv nr Gladewater, TX",32.52708909,-94.9602175,5274290,770562845,Unverified
USGS-08020450,"Sabine Rv abv Longview, TX",32.47987044,-94.80438,5278688,770525407,Unverified
USGS-08020700,"Rabbit Ck at Kilgore, TX",32.38820599,-94.9032716,5278780,770490051,Unverified
USGS-08020900,"Sabine Rv bl Longview, TX",32.41681793,-94.7099324,5279488,770548290,Unverified
USGS-08022040,"Sabine Rv nr Beckville, TX",32.32853333,-94.3538278,5278868,770581572,Unverified
USGS-08022120,"Sabine Rv nr Carthage, TX",32.2249722,-94.22525,5279590,770571176,Unverified
USGS-08022500,"Sabine Rv at Logansport, LA",31.97238949,-94.0063014,5280888,770630464,Unverified
USGS-08023050,"Flat Fork Ck at SH 7 nr Center, TX",31.8806861,-94.0985528,9534523,,Unverified
USGS-08023200,"Tenaha Ck nr Shelbyville, TX",31.76572914,-94.0840835,9534889,770571192,Unverified
USGS-08024480,"Palo Gaucho Bayou at FM 2784 nr Milam, TX",31.39508333,-93.8946944,9535259,770524405,Unverified
USGS-08025240,"Housen Bayou at SH 87 nr Hemphill, TX",31.30316389,-93.8443472,9535391,,Unverified
USGS-08025356,"Sabine Rv at Toledo Bd Pwrhouse nr Burkeville, TX",31.1736111,-93.5658333,8328658,770664812,Unverified
USGS-08025360,"Sabine Rv at Toledo Bd Res nr Burkeville, TX",31.1737991,-93.5660077,8328658,770664812,Unverified
USGS-08026000,"Sabine Rv nr Burkeville, TX",31.06408004,-93.5196165,8329788,770645056,Unverified
USGS-08028500,"Sabine Rv nr Bon Wier, TX",30.74714557,-93.608508,8330800,770613867,Unverified
USGS-08029500,"Big Cow Ck nr Newton, TX",30.81888889,-93.7855556,8330722,770537943,Unverified
USGS-08029520,"Big Cow Ck at FM 1416 nr Call, TX",30.6050111,-93.7944833,8330726,770608672,Unverified
USGS-08030500,"Sabine Rv nr Ruliff, TX",30.30381684,-93.7437784,8331804,770577482,Unverified
USGS-08031000,"Cow Bayou nr Mauriceville, TX",30.18632045,-93.9085058,8331928,770415247,Unverified
USGS-08032000,"Neches Rv nr Neches, TX",31.89239037,-95.430786,4452936,770589907,Unverified
USGS-08032400,"Neches Rv at SH 294 nr Alto, TX",31.62964444,-95.2858333,4453630,770625276,Unverified
USGS-08032500,"Neches Rv nr Alto, TX",31.57945569,-95.1659965,1077643,770602398,Unverified
USGS-08032700,"Neches Rv at SH 7 nr Pollok, TX",31.39670556,-94.9658,1078299,770596165,Unverified
USGS-08033000,"Neches Rv nr Diboll, TX",31.13296574,-94.8099306,1079041,770622174,Unverified
USGS-08033350,"Piney Ck at US 59 nr Corrigan, TX",31.05039167,-94.8242639,1078791,770632577,Unverified
USGS-08033500,"Neches Rv nr Rockland, TX",31.025,-94.3994444,1109655,770634658,Unverified
USGS-08033900,"E Fk Angelina Rv nr Cushing, TX",31.86017169,-94.8232697,1149925,770449509,Unverified
USGS-08034500,"Mud Ck nr Jacksonville, TX",31.97655578,-95.1607787,1151409,770568064,Unverified
USGS-08036500,"Angelina Rv nr Alto, TX",31.67184364,-94.9527152,1150499,,Unverified
USGS-08037050,"Bayou Lanana at Nacogdoches, TX",31.6176793,-94.6415983,1158005,770495277,Unverified
USGS-08037180,"Angelina Rv at Hwy 59 nr Lufkin, TX",31.45718333,-94.7263278,1152351,770580563,Unverified
USGS-08038000,"Attoyac Bayou nr Chireno, TX",31.50434957,-94.3043677,1157813,770618001,Unverified
USGS-08039100,"Ayish Bayou nr San Augustine, TX",31.39629597,-94.1510289,1159329,770481764,Unverified
USGS-08040600,"Neches Rv nr Town Bluff, TX",30.79103579,-94.1510237,1111453,770573305,Unverified
USGS-08041000,"Neches Rv at Evadale, TX",30.35576378,-94.0932373,1114209,770610761,Unverified
USGS-08041300,"Village Ck at US Hwy 69 nr Village Mills, TX",30.481425,-94.3946528,1166585,770548356,Unverified
USGS-08041500,"Village Ck nr Kountze, TX",30.3979862,-94.2635215,1166409,770451639,Unverified
USGS-08041700,"Pine Island Bayou nr Sour Lake, TX",30.1060464,-94.3346324,1143252,770617010,Unverified
USGS-08041749,"Pine Island Bayou abv BI Pump Plant, Beaumont, TX",30.17882253,-94.1887943,1142814,770576447,Unverified
USGS-08041780,"Neches Rv Saltwater Barrier at Beaumont, TX",30.156878,-94.1143469,1114345,770573328,Unverified
USGS-08042558,"W Fk Double Bayou at Eagle Ferry Rd nr Anahuac, TX",29.67555556,-94.6661139,1523673,770404864,Unverified
USGS-08042800,"W Fk Trinity Rv nr Jacksboro, TX",33.29333333,-98.079,1304795,770418259,Unverified
USGS-08042950,"Big Ck nr Chico, TX",33.30758333,-97.9182778,1305477,770286178,Unverified
USGS-08044000,"Big Sandy Ck nr Bridgeport, TX",33.23178218,-97.6947538,1305635,770397461,Unverified
USGS-08044500,"W Fk Trinity Rv nr Boyd, TX",33.08539917,-97.558636,1305941,770450506,Unverified
USGS-08044800,"Walnut Ck at Reno, TX",32.94568035,-97.5830798,1306815,770374591,Unverified
USGS-08045550,"WFk TrinityRv at White Settlement Rd,Fort Worth,TX",32.7597222,-97.4038889,1268432,770506677,Unverified
USGS-08045850,"Clear Fk Trinity Rv nr Weatherford, TX",32.74040699,-97.6519711,1268504,770412038,Unverified
USGS-08045995,"Clear Fork Trinity Rv at Kelly Rd nr Aledo, TX",32.65305556,-97.5863889,1268578,770481721,Unverified
USGS-08047000,"Clear Fk Trinity Rv nr Benbrook, TX",32.66513275,-97.4419642,1268934,770492121,Unverified
USGS-08047050,"Marys Ck at Benbrook, TX",32.6951316,-97.4472422,1268514,770387080,Unverified
USGS-08047500,"Clear Fk Trinity Rv at Ft Worth, TX",32.732353,-97.3589063,1268904,770481719,Unverified
USGS-08048000,"W Fk Trinity Rv at Ft Worth, TX",32.76096337,-97.3325167,1268410,770509797,Unverified
USGS-08048543,"W Fk Trinity Rv at Beach St, Ft Worth, TX",32.7517972,-97.2894598,1268426,770469238,Unverified
USGS-08048800,"Big Fossil Ck at Haltom City, TX",32.80735146,-97.2486256,1268884,770366275,Unverified
USGS-08048890,"Village Ck at Burleson, TX",32.53841667,-97.3150278,1268740,770501485,Unverified
USGS-08048922,"Deer Ck at IH-35W nr Crowley, TX",32.58855556,-97.3190278,1268642,770377724,Unverified
USGS-08048970,"Village Ck at Everman, TX",32.60346909,-97.2650142,1268612,770495243,Unverified
USGS-08049300,"W Fk Trinity Rv at Greenbelt Rd, Fort Worth, TX",32.7884631,-97.1400111,1268382,770516037,Unverified
USGS-08049500,"W Fk Trinity Rv at Grand Prairie, TX",32.7625,-96.9944444,1269868,770519157,Unverified
USGS-0804956950,"Bear Ck at Shady Grove Rd, Grand Prairie, TX",32.8044972,-97.0098806,,770403715,Unverified
USGS-08049580,"Mountain Ck nr Venus, TX",32.49097237,-97.1230646,1270482,770458847,Unverified
USGS-08049700,"Walnut Ck nr Mansfield, TX",32.5809695,-97.1019533,1268648,770399564,Unverified
USGS-08050100,"Mountain Ck at Grand Prairie, TX",32.7498611,-96.9261111,1269870,770443238,Unverified
USGS-08050350,"Elm Fk Trinity Rv at FM 1198 nr Myra, TX",33.601,-97.3258333,1274826,770280968,Unverified
USGS-08050400,"Elm Fk Trinity Rv at Gainesville, TX",33.62427479,-97.1564016,1274838,770288247,Unverified
USGS-08050800,"Timber Ck nr Collinsville, TX",33.55455428,-96.9472267,1275870,770302810,Unverified
USGS-08050840,"Range Ck nr Collinsville, TX",33.52622016,-96.8072191,1275872,770295530,Unverified
USGS-08051135,"Elm Fk Trinity Rv at Greenbelt nr Pilot Point, TX",33.3497222,-97.0355556,1276822,770435937,Unverified
USGS-08051500,"Clear Ck nr Sanger, TX",33.3362269,-97.1794587,1276892,770347538,Unverified
USGS-08052700,"Little Elm Ck nr Aubrey, TX",33.28344977,-96.8927805,1278534,770345459,Unverified
USGS-08052745,"Doe Br at US Hwy 380 nr Prosper, TX",33.219298,-96.8919565,1278616,770316341,Unverified
USGS-08052780,"Hickory Ck at Denton, TX",33.15178696,-97.1419573,1277158,770419304,Unverified
USGS-08053000,"Elm Fk Trinity Rv nr Lewisville, TX",33.0456773,-96.9611173,1278624,770438027,Unverified
USGS-08053009,"Indian Ck at FM 2281, Carrollton, TX",33.02694444,-96.9172222,1278566,770309067,Unverified
USGS-08053025,"Timber Ck at S. Edmonds Ln, Lewisville, TX",33.01469444,-97.0046944,1277240,770280988,Unverified
USGS-08053090,"Hutton Br at N Denton Dr at Carrollton, TX",32.9571611,-96.9071167,1279586,770235230,Unverified
USGS-08053430,"Denton Ck at CR 2513 nr Decatur, TX",33.27791667,-97.4170417,1285377,770384979,Unverified
USGS-08053500,"Denton Ck nr Justin, TX",33.11901003,-97.2905732,1285627,770412025,Unverified
USGS-08055000,"Denton Ck nr Grapevine, TX",32.9870677,-97.0127857,1287145,770417229,Unverified
USGS-08055500,"Elm Fk Trinity Rv nr Carrollton, TX",32.965957,-96.94445,1279694,770461950,Unverified
USGS-08055560,"Elm Fk Trinity Rv at Spur 348, Irving, TX",32.87333333,-96.9305556,1279696,770467153,Unverified
USGS-08056500,"Turtle Ck at Dallas, TX",32.80735055,-96.8025013,1260357,770305956,Unverified
USGS-08057000,"Trinity Rv at Dallas, TX",32.7748517,-96.8219464,942030011,770524357,Unverified
USGS-08057200,"White Rk Ck at Greenville Ave, Dallas, TX",32.88929207,-96.7566664,1260353,770367312,Unverified
USGS-08057300,"White Rk Ck at White Rk Lk, Dallas, TX",32.80873904,-96.725832,1260405,770405795,Unverified
USGS-08057410,"Trinity Rv bl Dallas, TX",32.70763139,-96.7358319,1260375,770505639,Unverified
USGS-08059000,"E Fk Trinity Rv nr McKinney, TX",33.20372724,-96.595824,1292124,770383941,Unverified
USGS-08059350,"Indian Ck at SH 78 nr Farmersville, TX",33.225,-96.3730556,1292096,770362101,Unverified
USGS-08059400,"Sister Grove Ck nr Blue Ridge, TX",33.29455786,-96.4830413,1292054,770300738,Unverified
USGS-08059590,"Wilson Ck Dws of Hwy 75 at McKinney, TX",33.18513889,-96.6391389,1292128,770364183,Unverified
USGS-08061000,"E Fk Trinity Rv nr Lavon, TX",33.02373066,-96.4755429,1292272,,Unverified
USGS-08061480,"Squabble Ck at Shores Blvd nr Rockwall, TX",32.95225,-96.4736389,1293000,,Unverified
USGS-08061540,"Rowlett Ck nr Sachse, TX",32.95984447,-96.6144378,1293010,770394350,Unverified
USGS-08061548,"Muddy Ck at Creek Crossing Ln nr Sachse, TX",32.9858611,-96.5564167,1292996,770282029,Unverified
USGS-08061551,"E Fk Trinity Rv blw Lk Ray Hubbard nr Forney, TX",32.7986111,-96.4941667,,,Unverified
USGS-08061750,"E Fk Trinity Rv nr Forney, TX",32.7742947,-96.5035991,1293064,770486917,Unverified
USGS-08061970,"E Fk Trinity Rv abv Seagoville, TX",32.7004229,-96.5313887,1293178,770492119,Unverified
USGS-08062000,"E Fk Trinity Rv nr Crandall, TX",32.6387442,-96.4852651,1293094,770517081,Unverified
USGS-08062095,"Red Oak Ck at FM 813 nr Palmer, TX",32.43687778,-96.6902556,1262793,770464048,Unverified
USGS-08062500,"Trinity Rv nr Rosser, TX",32.42652988,-96.4630415,1262531,770562848,Unverified
USGS-08062575,"Trinity Rv at W Cedar Creek Pkwy nr Rosser, TX",32.31666667,-96.3593056,1262903,770575333,Unverified
USGS-08062700,"Trinity Rv at Trinidad, TX",32.14765255,-96.1024708,1262643,770559738,Unverified
USGS-08062800,"Cedar Ck nr Kemp, TX",32.50347129,-96.1127508,1297176,770477566,Unverified
USGS-08062895,"Kings Ck at SH 34 nr Kaufman, TX",32.5561111,-96.3388889,1297270,770468204,Unverified
USGS-08063030,"Ash Ck at Hwy 171 nr Malone, TX",31.90955833,-96.8814639,4133309,770418307,Unverified
USGS-08063040,"Richland Ck at Hwy 22 nr Mertens, TX",32.05466944,-96.9065194,4131629,770450541,Unverified
USGS-08063048,"White Rk Ck at FM 308 nr Irene, TX",31.97805556,-96.8733333,4133115,770533744,Unverified
USGS-08063100,"Richland Ck nr Dawson, TX",31.9384908,-96.6813787,4133253,770548306,Unverified
USGS-08063460,"Richland Ck at CR 0030 nr Richland, TX",31.967,-96.4751389,4133151,770545185,Unverified
USGS-08063562,"Chambers Ck at FM 55 nr Avalon, TX",32.16465,-96.7620056,1446974,770331978,Unverified
USGS-08063590,"Waxahachie Ck at Waxahachie, TX",32.3822222,-96.8505556,1446498,770469250,Unverified
USGS-08063800,"Waxahachie Ck nr Bardwell, TX",32.2434807,-96.6402676,1446926,770500455,Unverified
USGS-08064100,"Chambers Ck nr Rice, TX",32.1984823,-96.5202639,1446644,770315337,Unverified
USGS-08064570,"Trinity Rv at Hwy 287 nr Cayuga, TX",31.96708333,-96.0471667,1264655,770608625,Unverified
USGS-08064700,"Tehuacana Ck nr Streetman, TX",31.84849638,-96.2899755,1454931,770455749,Unverified
USGS-08065000,"Trinity Rv nr Oakwood, TX",31.64850597,-95.7894029,1453127,770632556,Unverified
USGS-08065080,"Manson Ck at SH 294 nr Elkhart, TX",31.62981667,-95.6342972,1453169,770426636,Unverified
USGS-08065200,"Upper Keechi Ck nr Oakwood, TX",31.56989618,-95.8882938,1453353,770529598,Unverified
USGS-08065350,"Trinity Rv nr Crockett, TX",31.33851319,-95.6563407,1484774,770648167,Unverified
USGS-08065800,"Bedias Ck nr Madisonville, TX",30.8847222,-95.7777778,1491202,,Unverified
USGS-08066175,"Kickapoo Ck at Onalaska, TX",30.88675,-95.0803889,1491354,770482822,Unverified
USGS-08066200,"Long King Ck at Livingston, TX",30.716306,-94.9588237,1487570,770528588,Unverified
USGS-08066250,"Trinity Rv nr Goodrich, TX",30.57214544,-94.9488223,1487840,770598273,Unverified
USGS-08066300,"Menard Ck nr Rye, TX",30.48138889,-94.7797222,1494036,770605557,Unverified
USGS-08066500,"Trinity Rv at Romayor, TX",30.4252067,-94.8507622,1513293,770587878,Unverified
USGS-08066850,"Luce Bayou ITP Canal at Capers Ridge nr Hardin, TX",30.21041667,-94.8690139,1512785,,Unverified
USGS-08067000,"Trinity Rv at Liberty, TX",30.05771539,-94.8182567,1513385,770640931,Unverified
USGS-08067070,"CWA Canal nr Dayton, TX",29.96132898,-94.8102003,1516475,770565014,Unverified
USGS-08067250,"Trinity Rv at IH 10 nr Wallisville, TX",29.83707778,-94.7635944,1515433,770566059,Unverified
USGS-08067500,"Cedar Bayou nr Crosby, TX",29.97271914,-94.9857602,1558738,770482854,Unverified
USGS-08067525,"Goose Ck at Baytown, TX",29.77078197,-94.9996503,1558800,770323741,Unverified
USGS-08067548,"W Fk San Jacinto Rv nr Huntsville, TX",30.6460298,-95.675224,1465746,770466190,Unverified
USGS-08067552,"West Sandy Ck at FM 1791 nr Richards, TX",30.60388333,-95.7252222,1465894,770543152,Unverified
USGS-08067555,"East Sandy Ck at FM 1374 nr New Waverly, TX",30.58396389,-95.5662611,1465986,770420433,Unverified
USGS-08067575,"Caney Ck at FM 1375 nr Richards, TX",30.52829167,-95.6793306,1466194,770400675,Unverified
USGS-08067585,"Little Lake Ck at FM 149 nr Montgomery, TX",30.44693056,-95.6972333,1467808,770403798,Unverified
USGS-08067650,"W Fk San Jacinto Rv bl Lk Conroe nr Conroe, TX",30.34215289,-95.542998,1467944,770570201,Unverified
USGS-08067690,"Lake Ck nr Dobbin, TX",30.37152778,-95.7691389,1467894,770502600,Unverified
USGS-08067920,"Lake Ck at Sendera Ranch Rd nr Conroe, TX",30.25775,-95.5636944,1468038,770550444,Unverified
USGS-08068000,"W Fk San Jacinto Rv nr Conroe, TX",30.24465738,-95.4571616,1468280,770613885,Unverified
USGS-08068002,"Stewarts Ck at Silverdale Dr nr Conroe, TX",30.30150833,-95.4379972,1468264,770401721,Unverified
USGS-08068090,"W Fk San Jacinto Rv abv Lk Houston nr Porter, TX",30.14116667,-95.3382222,1468098,770562929,Unverified
USGS-08068275,"Spring Ck nr Tomball, TX",30.11993899,-95.6460559,1508047,770521329,Unverified
USGS-08068310,"Spring Ck at Kuykendahl Rd, The Woodlands, TX",30.1703611,-95.5416389,1508275,770561887,Unverified
USGS-08068325,"Willow Ck nr Tomball, TX",30.10549526,-95.5466084,1508279,770466210,Unverified
USGS-08068390,"Bear Br at Research Blvd, The Woodlands, TX",30.19055556,-95.4911111,1508263,770294606,Unverified
USGS-08068400,"Panther Br at Gosling Rd, The Woodlands, TX",30.192159,-95.4838288,1507967,770411087,Unverified
USGS-08068450,"Panther Br nr Spring, TX",30.1343832,-95.4777175,1508045,770436048,Unverified
USGS-08068500,"Spring Ck nr Spring, TX",30.11049517,-95.4363275,1508043,770557729,Unverified
USGS-08068720,"Cypress Ck at Katy-Hockley Rd nr Hockley, TX",29.9502237,-95.8082835,1509241,770518216,Unverified
USGS-08068740,"Cypress Ck at House-Hahl Rd nr Cypress, TX",29.959112,-95.7177249,1509209,770504694,Unverified
USGS-08068780,"Little Cypress Ck nr Cypress, TX",30.01605437,-95.6974463,1508121,770358052,Unverified
USGS-08068800,"Cypress Ck at Grant Rd nr Cypress, TX",29.97355566,-95.5985545,1509175,770539014,Unverified
USGS-08068900,"Cypress Ck at Stuebner-Airline Rd nr Westfield, TX",30.00660994,-95.511885,1508295,770554613,Unverified
USGS-08069000,"Cypress Ck nr Westfield, TX",30.0357753,-95.428827,1508289,770580612,Unverified
USGS-08069500,"W Fk San Jacinto Rv nr Humble, TX",30.02716385,-95.2579888,1468442,770587892,Unverified
USGS-08069800,"E Fk San Jacinto Rv at SH 150 nr Coldspring, TX",30.56694444,-95.1913889,1519009,770502593,Unverified
USGS-08070000,"E Fk San Jacinto Rv nr Cleveland, TX",30.33659809,-95.1040999,1520007,770537960,Unverified
USGS-08070200,"E Fk San Jacinto Rv nr New Caney, TX",30.14523056,-95.1246139,1520083,770552528,Unverified
USGS-08070500,"Caney Ck nr Splendora, TX",30.25965789,-95.3024361,1520249,770487002,Unverified
USGS-08071000,"Peach Ck at Splendora, TX",30.2327137,-95.1682662,1520237,770572285,Unverified
USGS-08071250,"Luce Bayou at SH-99 nr Huffman, TX",30.12597778,-95.0494861,1520073,770531729,Unverified
USGS-08072050,"San Jacinto Rv nr Sheldon, TX",29.87633426,-95.0938189,1440433,770553577,Unverified
USGS-08072300,"Buffalo Bayou nr Katy, TX",29.74328664,-95.8068951,1440311,770471422,Unverified
USGS-08072470,"Mason Ck at Prince Ck Court nr Houston, TX",29.7677295,-95.7285594,1440305,770397581,Unverified
USGS-08072520,"Clodine Ditch at Noble Rd nr Addicks, TX",29.7555972,-95.6457306,1440333,770268624,Unverified
USGS-08072600,"Buffalo Bayou at State Hwy 6 nr Addicks, TX",29.76938056,-95.6431667,1439269,770450621,Unverified
USGS-08072680,"S Mayde Ck at Heathergold Dr nr Addicks, TX",29.8051111,-95.7096111,1440261,770428780,Unverified
USGS-08072730,"Bear Ck nr Barker, TX",29.8307828,-95.6868912,1440237,770429819,Unverified
USGS-08072760,"Langham Ck at W Little York Rd nr Addicks, TX",29.86717035,-95.646612,1440211,770388218,Unverified
USGS-08073100,"Langham Ck at Addicks Res Outflow nr Addicks, TX",29.79027778,-95.6238889,1440289,770478700,Unverified
USGS-08073500,"Buffalo Bayou nr Addicks, TX",29.7618958,-95.6057782,1439317,770452701,Unverified
USGS-08073600,"Buffalo Bayou at W Belt Dr, Houston, TX",29.76217336,-95.5577213,1439357,770473501,Unverified
USGS-08073700,"Buffalo Bayou at Piney Point, TX",29.7468959,-95.5235538,1439377,770473501,Unverified
USGS-08074000,"Buffalo Bayou at Houston, TX",29.76022829,-95.4085505,1440301,770523422,Unverified
USGS-08074020,"Whiteoak Bayou at Alabonson Rd, Houston, TX",29.87078073,-95.4804961,1438725,770455817,Unverified
USGS-08074150,"Cole Ck at Deihl Rd, Houston, TX",29.8513369,-95.4879965,1440227,,Unverified
USGS-08074250,"Brickhouse Gully at Costa Rica St, Houston, TX",29.82800424,-95.469385,1440245,,Unverified
USGS-08074500,"Whiteoak Bayou at Houston, TX",29.77522777,-95.3971612,1440291,770530700,Unverified
USGS-08074540,"Little Whiteoak Bayou at Trimble St, Houston, TX",29.79277778,-95.3680556,1439229,770515100,Unverified
USGS-08074760,"Brays Bayou at Alief, TX",29.7091197,-95.583,1439495,770383023,Unverified
USGS-08074800,"Keegans Bayou at Roark Rd nr Houston, TX",29.65662136,-95.5621664,1440395,770396545,Unverified
USGS-08074810,"Brays Bayou at Gessner Dr, Houston, TX",29.6727317,-95.5282765,1439635,770431904,Unverified
USGS-08075000,"Brays Bayou at Houston, TX",29.69717469,-95.412162,1440385,770436064,Unverified
USGS-08075110,"Brays Bayou at MLK Jr Blvd, Houston, TX",29.71416667,-95.3388889,1440385,770464143,Unverified
USGS-08075400,"Sims Bayou at Hiram Clarke St, Houston, TX",29.61884399,-95.4460522,1439761,770340386,Unverified
USGS-08075500,"Sims Bayou at Houston, TX",29.67439687,-95.2893807,1439685,770420465,Unverified
USGS-08075605,"Berry Bayou at Nevada St, Houston, TX",29.65661915,-95.2291011,1439663,770359105,Unverified
USGS-08075730,"Vince Bayou at Pasadena, TX",29.69467363,-95.216323,1440389,770426703,Unverified
USGS-08075763,"Hunting Bayou at Hoffman St, Houston, TX",29.80883745,-95.3132696,1439055,770320620,Unverified
USGS-08075770,"Hunting Bayou at IH 610, Houston, TX",29.79328217,-95.2679907,1440277,770323740,Unverified
USGS-08075780,"Greens Bayou at Cutten Rd nr Houston, TX",29.94911178,-95.5196633,1438277,770272775,Unverified
USGS-08075900,"Greens Bayou nr US Hwy 75 nr Houston, TX",29.95688886,-95.4179936,1438283,770406935,Unverified
USGS-08076000,"Greens Bayou nr Houston, TX",29.9182784,-95.3068796,1440183,770463096,Unverified
USGS-08076180,"Garners Bayou nr Humble, TX",29.93386089,-95.2339608,1438379,770411095,Unverified
USGS-08076500,"Halls Bayou at Houston, TX",29.86189143,-95.3349365,1438737,770341417,Unverified
USGS-08076700,"Greens Bayou at Ley Rd, Houston, TX",29.8371695,-95.2332671,1440239,770496379,Unverified
USGS-08076997,"Clear Ck at Mykawa St nr Pearland, TX",29.5968991,-95.2974366,1562342,770429827,Unverified
USGS-08077600,"Clear Ck nr Friendswood, TX",29.51745517,-95.178544,1563092,770448550,Unverified
USGS-08078000,"Chocolate Bayou nr Alvin, TX",29.37154349,-95.3230476,1566182,770484955,Unverified
USGS-08079510,"N Fk DMF Brazos Rv at Loop 289 nr Lubbock, TX",33.55477778,-101.7881389,13718559,770351689,Unverified
USGS-08079600,"DMF Brazos Rv at Justiceburg, TX",33.03843236,-101.1976302,13698835,770445308,Unverified
USGS-08080505,"DMF Brazos Rv nr Rule, TX",33.18791667,-99.9601361,13700695,770474423,Unverified
USGS-08080700,"Running Water Draw at Plainview, TX",34.17896048,-101.7026748,13676139,770266388,Unverified
USGS-08082000,"Salt Fk Brazos Rv nr Aspermont, TX",33.3339801,-100.2381622,14033905,770464017,Unverified
USGS-08082500,"Brazos Rv at Seymour, TX",33.58092766,-99.2675756,5539988,770377689,Unverified
USGS-08082700,"Millers Ck nr Munday, TX",33.32926607,-99.4650825,5542148,770329858,Unverified
USGS-08083100,"Clear Fk Brazos Rv nr Roby, TX",32.78760777,-100.3887183,5488917,770459876,Unverified
USGS-08083235,"Clear Fk Brazos Rv at FM 3116 nr Anson, TX",32.66191944,-99.9761861,5489405,770520201,Unverified
USGS-08083240,"Clear Fk Brazos Rv at Hwy 83 nr Hawley, TX",32.5985,-99.8145556,5489939,770547243,Unverified
USGS-08083420,"Cat Claw Ck at Abilene, TX",32.47540219,-99.7492556,5491645,,Unverified
USGS-08083430,"Elm Ck at Abilene, TX",32.50730556,-99.7410278,5489503,770505647,Unverified
USGS-08083480,"Cedar Ck at IH 20, Abilene, TX",32.4866111,-99.7145556,5491437,770478607,Unverified
USGS-08084000,"Clear Fk Brazos Rv at Nugent, TX",32.6901186,-99.6695326,5489397,770503560,Unverified
USGS-08084200,"Clear Fk Brazos Rv at Lueders, TX",32.795,-99.6056944,5489343,770495236,Unverified
USGS-08084800,"California Ck nr Stamford, TX",32.93094435,-99.642588,5509690,770415152,Unverified
USGS-08085500,"Clear Fk Brazos Rv at Ft Griffin, TX",32.93297778,-99.2153889,5521636,770456751,Unverified
USGS-08086050,"Deep Ck at Moran, TX",32.55929085,-99.170074,5525639,770499404,Unverified
USGS-08086212,"Hubbard Ck bl Albany, TX",32.73289717,-99.1406299,5525607,770485879,Unverified
USGS-08086290,"Big Sandy Ck abv Breckenridge, TX",32.64845613,-99.0045146,5525073,770473401,Unverified
USGS-08086500,"Hubbard Ck nr Breckenridge, TX",32.8370625,-98.9481246,5526143,770471315,Unverified
USGS-08087300,"Clear Fk Brazos Rv at Eliasville, TX",32.96068333,-98.7667694,5522448,770465071,Unverified
USGS-08088000,"Brazos Rv nr South Bend, TX",33.02428377,-98.6439481,5494668,770469229,Unverified
USGS-08088430,"Rock Ck at Rock Ck Rd nr Bryson, TX",33.04351667,-98.4084083,5494600,770389147,Unverified
USGS-08088470,"Cedar Ck at FM 3253 nr Caddo, TX",32.85163889,-98.6617611,5495852,770388114,Unverified
USGS-08088610,"Brazos Rv nr Graford, TX",32.85817854,-98.411719,24943191,770492114,Unverified
USGS-08089000,"Brazos Rv nr Palo Pinto, TX",32.8626236,-98.3025492,5497132,770496274,Unverified
USGS-08090800,"Brazos Rv nr Dennis, TX",32.61568907,-97.9258703,5498058,770523322,Unverified
USGS-08090830,"Kickapoo Ck at FM 1189 nr Dennis, TX",32.58659444,-97.9199583,5497826,770359004,Unverified
USGS-08090905,"Brazos Rv ds Lk Granbury nr Granbury, TX",32.38638889,-97.6522222,5499434,770579489,Unverified
USGS-08091000,"Brazos Rv nr Glen Rose, TX",32.25903188,-97.7025268,5512484,770579495,Unverified
USGS-08091500,"Paluxy Rv at Glen Rose, TX",32.23153166,-97.7772512,5512008,770549336,Unverified
USGS-08092000,"Nolan Rv at Blum, TX",32.15070534,-97.402794,5512092,770513979,Unverified
USGS-08093100,"Brazos Rv nr Aquilla, TX",31.8123822,-97.2977882,5513718,770603429,Unverified
USGS-08093360,"Aquilla Ck abv Aquilla, TX",31.8954362,-97.2030634,166414852,770518147,Unverified
USGS-08094800,"N Bosque Rv at Hico, TX",31.9765366,-98.032812,5530672,770565985,Unverified
USGS-08095000,"N Bosque Rv nr Clifton, TX",31.785991,-97.5680748,5531532,770604471,Unverified
USGS-08095200,"N Bosque Rv at Valley Mills, TX",31.66960575,-97.4694602,5531474,770559755,Unverified
USGS-08095300,"Middle Bosque Rv nr McGregor, TX",31.50933179,-97.365845,5523936,770480721,Unverified
USGS-08095400,"Hog Ck nr Crawford, TX",31.5557199,-97.3564004,5523974,770576396,Unverified
USGS-08096500,"Brazos Rv at Waco, TX",31.53600056,-97.0733325,5513784,770625280,Unverified
USGS-08096580,"Tehuacana Ck at Hwy 6 nr Waco, TX",31.53588889,-97.0325417,5513550,770530640,Unverified
USGS-08098290,"Brazos Rv nr Highbank, TX",31.13407098,-96.8249826,5555562,770646094,Unverified
USGS-08098300,"Little Pond Ck nr Burlington, TX",31.02657804,-96.9883413,5555300,770431857,Unverified
USGS-08099100,"Leon Rv nr De Leon, TX",32.1737502,-98.5331058,2567762,770506697,Unverified
USGS-08099300,"Sabana Rv nr De Leon, TX",32.11402957,-98.6056067,2567906,770490060,Unverified
USGS-08099382,"Copperas Ck at FM 2247 nr Comanche, TX",32.04902778,-98.6460556,2568024,770523342,Unverified
USGS-08099500,"Leon Rv nr Hasse, TX",31.9579235,-98.4592116,2569756,770563905,Unverified
USGS-08100000,"Leon Rv nr Hamilton, TX",31.78877645,-98.1214319,2569332,770611751,Unverified
USGS-08100500,"Leon Rv at Gatesville, TX",31.4347222,-97.7583333,2572206,770598243,Unverified
USGS-08101000,"Cowhouse Ck at Pidcoke, TX",31.2848902,-97.8850244,2580511,770491129,Unverified
USGS-08102500,"Leon Rv nr Belton, TX",31.07017947,-97.4413967,2572116,770639856,Unverified
USGS-08102595,"Nolan Ck at S Penelope, Belton, TX",31.0539722,-97.4625278,2572260,770551456,Unverified
USGS-08102850,"Lampasas Rv at US-281 nr Adamsville, TX",31.29350556,-98.1692306,5586662,770570167,Unverified
USGS-08103800,"Lampasas Rv nr Kempner, TX",31.0793403,-98.0166919,5586798,770603456,Unverified
USGS-08103900,"S Fk Rocky Ck nr Briggs, TX",30.91156805,-98.0369676,5587890,770370502,Unverified
USGS-08103940,"Lampasas Rv at Ding Dong, TX",30.97252778,-97.7785278,5588558,770585780,Unverified
USGS-08104100,"Lampasas Rv nr Belton, TX",31.0018485,-97.4925088,5587556,770626338,Unverified
USGS-08104300,"Salado Ck at Salado, TX",30.9443472,-97.534075,5588596,770530660,Unverified
USGS-08104500,"Little Rv nr Little River, TX",30.9665723,-97.346113,5592244,770601380,Unverified
USGS-0810464660,"N Fk San Gabriel Rv at Reagan Blvd nr Leander, TX",30.69775,-97.8492222,,770587869,Unverified
USGS-08104700,"N Fk San Gabriel Rv nr Georgetown, TX",30.6618646,-97.7114164,5670899,770515070,Unverified
USGS-08104900,"S Fk San Gabriel Rv at Georgetown, TX",30.6257499,-97.6911204,5671579,770515072,Unverified
USGS-08105095,"Berry Ck at Airport Rd nr Georgetown, TX",30.70324685,-97.6663985,5670841,770551468,Unverified
USGS-08105505,"Willis Ck nr Granger, TX",30.70216667,-97.4341667,5670779,770507789,Unverified
USGS-08105700,"San Gabriel Rv at Laneport, TX",30.69436146,-97.2788849,5670795,770609709,Unverified
USGS-08105872,"Brushy Ck at Cedar Park, TX",30.52518056,-97.7499917,5671619,770392355,Unverified
USGS-08105883,"Brushy Ck at IH 35, Round Rock, TX",30.51290556,-97.6864361,5671189,770394435,Unverified
USGS-08105886,"Lake Ck at Lake Ck Pkwy nr Austin, TX",30.46555556,-97.7878889,5673157,770447477,Unverified
USGS-08105888,"Brushy Ck at Kenney Fort Blvd at Round Rock, TX",30.51239444,-97.6366722,5671187,770548355,Unverified
USGS-08106050,"Brushy Ck at FM 619 nr Taylor, TX",30.51958333,-97.3384472,5671175,770508836,Unverified
USGS-08106350,"Little Rv nr Rockdale, TX",30.76074836,-97.0138754,5592482,770610747,Unverified
USGS-08106500,"Little Rv nr Cameron, TX",30.83519047,-96.9466512,5593118,770644024,Unverified
USGS-08107950,"N Elm Ck at Rosebud Rd nr Meeks, TX",31.01306944,-97.1100833,5591642,770501539,Unverified
USGS-08108250,"Big Elm Ck at SH 77 nr Cameron, TX",30.90324377,-96.9791531,5593046,770580582,Unverified
USGS-08108700,"Brazos Rv at SH 21 nr Bryan, TX",30.6268665,-96.544135,5558060,770607631,Unverified
USGS-08108780,"Little Brazos Rv at FM 485 nr Hearne, TX",30.87944444,-96.6402778,5557042,770574343,Unverified
USGS-08109700,"Middle Yegua Ck nr Dime Box, TX",30.33937764,-96.9047037,5570395,770583721,Unverified
USGS-08109800,"E Yegua Ck nr Dime Box, TX",30.40743105,-96.8174791,5570253,770488039,Unverified
USGS-08110000,"Yegua Ck nr Somerville, TX",30.3218773,-96.5074683,5570685,770560842,Unverified
USGS-08110100,"Davidson Ck nr Lyons, TX",30.41965196,-96.5402466,5570225,770416279,Unverified
USGS-08110200,"Brazos Rv at Washington, TX",30.359175,-96.1549028,5559374,770592040,Unverified
USGS-08110325,"Navasota Rv abv Groesbeck, TX",31.57434158,-96.5208295,5575031,770567038,Unverified
USGS-08110430,"Big Ck nr Freestone, TX",31.5068396,-96.3246953,5574947,770516081,Unverified
USGS-08110500,"Navasota Rv nr Easterly, TX",31.17018205,-96.297743,5575763,770568093,Unverified
USGS-08110800,"Navasota Rv at Old San Antonio Rd nr Bryan, TX",30.9737987,-96.2416274,5577121,770647139,Unverified
USGS-08111070,"Navasota Rv at SH 6 nr Navasota, TX",30.41840278,-96.1066167,5581199,770584758,Unverified
USGS-08111500,"Brazos Rv nr Hempstead, TX",30.12910626,-96.1877387,3121538,770582688,Unverified
USGS-08111700,"Mill Ck nr Bellville, TX",29.88106145,-96.2052402,3122466,770505737,Unverified
USGS-08111850,"Brazos Rv at San Felipe, TX",29.80833333,-96.0955556,3122690,770602460,Unverified
USGS-08114000,"Brazos Rv at Richmond, TX",29.5824589,-95.7577275,3123784,770520307,Unverified
USGS-08114100,"Brazos Rv nr Sugar Land, TX",29.56768889,-95.6681417,3123790,770580628,Unverified
USGS-08115000,"Big Ck nr Needville, TX",29.47190769,-95.8030067,3124238,770491192,Unverified
USGS-08116400,"Dry Ck nr Rosenberg, TX",29.51190593,-95.7468942,3123676,770323750,Unverified
USGS-08116650,"Brazos Rv nr Rosharon, TX",29.3496858,-95.5824448,3124642,770554635,Unverified
USGS-08116850,"Brazos Rv nr West Columbia, TX",29.1444131,-95.6060571,3124654,770457922,Unverified
USGS-08117370,"San Bernard Rv nr Chesterville, TX",29.66075,-96.2436667,1605410,770505745,Unverified
USGS-08117500,"San Bernard Rv nr Boling, TX",29.31357967,-95.8938421,1607520,770471436,Unverified
USGS-08117705,"San Bernard Rv nr Sweeny, TX",29.11194444,-95.6766667,1607586,770497444,Unverified
USGS-08117720,"San Bernard Rv at FM 521 nr Cedar Lane, TX",29.01100278,-95.58825,1607736,770458967,Unverified
USGS-08117855,"Caney Ck at SH 35 nr Van Vleck, TX",29.0417222,-95.8635194,1612392,,Unverified
USGS-08117995,"Colorado Rv nr Gail, TX",32.62874497,-101.2854152,5633401,770506682,Unverified
USGS-08119500,"Colorado Rv at Hwy 350 nr Ira, TX",32.53915278,-101.0552222,5633425,770563885,Unverified
USGS-08120500,"Deep Ck nr Dunn, TX",32.57372368,-100.9078941,5633615,770442202,Unverified
USGS-08121000,"Colorado Rv at Colorado City, TX",32.39261865,-100.8787246,5635847,770555570,Unverified
USGS-08123800,"Beals Ck nr Westbrook, TX",32.1992913,-101.0140029,5714835,770535817,Unverified
USGS-08123850,"Colorado Rv abv Silver, TX",32.05374399,-100.762052,5721925,770563902,Unverified
USGS-08124000,"Colorado Rv at Robert Lee, TX",31.88542168,-100.4806543,5722265,770606548,Unverified
USGS-08126380,"Colorado Rv nr Ballinger, TX",31.71542973,-100.0264755,5654720,770590954,Unverified
USGS-08127000,"Elm Ck at Ballinger, TX",31.74931697,-99.9478636,5656750,770608632,Unverified
USGS-08128000,"S Concho Rv at Christoval, TX",31.18711186,-100.5020388,5702807,770642972,Unverified
USGS-08128030,"S Concho Rv abv Twin Buttes Res nr San Angelo, TX",31.2727611,-100.5042194,5702899,770575369,Unverified
USGS-08128400,"Middle Concho Rv abv Tankersley, TX",31.42738264,-100.7112125,5707852,770588884,Unverified
USGS-08129300,"Spring Ck abv Tankersley, TX",31.33016396,-100.6403767,5702767,770613847,Unverified
USGS-08130500,"Dove Ck at Knickerbocker, TX",31.27405465,-100.6309318,5702799,770566010,Unverified
USGS-08130700,"Spring Ck abv Twin Buttes Res nr San Angelo, TX",31.3309973,-100.600931,5702879,770564968,Unverified
USGS-08131400,"Pecan Ck nr San Angelo, TX",31.30905356,-100.4459254,5702253,770528568,Unverified
USGS-08131600,"Tom Green County WCID No. 1 Canal nr San Angelo,TX",31.4162804,-100.3945511,,,Unverified
USGS-08132450,"Red Arroyo at S. Chadbourne St. nr San Angelo, TX",31.43577778,-100.4343333,5702757,770306004,Unverified
USGS-08133250,"N Concho Rv abv Sterling City, TX",31.8973574,-101.105113,5711103,770528547,Unverified
USGS-08133500,"N Concho Rv at Sterling City, TX",31.83013918,-100.9937215,,770520229,Unverified
USGS-08134000,"N Concho Rv nr Carlsbad, TX",31.5926549,-100.6370449,5711941,770588878,Unverified
USGS-08134250,"N Concho Rv nr Grape Creek, TX",31.54265769,-100.5550977,5712411,770555599,Unverified
USGS-08136000,"Concho Rv at San Angelo, TX",31.454606,-100.4106474,5719546,770593043,Unverified
USGS-08136500,"Concho Rv at Paint Rock, TX",31.5159908,-99.9195226,5718784,770639841,Unverified
USGS-08136700,"Colorado Rv nr Stacy, TX",31.49376898,-99.5739532,5727563,770653361,Unverified
USGS-08140700,"Pecan Bayou nr Cross Cut, TX",31.9726444,-99.1303376,5735207,770560785,Unverified
USGS-08140860,"Jim Ned Ck at CR 140 nr Coleman, TX",31.8792472,-99.2778417,5741572,770556627,Unverified
USGS-08142000,"Hords Ck nr Coleman, TX",31.84666667,-99.4246944,5741912,770508789,Unverified
USGS-08143500,"Pecan Bayou at Brownwood, TX",31.7364,-98.9754889,5736533,,Unverified
USGS-08143600,"Pecan Bayou nr Mullin, TX",31.5173861,-98.740603,5736179,770585760,Unverified
USGS-08143990,"Noyes Canal at Diversion pt nr. Menard, TX",30.92175,-99.8525,5747660,770579541,Unverified
USGS-08144500,"San Saba Rv at Menard, TX",30.91907405,-99.785643,5747704,770582661,Unverified
USGS-08145000,"Brady Ck at Brady, TX",31.1382357,-99.3350754,5753504,770590974,Unverified
USGS-08146000,"San Saba Rv at San Saba, TX",31.21322316,-98.7194871,5746512,770636731,Unverified
USGS-08147000,"Colorado Rv nr San Saba, TX",31.21794515,-98.564484,5756726,770627370,Unverified
USGS-08148500,"N Llano Rv nr Junction, TX",30.5174101,-99.806179,5761759,770584755,Unverified
USGS-08149900,"S Llano Rv at Flat Rock Ln at Junction, TX",30.47901389,-99.7780389,5765175,770606597,Unverified
USGS-08150000,"Llano Rv nr Junction, TX",30.50435487,-99.7345097,5770577,770603475,Unverified
USGS-08150700,"Llano Rv nr Mason, TX",30.66073685,-99.1092185,5769807,770540030,Unverified
USGS-08150800,"Beaver Ck nr Mason, TX",30.64351548,-99.0958848,5770545,770519231,Unverified
USGS-08151500,"Llano Rv at Llano, TX",30.7513041,-98.6697773,5771725,770600347,Unverified
USGS-08152000,"Sandy Ck nr Kingsland, TX",30.5576991,-98.472271,5757354,770547314,Unverified
USGS-08152900,"Pedernales Rv nr Fredericksburg, TX",30.22048584,-98.8697812,5785479,770545246,Unverified
USGS-08153500,"Pedernales Rv nr Johnson City, TX",30.29187379,-98.3994904,5786075,770589963,Unverified
USGS-08154700,"Bull Ck at Loop 360 nr Austin, TX",30.37214825,-97.7847301,5781189,770371560,Unverified
USGS-08155200,"Barton Ck at SH 71 nr Oak Hill, TX",30.29631587,-97.925565,5781265,770514043,Unverified
USGS-08155240,"Barton Ck at Lost Ck Blvd nr Austin, TX",30.2740957,-97.8447296,5781325,770481804,Unverified
USGS-08155300,"Barton Ck at Loop 360, Austin, TX",30.24465306,-97.8022283,5781337,770525485,Unverified
USGS-08155400,"Barton Ck abv Barton Spgs at Austin, TX",30.26354168,-97.772228,5781893,770525485,Unverified
USGS-08155541,"W Bouldin Ck at Oltorf Rd, Austin, TX",30.24666667,-97.7691667,5781709,,Unverified
USGS-08156675,"Shoal Ck at Silverway Dr, Austin, TX",30.35416667,-97.7388889,5781223,770348681,Unverified
USGS-08156800,"Shoal Ck at W 12th St, Austin, TX",30.276598,-97.7503052,5781703,770409002,Unverified
USGS-08156910,"Waller Ck at Koenig Lane, Austin, TX",30.32277778,-97.7227778,5781313,,Unverified
USGS-08157540,"Waller Ck at Red River St, Austin, TX",30.27162778,-97.7355583,5781313,,Unverified
USGS-08158000,"Colorado Rv at Austin, TX",30.24613889,-97.6800556,5781917,770637805,Unverified
USGS-08158030,"Boggy Ck at Manor Rd, Austin, TX",30.2861111,-97.7086111,5781319,,Unverified
USGS-08158035,"Boggy Ck at Webberville Rd, Austin, TX",30.26305556,-97.7125,5781319,770342444,Unverified
USGS-08158045,"Ft Br Boggy Ck at Manor Rd, Austin, TX",30.30055556,-97.6855556,5781291,770342444,Unverified
USGS-08158200,"Walnut Ck at Dessau Rd, Austin, TX",30.375205,-97.6605601,5781217,770447480,Unverified
USGS-08158380,"Little Walnut Ck at Georgian Dr, Austin, TX",30.3543736,-97.6980818,5781203,,Unverified
USGS-08158600,"Walnut Ck at Webberville Rd, Austin, TX",30.2832642,-97.655003,5781285,770527563,Unverified
USGS-08158700,"Onion Ck nr Driftwood, TX",30.08298924,-98.0077859,5780099,770566050,Unverified
USGS-08158810,"Bear Ck bl FM 1826 nr Driftwood, TX",30.15548749,-97.9400076,5781401,770336208,Unverified
USGS-08158813,"Bear Ck at Spillar Ranch Rd nr Manchaca, TX",30.1636611,-97.9070194,5781417,770431887,Unverified
USGS-08158827,"Onion Ck at Twin Creeks Rd nr Manchaca, TX",30.12632345,-97.8211161,5781431,770519249,Unverified
USGS-08158840,"Slaughter Ck at FM 1826 nr Austin, TX",30.2090972,-97.9033409,5781373,770369486,Unverified
USGS-08158860,"Slaughter Ck at FM 2304 nr Austin, TX",30.1621554,-97.8322279,5781407,770428768,Unverified
USGS-08158922,"Williamson Ck at Brush Cntry Blvd, Oak Hill, TX",30.2263215,-97.8414188,5781345,770441246,Unverified
USGS-08158927,"Kincheon Br at William Cannon Blvd, Austin, TX",30.2124722,-97.8288611,5781353,770441246,Unverified
USGS-08158930,"Williamson Ck at Manchaca Rd, Austin, TX",30.22132179,-97.7936396,5781731,770441246,Unverified
USGS-08158970,"Williamson Ck at Jimmy Clay Rd, Austin, TX",30.189378,-97.732504,5781731,770441246,Unverified
USGS-08159000,"Onion Ck at US Hwy 183, Austin, TX",30.17798987,-97.6886138,5781369,770556687,Unverified
USGS-08159105,"Eastern Trib to Dry Ck nr Del Valle, TX",30.17647778,-97.5869167,5789124,,Unverified
USGS-08159110,"Western Trib to Gilleland Ck nr Manor, TX",30.38349444,-97.6020611,5788864,770462040,Unverified
USGS-08159200,"Colorado Rv at Bastrop, TX",30.10466154,-97.3194368,5790218,770586849,Unverified
USGS-08159250,"Maha Ck at Von Quintus Rd nr Del Valle, TX",30.09453056,-97.6593222,5789336,770447491,Unverified
USGS-08159500,"Colorado Rv at Smithville, TX",30.01272074,-97.1619321,5790058,770577493,Unverified
USGS-08160400,"Colorado Rv abv La Grange, TX",29.9124474,-96.9038699,5791848,,Unverified
USGS-08160800,"Redgate Ck nr Columbus, TX",29.79911967,-96.5321933,5791670,770489100,Unverified
USGS-08161000,"Colorado Rv at Columbus, TX",29.7063454,-96.5369155,5791934,770580623,Unverified
USGS-08162000,"Colorado Rv at Wharton, TX",29.30913668,-96.1038482,3764246,770537997,Unverified
USGS-08162500,"Colorado Rv nr Bay City, TX",28.9741462,-96.0124588,3765768,770477689,Unverified
USGS-08162501,"Colorado Rv nr Wadsworth, TX",28.77416667,-95.9975,3766368,770533853,Unverified
USGS-08162600,"Tres Palacios Rv nr Midfield, TX",28.92803769,-96.1710747,9355362,770441290,Unverified
USGS-08163500,"Lavaca Rv at Hallettsville, TX",29.4432973,-96.9449819,7841703,770478712,Unverified
USGS-08164000,"Lavaca Rv nr Edna, TX",28.95998449,-96.6863668,7842827,770456889,Unverified
USGS-08164300,"Navidad Rv nr Hallettsville, TX",29.466908,-96.812756,7846049,770548392,Unverified
USGS-08164390,"Navidad Rv at Strane Pk nr Edna, TX",29.06553568,-96.6741434,7846429,770496405,Unverified
USGS-08164450,"Sandy Ck nr Ganado, TX",29.1602539,-96.5463608,7846335,770406962,Unverified
USGS-08164503,"W Mustang Ck nr Ganado, TX",29.07185833,-96.4680278,7846391,770313365,Unverified
USGS-08164504,"E Mustang Ck nr Louise, TX",29.07081227,-96.4171913,7846399,770398645,Unverified
USGS-08164600,"Garcitas Ck nr Inez, TX",28.8913759,-96.8191486,9349285,770462091,Unverified
USGS-08164800,"Placedo Ck nr Placedo, TX",28.72527137,-96.7688702,9349455,770388258,Unverified
USGS-08165300,"N Fk Guadalupe Rv nr Hunt, TX",30.06409747,-99.3869916,3585678,770533811,Unverified
USGS-08165500,"Guadalupe Rv at Hunt, TX",30.06993074,-99.3217122,3586192,770578531,Unverified
USGS-08166000,"Johnson Ck nr Ingram, TX",30.10020707,-99.2831006,3585554,770472449,Unverified
USGS-08166140,"Guadalupe Rv abv Bear Ck at Kerrville, TX",30.06965617,-99.1953454,3585626,770585811,Unverified
USGS-08166200,"Guadalupe Rv at Kerrville, TX",30.053266,-99.163375,3585724,770587891,Unverified
USGS-08166250,"Guadalupe Rv nr Center Point, TX",29.98777778,-99.11,3587616,770515093,Unverified
USGS-08167000,"Guadalupe Rv at Comfort, TX",29.96523889,-98.8971667,3589508,770511974,Unverified
USGS-08167200,"Guadalupe Rv at FM 474 nr Bergheim, TX",29.89358333,-98.6698333,3589062,770525497,Unverified
USGS-08167500,"Guadalupe Rv nr Spring Branch, TX",29.8604957,-98.3836275,3589120,770553578,Unverified
USGS-08167800,"Guadalupe Rv at Sattler, TX",29.85910758,-98.1800106,1619595,770558778,Unverified
USGS-08168500,"Guadalupe Rv abv Comal Rv at New Braunfels, TX",29.7149465,-98.1100083,1620031,770549422,Unverified
USGS-08168797,"Dry Comal Ck at Loop 337 nr New Braunfels, TX",29.688,-98.1548333,1619663,770487024,Unverified
USGS-08168913,"Comal Rv (oc) nr Landa Lk, New Braunfels, TX",29.71007778,-98.1316611,1619647,770343502,Unverified
USGS-08168932,"Comal Rv (nc) nr Landa Lk, New Braunfels, TX",29.7089611,-98.1334417,1619647,770343502,Unverified
USGS-08169000,"Comal Rv at New Braunfels, TX",29.70640833,-98.1222083,1619649,770505743,Unverified
USGS-08169792,"Guadalupe Rv at FM 1117 nr Seguin, TX",29.53616667,-97.8809444,1620877,770492229,Unverified
USGS-08169845,"Guadalupe Rv at CR 143 nr Gonzales, TX",29.4876,-97.5875056,1622735,770508871,Unverified
USGS-08170500,"San Marcos Rv at San Marcos, TX",29.88910804,-97.9341718,1631099,770445416,Unverified
USGS-08170890,"Little Blanco Rv at FM 32 nr Fischer, TX",30.02080556,-98.3305556,1628229,770390293,Unverified
USGS-08170905,"Blanco Rv at Valley View Rd nr Fischer, TX",30.0368,-98.2228972,1628227,770548372,Unverified
USGS-08170950,"Blanco Rv at Fischer Store Rd nr Fischer, TX",30.00058333,-98.2003611,1628253,770539013,Unverified
USGS-08171000,"Blanco Rv at Wimberley, TX",29.99438343,-98.088925,1630223,770535894,Unverified
USGS-08171290,"Blanco Rv at Halifax Rch nr Kyle, TX",30.00555556,-97.9525,1629555,770552533,Unverified
USGS-08171300,"Blanco Rv nr Kyle, TX",29.9793843,-97.910031,1631023,770549414,Unverified
USGS-08171350,"Blanco Rv at San Marcos, TX",29.8795111,-97.9107528,1631129,770545256,Unverified
USGS-08171400,"San Marcos Rv nr Martindale, TX",29.8322861,-97.8423833,1631195,770551499,Unverified
USGS-08172000,"San Marcos Rv at Luling, TX",29.66633885,-97.6508561,1631387,770554625,Unverified
USGS-08172400,"Plum Ck at Lockhart, TX",29.92299833,-97.6791667,1631087,770499496,Unverified
USGS-08173000,"Plum Ck nr Luling, TX",29.699673,-97.6036082,1631587,770533823,Unverified
USGS-08173900,"Guadalupe Rv at Gonzales, TX",29.48440414,-97.4502702,1622713,770510951,Unverified
USGS-08174200,"Sandy Fork Ck at Hwy 97 nr Waelder, TX",29.62491389,-97.3207444,1620735,770476626,Unverified
USGS-08174550,"Peach Ck at Hwy 90 nr Waelder, TX",29.68580278,-97.2308167,1620703,770479743,Unverified
USGS-08174600,"Peach Ck bl Dilworth, TX",29.47412787,-97.3166565,1622763,770457911,Unverified
USGS-08174700,"Guadalupe Rv at Hwy 183 nr Hochheim, TX",29.31446667,-97.3035,1623075,770494316,Unverified
USGS-08174970,"Sandies Ck at FM 108 nr Smiley, TX",29.29175556,-97.6207556,1623071,770417358,Unverified
USGS-08175000,"Sandies Ck nr Westhoff, TX",29.2152475,-97.4494353,1623207,770502640,Unverified
USGS-08175800,"Guadalupe Rv at Cuero, TX",29.09053147,-97.3297129,1637437,770517204,Unverified
USGS-08176500,"Guadalupe Rv at Victoria, TX",28.7930456,-97.0130429,1639225,770497455,Unverified
USGS-08176550,"Fifteenmile Ck nr Weser, TX",28.89776103,-97.3549922,1638505,770465211,Unverified
USGS-08176900,"Coleto Ck at Arnold Rd Crsg nr Schroeder, TX",28.86165308,-97.2263791,1638559,770493293,Unverified
USGS-08177300,"Perdido Ck at FM 622 nr Fannin, TX",28.7516564,-97.3172142,1639209,770342496,Unverified
USGS-08177500,"Coleto Ck nr Victoria, TX",28.73110317,-97.1386004,1638885,770419457,Unverified
USGS-08177520,"Guadalupe Rv nr Bloomington, TX",28.66194444,-96.9652778,1640519,770428819,Unverified
USGS-08177700,"Olmos Ck at Dresden Dr, San Antonio, TX",29.4991192,-98.5102958,10840810,770378870,Unverified
USGS-08178000,"San Antonio Rv at San Antonio, TX",29.40967796,-98.495017,10840818,770451672,Unverified
USGS-08178050,"San Antonio Rv at Mitchell St, San Antonio, TX",29.39301189,-98.4947392,10840818,770451672,Unverified
USGS-08178500,"San Pedro Ck at Furnish St, San Antonio, TX",29.40634484,-98.5108795,10840824,770406954,Unverified
USGS-08178565,"San Antonio Rv at Loop 410, San Antonio, TX",29.32218095,-98.450322,10840502,770405916,Unverified
USGS-08178593,"Salado Ck at Blanco Rd, San Antonio, TX",29.5638611,-98.5196667,10840230,770376785,Unverified
USGS-08178700,"Salado Ck at Loop 410, San Antonio, TX",29.5160633,-98.4311271,10840232,770404869,Unverified
USGS-08178800,"Salado Ck at Loop 13, San Antonio, TX",29.35718017,-98.4127925,10840488,770441274,Unverified
USGS-0817887350,"Medina Rv at Patterson Rd at Medina, TX",29.79389167,-99.2485944,,770543180,Unverified
USGS-08178880,"Medina Rv at Bandera, TX",29.72383537,-99.070035,10833740,770520302,Unverified
USGS-08178980,"Medina Rv abv English Crsg nr Pipe Creek, TX",29.69438889,-98.9793056,10834916,770541103,Unverified
USGS-08180586,"San Geronimo Ck nr Helotes, TX",29.61972778,-98.7951528,10835018,770365346,Unverified
USGS-08180640,"Medina Rv at La Coste, TX",29.3241246,-98.813081,10836382,770485996,Unverified
USGS-08180700,"Medina Rv nr Macdona, TX",29.33495798,-98.689744,10835982,770492236,Unverified
USGS-08180800,"Medina Rv nr Somerset, TX",29.26218286,-98.5814074,10836104,770490158,Unverified
USGS-08181400,"Helotes Ck at Helotes, TX",29.57856108,-98.6916896,10835030,770344547,Unverified
USGS-08181480,"Leon Ck at IH 35, San Antonio, TX",29.32995837,-98.5841856,10836388,770509915,Unverified
USGS-08181500,"Medina Rv at San Antonio, TX",29.2641276,-98.4908493,10836092,770525519,Unverified
USGS-08181725,"San Antonio Rv nr Braunig Lk nr Elmendorf, TX",29.2354111,-98.4026083,10840558,770529680,Unverified
USGS-08181800,"San Antonio Rv nr Elmendorf, TX",29.2221853,-98.3558463,10840572,770531760,Unverified
USGS-08183200,"San Antonio Rv nr Floresville, TX",29.11,-98.1744444,3836053,770502643,Unverified
USGS-08183500,"San Antonio Rv nr Falls City, TX",28.95163797,-98.0641989,3838221,770467289,Unverified
USGS-08183900,"Cibolo Ck nr Boerne, TX",29.77498889,-98.7094694,7850579,770421501,Unverified
USGS-08183978,"Cibolo Ck at Specht Rd nr Bulverde, TX",29.73677778,-98.4933722,7850609,770466222,Unverified
USGS-08184050,"Cibolo Ck at Smithson Valley Rd nr Bulverde, TX",29.74826667,-98.4076833,7850613,770503663,Unverified
USGS-08185000,"Cibolo Ck at Selma, TX",29.5941166,-98.3111242,7851041,770479747,Unverified
USGS-08185065,"Cibolo Ck nr Saint Hedwig, TX",29.50144444,-98.18625,7850687,770444390,Unverified
USGS-08185100,"Martinez Ck nr Saint Hedwig, TX",29.44388889,-98.1688889,7851629,770471432,Unverified
USGS-08185500,"Cibolo Ck at Sutherland Springs, TX",29.2797222,-98.0533333,7851771,770481838,Unverified
USGS-08186000,"Cibolo Ck nr Falls City, TX",29.01413629,-97.9303065,7852265,770461047,Unverified
USGS-08186500,"Ecleto Ck nr Runge, TX",28.92025419,-97.7722221,3838999,770448570,Unverified
USGS-08187500,"Escondido Ck at Kenedy, TX",28.81998007,-97.859168,3839263,770366414,Unverified
USGS-08188060,"San Antonio Rv at SH 72 nr Runge, TX",28.84869444,-97.7371389,3839167,770525533,Unverified
USGS-08188500,"San Antonio Rv at Goliad, TX",28.6492861,-97.3848583,3840125,770434020,Unverified
USGS-08188570,"San Antonio Rv nr McFaddin, TX",28.53125,-97.0426944,3840137,770453784,Unverified
USGS-08188590,"North end of GBRA Calhoun Canal nr Long Mott,TX",28.50548889,-96.7814278,7865394,,Unverified
USGS-08188800,"Guadalupe Rv nr Tivoli, TX",28.50582149,-96.8847203,1640227,770423625,Unverified
USGS-08188810,"Guadalupe Rv at SH 35 nr Tivoli, TX",28.4783224,-96.8627751,1643099,770415306,Unverified
USGS-08189200,"Copano Ck nr Refugio, TX",28.30361693,-97.1124913,3159657,,Unverified
USGS-08189300,"Medio Ck nr Beeville, TX",28.48305164,-97.656663,5289427,770377865,Unverified
USGS-08189500,"Mission Rv at Refugio, TX",28.29195088,-97.2791593,5289461,770414271,Unverified
USGS-08189700,"Aransas Rv nr Skidmore, TX",28.28250426,-97.620829,5297631,770384113,Unverified
USGS-0818999010,"Nueces Rv nr Barksdale, TX",29.71883333,-100.039575,,770530703,Unverified
USGS-08189998,"Nueces Rv at CR 414 at Montell, TX",29.52646667,-100.0183667,7869281,770461029,Unverified
USGS-08190000,"Nueces Rv at Laguna, TX",29.42856679,-99.997287,7872253,770498473,Unverified
USGS-08190500,"W Nueces Rv nr Brackettville, TX",29.48108333,-100.2391667,7876116,770474551,Unverified
USGS-08192000,"Nueces Rv bl Uvalde, TX",29.12385015,-99.8948062,10892689,770495363,Unverified
USGS-08193000,"Nueces Rv nr Asherton, TX",28.50026313,-99.6819935,10893541,770410105,Unverified
USGS-08194000,"Nueces Rv at Cotulla, TX",28.42637889,-99.2400322,10630401,770425708,Unverified
USGS-08194200,"San Casimiro Ck nr Freer, TX",27.96501329,-98.9669678,10634531,770435084,Unverified
USGS-08194500,"Nueces Rv nr Tilden, TX",28.30888906,-98.5572384,10631613,770439232,Unverified
USGS-08195000,"Frio Rv at Concan, TX",29.48856496,-99.7047756,10645755,770458951,Unverified
USGS-08196000,"Dry Frio Rv nr Reagan Wells, TX",29.50467576,-99.7814452,10644541,770435030,Unverified
USGS-08197500,"Frio Rv bl Dry Frio Rv nr Uvalde, TX",29.2457934,-99.6744978,10646917,770468318,Unverified
USGS-08197936,"Sabinal Rv bl Mill Ck nr Vanderpool, TX",29.719,-99.5487,10644091,770426702,Unverified
USGS-08198000,"Sabinal Rv nr Sabinal, TX",29.4910644,-99.4928241,10645747,770445431,Unverified
USGS-08198500,"Sabinal Rv at Sabinal, TX",29.31430556,-99.4804722,10646003,770457916,Unverified
USGS-08200000,"Hondo Ck nr Tarpley, TX",29.57003056,-99.2476889,10654651,770470388,Unverified
USGS-08200720,"Hondo Ck at SH 173 nr Hondo, TX",29.3761111,-99.1166667,10655685,770443356,Unverified
USGS-08200977,"Middle Verde Ck at SH 173 nr Bandera, TX",29.56777778,-99.0969444,10653947,770342467,Unverified
USGS-08201500,"Seco Ck at Miller Rh nr Utopia, TX",29.573284,-99.4030997,10653905,770444388,Unverified
USGS-08202700,"Seco Ck at Rowe Rh nr D'Hanis, TX",29.37078917,-99.2878185,10655687,770440234,Unverified
USGS-08203450,"Leona Rv at CR 429A nr Uvalde, TX",29.34527778,-99.7488889,10645939,770314396,Unverified
USGS-08204005,"Leona Rv nr Uvalde, TX",29.1544077,-99.7433888,10646939,770392402,Unverified
USGS-08205500,"Frio Rv nr Derby, TX",28.73664429,-99.1447556,10661028,770443377,Unverified
USGS-08206600,"Frio Rv at Tilden, TX",28.46749279,-98.5475174,10664192,770402826,Unverified
USGS-08206700,"San Miguel Ck nr Tilden, TX",28.58748787,-98.5458513,10671061,770400742,Unverified
USGS-08206910,"Choke Canyon Res OWC nr Three Rivers, TX",28.48610326,-98.2416752,10664160,770411146,Unverified
USGS-08207500,"Atascosa Rv nr McCoy, TX",28.86497693,-98.3383454,10827864,770447532,Unverified
USGS-08208000,"Atascosa Rv at Whitsett, TX",28.62220899,-98.2813988,10828654,770399701,Unverified
USGS-08210000,"Nueces Rv nr Three Rivers, TX",28.42749545,-98.1780625,3168766,770460027,Unverified
USGS-08210400,"Lagarto Ck nr George West, TX",28.05973533,-98.0969482,3168874,770413241,Unverified
USGS-08211000,"Nueces Rv nr Mathis, TX",28.03834719,-97.8602769,3170312,770440281,Unverified
USGS-08211200,"Nueces Rv at Bluntzer, TX",27.93779594,-97.7758308,3171770,770465244,Unverified
USGS-08211500,"Nueces Rv at Calallen, TX",27.88307697,-97.625273,3171902,770437167,Unverified
USGS-08211520,"Oso Ck at Corpus Christi, TX",27.71141879,-97.5019377,1636035,770403892,Unverified
USGS-08211800,"San Diego Ck at Alice, TX",27.76663889,-98.0755556,1653097,770391411,Unverified
USGS-08211900,"San Fernando Ck at Alice, TX",27.77252575,-98.033613,1653465,770433010,Unverified
USGS-08212300,"Tranquitas Ck at Kingsville, TX",27.52614624,-97.8674982,1655121,770364378,Unverified
USGS-08212400,"Los Olmos Ck nr Falfurrias, TX",27.26448618,-98.1358378,1585173,770278068,Unverified
USGS-08212820,"Petronila Ck at FM 665 nr Driscoll, TX",27.66525,-97.7022778,1584123,770401814,Unverified
USGS-08374550,"Rio Grande nr Castolon, TX",29.13798,-103.5249033,291639,770515123,Unverified
USGS-08375300,"Rio Grande at Rio Grande Village, Big Bnd NP, TX",29.1835386,-102.9754409,291801,770453762,Unverified
USGS-08412500,"Pecos Rv nr Orla, TX",31.87264499,-103.8315949,3210721,770613828,Unverified
USGS-08419000,"Pecos Rv at FM 3398 nr Pecos, TX",31.4838611,-103.4901667,943070051,770654401,Unverified
USGS-08433000,"Barrilla Draw nr Saragosa, TX",30.95792694,-103.459619,20749139,770608661,Unverified
USGS-08437710,"Pecos Rv at RR 1776 nr Grandfalls, TX",31.3668055,-103.0059908,3212475,770129206,Unverified
USGS-08446500,"Pecos Rv nr Girvin, TX",31.11320329,-102.4176419,3213331,770638814,Unverified
USGS-08447000,"Pecos Rv nr Sheffield, TX",30.65961373,-101.7701244,332712,770559790,Unverified
USGS-08447020,"Independence Ck nr Sheffield, TX",30.45075,-101.7319167,3158167,770602437,Unverified
USGS-08447300,"Pecos Rv at Brotherton Rh nr Pandale, TX",30.314,-101.7415556,333056,770583722,Unverified
USGS-08449100,"Dolan Ck abv Devils River nr Comstock, TX",29.888325,-100.9898028,12096273,770491177,Unverified
USGS-08456310,"Las Moras Spgs Dws of pool at Brackettville,TX",29.30791667,-100.4192222,318261,770350797,Unverified
USGS-08458995,"Zacate Ck at Laredo, TX",27.5360972,-99.5001833,606903,770278059,Unverified
USGS-08474095,"N Main Drain at Boca Chica Hwy, Brownsville, TX",25.9216111,-97.4754167,207821,770262516,Unverified
USGS-08474107,"Town Resaca at E 6th St, Brownsville, TX",25.91444444,-97.4918889,207857,,Unverified
USGS-08474108,"N Main Drain at Manzano St, Brownsville, TX",25.89402778,-97.4528889,626148,770262516,Unverified
USGS-08474110,"Cameron Co Ditch 1 at FM 802, Brownsville, TX",25.94083333,-97.4256944,207851,770297872,Unverified
USGS-08474300,"Old Main Drain No 2 at SH 4, Brownsville, TX",25.9172222,-97.3778333,626100,770221956,Unverified
USGS-09180000,"DOLORES RIVER NEAR CISCO, UT",38.79720805,-109.1951142,18369916,710926809,Unverified
USGS-09180500,"COLORADO RIVER NEAR CISCO, UT",38.81054095,-109.2934493,3379045,710849432,Unverified
USGS-09182400,"CASTLE CREEK BELOW CASTLE VALLEY NEAR MOAB, UT",38.673859,-109.4501395,3378673,710655009,Unverified
USGS-09183500,"MILL CREEK AT SHELEY TUNNEL, NEAR MOAB, UT",38.4819972,-109.405025,3380913,710684777,Unverified
USGS-09183600,"MILL CREEK BELOW SHELEY TUNNEL, NEAR MOAB, UT",38.48571796,-109.4111044,3380913,710684777,Unverified
USGS-09184600,"PACK CREEK AT PACK CREEK ROAD BRIDGE NEAR MOAB, UT",38.44580556,-109.38525,3379399,710702635,Unverified
USGS-09185100,"MILL CREEK BLW PACK CREEK NR MOUTH AT MOAB, UT",38.5732861,-109.5672083,3378723,710774053,Unverified
USGS-09185600,"COLORADO RIVER AT POTASH, UT",38.5047222,-109.6583333,3379149,710871271,Unverified
USGS-09217900,"BLACKS FORK NEAR ROBERTSON, WY",40.95902778,-110.5797222,3199586,710746155,Unverified
USGS-09234500,"GREEN RIVER NEAR GREENDALE, UT",40.90829296,-109.422914,10040950,711012012,Unverified
USGS-09261000,"GREEN RIVER NEAR JENSEN, UT",40.4093915,-109.2354283,1374334,710908870,Unverified
USGS-09261700,"BIG BRUSH CRK ABV RED FLEET RES, NR VERNAL, UT",40.5888323,-109.4654372,1392781,710807677,Unverified
USGS-09266500,"ASHLEY CREEK NEAR VERNAL, UT",40.5774426,-109.6221085,1393763,710799741,Unverified
USGS-09267500,"MOSBY CANAL NEAR LAPOINT, UT",40.6082881,-109.8840393,,,Unverified
USGS-09271000,"ASHLEY CR NR REMEMBER THE MAINE PARK NR VERNAL, UT",40.5141111,-109.5943694,1393045,710726337,Unverified
USGS-09271550,"ASHLEY CREEK BEL UNION CANAL DIV NR JENSEN, UT",40.3580023,-109.3876546,1394765,710966409,Unverified
USGS-09272400,"GREEN RIVER AT OURAY, UTAH",40.0847972,-109.6758361,1374702,711103319,Unverified
USGS-09277500,"DUCHESNE RIVER NEAR TABIONA, UT",40.2997472,-110.6042556,11981363,710853324,Unverified
USGS-09279000,"ROCK CREEK NEAR MOUNTAIN HOME, UT",40.4931111,-110.5772222,11979373,710692609,Unverified
USGS-09285900,"STRAWBERRY RIVER AT PINNACLES NEAR FRUITLAND, UT",40.1271783,-110.7418242,11967717,710958485,Unverified
USGS-09288000,"CURRANT CREEK NEAR FRUITLAND, UT",40.20023128,-110.9076623,11966319,710871185,Unverified
USGS-09288180,"STRAWBERRY RIVER NEAR DUCHESNE, UT",40.1546793,-110.5548785,11966509,710898963,Unverified
USGS-09289500,"LAKE FORK RIVER AB MOON LAKE, NR MOUNTAIN HOME, UT",40.6024722,-110.5205,11975975,710732284,Unverified
USGS-09291000,"LAKE FORK RIVER BL MOON LAKE NR MOUNTAIN HOME, UT",40.55633555,-110.4846056,11976201,710779902,Unverified
USGS-09292000,"YELLOWSTONE R @ BRIDGE CMPGRND NR ALTONAH, UT",40.5463369,-110.333771,11976301,710785854,Unverified
USGS-09292500,"YELLOWSTONE RIVER NEAR ALTONAH, UT",40.51189299,-110.3415491,11976641,710710465,Unverified
USGS-09294500,"LAKE FORK RIVER NEAR MYTON, UT",40.20883299,-110.1171195,11981981,710998160,Unverified
USGS-09295000,"DUCHESNE RIVER AT MYTON, UT",40.20023757,-110.0637613,11982097,710976337,Unverified
USGS-09295100,"DUCHESNE RIV ABV UINTA RIV, NR RANDLETT, UT",40.2066278,-109.8598673,11985621,710986257,Unverified
USGS-09296800,"UINTA R BLW POWERPLANT DIVERSION, NR NEOLA, UT",40.5913396,-110.1143226,11976305,710823549,Unverified
USGS-09299500,"WHITEROCKS RIVER NEAR WHITEROCKS, UT",40.5935653,-109.9323739,11978253,710797757,Unverified
USGS-09301500,"UINTA RIVER AT RANDLETT, UT",40.23355686,-109.803777,11985399,710930703,Unverified
USGS-09302000,"DUCHESNE RIVER NEAR RANDLETT, UT",40.21027778,-109.7813889,11985625,711027920,Unverified
USGS-09306500,"WHITE RIVER NEAR WATSON, UTAH",39.97885629,-109.1787269,5308854,710944605,Unverified
USGS-09309600,"FAIRVIEW TUNNEL NEAR FAIRVIEW, UT",39.66966944,-111.3133194,5300997,710777964,Unverified
USGS-09310500,"FISH CREEK ABOVE RESERVOIR, NEAR SCOFIELD, UT",39.77440566,-111.191006,3907351,710845415,Unverified
USGS-09310700,"MUD CRK BL WINTER QUARTERS CYN @ SCOFIELD, UT",39.7219111,-111.1615444,3906485,710770026,Unverified
USGS-09311500,"PRICE RIVER NEAR SCOFIELD, UTAH",39.78690558,-111.1201697,3907377,710857318,Unverified
USGS-09312600,"WHITE R BL TABBYUNE CRK NR SOLDIER SUMMIT, UT",39.87601667,-111.0375167,3906361,710781921,Unverified
USGS-09313520,"PRICE RIVER BELOW GOLF COURSE NEAR HELPER, UT",39.6373833,-110.8577722,3908209,710938670,Unverified
USGS-09314500,"PRICE RIVER AT WOODSIDE, UT",39.26444444,-110.3427778,3910567,711035905,Unverified
USGS-09315000,"GREEN RIVER AT GREEN RIVER, UT",38.9860831,-110.1512475,4931276,710998223,Unverified
USGS-09319000,"EPHRAIM TUNNEL NEAR EPHRAIM, UT",39.3296855,-111.4315745,4876485,710593471,Unverified
USGS-09326500,"FERRON CREEK (UPPER STATION) NEAR FERRON, UT",39.1049972,-111.2289917,4877531,710805769,Unverified
USGS-09328500,"SAN RAFAEL RIVER NEAR GREEN RIVER, UT",38.8583081,-110.3701469,4879781,710891093,Unverified
USGS-09328910,"SAN RAFAEL RIVER AT MOUTH NEAR GREEN RIVER, UT",38.7577611,-110.1435278,4879797,710879195,Unverified
USGS-09328920,GREEN RIVER AT MINERAL BOTTOM NR CYNLNDS NTL PARK,38.52402778,-109.9944167,4931806,710873255,Unverified
USGS-09328960,"COLORADO RIVER AT GYPSUM CANYON NEAR HITE, UT",38.01001944,-110.0735389,4884649,710815743,Unverified
USGS-09329050,"SEVEN MILE CREEK NEAR FISH LAKE, UT",38.62775234,-111.6479647,4900159,710605409,Unverified
USGS-09330000,"FREMONT RIVER NEAR BICKNELL, UT",38.3069248,-111.5187917,944070009,710772082,Unverified
USGS-09330500,"MUDDY CREEK NEAR EMERY, UT",38.99105556,-111.253886,4894903,710841487,Unverified
USGS-09332100,"MUDDY CREEK BL I-70 NR EMERY, UTAH",38.8125833,-111.20025,4894095,710791896,Unverified
USGS-09333500,DIRTY DEVIL R AB POISON SP WSH NR HANKSVILLE UT,38.0971222,-110.4074167,4907451,710813756,Unverified
USGS-09337000,"PINE CREEK NEAR ESCALANTE, UT",37.86248747,-111.6360113,3278555,710664966,Unverified
USGS-09337500,"ESCALANTE RIVER NEAR ESCALANTE, UT",37.77804389,-111.5746181,3278571,710653069,Unverified
USGS-09378170,"SOUTH CREEK ABOVE RESERVOIR NEAR MONTICELLO, UT",37.8466608,-109.3695625,3272718,710494345,Unverified
USGS-09378630,"RECAPTURE CREEK NEAR BLANDING, UT",37.7555504,-109.476511,1399324,710543950,Unverified
USGS-09379250,"CHINLE CREEK AT MOUTH NEAR BLUFF,  UTAH",37.19991667,-109.7106389,1385452,,Unverified
USGS-09379500,"SAN JUAN RIVER NEAR BLUFF, UT",37.15067778,-109.8666889,1385518,710843565,Unverified
USGS-09381800,"PARIA RIVER NEAR KANAB, UTAH",37.10748428,-111.9060102,18267029,710871342,Unverified
USGS-09403600,"KANAB CREEK NEAR KANAB, UT",37.10054059,-112.5479827,20705539,710740399,Unverified
USGS-09404450,"EAST FORK VIRGIN RIVER NEAR GLENDALE, UT",37.3394272,-112.6043769,10025746,710603491,Unverified
USGS-09404900,"EAST FORK VIRGIN RIVER NEAR SPRINGDALE, UT",37.16414955,-112.9585499,10026004,710837612,Unverified
USGS-09405500,"NORTH FORK VIRGIN RIVER NEAR SPRINGDALE, UT",37.2097046,-112.9785512,10026504,710724521,Unverified
USGS-09406000,"VIRGIN RIVER AT VIRGIN, UT",37.2041494,-113.1807789,10023916,710793962,Unverified
USGS-09406100,"VIRGIN RIVER AB LA VERKIN CREEK NR LA VERKIN, UT",37.1969272,-113.285226,10024000,710801898,Unverified
USGS-09408000,"LEEDS CREEK NEAR LEEDS, UT",37.26748174,-113.3707839,10023748,710536038,Unverified
USGS-09408135,"VIRGIN RIVER AB QUAIL CREEK NEAR HURRICANE, UT",37.19248238,-113.3532832,10024050,710817771,Unverified
USGS-09408150,"VIRGIN RIVER NEAR HURRICANE, UT",37.16276007,-113.3952285,10024268,710869356,Unverified
USGS-09408195,"FORT PEARCE WASH NEAR ST. GEORGE, UT",37.00164939,-113.4688407,20653582,710780085,Unverified
USGS-09408400,"SANTA CLARA RIVER NEAR PINE VALLEY, UT",37.38331325,-113.483288,10024988,710492385,Unverified
USGS-09409100,"SANTA CLARA RIVER ABV BAKER RES, NR CENTRAL, UT",37.38470108,-113.6319052,10022980,710718560,Unverified
USGS-09410100,"SANTA CLARA RIV BLW WINSOR DAM, NR SANTA CLARA, UT",37.19,-113.7680556,10025110,710760235,Unverified
USGS-09413000,"SANTA CLARA RIVER AT ST. GEORGE, UT",37.07525867,-113.5930125,10024666,710744368,Unverified
USGS-09413200,"VIRGIN RIVER NEAR BLOOMINGTON, UT",37.07,-113.5838889,4914292,710774129,Unverified
USGS-09413500,"VIRGIN RIVER NEAR ST. GEORGE, UT",37.0144243,-113.6805163,4914802,710839604,Unverified
USGS-09413900,"BEAVER DAM WASH NEAR ENTERPRISE, UT",37.46996127,-114.0466483,4909714,710643164,Unverified
USGS-10011500,BEAR RIVER NEAR UTAH-WYOMING STATE LINE,40.9652079,-110.853539,7887898,710746154,Unverified
USGS-10023000,"BIG CREEK NEAR RANDOLPH, UT",41.60994177,-111.2540876,7880800,710593353,Unverified
USGS-10102200,CUB R NR RICHMOND UTAH,41.92631619,-111.8535584,,710488185,Unverified
USGS-10105900,"LITTLE BEAR RIVER AT PARADISE, UT",41.5754898,-111.8552203,666170,710690571,Unverified
USGS-10108400,"CACHE HIGHLINE CANAL NEAR LOGAN, UTAH",41.743375,-111.762061,666132,710684610,Unverified
USGS-10109000,"LOGAN RIVER ABOVE STATE DAM, NEAR LOGAN, UT",41.74355,-111.7839806,664424,710684610,Unverified
USGS-10109001,COM F LOGAN R AB ST D AND CACHE HL CAN NR LOGAN UT,41.74437546,-111.7843867,666132,710684610,Unverified
USGS-10113500,"BLACKSMITH FORK AB UP and L CO.'S DAM NR HYRUM, UT",41.62400556,-111.7361639,666156,710585416,Unverified
USGS-10118000,"BEAR RIVER NEAR COLLINSTON, UT",41.8340793,-112.0552524,,710581437,Unverified
USGS-10126000,"BEAR RIVER NEAR CORINNE, UT",41.5763213,-112.100782,4605050,710640970,Unverified
USGS-10128500,"WEBER RIVER NEAR OAKLEY, UT",40.7371721,-111.2479652,10093110,710829493,Unverified
USGS-10129300,"WEBER RIVER NEAR PEOA, UTAH",40.75105998,-111.3704716,10093088,710875125,Unverified
USGS-10129500,"WEBER RIVER NEAR WANSHIP, UT",40.79272607,-111.404918,10093214,710857267,Unverified
USGS-10129900,"SILVER CREEK NEAR SILVER CREEK JUNCTION, UT",40.73522634,-111.4760313,10093082,710666806,Unverified
USGS-10130500,"WEBER RIVER NEAR COALVILLE, UT",40.89522527,-111.4018633,10092262,710952492,Unverified
USGS-10131000,"CHALK CREEK AT COALVILLE, UT",40.92050285,-111.4015858,10093066,710912812,Unverified
USGS-10132000,"WEBER RIVER AT ECHO, UT",40.9677245,-111.437699,10093052,710813610,Unverified
USGS-10132500,"LOST CREEK NEAR CROYDON, UTAH",41.18068056,-111.4004583,10089426,710678687,Unverified
USGS-10133550,"WEBER RIVER AT MORGAN, UTAH",41.0403611,-111.6654889,10274940,710879078,Unverified
USGS-10133600,"MCLEOD CREEK NEAR PARK CITY, UT",40.68803889,-111.5337194,10276878,710684665,Unverified
USGS-10133650,"E CANYON CR BL I-80 REST STOP NR PARK CITY, UT",40.7238375,-111.5196438,10276856,710712438,Unverified
USGS-10133800,"EAST CANYON CREEK NEAR JEREMY RANCH, UT",40.75966979,-111.5640912,10276836,710766005,Unverified
USGS-10133980,"EAST CANYON CREEK AB EAST CYN RES NR MORGAN, UTAH",40.8695861,-111.5866222,10276740,710879087,Unverified
USGS-10134500,"EAST CANYON CREEK NEAR MORGAN, UT",40.92244629,-111.6071504,10277268,710904876,Unverified
USGS-10136500,"WEBER RIVER AT GATEWAY, UT",41.1368878,-111.8324384,10274616,710934625,Unverified
USGS-10136600,"WEBER RIVER AT I-84 AT UINTAH, UT",41.1370833,-111.9195556,10275900,710936609,Unverified
USGS-10137000,"WEBER RIVER AT OGDEN, UTAH",41.2270833,-111.9872917,10274468,710906845,Unverified
USGS-10137300,"SOUTH FK OGDEN R BL CAUSEY RES NR HUNTSVILLE, UTAH",41.29615278,-111.5914167,10274184,710696537,Unverified
USGS-10137500,"SOUTH FORK OGDEN RIVER NEAR HUNTSVILLE, UT",41.26855226,-111.6741004,10274270,710748122,Unverified
USGS-10140100,"OGDEN RIVER BL PINEVIEW RES NR HUNTSVILLE, UT",41.254387,-111.8557727,10275828,710881051,Unverified
USGS-10140700,"OGDEN RIVER NR GIBSON AVENUE AT OGDEN, UT",41.23181944,-111.9844972,10274376,710736220,Unverified
USGS-10141000,"WEBER RIVER NEAR PLAIN CITY, UT",41.2782765,-112.0918866,10273232,710865178,Unverified
USGS-10141100,"SOUTH FORK WEBER RIVER NEAR HOOPER, UTAH",41.1786,-112.1763889,10272922,710769951,Unverified
USGS-10141200,"NORTH FORK WEBER RIVER NEAR HOOPER, UTAH",41.22135556,-112.1813472,10273246,,Unverified
USGS-10141450,"KAYS CREEK NEAR LAYTON, UTAH",41.0408861,-111.9966694,10274936,710635046,Unverified
USGS-10142000,"FARMINGTON CR ABV DIV NR FARMINGTON, UTAH",41.00133317,-111.8732724,10275020,710583465,Unverified
USGS-10145400,"SALT CRK BL NEPHI POWERPLANT DIV NR NEPHI, UT",39.7171797,-111.7335396,10330239,710815658,Unverified
USGS-10146000,"SALT CREEK AT NEPHI, UT",39.71301186,-111.8043759,10330245,710819626,Unverified
USGS-10146400,"CURRANT CREEK NEAR MONA, UT",39.80259167,-111.8668806,10331001,710819622,Unverified
USGS-10147100,SUMMIT CREEK ABV SUMMIT CR CANAL NR SANTAQUIN UT,39.9444722,-111.7748889,10351594,710652960,Unverified
USGS-10149000,"SIXTH WATER CRK AB SYAR TUN NR SPRINGVILLE, UT",40.11801206,-111.3146215,10349162,710652949,Unverified
USGS-10149400,"DIAMOND FORK ABV RED HOLLOW NR THISTLE, UT",40.07627778,-111.3826389,10349220,710940631,Unverified
USGS-10149500,"DIAMOND FORK BELOW RED HOLLOW, NEAR THISTLE, UT",40.0785676,-111.4096276,,710946583,Unverified
USGS-10150500,"SPANISH FORK AT CASTILLA, UT",40.0496781,-111.5479705,10349360,710837465,Unverified
USGS-10153100,"HOBBLE CREEK AT 1650 WEST AT SPRINGVILLE, UTAH",40.1788719,-111.639338,10348934,710750163,Unverified
USGS-10154200,"PROVO RIVER NEAR WOODLAND, UT",40.5577278,-111.1687838,10373692,710752127,Unverified
USGS-10155000,"PROVO RIVER NEAR HAILSTONE, UT",40.6051111,-111.3145278,10374264,710837436,Unverified
USGS-10155200,"PROVO RIV AT RIV ROAD BRIDGE NR HEBER CITY, UT",40.55439805,-111.4332426,10373794,710841406,Unverified
USGS-10155500,"PROVO RIVER NEAR CHARLESTON, UT",40.4841221,-111.4635198,10375648,710851330,Unverified
USGS-10156000,"SNAKE CREEK NEAR CHARLESTON, UT",40.4852332,-111.4671312,10375650,710764034,Unverified
USGS-10157500,"DANIELS CREEK AT CHARLESTON, UT",40.46078909,-111.472687,10375690,710764036,Unverified
USGS-10163000,"PROVO RIVER AT PROVO, UT",40.23925556,-111.7111944,10376596,711004110,Unverified
USGS-10164500,"AMERICAN FK AB UPPER POWERPLANT NR AMERICAN FK, UT",40.4477297,-111.6821472,10329013,710690628,Unverified
USGS-10165600,"DRY CREEK AT 300 N, AT ALPINE, UT",40.4571722,-111.7683722,10328119,710621187,Unverified
USGS-10166430,"WEST CANYON CREEK NEAR CEDAR FORT, UT",40.4052063,-112.1005142,10327201,710863239,Unverified
USGS-10168000,LITTLE COTTONWOOD CREEK @ JORDAN RIVER NR SLC,40.66430556,-111.898861,10389562,710873145,Unverified
USGS-10170500,"SURPLUS CANAL @ SALT LAKE CITY, UT",40.72755556,-111.927361,10390290,711000119,Unverified
USGS-10171000,"JORDAN RIVER @ 1700 SOUTH @ SALT LAKE CITY, UT",40.73355737,-111.9232703,10390290,,Unverified
USGS-10172200,"RED BUTTE CREEK AT FORT DOUGLAS, NEAR SLC, UT",40.77994627,-111.806045,10389424,710516019,Unverified
USGS-10172600,"JORDAN RIVER @ CUDAHY LANE NR SALT LAKE CITY, UT",40.84734444,-111.9540278,10390290,710837424,Unverified
USGS-10172630,GOGGIN DRAIN NEAR MAGNA UTAH,40.81661107,-112.1007767,10388800,710908851,Unverified
USGS-10172640,"LEE CREEK NEAR MAGNA, UT",40.78085278,-112.1385944,10388814,710801716,Unverified
USGS-10172700,"VERNON CREEK NEAR VERNON, UT",39.97939105,-112.3802297,10396937,710694621,Unverified
USGS-10172727,"FAUST CREEK NEAR VERNON, UT",40.16050085,-112.4310639,10396113,710833491,Unverified
USGS-10172765,"CLOVER CREEK ABOVE BIG HOLLOW, NEAR CLOVER, UT",40.33494346,-112.5282894,,710571594,Unverified
USGS-10172800,"SOUTH WILLOW CREEK NEAR GRANTSVILLE, UT",40.496313,-112.5744182,10395905,710569602,Unverified
USGS-10172870,"TROUT CREEK NEAR CALLAO, UT",39.74410784,-113.8899945,10683178,710726379,Unverified
USGS-10172952,"DUNN CREEK NEAR PARK VALLEY, UT",41.85851438,-113.3272356,1169706,710349308,Unverified
USGS-10173450,"MAMMOTH CREEK ABV WEST HATCH DITCH, NEAR HATCH, UT",37.6227572,-112.5168773,10818086,710694741,Unverified
USGS-10174500,"SEVIER RIVER AT HATCH, UT",37.65109086,-112.4302069,10817986,710750292,Unverified
USGS-10183500,"SEVIER RIVER NEAR KINGSTON, UT",38.20609038,-112.2077024,10815868,710906999,Unverified
USGS-10189000,"EAST FORK SEVIER RIVER NEAR KINGSTON, UT",38.19636955,-112.1477005,10805283,710891127,Unverified
USGS-10194200,"CLEAR CREEK ABOVE DIVERSIONS, NEAR SEVIER, UT",38.5794169,-112.2885399,3504347,710716516,Unverified
USGS-10205030,"SALINA CREEK NEAR EMERY, UT",38.9119141,-111.5304654,3506561,710651026,Unverified
USGS-10215900,"MANTI CREEK BLW DUGWAY CREEK, NR MANTI, UT",39.25912877,-111.579916,5302465,710684737,Unverified
USGS-10217000,"SEVIER RIV BLW SAN PITCH RIV NR GUNNISON, UT",39.1552387,-111.877705,3503647,710948615,Unverified
USGS-10219000,"SEVIER RIVER NEAR JUAB, UT",39.37468029,-112.0396557,1202046,710972411,Unverified
USGS-10224000,"SEVIER RIVER NEAR LYNNDYL, UT",39.48189754,-112.3938338,1200162,710950581,Unverified
USGS-10234500,"BEAVER RIVER NEAR BEAVER, UT",38.2798,-112.568286,1215135,710782003,Unverified
USGS-10242000,"COAL CREEK NEAR CEDAR CITY, UT",37.67219924,-113.0346702,14597053,710563794,Unverified
USGS-411403112200801,BEAR RIVER BAY OUTFLOW AT GSL MINERALS CORP BRIDGE,41.27138889,-112.356111,,710908824,Unverified
USGS-01133000,"EAST BRANCH PASSUMPSIC RIVER NEAR EAST HAVEN, VT",44.63394195,-71.8975942,4570659,750106017,Unverified
USGS-01134500,"MOOSE RIVER AT VICTORY, VT",44.5117231,-71.8373143,4570675,750101876,Unverified
USGS-01135100,"POPE BROOK TRIBUTARY (W-9), NR NORTH DANVILLE, VT",44.49061087,-72.1617667,4572347,,Unverified
USGS-01135150,"POPE BROOK (SITE W-3) NEAR NORTH DANVILLE, VT",44.47616707,-72.1245431,4572347,,Unverified
USGS-01135300,"SLEEPERS RIVER (SITE W-5) NEAR ST. JOHNSBURY, VT",44.4353353,-72.03842899,4572307,750097142,Unverified
USGS-01135500,"PASSUMPSIC RIVER AT PASSUMPSIC, VT",44.3656147,-72.0392613,4572379,750094184,Unverified
USGS-01138500,"CONNECTICUT RIVER AT WELLS RIVER, VT",44.15339689,-72.0417577,9326222,750095374,Unverified
USGS-01139000,"WELLS RIVER AT WELLS RIVER, VT",44.1503413,-72.0650915,4573927,750080574,Unverified
USGS-01139800,"EAST ORANGE BRANCH AT EAST ORANGE, VT",44.0928419,-72.33565327,4573939,750093600,Unverified
USGS-01141500,"OMPOMPANOOSUC RIVER AT UNION VILLAGE, VT",43.79008627,-72.2549322,4574807,750081175,Unverified
USGS-01142500,"AYERS BROOK AT RANDOLPH, VT",43.93450969,-72.6578821,6083547,750087683,Unverified
USGS-01144000,"WHITE RIVER AT WEST HARTFORD, VT",43.71423614,-72.418149,,750101305,Unverified
USGS-01150900,"OTTAUQUECHEE RIVER NEAR WEST BRIDGEWATER, VT",43.62229069,-72.7589899,6089027,750091835,Unverified
USGS-01151500,"OTTAUQUECHEE RIVER AT NORTH HARTLAND, VT",43.60257077,-72.35425819,6089035,750092428,Unverified
USGS-01153000,"BLACK RIVER AT NORTH SPRINGFIELD, VT",43.33340716,-72.51481258,6090009,750118483,Unverified
USGS-01153550,WILLIAMS RIVER NEAR ROCKINGHAM VT,43.1917433,-72.48508889,10102348,750117895,Unverified
USGS-01155500,"WEST RIVER AT JAMAICA, VT",43.1089665,-72.775374,10102950,750130329,Unverified
USGS-01155910,"WEST RIVER BELOW TOWNSHEND DAM NEAR TOWNSHEND, VT",43.0511901,-72.7000939,10102614,750107835,Unverified
USGS-01334000,"WALLOOMSAC RIVER NEAR NORTH BENNINGTON, VT",42.91285604,-73.2564981,22289963,750120271,Unverified
USGS-04280000,"POULTNEY RIVER BELOW FAIR HAVEN, VT",43.6242324,-73.3115011,10312666,740217534,Unverified
USGS-04282000,"OTTER CREEK AT CENTER RUTLAND, VT",43.6036792,-73.0131628,22221703,740218878,Unverified
USGS-04282500,"OTTER CREEK AT MIDDLEBURY, VT",44.01311488,-73.1678954,22220605,740276648,Unverified
USGS-04282525,"NEW HAVEN RIVER @ BROOKSVILLE, NR MIDDLEBURY, VT",44.0617249,-73.17067429,22220425,740304867,Unverified
USGS-04282538,"LEMON FAIR R BLW SHACKSBORO RD, NR SHOREHAM, VT",43.9111111,-73.2753111,22221779,740204079,Unverified
USGS-04282581,"EAST BR DEAD CREEK NEAR BRIDPORT, VT",44.0286111,-73.32063889,22220525,740249767,Unverified
USGS-04282586,"WEST BR DEAD CREEK NEAR ADDISON, VT",44.04916667,-73.3541667,22220463,740247074,Unverified
USGS-04282629,"LITTLE OTTER CK AT MONKTON RD, NR FERRISBURGH, VT",44.185725,-73.1848694,22220507,740273947,Unverified
USGS-04282650,"LITTLE OTTER CREEK AT FERRISBURG, VT",44.19810987,-73.2490117,22220501,740286043,Unverified
USGS-04282780,"LEWIS CREEK AT NORTH FERRISBURG, VT",44.24922015,-73.22845688,22220497,740277973,Unverified
USGS-04282795,"LAPLATTE RIVER AT SHELBURNE FALLS, VT",44.3700512,-73.2162367,4578818,740310225,Unverified
USGS-04285500,"NORTH BRANCH WINOOSKI RIVER AT WRIGHTSVILLE, VT",44.29950278,-72.57872119,4577916,740339795,Unverified
USGS-04286000,"WINOOSKI RIVER AT MONTPELIER, VT",44.25672595,-72.59344318,4577918,740404311,Unverified
USGS-04287000,"DOG RIVER AT NORTHFIELD FALLS, VT",44.1825606,-72.6406655,4577698,740286044,Unverified
USGS-04288000,"MAD RIVER NEAR MORETOWN, VT",44.2772802,-72.7426163,4577590,740335766,Unverified
USGS-04288225,"W BRANCH LITTLE R ABV BINGHAM FALLS NEAR STOWE, VT",44.52338556,-72.7717885,4576564,740201351,Unverified
USGS-04288230,"RANCH BROOK AT RANCH CAMP, NEAR STOWE, VT",44.5039413,-72.7817883,4576576,,Unverified
USGS-04288295,"LITTLE RIVER NEAR STOWE, VT",44.4425,-72.7244444,4577370,740252427,Unverified
USGS-04289000,"LITTLE RIVER NEAR WATERBURY, VT",44.37033339,-72.7687298,4577854,740318287,Unverified
USGS-04290500,"WINOOSKI RIVER NEAR ESSEX JUNCTION, VT",44.47893867,-73.1387381,4578836,740337098,Unverified
USGS-04292000,"LAMOILLE RIVER AT JOHNSON, VT",44.6228287,-72.6762308,4586326,740327681,Unverified
USGS-04292500,"LAMOILLE RIVER AT EAST GEORGIA, VT",44.67921477,-73.0726365,4587250,740374717,Unverified
USGS-04292750,"MILL RIVER AT GEORGIA SHORE RD, NR ST ALBANS, VT",44.7797674,-73.1437467,4587100,740287352,Unverified
USGS-04292810,"JEWETT BROOK AT VT 38, NEAR ST. ALBANS, VT",44.8561111,-73.1508333,4587092,,Unverified
USGS-04293000,"MISSISQUOI RIVER NEAR NORTH TROY, VT",44.97282337,-72.38538628,4590253,740300781,Unverified
USGS-04293500,"MISSISQUOI RIVER NEAR EAST BERKSHIRE, VT",44.96004599,-72.696521,4590283,740349164,Unverified
USGS-04294000,"MISSISQUOI RIVER AT SWANTON, VT",44.91670937,-73.1284645,166176984,740355888,Unverified
USGS-04294140,"ROCK RIVER NEAR HIGHGATE CENTER, VT",44.96305556,-72.9919444,4590269,740205356,Unverified
USGS-04294300,"PIKE RIVER AT EAST FRANKLIN, NR ENOSBURG FALLS, VT",45.00282217,-72.83346858,4589889,740244330,Unverified
USGS-04296000,"BLACK RIVER AT COVENTRY, VT",44.8689363,-72.2701041,4599789,740354546,Unverified
USGS-04296280,"BARTON RIVER NEAR COVENTRY, VT",44.87138889,-72.2005556,4599781,740338418,Unverified
USGS-04296500,"CLYDE RIVER AT NEWPORT, VT",44.94032449,-72.1892684,4599753,740306158,Unverified
USGS-01613900,"HOGUE CREEK NEAR HAYFIELD, VA",39.2145479,-78.2880592,5895822,750082483,Unverified
USGS-01615000,"OPEQUON CREEK NEAR BERRYVILLE, VA",39.1747222,-78.0783333,5895964,750099652,Unverified
USGS-01616100,"DRY MARSH RUN NEAR BERRYVILLE, VA",39.19259167,-78.0686306,5895892,750073011,Unverified
USGS-01620500,"NORTH RIVER NEAR STOKESVILLE, VA",38.335,-79.2391667,5909157,750063561,Unverified
USGS-01621050,"MUDDY CREEK AT MOUNT CLINTON, VA",38.48679008,-78.96030749,5908085,750082502,Unverified
USGS-01622000,"NORTH RIVER NEAR BURKETOWN, VA",38.3404051,-78.9136385,5908733,750113290,Unverified
USGS-01625000,"MIDDLE RIVER NEAR GROTTOES, VA",38.26179616,-78.8619703,5908355,750119212,Unverified
USGS-01626000,"SOUTH RIVER NEAR WAYNESBORO, VA",38.0576362,-78.90807949,5908521,750100866,Unverified
USGS-01626850,"SOUTH RIVER NEAR DOOMS, VA",38.08874648,-78.8769683,5908485,750104417,Unverified
USGS-01627500,"SOUTH RIVER AT HARRISTON, VA",38.21874208,-78.8366915,5908375,750095534,Unverified
USGS-01628500,"S F SHENANDOAH RIVER NEAR LYNNWOOD, VA",38.32262796,-78.7547457,5908723,750123355,Unverified
USGS-01629500,"S F SHENANDOAH RIVER NEAR LURAY, VA",38.6462305,-78.5347329,5907167,750120386,Unverified
USGS-01631000,"S F SHENANDOAH RIVER AT FRONT ROYAL, VA",38.91400059,-78.21083388,5907079,750110315,Unverified
USGS-01632000,"N F SHENANDOAH RIVER AT COOTES STORE, VA",38.63706254,-78.852803,8441037,750100850,Unverified
USGS-01632082,"LINVILLE CREEK AT BROADWAY, VA",38.60678588,-78.803357,8441047,750078947,Unverified
USGS-01632900,"SMITH CREEK NEAR NEW MARKET, VA",38.69345016,-78.6427935,8441303,750094929,Unverified
USGS-01633000,"N F SHENANDOAH RIVER AT MOUNT JACKSON, VA",38.74567048,-78.6389042,8441291,750121567,Unverified
USGS-01634000,"N F SHENANDOAH RIVER NEAR STRASBURG, VA",38.9767759,-78.3361152,8441253,750110313,Unverified
USGS-01634500,"CEDAR CREEK NEAR WINCHESTER, VA",39.0812176,-78.3294486,8440459,750103798,Unverified
USGS-01635500,"PASSAGE CREEK NEAR BUCKTON, VA",38.95816564,-78.2666685,8441257,750097291,Unverified
USGS-01636316,"SPOUT RUN AT RT 621 NEAR MILLWOOD, VA",39.067025,-78.0037528,8445436,750085447,Unverified
USGS-01636690,"PINEY RUN NEAR LOVETTSVILLE, VA",39.3108333,-77.7185,4505510,750098465,Unverified
USGS-01638350,"S F CATOCTIN CREEK AT RT 698 NEAR WATERFORD, VA",39.1911111,-77.6154444,4505894,750083075,Unverified
USGS-01638420,"N F CATOCTIN CREEK AT RT 681 NEAR WATERFORD, VA",39.205,-77.62388889,4505866,750067683,Unverified
USGS-01638480,"CATOCTIN CREEK AT TAYLORSTOWN, VA",39.25510206,-77.5763778,4505612,750136354,Unverified
USGS-01643590,"LIMESTONE BRANCH NEAR LEESBURG, VA",39.1676111,-77.5359167,4506028,750029796,Unverified
USGS-01643700,"GOOSE CREEK NEAR MIDDLEBURG, VA",38.98649818,-77.7966614,4508450,750101433,Unverified
USGS-01643805,"N F GOOSE CREEK AT RT 729 NEAR LINCOLN, VA",39.07230556,-77.6839444,4506604,750097286,Unverified
USGS-01643880,"BEAVERDAM CREEK AT RT 734 NEAR MOUNTVILLE, VA",39.0377222,-77.72225,4506770,750096695,Unverified
USGS-01644000,"GOOSE CREEK NEAR LEESBURG, VA",39.01955309,-77.5774918,4507266,750095512,Unverified
USGS-01644280,"BROAD RUN NEAR LEESBURG, VA",39.04641667,-77.43238889,4506736,750093143,Unverified
USGS-01645704,"DIFFICULT RUN ABOVE FOX LAKE NEAR FAIRFAX, VA",38.88469518,-77.3324293,4509120,,Unverified
USGS-01645762,"S F LITTLE DIFFICULT RUN ABOVE MOUTH NR VIENNA, VA",38.90888916,-77.3382627,4509040,750032763,Unverified
USGS-0164578734,"SNAKEDEN BRANCH ABOVE LAKE AUDUBON AT RESTON, VA",38.9296611,-77.34113889,,,Unverified
USGS-0164579522,"THE GLADE NEAR HOWLAND DRIVE AT RESTON, VA",38.9256,-77.32933889,,,Unverified
USGS-01646000,"DIFFICULT RUN NEAR GREAT FALLS, VA",38.97594346,-77.24581439,4509202,750088409,Unverified
USGS-01646305,"DEAD RUN AT WHANN AVENUE NEAR MCLEAN, VA",38.95977716,-77.1756743,4508904,,Unverified
USGS-01652090,"FOUR MILE RUN AT HWY 29 AT FALLS CHURCH, VA",38.8863,-77.1635,22338727,,Unverified
USGS-01652500,"FOURMILE RUN AT ALEXANDRIA, VA",38.8433333,-77.0858611,22340313,750068877,Unverified
USGS-01652620,"TRIPPS RUN AT FALLS CHURCH, VA",38.87944444,-77.1791667,22338781,750080125,Unverified
USGS-01653000,"CAMERON RUN AT ALEXANDRIA, VA",38.8044466,-77.10558989,22340339,750081902,Unverified
USGS-01654000,"ACCOTINK CREEK NEAR ANNANDALE, VA",38.81289066,-77.2283158,22340331,750068285,Unverified
USGS-01654107,"LONG BRANCH AT OLLEY LANE NR FAIRFAX, VA",38.8246,-77.2667,22338945,,Unverified
USGS-01654500,"LONG BRANCH NEAR ANNANDALE, VA",38.81358508,-77.2364549,22340329,,Unverified
USGS-01654670,"ACCOTINK CREEK AT KEENE MILL RD AT SPRINGFIELD, VA",38.7751822,-77.20324308,22339237,750073614,Unverified
USGS-01656000,"CEDAR RUN NEAR CATLETT, VA",38.63678689,-77.6249897,22339947,750096706,Unverified
USGS-01656903,"FLATLICK BRANCH ABOVE FROG BRANCH AT CHANTILLY, VA",38.8823899,-77.4319047,22338645,,Unverified
USGS-01658500,"S F QUANTICO CREEK NEAR INDEPENDENT HILL, VA",38.5873427,-77.4285958,4529107,750070660,Unverified
USGS-01660400,"AQUIA CREEK NEAR GARRISONVILLE, VA",38.49040138,-77.4335942,4533657,750107958,Unverified
USGS-01662800,"BATTLE RUN NEAR LAUREL MILLS, VA",38.65567564,-78.0738869,8466041,750083089,Unverified
USGS-01663500,"HAZEL RIVER AT RIXEYVILLE, VA",38.59178867,-77.9649962,8465423,750092563,Unverified
USGS-01664000,"RAPPAHANNOCK RIVER AT REMINGTON, VA",38.5305957,-77.8135912,8465429,750109733,Unverified
USGS-01665500,"RAPIDAN RIVER NEAR RUCKERSVILLE, VA",38.28068606,-78.340007,8468791,750109148,Unverified
USGS-01666500,"ROBINSON RIVER NEAR LOCUST DALE, VA",38.32513047,-78.0955557,8468559,750103226,Unverified
USGS-01667500,"RAPIDAN RIVER NEAR CULPEPER, VA",38.35040774,-77.9749972,8467225,750117434,Unverified
USGS-01668000,"RAPPAHANNOCK RIVER NEAR FREDERICKSBURG, VA",38.30846178,-77.52915268,8476948,750125131,Unverified
USGS-01669000,"PISCATAWAY CREEK NEAR TAPPAHANNOCK, VA",37.8770819,-76.900521,8479268,750091398,Unverified
USGS-01669520,"DRAGON SWAMP AT MASCOT, VA",37.6337529,-76.6963468,8457352,750096141,Unverified
USGS-016701405,"N ANNA RIVER AT RT 669 NR MONROVIA, VA",38.139,-78.00673889,,750091984,Unverified
USGS-01670200,"PAMUNKEY CREEK AT RT 651 NEAR LAHORE, VA",38.1545801,-77.9502747,8501490,750090799,Unverified
USGS-01670400,"NORTH ANNA RIVER NEAR PARTLOW, VA",38.01291599,-77.7011007,8501768,750122179,Unverified
USGS-01671020,"NORTH ANNA RIVER AT HART CORNER NEAR DOSWELL, VA",37.85014024,-77.42775949,8505740,750110343,Unverified
USGS-01671100,"LITTLE RIVER NEAR DOSWELL, VA",37.8726401,-77.5130392,8507516,750100870,Unverified
USGS-01671200,"SOUTH ANNA RIVER NEAR GORDONSVILLE, VA",38.1237471,-78.2052814,8502642,,Unverified
USGS-01672500,"SOUTH ANNA RIVER NEAR ASHLAND, VA",37.796809,-77.5488744,8507536,750119817,Unverified
USGS-01673000,"PAMUNKEY RIVER NEAR HANOVER, VA",37.76764189,-77.3322018,8506380,750129289,Unverified
USGS-01673550,"TOTOPOTOMOY CREEK NEAR STUDLEY, VA",37.6626434,-77.2577548,8506844,750073053,Unverified
USGS-0167357970,"MONCUIN CREEK BELOW US HWY 360 NEAR MANQUIN, VA",37.71225,-77.1463611,,750086667,Unverified
USGS-01673800,"PO RIVER NEAR SPOTSYLVANIA, VA",38.1715215,-77.5947095,8489364,750087246,Unverified
USGS-01674000,"MATTAPONI RIVER NEAR BOWLING GREEN, VA",38.061801,-77.3858142,8489912,750108561,Unverified
USGS-01674182,"POLECAT CREEK AT ROUTE 301 NEAR PENOLA, VA",37.9603333,-77.3434444,8492938,750119812,Unverified
USGS-01674500,"MATTAPONI RIVER NEAR BEULAHVILLE, VA",37.88388889,-77.16527778,8494082,750112118,Unverified
USGS-02011400,"JACKSON RIVER NEAR BACOVA, VA",38.04234707,-79.8814439,8520617,750120402,Unverified
USGS-02011460,"BACK CREEK NEAR SUNRISE, VA",38.24540129,-79.76866328,8520739,750100268,Unverified
USGS-02011470,"BACK CREEK AT SUNRISE, VA",38.19040156,-79.81172,8520739,750101453,Unverified
USGS-02011490,"LITTLE BACK CREEK NEAR SUNRISE, VA",38.21456767,-79.8375546,8520575,750078367,Unverified
USGS-02011500,"BACK CREEK NEAR MOUNTAIN GROVE, VA",38.0695688,-79.8970003,8520755,750109745,Unverified
USGS-02011800,"JACKSON RIVER BL GATHRIGHT DAM NR HOT SPGS, VA",37.94845825,-79.94922369,8521381,750103829,Unverified
USGS-02013000,"DUNLAP CREEK NEAR COVINGTON, VA",37.8029022,-80.0470043,8525587,750086072,Unverified
USGS-02013100,"JACKSON RIVER BL DUNLAP CREEK AT COVINGTON, VA",37.7887362,-80.00061319,8524321,750115081,Unverified
USGS-02014000,"POTTS CREEK NEAR COVINGTON, VA",37.72901408,-80.0422802,8525619,750104427,Unverified
USGS-02015700,"BULLPASTURE RIVER AT WILLIAMSVILLE, VA",38.19540308,-79.57032338,8520749,750097902,Unverified
USGS-02016000,"COWPASTURE RIVER NEAR CLIFTON FORGE, VA",37.79179587,-79.7594917,8523325,750122185,Unverified
USGS-02016500,"JAMES RIVER AT LICK RUN, VA",37.77374009,-79.7844925,8523633,750124553,Unverified
USGS-02017500,"JOHNS CREEK AT NEW CASTLE, VA",37.5062397,-80.106715,8525659,750118049,Unverified
USGS-02018000,"CRAIG CREEK AT PARR, VA",37.66596174,-79.9114388,8522521,750100877,Unverified
USGS-02018500,"CATAWBA CREEK NEAR CATAWBA, VA",37.46818624,-80.00532199,8526515,750099698,Unverified
USGS-02019500,"JAMES RIVER AT BUCHANAN, VA",37.53068995,-79.6789281,8523653,750107392,Unverified
USGS-02020500,"CALFPASTURE RIVER ABOVE MILL CREEK AT GOSHEN, VA",37.98790619,-79.49365288,8538663,750107970,Unverified
USGS-02021500,"MAURY RIVER AT ROCKBRIDGE BATHS, VA",37.90735266,-79.42198289,8540027,750098501,Unverified
USGS-02022500,"KERRS CREEK NEAR LEXINGTON, VA",37.82568687,-79.4430938,8540051,750074231,Unverified
USGS-02024000,"MAURY RIVER NEAR BUENA VISTA, VA",37.76263275,-79.3914251,8540133,750096138,Unverified
USGS-02024752,"JAMES RIVER AT BLUE RIDGE PKWY NR BIG ISLAND, VA",37.55541524,-79.3672547,8550041,750122783,Unverified
USGS-02024915,"PEDLAR RIVER AT FOREST ROAD NEAR BUENA VISTA, VA",37.6975,-79.2783333,8548847,750080746,Unverified
USGS-02025500,"JAMES RIVER AT HOLCOMB ROCK, VA",37.5012508,-79.2625287,8550149,750129889,Unverified
USGS-02025652,"HARRIS CREEK BELOW ROUTE 130 NEAR MONROE, VA",37.48527778,-79.1666667,8551785,750110945,Unverified
USGS-02026000,"JAMES RIVER AT BENT CREEK, VA",37.5362539,-78.8294611,8547851,750115088,Unverified
USGS-02027000,"TYE RIVER NEAR LOVINGSTON, VA",37.71541868,-78.981691,8547581,750091994,Unverified
USGS-02027500,"PINEY RIVER AT PINEY RIVER, VA",37.7023625,-79.0275254,8549853,750090811,Unverified
USGS-02028500,"ROCKFISH RIVER NEAR GREENFIELD, VA",37.86958499,-78.8233543,8547459,750100871,Unverified
USGS-02029000,"JAMES RIVER AT SCOTTSVILLE, VA",37.7973651,-78.491398,8548103,750133433,Unverified
USGS-02030000,"HARDWARE RIVER BL BRIERY RUN NR SCOTTSVILLE, VA",37.81264259,-78.4552862,8545183,750088440,Unverified
USGS-02030500,"SLATE RIVER NEAR ARVONIA, VA",37.70292198,-78.37750429,8547583,750106203,Unverified
USGS-02031000,"MECHUMS RIVER NEAR WHITE HALL, VA",38.10263608,-78.5927935,8566737,750097905,Unverified
USGS-02032250,"MOORMANS RIVER NEAR FREE UNION, VA",38.1406902,-78.5558478,8566671,750080736,Unverified
USGS-02032515,"S F RIVANNA RIVER NEAR CHARLOTTESVILLE, VA",38.10180306,-78.4605666,8566741,750107377,Unverified
USGS-02032640,"N F RIVANNA RIVER NEAR EARLYSVILLE, VA",38.1634674,-78.4247323,8566583,750086654,Unverified
USGS-02034000,"RIVANNA RIVER AT PALMYRA, VA",37.8579192,-78.2658373,8568309,750105607,Unverified
USGS-02035000,"JAMES RIVER AT CARTERSVILLE, VA",37.67097957,-78.0858328,8575903,750128108,Unverified
USGS-02036500,"FINE CREEK AT FINE CREEK MILLS, VA",37.59792515,-77.819718,8573687,750061806,Unverified
USGS-02037000,"JAMES RIVER AND KANAWHA CANAL NEAR RICHMOND, VA",37.5645912,-77.5741546,8573705,,Unverified
USGS-02037500,"JAMES RIVER NEAR RICHMOND, VA",37.5632022,-77.5469314,8574021,750126335,Unverified
USGS-02038850,"HOLIDAY CREEK NEAR ANDERSONVILLE, VA",37.41542434,-78.6358392,8611825,750023923,Unverified
USGS-02039000,"BUFFALO CREEK NEAR HAMPDEN SYDNEY, VA",37.25709664,-78.4863841,8611935,750079576,Unverified
USGS-02039500,"APPOMATTOX RIVER AT FARMVILLE, VA",37.3070965,-78.388607,8611887,750102070,Unverified
USGS-02040000,"APPOMATTOX RIVER AT MATTOAX, VA",37.42153845,-77.8588876,8606911,750102659,Unverified
USGS-02040892,"APPOMATTOX RIVER AT ROUTE 602 NEAR MANNBORO, VA",37.31805556,-77.8016667,8607409,750109174,Unverified
USGS-02041000,"DEEP CREEK NEAR MANNBORO, VA",37.28320595,-77.869722,8607681,750117463,Unverified
USGS-02041650,"APPOMATTOX RIVER AT MATOACA, VA",37.2251505,-77.475263,8608039,750106808,Unverified
USGS-02042500,"CHICKAHOMINY RIVER NEAR PROVIDENCE FORGE, VA",37.43625765,-77.0608027,10067073,750109762,Unverified
USGS-0204309906,"CONVEYANCE CHAN AT RAMSGATE LN NR GREAT BRIDGE, VA",36.69064444,-76.2123167,,,Unverified
USGS-02044500,"NOTTOWAY RIVER NEAR RAWLINGS, VA",36.9834822,-77.7997188,8725649,750100302,Unverified
USGS-02045320,"NOTTOWAY RIVER AT ROUTE 609 NEAR MCKENNEY, VA",36.9011111,-77.6736111,8724303,750083137,Unverified
USGS-02045500,"NOTTOWAY RIVER NEAR STONY CREEK, VA",36.90014978,-77.3996996,8725761,750105633,Unverified
USGS-02046000,"STONY CREEK NEAR DINWIDDIE, VA",37.0670942,-77.602489,8719481,750086092,Unverified
USGS-02047000,"NOTTOWAY RIVER NEAR SEBRELL, VA",36.7704276,-77.1660778,8725915,750131684,Unverified
USGS-02047370,"NOTTOWAY RIVER NEAR RIVERDALE, VA",36.56681864,-76.9444058,8731529,750144122,Unverified
USGS-02047500,"BLACKWATER RIVER NEAR DENDRON, VA",37.0251499,-76.8746824,11582436,750099118,Unverified
USGS-02047783,"BLACKWATER RIVER AT ROUTE 620 NEAR ZUNI, VA",36.90653868,-76.81995939,11585220,750102672,Unverified
USGS-02049500,"BLACKWATER RIVER NEAR FRANKLIN, VA",36.7626499,-76.89829369,11585318,750130500,Unverified
USGS-02050000,"BLACKWATER RIVER AT HWYS 58/258 AT FRANKLIN, VA",36.68042849,-76.918294,11585548,750135238,Unverified
USGS-02051000,"NORTH MEHERRIN RIVER NEAR LUNENBURG, VA",36.9973738,-78.3497182,8744593,750091422,Unverified
USGS-02051190,"MEHERRIN RIVER AT RT 637 NEAR SOUTH HILL, VA",36.78694444,-78.1175,8744379,750118660,Unverified
USGS-02051500,"MEHERRIN RIVER NEAR LAWRENCEVILLE, VA",36.71681395,-77.8316582,8741021,750124582,Unverified
USGS-02052000,"MEHERRIN RIVER AT EMPORIA, VA",36.69014954,-77.5405364,8742283,750131094,Unverified
USGS-02052090,"MEHERRIN RIVER NEAR BRYANTS CORNER, VA",36.57,-77.36138889,26815730,750126361,Unverified
USGS-02053800,"S F ROANOKE RIVER NEAR SHAWSVILLE, VA",37.1401323,-80.2664328,8628795,750098523,Unverified
USGS-02054500,"ROANOKE RIVER AT LAFAYETTE, VA",37.23652179,-80.2092089,8629291,750097928,Unverified
USGS-02054530,"ROANOKE RIVER AT GLENVAR, VA",37.26791157,-80.1394858,8628333,750105031,Unverified
USGS-02055000,"ROANOKE RIVER AT ROANOKE, VA",37.25847085,-79.9386485,8627261,750113319,Unverified
USGS-02055100,"TINKER CREEK NEAR DALEVILLE, VA",37.41763318,-79.9353193,8627131,750062995,Unverified
USGS-02055379,"TINKER CREEK UPPER AT COLUMBIA ST AT ROANOKE, VA",37.31405556,-79.9324444,8624701,750097926,Unverified
USGS-0205551460,"LICK RUN ABOVE PATTON AVENUE AT ROANOKE, VA",37.27794444,-79.9375556,,750060631,Unverified
USGS-0205551614,"TINKER CREEK ABOVE GLADE CREEK AT ROANOKE, VA",37.27788889,-79.9093611,,750097927,Unverified
USGS-02056000,"ROANOKE RIVER AT NIAGARA, VA",37.2551384,-79.87142539,8627467,750115095,Unverified
USGS-02056650,"BACK CREEK NEAR DUNDEE, VA",37.22763879,-79.8680915,8625313,750099113,Unverified
USGS-02056900,"BLACKWATER RIVER NEAR ROCKY MOUNT, VA",37.0451406,-79.8441993,8626863,750085501,Unverified
USGS-02058400,"PIGG RIVER NEAR SANDY LEVEL, VA",36.9459767,-79.5247508,8631455,750071296,Unverified
USGS-02059500,"GOOSE CREEK NEAR HUDDLESTON, VA",37.1731995,-79.5203076,8627301,750096154,Unverified
USGS-02060500,"ROANOKE RIVER AT ALTAVISTA, VA",37.10569444,-79.28563889,8626293,750114507,Unverified
USGS-02061500,"BIG OTTER RIVER NEAR EVINGTON, VA",37.20847738,-79.3036357,8627291,750101480,Unverified
USGS-02062500,"ROANOKE (STAUNTON) RIVER AT BROOKNEAL, VA",37.03944444,-78.9457222,8648984,750097933,Unverified
USGS-02064000,"FALLING RIVER NEAR NARUNA, VA",37.12680956,-78.9597374,8647998,750105627,Unverified
USGS-02065500,"CUB CREEK AT PHENIX, VA",37.0793112,-78.7636178,8648830,750086684,Unverified
USGS-02066000,"ROANOKE (STAUNTON) RIVER AT RANDOLPH, VA",36.91514189,-78.7408384,8653008,750108592,Unverified
USGS-02069700,"SOUTH MAYO RIVER NEAR NETTLERIDGE, VA",36.570971,-80.1294928,8675163,750106234,Unverified
USGS-02070000,"NORTH MAYO RIVER NEAR SPENCER, VA",36.56819358,-79.98726539,8673051,750123994,Unverified
USGS-02071530,"SMITH RIVER AT SMITH RIV CHURCH NR WOOLWINE, VA",36.778468,-80.24921848,8675427,750092020,Unverified
USGS-02072000,"SMITH RIVER NEAR PHILPOTT, VA",36.7806925,-80.0247647,8674429,750125764,Unverified
USGS-02072500,"SMITH RIVER AT BASSETT, VA",36.77013709,-80.00087509,8674473,750126356,Unverified
USGS-02073000,"SMITH RIVER AT MARTINSVILLE, VA",36.6612486,-79.8805946,8673523,750116887,Unverified
USGS-02074500,"SANDY RIVER NEAR DANVILLE, VA",36.6195825,-79.5041932,8673535,750109784,Unverified
USGS-02075045,"DAN RIVER AT STP NEAR DANVILLE, VA",36.56263889,-79.369744,8696453,750084330,Unverified
USGS-02075500,"DAN RIVER AT PACES, VA",36.64236056,-79.089459,8696811,750131688,Unverified
USGS-02076000,"DAN RIVER AT SOUTH BOSTON, VA",36.6932222,-78.9004167,8693827,750124583,Unverified
USGS-02077000,"BANISTER RIVER AT HALIFAX, VA",36.7765267,-78.9158438,8710783,750128724,Unverified
USGS-02079640,"ALLEN CREEK NEAR BOYDTON, VA",36.67958589,-78.326664,12049196,750115110,Unverified
USGS-03164000,"NEW RIVER NEAR GALAX, VA",36.6473497,-80.978969,6887572,760663341,Unverified
USGS-03165000,"CHESTNUT CREEK AT GALAX, VA",36.6459613,-80.9192444,6886804,760538542,Unverified
USGS-03165500,"NEW RIVER AT IVANHOE, VA",36.83484534,-80.9525807,6887364,760721567,Unverified
USGS-03167000,"REED CREEK AT GRAHAMS FORGE, VA",36.93900995,-80.8872997,6885460,760669975,Unverified
USGS-03168000,"NEW RIVER AT ALLISONIA, VA",36.93762235,-80.7456257,6887202,760739863,Unverified
USGS-03170000,"LITTLE RIVER AT GRAYSONTOWN, VA",37.03762635,-80.5567239,6884590,760605072,Unverified
USGS-03171000,"NEW RIVER AT RADFORD, VA",37.14179254,-80.56922499,6884666,760723208,Unverified
USGS-03173000,"WALKER CREEK AT BANE, VA",37.26817845,-80.7095125,6908597,760654974,Unverified
USGS-03175500,"WOLF CREEK NEAR NARROWS, VA",37.30567654,-80.8497993,6908591,760615038,Unverified
USGS-03176500,"NEW RIVER AT GLEN LYN, VA",37.3728986,-80.8606347,6908699,760686582,Unverified
USGS-03177710,"BLUESTONE RIVER AT FALLS MILLS, VA",37.27150554,-81.3048227,6909539,760451967,Unverified
USGS-03207800,"LEVISA FORK AT BIG ROCK, VA",37.35371995,-82.1956935,1087021,760590071,Unverified
USGS-03208500,"RUSSELL FORK AT HAYSI, VA",37.20705367,-82.2956993,1087803,760616704,Unverified
USGS-03208950,"CRANES NEST RIVER NEAR CLINTWOOD, VA",37.1239952,-82.4387614,1089041,760528521,Unverified
USGS-03209000,"POUND RIVER BELOW FLANNAGAN DAM, NEAR HAYSI, VA",37.23705384,-82.34320179,1087671,760590081,Unverified
USGS-03209200,"RUSSELL FORK AT BARTLICK, VA",37.24594307,-82.32347869,,760625024,Unverified
USGS-03471500,"S F HOLSTON RIVER AT RIVERSIDE, NEAR CHILHOWIE, VA",36.7603931,-81.63122929,19752335,760576804,Unverified
USGS-03473000,"S F HOLSTON RIVER NEAR DAMASCUS, VA",36.65178127,-81.8440102,19752425,760586797,Unverified
USGS-03474000,"M F HOLSTON RIVER AT SEVEN MILE FORD, VA",36.80733756,-81.6220617,19751035,760583455,Unverified
USGS-03475000,"M F HOLSTON RIVER NEAR MEADOWVIEW, VA",36.7131694,-81.8187334,19752413,760573479,Unverified
USGS-03478400,"BEAVER CREEK AT BRISTOL, VA",36.63177439,-82.1337425,19752763,760453679,Unverified
USGS-03488000,"N F HOLSTON RIVER NEAR SALTVILLE, VA",36.89678115,-81.7462293,19761976,760593434,Unverified
USGS-03490000,"N F HOLSTON RIVER NEAR GATE CITY, VA",36.60871119,-82.567931,19763234,760656688,Unverified
USGS-03524000,"CLINCH RIVER AT CLEVELAND, VA",36.9448295,-82.1548569,14640391,760605078,Unverified
USGS-03527000,"CLINCH RIVER AT SPEERS FERRY, VA",36.64870849,-82.7504384,14640581,760669997,Unverified
USGS-03529500,"POWELL RIVER AT BIG STONE GAP, VA",36.86898536,-82.7754387,22539070,760531866,Unverified
USGS-03531500,"POWELL RIVER NEAR JONESVILLE, VA",36.66203367,-83.0948928,22539818,760641706,Unverified
USGS-12010000,"NASELLE RIVER NEAR NASELLE, WA",46.3739937,-123.743482,23864404,720162128,Unverified
USGS-12013500,"WILLAPA RIVER NEAR WILLAPA, WA",46.65093418,-123.6526584,23864616,720175992,Unverified
USGS-12020000,"CHEHALIS RIVER NEAR DOTY, WA",46.6173236,-123.277644,23850487,720166078,Unverified
USGS-12020525,"ELK CREEK BELOW DEER CREEK NEAR DOTY, WA",46.6345457,-123.2968119,23850455,720160122,Unverified
USGS-12020800,"SOUTH FORK CHEHALIS RIVER NEAR WILDWOOD, WA",46.44482815,-123.0837376,23850611,720160142,Unverified
USGS-12021800,"CHEHALIS RIVER NEAR ADNA, WA",46.6256583,-123.1018009,23850431,720185917,Unverified
USGS-12024000,"SOUTH FORK NEWAUKUM RIVER NEAR ONALASKA, WA",46.57566178,-122.6851159,23850681,720168060,Unverified
USGS-12024400,"NF NEWAUKUM RIVER ABOVE BEAR CREEK NEAR FOREST, WA",46.66732635,-122.7701209,23850715,720108532,Unverified
USGS-12025000,"NEWAUKUM RIVER NEAR CHEHALIS, WA",46.6201042,-122.945126,23850671,720175997,Unverified
USGS-12025700,"SKOOKUMCHUCK RIVER NEAR VAIL, WA",46.77260276,-122.5940086,23850773,720177963,Unverified
USGS-12026150,"SKOOKUMCHUCK RIVER BL BLDY RUN CR NR CENTRALIA, WA",46.79010157,-122.7354019,23850753,720177961,Unverified
USGS-12026400,"SKOOKUMCHUCK RIVER NEAR BUCODA, WA",46.7720459,-122.924298,23850731,720193835,Unverified
USGS-12027500,"CHEHALIS RIVER NEAR GRAND MOUND, WA",46.7759343,-123.0356919,23850295,720199787,Unverified
USGS-12031000,"CHEHALIS RIVER AT PORTER, WA",46.93926375,-123.3143194,23856673,720235482,Unverified
USGS-12035000,"SATSOP RIVER NEAR SATSOP, WA",47.0006512,-123.4948838,23856727,720209680,Unverified
USGS-12035400,"WYNOOCHEE RIVER NEAR GRISDALE, WA",47.3803354,-123.6098648,23856921,720189801,Unverified
USGS-12035450,"BIG CREEK NEAR GRISDALE, WA",47.37425567,-123.6368365,,720116392,Unverified
USGS-12036000,"WYNOOCHEE RIVER ABOVE SAVE CREEK NEAR ABERDEEN, WA",47.2989784,-123.6532235,23856909,720167984,Unverified
USGS-12036400,"SCHAFER CREEK NEAR GRISDALE, WA",47.20425777,-123.6151652,23857127,720152121,Unverified
USGS-12037400,"WYNOOCHEE RIVER ABOVE BLACK CREEK NR MONTESANO, WA",47.0114831,-123.6554417,23856881,720203730,Unverified
USGS-12039005,"HUMPTULIPS RIVER BELOW HWY 101 NR HUMPTULIPS, WA",47.23147599,-123.974063,23860867,720181882,Unverified
USGS-12039500,"QUINAULT RIVER AT QUINAULT LAKE, WA",47.4575863,-123.8893446,23844703,720205665,Unverified
USGS-12039510,"COOK CREEK BLW HATCHERY NEAR QUINAULT, WA",47.358325,-123.9939889,23844671,720140206,Unverified
USGS-1203951610,"QUINAULT RIVER NEAR TAHOLAH, WA",47.35777778,-124.1844444,23844637,720154093,Unverified
USGS-12040500,"QUEETS RIVER NEAR CLEARWATER, WA",47.5378275,-124.3157227,23844955,720193753,Unverified
USGS-12041200,"HOH RIVER AT US HIGHWAY 101 NEAR FORKS, WA",47.80674726,-124.2510329,23838194,720231421,Unverified
USGS-12042800,"BOGACHIEL RIVER NEAR FORKS, WA",47.8944194,-124.3570889,23838486,720169909,Unverified
USGS-12043000,"CALAWAH RIVER NEAR FORKS, WA",47.96007697,-124.3929872,23838568,720197677,Unverified
USGS-12043163,"TSOO-YESS RIVER BLW MILLER CREEK NEAR OZETTE, WA",48.2653434,-124.6257923,23838870,720128207,Unverified
USGS-12043300,"HOKO RIVER NEAR SEKIU, WA",48.24146416,-124.3838328,24001093,720132180,Unverified
USGS-12045500,"ELWHA RIVER AT MCDONALD BR NEAR PORT ANGELES, WA",48.05478018,-123.5832136,23997080,720156005,Unverified
USGS-12048000,"DUNGENESS RIVER NEAR SEQUIM, WA",48.0142578,-123.1326773,23997388,720193704,Unverified
USGS-12052210,"BIG QUILCENE RIVER BELOW DIVERSION NR QUILCENE, WA",47.78450887,-122.9795778,24286882,720150080,Unverified
USGS-12054000,"DUCKABUSH RIVER NEAR BRINNON, WA",47.68398059,-123.011551,24287056,720152075,Unverified
USGS-12056500,"NF SKOKOMISH R BL STAIRCASE RPDS NR HOODSPORT, WA",47.51425666,-123.3298868,24285534,720163996,Unverified
USGS-12058790,"NF SKOKOMISH R NR LWR CUSHMAN DAM NR POTLATCH, WA",47.3964509,-123.2034642,24285508,720203689,Unverified
USGS-12059500,"NORTH FORK SKOKOMISH RIVER NEAR POTLATCH, WA",47.32978387,-123.243186,24285502,720140205,Unverified
USGS-12060500,"SOUTH FORK SKOKOMISH RIVER NEAR UNION, WA",47.34036949,-123.2801586,24285572,,Unverified
USGS-12061250,"VANCE CREEK ABOVE KIRKLAND CREEK NEAR POTLATCH, WA",47.32251389,-123.2860972,,720146162,Unverified
USGS-12061500,"SKOKOMISH RIVER NEAR POTLATCH, WA",47.3098151,-123.1770995,24285494,720166002,Unverified
USGS-12073500,"HUGE CREEK NEAR WAUNA, WA",47.38926205,-122.6990241,23989205,,Unverified
USGS-12076800,"GOLDSBOROUGH CREEK ABOVE 7TH STREET AT SHELTON, WA",47.21176109,-123.1129292,23989319,720164029,Unverified
USGS-12079000,"DESCHUTES RIVER NEAR RAINIER, WA",46.85204488,-122.6687354,23988204,720185891,Unverified
USGS-12080010,"DESCHUTES RIVER AT E ST BRIDGE AT TUMWATER, WA",47.01173227,-122.9031686,23988192,720211668,Unverified
USGS-12082500,"NISQUALLY RIVER NEAR NATIONAL, WA",46.75260766,-122.0837194,24282122,720199790,Unverified
USGS-12083000,"MINERAL CREEK NEAR MINERAL, WA",46.74424068,-122.144529,24282076,720146224,Unverified
USGS-12086000,"NISQUALLY RIVER AT LA GRANDE DAM, WA",46.82260445,-122.30428,24282036,720181929,Unverified
USGS-12086500,"NISQUALLY RIVER AT LA GRANDE, WA",46.83927048,-122.3292809,24282032,720181929,Unverified
USGS-12087000,"MASHEL RIVER NEAR LA GRANDE, WA",46.85673885,-122.3025917,24282268,720170018,Unverified
USGS-12088000,"OHOP CREEK NEAR EATONVILLE, WA",46.88093699,-122.2790026,24282290,720213663,Unverified
USGS-12089208,"CENTRALIA POWER CANAL NEAR MCKENNA, WA",46.9001003,-122.4984532,24281992,720231519,Unverified
USGS-12089500,"NISQUALLY RIVER AT MCKENNA, WA",46.93340268,-122.5609345,24281986,720175964,Unverified
USGS-12090400,"NORTH FORK CLOVER CREEK NEAR PARKLAND, WA",47.1345151,-122.4151013,23990693,720110469,Unverified
USGS-12090500,"CLOVER CREEK NEAR TILLICUM, WA",47.14590298,-122.5103822,23989483,,Unverified
USGS-12091100,"FLETT CREEK AT TACOMA, WA",47.1888583,-122.5201028,23990667,720160063,Unverified
USGS-12091200,"LEACH CREEK NEAR FIRCREST, WA",47.22145848,-122.5092728,23990631,,Unverified
USGS-12091290,"LEACH CR AT MEADOW PARK GC AT UNIVERSITY PLACE, WA",47.1984316,-122.5209584,23990631,720160063,Unverified
USGS-12091500,"CHAMBERS CREEK BL LEACH CREEK NEAR STEILACOOM, WA",47.1975694,-122.5287173,23989475,720160062,Unverified
USGS-12092000,"PUYALLUP RIVER NEAR ELECTRON, WA",46.9037164,-122.0351092,23980479,720136285,Unverified
USGS-12093500,"PUYALLUP RIVER NEAR ORTING, WA",47.0392396,-122.2078708,23980451,720209679,Unverified
USGS-12094000,"CARBON RIVER NEAR FAIRFAX, WA",47.02788105,-122.0326105,23980639,720166034,Unverified
USGS-12095000,"SOUTH PRAIRIE CREEK AT SOUTH PRAIRIE, WA",47.13954628,-122.0926135,23980763,720191813,Unverified
USGS-12096500,"PUYALLUP RIVER AT ALDERTON, WA",47.18510115,-122.2295625,23980385,720209666,Unverified
USGS-12096505,"PUYALLUP RIVER AT E MAIN BRIDGE AT PUYALLUP, WA",47.1967677,-122.2509523,23980379,720209666,Unverified
USGS-12096865,"HUCKLEBERRY CREEK NEAR GREENWATER, WA",47.0603864,-121.6056517,23981017,720197775,Unverified
USGS-12097500,"GREENWATER RIVER AT GREENWATER, WA",47.1534409,-121.6356543,23981161,720171972,Unverified
USGS-12097820,"CLEARWATER RIVER NEAR BUCKLEY, WA",47.1273267,-121.8026044,23980841,720177926,Unverified
USGS-12097850,"WHITE RIVER BELOW CLEARWATER RIVER NR BUCKLEY, WA",47.1467703,-121.8601066,23980833,720175939,Unverified
USGS-12098500,"WHITE RIVER NEAR BUCKLEY, WA",47.15118666,-121.94981,,720185859,Unverified
USGS-12098920,"WHITE RIVER FLUME AT BUCKLEY, WA",47.1695193,-122.0120345,23980807,720187843,Unverified
USGS-12099200,"WHITE RIVER ABOVE BOISE CREEK AT BUCKLEY, WA",47.17388889,-122.0080556,23980807,720187843,Unverified
USGS-12099600,"BOISE CREEK AT BUCKLEY, WA",47.175935,-122.0184452,23981299,720255297,Unverified
USGS-12100490,"WHITE RIVER AT R STREET NEAR AUBURN, WA",47.27479497,-122.207876,23981235,720189815,Unverified
USGS-12100496,"WHITE RIVER NEAR AUBURN, WA",47.26593409,-122.2298417,,720189815,Unverified
USGS-12101100,"LAKE TAPPS DIVERSION AT DIERINGER, WA",47.2381564,-122.2281746,23981225,720189815,Unverified
USGS-12101470,"PUYALLUP RIVER AT 5TH ST BRIDGE AT PUYALLUP, WA",47.19871179,-122.287342,23980375,720197758,Unverified
USGS-12101500,"PUYALLUP RIVER AT PUYALLUP, WA",47.20843358,-122.3270652,23980375,720197758,Unverified
USGS-12102078,"CLARKS CREEK AT STEWART AVENUE NEAR PUYALLUP, WA",47.2009047,-122.3417673,23981655,720136254,Unverified
USGS-12102190,"SWAN CREEK AT 80TH ST EAST NEAR TACOMA, WA",47.18451529,-122.393713,23981473,,Unverified
USGS-12105900,"GREEN RIVER BELOW HOWARD A HANSON DAM, WA",47.2837143,-121.797885,23977690,720152118,Unverified
USGS-12106700,"GREEN RIVER AT PURIFICATION PLANT NEAR PALMER, WA",47.30510257,-121.8506647,23977678,720164020,Unverified
USGS-12108500,"NEWAUKUM CREEK NEAR BLACK DIAMOND, WA",47.2756564,-122.059559,23977660,720160060,Unverified
USGS-12108800,"GREEN RIVER BELOW CRISP CREEK NR BLACK DIAMOND, WA",47.2848333,-122.0828889,23977656,720209653,Unverified
USGS-12112600,"BIG SOOS CREEK ABOVE HATCHERY NEAR AUBURN, WA",47.31232289,-122.165396,23977806,720162034,Unverified
USGS-12113000,"GREEN RIVER NEAR AUBURN, WA",47.3123228,-122.2040082,23977634,720130291,Unverified
USGS-12113150,"GREEN RIVER ABOVE S 277TH ST AT KENT, WA",47.3534111,-122.2084556,23977630,720130291,Unverified
USGS-12113310,"GREEN RIVER BELOW MEEKER ST AT KENT, WA",47.3788611,-122.2688056,23977626,720199723,Unverified
USGS-12113344,"GREEN RIVER AT 200TH STREET AT KENT, WA",47.4228775,-122.2653999,23977624,720199723,Unverified
USGS-12113346,"SPRINGBROOK CREEK AT ORILLIA, WA",47.43121109,-122.2276213,23977884,720165990,Unverified
USGS-12113347,"MILL CREEK AT EARTHWORKS PARK AT KENT, WA",47.38315577,-122.2248429,23977932,720130280,Unverified
USGS-12113349,"MILL CREEK NEAR MOUTH AT ORILLIA, WA",47.43009988,-122.2431772,23977624,,Unverified
USGS-12113390,"DUWAMISH RIVER AT GOLF COURSE AT TUKWILA, WA",47.4789861,-122.2587333,23977620,720209633,Unverified
USGS-12114500,"CEDAR RIVER BELOW BEAR CREEK NEAR CEDAR FALLS, WA",47.34202406,-121.5489688,24538014,720132271,Unverified
USGS-12115000,"CEDAR RIVER NEAR CEDAR FALLS, WA",47.3701073,-121.6251009,24537996,720152110,Unverified
USGS-12115500,"REX RIVER NEAR CEDAR FALLS, WA",47.35063398,-121.6631392,24537972,720122350,Unverified
USGS-12115700,"BOULDER CREEK NEAR CEDAR FALLS, WA",47.36621625,-121.6928821,24538136,,Unverified
USGS-12116100,"CANYON CREEK NEAR CEDAR FALLS, WA",47.4195473,-121.7664977,24537946,720158056,Unverified
USGS-12116400,"CEDAR RIVER AT POWERPLANT AT CEDAR FALLS, WA",47.41871388,-121.781498,24537944,720158056,Unverified
USGS-12116500,"CEDAR RIVER AT CEDAR FALLS, WA",47.4170215,-121.7920335,24537944,720158056,Unverified
USGS-12117000,"TAYLOR CREEK NEAR SELLECK, WA",47.38646539,-121.846201,24537924,720164010,Unverified
USGS-12117500,"CEDAR RIVER NEAR LANDSBURG, WA",47.39368648,-121.9545378,24537920,720205673,Unverified
USGS-12117600,"CEDAR RIVER BELOW DIVERSION NEAR LANDSBURG, WA",47.3795458,-121.983448,24537918,720205673,Unverified
USGS-12118400,"ROCK CREEK AT HIGHWAY 516 NEAR RAVENSDALE, WA",47.36232337,-122.0109484,24538536,,Unverified
USGS-12119000,"CEDAR RIVER AT RENTON, WA",47.4825999,-122.2034547,24537890,720201698,Unverified
USGS-12120600,"ISSAQUAH CREEK NEAR HOBART, WA",47.457297,-122.0050964,24538096,720120355,Unverified
USGS-12121600,"ISSAQUAH CREEK NEAR MOUTH NEAR ISSAQUAH, WA",47.55229658,-122.0478776,24538078,720171925,Unverified
USGS-12131300,"BOLT CREEK AT BECKLER RIVER RD NEAR SKYKOMISH, WA",47.72675,-121.3383694,23964433,720165957,Unverified
USGS-12131500,"SOUTH FORK SKYKOMISH RIVER AT SKYKOMISH, WA",47.71104167,-121.3607333,23963211,720167943,Unverified
USGS-12134500,"SKYKOMISH RIVER NEAR GOLD BAR, WA",47.83732546,-121.6667809,23963021,720195707,Unverified
USGS-12135000,"WALLACE RIVER AT GOLD BAR, WA",47.8639672,-121.682596,23963677,720138167,Unverified
USGS-12137290,"SOUTH FORK SULTAN RIVER NEAR SULTAN, WA",47.94732637,-121.6267826,23963741,720136176,Unverified
USGS-12137800,"SULTAN RIVER BELOW DIVERSION DAM NEAR SULTAN, WA",47.95926837,-121.7973447,23963707,720144108,Unverified
USGS-12138160,"SULTAN RIVER BELOW POWERPLANT NEAR SULTAN, WA",47.90732356,-121.8153994,23963701,720167922,Unverified
USGS-12141300,"MIDDLE FORK SNOQUALMIE RIVER NEAR TANNER, WA",47.48591189,-121.647864,23970363,720223519,Unverified
USGS-12142000,"NF SNOQUALMIE RIVER NEAR SNOQUALMIE FALLS, WA",47.61482536,-121.7134437,23970575,720167952,Unverified
USGS-12143400,"SF SNOQUALMIE RIVER AB ALICE CREEK NEAR GARCIA, WA",47.4151086,-121.5873213,23970313,720148136,Unverified
USGS-12143600,"SF SNOQUALMIE RIVER AT EDGEWICK, WA",47.45260396,-121.7178847,23970289,720132260,Unverified
USGS-12143700,"BOXLEY CREEK NEAR CEDAR FALLS, WA",47.43257747,-121.7523104,947110178,,Unverified
USGS-12143900,"BOXLEY CREEK NEAR EDGEWICK, WA",47.44871459,-121.7317744,947110179,720132260,Unverified
USGS-12144000,"SF SNOQUALMIE RIVER AT NORTH BEND, WA",47.49288017,-121.7901109,23970271,720169952,Unverified
USGS-12144500,"SNOQUALMIE RIVER NEAR SNOQUALMIE, WA",47.5450765,-121.8423157,23970253,720167962,Unverified
USGS-12145500,"RAGING RIVER NEAR FALL CITY, WA",47.53982388,-121.9090047,23970215,720165983,Unverified
USGS-12147470,"NF TOLT RIVER ABOVE YELLOW CREEK NR CARNATION, WA",47.7197222,-121.7431972,23970783,720154053,Unverified
USGS-12147500,"NORTH FORK TOLT RIVER NEAR CARNATION, WA",47.71232365,-121.7887272,,720144135,Unverified
USGS-12147600,"SOUTH FORK TOLT RIVER NEAR INDEX, WA",47.7067714,-121.6001069,23970773,720124296,Unverified
USGS-12147680,"PHELPS CREEK BLW UNNAMED TRIB NR INDEX, WA",47.70416389,-121.600775,23971087,720124296,Unverified
USGS-12148000,"SOUTH FORK TOLT RIVER NEAR CARNATION, WA",47.68926929,-121.7134457,23970763,720124296,Unverified
USGS-12148300,"SF TOLT RIVER BL REGULATING BASIN NR CARNATION, WA",47.69676817,-121.7873379,23970759,720104458,Unverified
USGS-12148500,"TOLT RIVER NEAR CARNATION, WA",47.69565678,-121.8240056,23970755,720158025,Unverified
USGS-12149000,"SNOQUALMIE RIVER NEAR CARNATION, WA",47.66593399,-121.9253969,23970199,720193743,Unverified
USGS-12150800,"SNOHOMISH RIVER NEAR MONROE, WA",47.830932,-122.048459,24279086,720203643,Unverified
USGS-12155300,"PILCHUCK RIVER NEAR SNOHOMISH, WA",47.9348201,-122.0731848,24279094,720179823,Unverified
USGS-12155500,"SNOHOMISH RIVER AT SNOHOMISH, WA",47.9127333,-122.1064583,24279014,720233396,Unverified
USGS-12157250,"MISSION CREEK NEAR TULALIP, WA",48.0584056,-122.2673406,23990063,,Unverified
USGS-12158010,"WEST FORK TULALIP CREEK NEAR TULALIP, WA",48.0992387,-122.2909534,23990035,,Unverified
USGS-12158032,"EAST FORK TULALIP CREEK NEAR MOUTH NR TULALIP, WA",48.0947944,-122.2781751,23990033,,Unverified
USGS-12158040,"TULALIP CREEK NEAR TULALIP, WA",48.06840539,-122.287897,23990053,,Unverified
USGS-12167000,"NF STILLAGUAMISH RIVER NEAR ARLINGTON, WA",48.2614637,-122.0476165,24274653,720215500,Unverified
USGS-12170300,"STILLAGUAMISH RIVER NEAR STANWOOD, WA",48.2112101,-122.337374,,720154003,Unverified
USGS-12172000,"BIG BEAVER CREEK NEAR NEWHALEM, WA",48.7775862,-121.073432,24255703,720130133,Unverified
USGS-12173500,"RUBY CREEK BELOW PANTHER CREEK NEAR NEWHALEM, WA",48.7081426,-120.9773162,24255305,720130143,Unverified
USGS-12175500,"THUNDER CREEK NEAR NEWHALEM, WA",48.6726287,-121.0728964,24255219,720179748,Unverified
USGS-12178000,"SKAGIT RIVER AT NEWHALEM, WA",48.67179229,-121.2462348,24255181,720171810,Unverified
USGS-12178100,"NEWHALEM CREEK NEAR NEWHALEM, WA",48.66012536,-121.2476233,24255169,720124198,Unverified
USGS-12178150,"NEWHALEM CREEK AT NEWHALEM, WA",48.6690143,-121.2554017,24255169,720124198,Unverified
USGS-12179000,"SKAGIT RIVER ABOVE ALMA CREEK NEAR MARBLEMOUNT, WA",48.60734468,-121.3615155,24255143,720148007,Unverified
USGS-12179900,"BACON CREEK BELOW OAKES CREEK NEAR MARBLEMOUNT, WA",48.6045268,-121.3995491,24255811,720114279,Unverified
USGS-12181000,"SKAGIT RIVER AT MARBLEMOUNT, WA",48.5337306,-121.4298499,24255125,720201584,Unverified
USGS-12182500,"CASCADE RIVER AT MARBLEMOUNT, WA",48.5262307,-121.4154046,24254981,720189682,Unverified
USGS-12186000,"SAUK RIVER AB WHITE CHUCK RIVER NR  DARRINGTON, WA",48.16869195,-121.470652,24264875,720165915,Unverified
USGS-12187500,"SAUK RIVER AT DARRINGTON, WA",48.2498311,-121.5845688,,720159954,Unverified
USGS-12189500,"SAUK RIVER NEAR SAUK, WA",48.42455859,-121.5684634,24264763,720120254,Unverified
USGS-12190400,"BAKER RIVER AB BLUM CREEK NEAR CONCRETE, WA",48.75397,-121.5470573,24256635,720144025,Unverified
USGS-12193400,"BAKER RIVER AT HENRY THOMPSON BR AT CONCRETE, WA",48.54039255,-121.7434734,24255877,720163886,Unverified
USGS-12194000,"SKAGIT RIVER NEAR CONCRETE, WA",48.52428059,-121.770974,24270512,720161905,Unverified
USGS-12200500,"SKAGIT RIVER NEAR MOUNT VERNON, WA",48.4448278,-122.3354369,24270288,720159928,Unverified
USGS-12201500,"SAMISH RIVER NEAR BURLINGTON, WA",48.54594127,-122.3382169,24534294,720167855,Unverified
USGS-12201700,"CHUCKANUT CREEK NEAR BELLINGHAM, WA",48.70216667,-122.4824722,24534372,,Unverified
USGS-12201950,"ANDERSON CREEK NEAR BELLINGHAM, WA",48.6737223,-122.2673823,24534862,720112290,Unverified
USGS-12201960,"BRANNIAN CREEK AT S BAY DR NR WICKERSHAM, WA",48.66899978,-122.2801605,24534874,720112290,Unverified
USGS-12202300,"OLSEN CREEK NEAR BELLINGHAM, WA",48.7512221,-122.3534976,24534748,,Unverified
USGS-12202310,"CARPENTER CREEK NEAR BELLINGHAM, WA",48.75399999,-122.354053,24534746,,Unverified
USGS-12202400,"EUCLID CR AT EUCLID AVE AT BELLINGHAM, WA",48.7487209,-122.4093331,24534750,,Unverified
USGS-12202450,"SILVER BEACH CR AT MAYNARD PL AT BELLINGHAM, WA",48.7692772,-122.4065547,,,Unverified
USGS-12204010,"SQUALICUM CREEK NEAR MOUTH AT BELLINGHAM, WA",48.766,-122.4996667,24534444,,Unverified
USGS-12205000,"NF NOOKSACK RIVER BL CASCADE CREEK NR GLACIER, WA",48.90595739,-121.8443104,23956418,720145994,Unverified
USGS-12208000,"MF NOOKSACK RIVER NEAR DEMING, WA",48.7792828,-122.1065434,23956170,720134104,Unverified
USGS-12209000,"SF NOOKSACK RIVER NEAR WICKERSHAM, WA",48.6642413,-122.1334622,,720146021,Unverified
USGS-12209490,"SKOOKUM CREEK ABOVE DIVERSION NEAR WICKERSHAM, WA",48.6728524,-122.139296,23956076,720120225,Unverified
USGS-12210000,"SF NOOKSACK RIVER AT SAXON BRIDGE, WA",48.6775743,-122.1665191,23956008,720165859,Unverified
USGS-12210500,"NOOKSACK RIVER AT DEMING, WA",48.810352,-122.2048569,,720169812,Unverified
USGS-12210700,"NOOKSACK RIVER AT NORTH CEDARVILLE, WA",48.84174,-122.2943049,23955918,720165843,Unverified
USGS-12210900,"ANDERSON CREEK AT SMITH ROAD NEAR GOSHEN, WA",48.8325728,-122.3390283,23955904,720128145,Unverified
USGS-12211200,"NOOKSACK RIVER AT EVERSON, WA",48.91789467,-122.3479369,23955872,720134092,Unverified
USGS-12212050,"FISHTRAP CREEK AT FRONT STREET AT LYNDEN, WA",48.9386827,-122.4790353,23956534,720175750,Unverified
USGS-12212430,"UNNAMED TRIB TO BERTRAND CR NR H ST NR LYNDEN, WA",48.99812708,-122.5012597,23956558,720153920,Unverified
USGS-12213100,"NOOKSACK RIVER AT FERNDALE, WA",48.84479237,-122.5893141,23955772,720159887,Unverified
USGS-12396500,"PEND OREILLE RIVER BELOW BOX CANYON NEAR IONE, WA",48.78102736,-117.4163559,22994743,720171800,Unverified
USGS-12398600,PEND OREILLE RIVER AT INTERNATIONAL BOUNDARY,48.99881409,-117.3535794,22994709,720155906,Unverified
USGS-12399500,COLUMBIA RIVER AT INTERNATIONAL BOUNDARY,49.00074966,-117.6294206,23031644,720193600,Unverified
USGS-12401500,"KETTLE RIVER NEAR FERRY, WA",48.98128428,-118.7664259,23041033,720179712,Unverified
USGS-12404500,"KETTLE RIVER NEAR LAURIER, WA",48.9842824,-118.216401,23040787,720171777,Unverified
USGS-12409000,"COLVILLE RIVER AT KETTLE FALLS, WA",48.5943461,-118.0624887,23046003,720177770,Unverified
USGS-12422000,"SPOKANE RIVER BELOW N GREENE ST AT SPOKANE, WA",47.67905905,-117.3646571,947010231,720187786,Unverified
USGS-12422500,"Spokane River at Spokane, WA",47.6593354,-117.4491029,947010232,720213581,Unverified
USGS-12422990,"HANGMAN CREEK AT STATE LINE ROAD NEAR TEKOA, WA",47.2026758,-117.0407304,23018012,720158078,Unverified
USGS-12424000,"Hangman Creek at Spokane, WA",47.6526688,-117.449658,23017906,720237390,Unverified
USGS-12426000,"SPOKANE RIVER BELOW NINE MILE DAM AT SPOKANE, WA",47.78044505,-117.5455016,23021792,720169922,Unverified
USGS-12431000,"LITTLE SPOKANE RIVER AT DARTFORD, WA",47.78461388,-117.4043856,23026720,720193728,Unverified
USGS-12431500,"LITTLE SPOKANE RIVER NEAR DARTFORD, WA",47.78100099,-117.4963338,23026708,720203648,Unverified
USGS-12433200,"CHAMOKANE CREEK BELOW FALLS NEAR LONG LAKE, WA",47.8632201,-117.858294,23021912,720183797,Unverified
USGS-12434590,"SANPOIL RIVER ABOVE JACK CREEK AT KELLER, WA",48.08432459,-118.6914018,23053043,720183774,Unverified
USGS-12438905,"NINEMILE CREEK AT EASTLAKE RD NEAR OROVILLE, WA",48.9703694,-119.4185194,23065367,720140035,Unverified
USGS-12439500,"OKANOGAN RIVER AT OROVILLE, WA",48.9307184,-119.4203419,23065319,720181703,Unverified
USGS-12442500,"SIMILKAMEEN RIVER NEAR NIGHTHAWK, WA",48.98460109,-119.6184098,24120686,720177735,Unverified
USGS-12444290,"ANTOINE CREEK AT US HWY 97 NEAR ELLISFORDE, WA",48.7592699,-119.4092122,23065131,720171802,Unverified
USGS-12444550,"BONAPARTE CREEK AT TONASKET, WA",48.70121386,-119.442823,23065017,720151969,Unverified
USGS-12445000,"OKANOGAN RIVER NEAR TONASKET, WA",48.632375,-119.4617229,23064963,720157925,Unverified
USGS-12445500,"JOHNSON CREEK NEAR RIVERSIDE, WA",48.49709709,-119.5261623,23065187,720169846,Unverified
USGS-12445900,"OMAK CREEK NEAR OMAK, WA",48.36709697,-119.4450465,23064753,720134147,Unverified
USGS-12446150,"NORTH FORK SALMON CREEK NEAR CONCONULLY, WA",48.59621025,-119.7739423,23065235,720130154,Unverified
USGS-12446400,"WEST FORK SALMON CREEK NEAR CONCONULLY, WA",48.5409324,-119.7642185,23065013,720130161,Unverified
USGS-12446995,"SALMON CREEK ABOVE DIVERSION NEAR OKANOGAN, WA",48.40515066,-119.6217229,23065203,720104382,Unverified
USGS-12447200,"OKANOGAN RIVER AT MALOTT, WA",48.2812606,-119.7045047,23064723,720155979,Unverified
USGS-12447285,"LOUP LOUP CREEK AT MALOTT, WA",48.283205,-119.7083938,23065279,720157962,Unverified
USGS-12447383,"METHOW RIVER ABOVE GOAT CREEK NEAR MAZAMA, WA",48.57425,-120.385861,24383455,720161900,Unverified
USGS-12447390,"ANDREWS CREEK NEAR MAZAMA, WA",48.8228737,-120.1459038,24384943,720130128,Unverified
USGS-12448000,"CHEWUCH RIVER AT WINTHROP, WA",48.4770898,-120.1864734,24383027,720197623,Unverified
USGS-12448500,"METHOW RIVER AT WINTHROP, WA",48.4734787,-120.1773063,24383025,720199607,Unverified
USGS-12448998,"TWISP RIVER NEAR TWISP, WA",48.3698671,-120.148693,24383787,720124226,Unverified
USGS-12449500,"METHOW RIVER AT TWISP, WA",48.36514507,-120.1161917,24382935,720138114,Unverified
USGS-12449950,"METHOW RIVER NEAR PATEROS, WA",48.0773639,-119.9850723,24382701,720187745,Unverified
USGS-12451000,"STEHEKIN RIVER AT STEHEKIN, WA",48.32958017,-120.6917668,23073999,720140102,Unverified
USGS-12452500,"CHELAN RIVER AT CHELAN, WA",47.8345808,-120.0131254,23073871,720201659,Unverified
USGS-12452550,"CHELAN R AT HABITAT 4 CHANNEL AT CHELAN FALLS, WA",47.80793056,-119.9857639,23073733,720201659,Unverified
USGS-12452800,"ENTIAT RIVER NEAR ARDENVOIR, WA",47.81846178,-120.4231438,23208058,720213564,Unverified
USGS-12452890,"MAD RIVER AT ARDENVOIR, WA",47.7367943,-120.3686962,23208194,720173892,Unverified
USGS-12452990,"ENTIAT RIVER NEAR ENTIAT, WA",47.663185,-120.250634,23207982,720205645,Unverified
USGS-12456500,"CHIWAWA RIVER NEAR PLAIN, WA",47.8373461,-120.6623161,23080732,720165946,Unverified
USGS-12457000,"WENATCHEE RIVER AT PLAIN, WA",47.7628995,-120.6662039,23080712,720185792,Unverified
USGS-12458000,"ICICLE CREEK ABOVE SNOW CREEK NEAR LEAVENWORTH, WA",47.5409539,-120.7200872,23081224,720177881,Unverified
USGS-12459000,"WENATCHEE RIVER AT PESHASTIN, WA",47.5831777,-120.6195306,23080584,720221523,Unverified
USGS-12462500,"WENATCHEE RIVER AT MONITOR, WA",47.49929148,-120.4245223,23080544,720167966,Unverified
USGS-12464800,"COAL CREEK AT MOHLER, WA",47.4068192,-118.3188652,24397996,720197734,Unverified
USGS-12465000,"CRAB CREEK AT IRBY, WA",47.36038447,-118.8499972,24397698,720156077,Unverified
USGS-12465400,"WILSON CREEK BELOW CORBETT DRAW NEAR ALMIRA, WA",47.6629263,-118.9305666,24398310,720185805,Unverified
USGS-12466015,"CRAB CREEK NEAR STRATFORD, WA",47.42803889,-119.2021944,947020301,720219558,Unverified
USGS-12467000,"CRAB CREEK NEAR MOSES LAKE, WA",47.1893085,-119.265855,24406205,720199743,Unverified
USGS-12470500,"ROCKY FORD CREEK NEAR EPHRATA, WA",47.31264008,-119.445588,,720199724,Unverified
USGS-12472600,"CRAB CREEK NEAR BEVERLY, WA",46.8298196,-119.8311276,24405889,720235492,Unverified
USGS-12472800,"COLUMBIA RIVER BELOW PRIEST RAPIDS DAM, WA",46.6287084,-119.8647355,947020558,720207738,Unverified
USGS-12484500,"YAKIMA RIVER AT UMTANUM, WA",46.8626264,-120.480067,24125193,720177948,Unverified
USGS-12488500,"AMERICAN RIVER NEAR NILE, WA",46.97761606,-121.168696,24422913,720154136,Unverified
USGS-12500450,"YAKIMA RIVER ABOVE AHTANUM CREEK AT UNION GAP, WA",46.53425817,-120.4672519,23101142,720179972,Unverified
USGS-12502500,"AHTANUM CREEK AT UNION GAP, WA",46.53596038,-120.4733968,23099884,720183940,Unverified
USGS-12505450,"GRANGER DRAIN AT GRANGER, WA",46.34346299,-120.186995,23107326,720156184,Unverified
USGS-12506000,"TOPPENISH CREEK NEAR FORT SIMCOE, WA",46.3109589,-120.788125,23100178,720181981,Unverified
USGS-12508990,"YAKIMA RIVER AT MABTON, WA",46.23120786,-119.9994537,23099678,720225636,Unverified
USGS-12510500,"YAKIMA RIVER AT KIONA, WA",46.25346748,-119.4780794,947030106,720237537,Unverified
USGS-12513000,"ESQUATZEL COULEE AT CONNELL, WA",46.66347327,-118.863334,,720177971,Unverified
USGS-13334300,"SNAKE RIVER NEAR ANATONE, WA",46.09706985,-116.9776916,24228251,720164148,Unverified
USGS-13335050,"ASOTIN CREEK AT ASOTIN, WA",46.3406798,-117.0560319,24227935,720176025,Unverified
USGS-13344500,"TUCANNON RIVER NEAR STARBUCK, WA",46.5054217,-118.0663393,23448951,720199815,Unverified
USGS-13348000,"SOUTH FORK PALOUSE RIVER AT PULLMAN, WA",46.7323856,-117.1810048,23459939,720221615,Unverified
USGS-13351000,"PALOUSE RIVER AT HOOPER, WA",46.7584831,-118.1488494,23459517,720209708,Unverified
USGS-14013000,"MILL CREEK NEAR WALLA WALLA, WA",46.00789299,-118.1185586,23637992,720148286,Unverified
USGS-14013500,"BLUE CREEK NEAR WALLA WALLA, WA",46.05763797,-118.140228,23638450,720114550,Unverified
USGS-14013700,"MILL CREEK AT FIVE MILE RD BR NR WALLA WALLA, WA",46.0856932,-118.2282912,23637976,720148278,Unverified
USGS-14015000,"MILL CREEK AT WALLA WALLA, WA",46.0762483,-118.2735722,23637966,720148278,Unverified
USGS-14015350,"MILL CR AT LAST CHANCE RD BR NR COLLEGE PLACE, WA",46.05126667,-118.4505028,23637952,720164150,Unverified
USGS-14016820,"TOUCHET RIVER AT GALLAHER RD NEAR WAITSBURG, WA",46.27704167,-118.1115722,23638256,720189918,Unverified
USGS-14018500,"WALLA WALLA RIVER NEAR TOUCHET, WA",46.02760945,-118.7296888,23637700,720191929,Unverified
USGS-14107000,"KLICKITAT RIVER ABOVE WEST FORK NEAR GLENWOOD, WA",46.26480648,-121.2450474,23663381,720154208,Unverified
USGS-14111400,"KLICKITAT RIVER BL SUMMIT CREEK NEAR GLENWOOD, WA",45.962345,-121.102295,23663197,720180031,Unverified
USGS-14113000,"KLICKITAT RIVER NEAR PITT, WA",45.75651098,-121.2100714,23662979,720180051,Unverified
USGS-14123500,"WHITE SALMON RIVER NEAR UNDERWOOD, WA",45.7520637,-121.5270176,24504800,720144341,Unverified
USGS-14144700,"COLUMBIA RIVER AT VANCOUVER, WA",45.62067265,-122.6734306,23735707,,Unverified
USGS-14216000,"LEWIS RIVER ABOVE MUDDY RIVER NEAR COUGAR, WA",46.060355,-121.9845094,24241981,720160182,Unverified
USGS-14216500,"MUDDY RIVER BELOW CLEAR CREEK NEAR COUGAR, WA",46.0756326,-121.9986768,24242219,720185969,Unverified
USGS-14219000,"CANYON CREEK NEAR AMBOY, WA",45.9398339,-122.3170398,24241873,720152259,Unverified
USGS-14219800,"SPEELYAI CREEK NEAR COUGAR, WA",46.004555,-122.3442638,24243689,720134395,Unverified
USGS-14220500,"LEWIS RIVER AT ARIEL, WA",45.95173827,-122.5639685,24241843,720172095,Unverified
USGS-14222500,"EAST FORK LEWIS RIVER NEAR HEISSON, WA",45.8367809,-122.4662083,24241689,720116558,Unverified
USGS-14226500,"COWLITZ RIVER AT PACKWOOD, WA",46.61285685,-121.6792344,23744100,720181947,Unverified
USGS-14231000,"COWLITZ RIVER AT RANDLE, WA",46.5319444,-121.9569444,23744010,720191877,Unverified
USGS-14231900,"CISPUS RIVER AB YELLOWJACKET CREEK NEAR RANDLE, WA",46.4439666,-121.8400689,23743770,720191886,Unverified
USGS-14233500,"COWLITZ RIVER NEAR KOSMOS, WA",46.4662217,-122.1089856,24249014,720203786,Unverified
USGS-14236200,"TILTON RIVER AB BEAR CANYON CREEK NEAR CINEBAR, WA",46.5953843,-122.4595564,24249034,720191872,Unverified
USGS-14238000,"COWLITZ RIVER BELOW MAYFIELD DAM, WA",46.51038526,-122.616224,24248946,720207751,Unverified
USGS-14240525,"NF TOUTLE RIVER BELOW SRS NEAR KID VALLEY, WA",46.3717753,-122.5789987,24248656,720168087,Unverified
USGS-14242580,"TOUTLE RIVER AT TOWER ROAD NEAR SILVER LAKE, WA",46.335,-122.8408333,24248524,720185944,Unverified
USGS-14243000,"COWLITZ RIVER AT CASTLE ROCK, WA",46.2748332,-122.9145587,24248512,720219676,Unverified
USGS-01595300,"ABRAM CREEK AT OAKMONT, WV",39.36676569,-79.17892449,14365250,750100831,Unverified
USGS-01595800,"NORTH BRANCH POTOMAC RIVER AT BARNUM, WV",39.4451111,-79.1108056,14365060,750125693,Unverified
USGS-01604500,"PATTERSON CREEK NEAR HEADSVILLE, WV",39.44314946,-78.8219649,14364372,750123916,Unverified
USGS-01605500,"SOUTH BRANCH POTOMAC RIVER AT FRANKLIN, WV",38.63567247,-79.3378199,8423458,750093746,Unverified
USGS-01606000,"N F SOUTH BRANCH POTOMAC RIVER AT CABINS, WV",38.9845546,-79.2336508,8423282,750104985,Unverified
USGS-01606500,"SOUTH BRANCH POTOMAC RIVER NEAR PETERSBURG, WV",38.99122107,-79.17587059,8423278,750107353,Unverified
USGS-01607500,"S F SOUTH BRANCH POTOMAC RIVER AT BRANDYWINE, WV",38.63150665,-79.2436497,8423460,750087827,Unverified
USGS-01608000,"S F SOUTH BRANCH POTOMAC RIVER NR MOOREFIELD, WV",39.0123313,-78.9561387,8420098,750097288,Unverified
USGS-01608070,"SOUTH BRANCH POTOMAC RIVER NEAR MOOREFIELD, WV",39.10391667,-78.9593056,,750113270,Unverified
USGS-01608500,"SOUTH BRANCH POTOMAC RIVER NEAR SPRINGFIELD, WV",39.44703879,-78.6541817,8420360,750136349,Unverified
USGS-01610400,"WAITES RUN NEAR WARDENSVILLE, WV",39.0427222,-78.5983333,8433400,750065320,Unverified
USGS-01611500,"CACAPON RIVER NEAR GREAT CACAPON, WV",39.5823158,-78.3097312,8431736,750119178,Unverified
USGS-01613030,"WARM SPRINGS RUN NEAR BERKELEY SPRINGS, WV",39.6405833,-78.2189444,5892920,750086022,Unverified
USGS-01614000,"BACK CREEK NEAR JONES SPRINGS, WV",39.51204187,-78.0372224,5893170,750127468,Unverified
USGS-01616400,"MILL CREEK AT BUNKER HILL, WV",39.334625,-78.0534361,5895480,750104975,Unverified
USGS-01616425,"HOPEWELL RUN AT LEETOWN, WV",39.35463889,-77.9336111,5894482,750080703,Unverified
USGS-01616500,"OPEQUON CREEK NEAR MARTINSBURG, WV",39.42371047,-77.9386084,5894384,750128061,Unverified
USGS-01617000,"TUSCARORA CREEK ABOVE MARTINSBURG, WV",39.46954296,-77.9713871,5894280,750017355,Unverified
USGS-01618000,"POTOMAC RIVER AT SHEPHERDSTOWN, WV",39.4347222,-77.80138889,5894792,750135163,Unverified
USGS-01618100,"ROCKYMARSH RUN AT SCRABBLE, WV",39.4830833,-77.8318333,5894272,750096092,Unverified
USGS-01636464,"BULLSKIN RUN BELOW KABLETOWN, WV",39.2115833,-77.8348611,8444776,750087218,Unverified
USGS-01636500,"SHENANDOAH RIVER AT MILLVILLE, WV",39.28204576,-77.7891606,8445070,750129841,Unverified
USGS-03050000,"TYGART VALLEY RIVER NEAR DAILEY, WV",38.809275,-79.8817342,4353002,760618250,Unverified
USGS-03050500,"TYGART VALLEY RIVER NEAR ELKINS, WV",38.92371705,-79.8789587,,760708096,Unverified
USGS-03051000,"TYGART VALLEY RIVER AT BELINGTON, WV",39.0292694,-79.93590799,4351266,760719736,Unverified
USGS-03052000,"MIDDLE FORK RIVER AT AUDRA, WV",39.03954454,-80.0681352,4352070,760671481,Unverified
USGS-03052120,"BUCKHANNON RIVER AT ALTON, WV",38.81963889,-80.21388889,4353810,760535050,Unverified
USGS-03052450,"BUCKHANNON R AT BUCKHANNON, WV",39.0053762,-80.20924949,4352028,760661498,Unverified
USGS-03052500,"SAND RUN NEAR BUCKHANNON, WV",38.96398938,-80.1525806,4354466,760420223,Unverified
USGS-03053500,"BUCKHANNON RIVER AT HALL, WV",39.05121,-80.1145254,4352064,760623222,Unverified
USGS-03054500,"TYGART VALLEY RIVER AT PHILIPPI, WV",39.15037545,-80.038691,4352178,760721390,Unverified
USGS-03056000,"TYGART VALLEY R AT TYGART DAM NR GRAFTON, WV",39.31981459,-80.0250779,4352134,760701413,Unverified
USGS-03056250,"THREE FORK CREEK NR GRAFTON, WV",39.33648107,-79.9934094,4350794,760633183,Unverified
USGS-03057000,"TYGART VALLEY RIVER AT COLFAX, WV",39.4350866,-80.1325789,4352082,760731354,Unverified
USGS-03058000,"WEST FORK R BL STONEWALL JACKSON DAM NR WESTON, WV",39.00452778,-80.4733611,3717136,760656506,Unverified
USGS-03058500,"WEST FORK RIVER AT BUTCHERVILLE, WV",39.09064846,-80.4675915,3716762,760701429,Unverified
USGS-03061000,"WEST FORK RIVER AT ENTERPRISE, WV",39.42230818,-80.2759187,3715602,760683099,Unverified
USGS-03061500,"BUFFALO CREEK AT BARRACKVILLE, WV",39.50566667,-80.1681667,3769770,760613203,Unverified
USGS-03062500,"DECKERS CREEK AT MORGANTOWN, WV",39.62924826,-79.9525633,3768536,760584906,Unverified
USGS-03065000,"DRY FORK AT HENDRICKS, WV",39.07232928,-79.6228373,3775187,760723061,Unverified
USGS-03066000,"BLACKWATER RIVER AT DAVIS, WV",39.1270524,-79.4683852,3775599,760569968,Unverified
USGS-03067510,"SHAVERS FORK NR CHEAT BRIDGE, WV",38.6170576,-79.8697849,3777215,760646551,Unverified
USGS-03068800,"SHAVERS FORK BELOW BOWDEN, WV",38.91316335,-79.770342,3776515,760684801,Unverified
USGS-03069500,"CHEAT RIVER NEAR PARSONS, WV",39.12155556,-79.6755278,3776001,760651505,Unverified
USGS-0307020015,"CHEAT RIVER BELOW SALTLICK CREEK AT ROWLESBURG, WV",39.34976389,-79.6679194,,760731359,Unverified
USGS-03070260,"CHEAT RIVER AT ALBRIGHT, WV",39.4948104,-79.6444969,3775649,760716372,Unverified
USGS-03070500,"BIG SANDY CREEK AT ROCKVILLE, WV",39.62175,-79.7045556,3773681,760589898,Unverified
USGS-03110830,"KINGS CREEK AT WEIRTON, WV",40.4356229,-80.5925723,3822659,760514956,Unverified
USGS-03111955,"WHEELING CREEK NEAR MAJORSVILLE, WV",39.9533333,-80.54,,760646449,Unverified
USGS-03112000,"WHEELING CREEK AT ELM GROVE, WV",40.0445177,-80.6609116,19452609,760683050,Unverified
USGS-0311404647,"WV FORK FISH CREEK NEAR HUNDRED, WV",39.6921111,-80.46688889,,760466757,Unverified
USGS-03114283,"SOUTH FORK FISHING CREEK AT SMITHFIELD, WV",39.4992222,-80.5627222,15432890,760440147,Unverified
USGS-03114350,"MEATHOUSE FORK AT HWY 18 NEAR WEST UNION, WV",39.26725,-80.7334722,15432638,760543334,Unverified
USGS-03114431,"MIDDLE ISLAND CREEK AT HWY 18 NR MIDDLEBOURNE, WV",39.48163889,-80.8694722,15431962,760619862,Unverified
USGS-03114500,"MIDDLE ISLAND CREEK AT LITTLE, WV",39.4750762,-80.9970537,15431972,760666452,Unverified
USGS-03151400,"LITTLE KANAWHA RIVER NR WILDCAT, WV",38.7434337,-80.5253667,19417429,760626574,Unverified
USGS-03151600,"LITTLE KANAWHA RIVER AT BURNSVILLE, WV",38.8650952,-80.6762077,19416363,760728068,Unverified
USGS-03151915,"SAND FORK NEAR GLENVILLE, WV",38.92538889,-80.73838889,19417329,760573312,Unverified
USGS-03152000,"LITTLE KANAWHA RIVER AT GLENVILLE, WV",38.9329722,-80.8382222,19415997,760663167,Unverified
USGS-03154000,"WEST FORK LITTLE KANAWHA RIVER AT ROCKSDALE, WV",38.84455556,-81.22338889,19418679,760668166,Unverified
USGS-03155000,"LITTLE KANAWHA RIVER AT PALESTINE, WV",39.0589686,-81.38956408,19415571,760646518,Unverified
USGS-03155220,"SOUTH FORK HUGHES RIVER BELOW MACFARLAN, WV",39.07896905,-81.2123373,19414869,760674804,Unverified
USGS-03177120,"EAST RIVER AT WILLOWTON, WV",37.3485,-80.8860833,6907783,760601720,Unverified
USGS-03177480,"INDIAN CREEK AT RED SULPHUR SPRINGS, WV",37.52925,-80.7701944,,760684904,Unverified
USGS-03178000,"BLUESTONE R NR SPANISHBURG, WV",37.4334722,-81.11,,760664946,Unverified
USGS-03179000,"BLUESTONE RIVER NEAR PIPESTEM, WV",37.54400779,-81.0103678,6906905,760651626,Unverified
USGS-03180500,"GREENBRIER RIVER AT DURBIN, WV",38.54372659,-79.833115,12103826,760653213,Unverified
USGS-03181949,"KNAPP CREEK NEAR MARLINTON, WV",38.1978611,-80.0278056,,760578359,Unverified
USGS-03182500,"GREENBRIER RIVER AT BUCKEYE, WV",38.1862222,-80.13,12105064,760654903,Unverified
USGS-03182700,"ANTHONY CREEK NEAR ANTHONY, WV",37.9086111,-80.28988889,12105852,760590029,Unverified
USGS-03183500,"GREENBRIER RIVER AT ALDERSON, WV",37.7242874,-80.641468,12107522,760696538,Unverified
USGS-03184000,"GREENBRIER RIVER AT HILLDALE, WV",37.64012018,-80.805083,12107594,760683236,Unverified
USGS-03184500,"NEW RIVER AT HINTON, WV",37.6703969,-80.8925874,,760711519,Unverified
USGS-03185000,"PINEY CREEK AT RALEIGH, WV",37.7606708,-81.1623212,6920932,760578393,Unverified
USGS-03185400,"NEW RIVER AT THURMOND, WV",37.95511285,-81.07648838,6920810,760674892,Unverified
USGS-03186500,"WILLIAMS RIVER AT DYER, WV",38.37899915,-80.4839737,4547810,760568361,Unverified
USGS-03187500,"CRANBERRY RIVER NEAR RICHWOOD, WV",38.2953903,-80.5264749,4547840,760633263,Unverified
USGS-03188900,"LAUREL CREEK NEAR FENWICK, WV",38.1636111,-80.5880556,4547166,760510138,Unverified
USGS-03189100,"GAULEY RIVER NEAR CRAIGSVILLE, WV",38.29094494,-80.6409242,4547996,760629936,Unverified
USGS-03189600,"GAULEY RIVER BELOW SUMMERSVILLE DAM, WV",38.2151103,-80.8881536,,760669877,Unverified
USGS-03190000,"MEADOW RIVER AT NALLEN, WV",38.1126125,-80.8762069,4547416,760608318,Unverified
USGS-03191500,"PETERS CREEK NEAR LOCKWOOD, WV",38.2646111,-81.0231111,4548546,760566706,Unverified
USGS-03192000,"GAULEY RIVER ABOVE BELVA, WV",38.2334395,-81.1809415,4552334,760688181,Unverified
USGS-03193000,"KANAWHA RIVER AT KANAWHA FALLS, WV",38.1381632,-81.2142745,6925383,760723131,Unverified
USGS-03194700,"ELK RIVER BELOW WEBSTER SPRINGS, WV",38.59732627,-80.4903644,19322127,760676513,Unverified
USGS-03196600,"ELK RIVER NEAR FRAMETOWN, WV",38.59232159,-80.8845474,19321213,760654873,Unverified
USGS-03196800,"ELK RIVER AT CLAY, WV",38.46065656,-81.0876087,,760796323,Unverified
USGS-03197000,"ELK RIVER AT QUEEN SHOALS, WV",38.47203988,-81.2841933,19325045,760736417,Unverified
USGS-03197790,"LITTLE SANDY CREEK NEAR ELKVIEW,WV",38.45594444,-81.5011944,19324953,760668195,Unverified
USGS-03197950,"ELK RIVER AT CHARLESTON, WV",38.3581527,-81.627068,19325151,760709803,Unverified
USGS-03198000,"KANAWHA RIVER AT CHARLESTON, WV",38.37148448,-81.7020701,19315490,760739754,Unverified
USGS-03198350,"CLEAR FORK AT WHITESVILLE, WV",37.9662186,-81.524278,6929270,760633289,Unverified
USGS-03198500,"BIG COAL RIVER AT ASHFORD, WV",38.1798222,-81.7115106,6929014,760694841,Unverified
USGS-03199000,"LITTLE COAL RIVER AT DANVILLE, WV",38.07977778,-81.8365,6928608,760626626,Unverified
USGS-03200500,"COAL RIVER AT TORNADO, WV",38.33898309,-81.841518,6928060,760689838,Unverified
USGS-03201000,"POCATALICO RIVER AT SISSONVILLE, WV",38.52620409,-81.6312379,19314160,760634910,Unverified
USGS-03201405,"HURRICANE CREEK AT HURRICANE, WV",38.4453673,-82.0068032,19315642,760458533,Unverified
USGS-03202300,"GUYANDOTTE RIVER AT PINEVILLE, WV",37.5818611,-81.5371111,6934958,760585063,Unverified
USGS-03202400,"GUYANDOTTE RIVER NEAR BAILEYSVILLE, WV",37.60400034,-81.6451096,6934850,760595045,Unverified
USGS-03202750,"CLEAR FORK AT CLEAR FORK, WV",37.62316608,-81.7073342,6934710,760603363,Unverified
USGS-03202928,"LITTLE HUFF CR AT LITTLE CUB CR RD AT HANOVER, WV",37.5852222,-81.8215,,760496870,Unverified
USGS-03203000,"GUYANDOTTE RIVER AT MAN, WV",37.740385,-81.8767857,,760703195,Unverified
USGS-03203600,"GUYANDOTTE RIVER AT LOGAN, WV",37.84232616,-81.9759574,19293432,760699859,Unverified
USGS-03204346,"MIDDLE FORK MUD RIVER NEAR GRIFFITHSVILLE, WV",38.25441667,-82.0401667,,760568371,Unverified
USGS-03204500,"MUD RIVER NEAR MILTON, WV",38.38825,-82.1131111,19293014,760588329,Unverified
USGS-03206600,"EAST FORK TWELVEPOLE CREEK NEAR DUNLOW, WV",38.0118333,-82.3059722,3964810,760601669,Unverified
USGS-03207061,"TWELVEPOLE CREEK AT LAVALETTE, WV",38.32413889,-82.4488611,,760674862,Unverified
USGS-03212750,"TUG FORK DOWNSTREAM OF ELKHORN CREEK AT WELCH, WV",37.44122439,-81.5998295,436072,760603377,Unverified
USGS-03212980,"DRY FORK AT BEARTOWN, WV",37.39538968,-81.8026142,436434,760601717,Unverified
USGS-03213000,"TUG FORK AT LITWAR, WV",37.47927778,-81.8383056,435866,760643310,Unverified
USGS-03213500,"PANTHER CREEK NEAR PANTHER, WV",37.44555556,-81.8711111,437262,760483570,Unverified
USGS-03214500,"TUG FORK AT KERMIT, WV",37.83731869,-82.4087578,434540,760709843,Unverified
USGS-04024430,"NEMADJI RIVER NEAR SOUTH SUPERIOR, WI",46.6333333,-92.0938889,1799897,740553354,Unverified
USGS-04025500,"BOIS BRULE RIVER AT BRULE, WI",46.53777778,-91.5952778,1798839,740499599,Unverified
USGS-04026005,"BOIS BRULE RIVER NEAR LAKE SUPERIOR, WI",46.70549328,-91.6021304,1798025,740531851,Unverified
USGS-04026160,"SISKIWIT RIVER AT CORNUCOPIA, WI",46.8547222,-91.0913889,1797707,740340990,Unverified
USGS-040263205,"WHITTLESEY CREEK NEAR ASHLAND, WI",46.59438708,-90.9632437,,740422986,Unverified
USGS-04026390,"BEARTRAP CREEK AT U.S. HIGHWAY 2 NEAR ASHLAND, WI",46.60916667,-90.7602778,,740427019,Unverified
USGS-04026450,"BAD RIVER NEAR MELLEN, WI",46.27055556,-90.7072222,1815815,740487518,Unverified
USGS-04026511,"BAD RIVER AT US HIGHWAY 169 NEAR MELLEN, WI",46.33527778,-90.6519444,1815195,740557403,Unverified
USGS-04026561,"TYLER FORKS RIVER AT STRICKER ROAD NEAR MELLEN, WI",46.3947222,-90.59,1814983,740539927,Unverified
USGS-040265935,"MARENGO RIVER AT FOUR CORNERS RD NR MASON, WI",46.41016667,-90.9450833,,740601750,Unverified
USGS-040265981,"MARENGO RIVER AT RIEMER ROAD NR MARENGO, WI",46.4302222,-90.84075,,740627285,Unverified
USGS-04026740,"MARENGO RIVER NEAR MELLEN, WI",46.41661565,-90.7362967,1814823,740644757,Unverified
USGS-04026859,"POTATO RIVER AT UPSON, WI",46.36666667,-90.4105556,,740515737,Unverified
USGS-04026900,"POTATO RIVER AT GURNEY, WI",46.4622222,-90.5083333,1815687,740607122,Unverified
USGS-04027000,"BAD RIVER NEAR ODANAH, WI",46.4866144,-90.696297,1815879,740596369,Unverified
USGS-04027500,"WHITE RIVER NEAR ASHLAND, WI",46.4972222,-90.9041667,1814463,740635346,Unverified
USGS-04027595,"BAD RIVER AT ODANAH, WI",46.61022045,-90.6871285,1813331,740560074,Unverified
USGS-040276505,"DENOMIE CREEK AT MAPLE STREET NEAR ODANAH, WI",46.6013361,-90.6522722,,740402827,Unverified
USGS-04062011,"BRULE RIVER NEAR COMMONWEALTH, WI",45.94745319,-88.2154106,,740460656,Unverified
USGS-04063000,"MENOMINEE RIVER NEAR FLORENCE, WI",45.9513419,-88.1892993,,740513073,Unverified
USGS-04063700,"POPPLE RIVER NEAR FENCE, WI",45.7636111,-88.4636111,6844165,740408253,Unverified
USGS-04064500,"PINE RIVER BELOW PINE R POWERPLANT NR FLORENCE, WI",45.8372222,-88.2252778,6843293,740435128,Unverified
USGS-04065106,"MENOMINEE RIVER AT NIAGARA, WI",45.76777778,-87.9805556,6841809,740437819,Unverified
USGS-04066003,"MENOMINEE RIVER BELOW PEMENE CREEK NR PEMBINE, WI",45.5794722,-87.7869722,6841945,740515783,Unverified
USGS-04066500,"PIKE RIVER AT AMBERG, WI",45.5,-88.0,6841267,740343756,Unverified
USGS-04067500,"MENOMINEE RIVER NEAR MC ALLISTER, WI",45.3258333,-87.6633333,6848607,740380054,Unverified
USGS-04067958,"PESHTIGO RIVER NEAR WABENO, WI",45.38774406,-88.3051099,904030532,740420369,Unverified
USGS-04069416,"PESHTIGO RIVER AT PORTERFIELD, WI",45.1433333,-87.8005556,6818950,740374690,Unverified
USGS-04069500,"PESHTIGO RIVER AT PESHTIGO, WI",45.0475,-87.7444444,6819040,740350503,Unverified
USGS-04071000,"OCONTO RIVER NEAR GILLETT, WI",44.865,-88.3,6812142,740374706,Unverified
USGS-04071765,"OCONTO RIVER NEAR OCONTO, WI",44.86055556,-87.98388889,6810626,740318259,Unverified
USGS-04072076,"SILVER CREEK AT FLORIST DRIVE AT ONEIDA, WI",44.49,-88.1811111,6802796,,Unverified
USGS-04072150,"DUCK CREEK NEAR HOWARD, WI",44.53338889,-88.1296944,6801806,740308871,Unverified
USGS-04073240,"CHAFFEE CREEK AT I-39 NEAR COLOMA, WI",43.98175,-89.4978056,6867619,740232295,Unverified
USGS-04073365,"FOX RIVER AT PRINCETON, WI",43.8511111,-89.1333333,6866997,740272623,Unverified
USGS-04073457,"WUERCHES CREEK AT CT HWY B NEAR GREEN LAKE, WI",43.7485922,-89.0542804,6867821,740151668,Unverified
USGS-04073458,"ROY CREEK AT ROY CREEK ROAD NEAR GREEN LAKE, WI",43.7658333,-89.0202778,6867135,740151668,Unverified
USGS-040734605,"GREEN LAKE SW INLET @ CT HIGHWY K NR GREEN LAKE,WI",43.7771111,-89.0568611,,740153012,Unverified
USGS-04073462,"WHITE CREEK AT SPRING GROVE ROAD NR GREEN LAKE, WI",43.8161111,-88.9283333,6865553,,Unverified
USGS-04073466,"SILVER CREEK AT SPAULDING ROAD NEAR GREEN LAKE, WI",43.8397222,-88.9083333,6866233,740228271,Unverified
USGS-04073468,"GREEN LAKE INLET AT CT HIGHWAY A NR GREEN LAKE, WI",43.82444444,-88.9266667,6865539,740228271,Unverified
USGS-04073500,"FOX RIVER AT BERLIN, WI",43.96875,-88.9503056,6866179,740323689,Unverified
USGS-04074950,"WOLF RIVER AT LANGLADE, WI",45.18997026,-88.7334398,9027875,740330334,Unverified
USGS-04077630,"RED RIVER AT MORGAN ROAD NEAR MORGAN, WI",44.8980311,-88.8442729,9030269,740322288,Unverified
USGS-04078500,"EMBARRASS RIVER NEAR EMBARRASS, WI",44.7247222,-88.7361111,9030507,740378746,Unverified
USGS-04079000,"WOLF RIVER AT NEW LONDON, WI",44.3922026,-88.7403812,9035359,740323664,Unverified
USGS-0407991001,"Unk Trib to SB Little Wolf River nr Ogdensburg, WI",44.41730556,-89.0539333,,740318284,Unverified
USGS-04080798,"TOMORROW RIVER NEAR NELSONVILLE, WI",44.5244444,-89.3377778,9033255,740287366,Unverified
USGS-04081500,"WOLF RIVER AT WINNECONNE, WI",44.1108611,-88.7100556,6863549,740353247,Unverified
USGS-04082400,"FOX RIVER AT OSHKOSH, WI",44.01361209,-88.5408823,6863677,740338469,Unverified
USGS-04083545,"Fond Du Lac River @ W. Arndt St. at Fond Du Lac,WI",43.78638889,-88.4589444,12010600,740216179,Unverified
USGS-04084445,"FOX RIVER AT APPLETON, WI",44.24805556,-88.4230556,12006893,740323672,Unverified
USGS-04084911,"PLUM CREEK NEAR WRIGHTSTOWN, WI",44.3055449,-88.1712146,12006335,740295447,Unverified
USGS-04085059,"FOX RIVER AT DE PERE, WI",44.44943598,-88.0645473,,740454033,Unverified
USGS-04085068,"ASHWAUBENON CREEK NEAR LITTLE RAPIDS, WI",44.4141571,-88.1270474,12005891,740319630,Unverified
USGS-040850684,"ASHWAUBENON CREEK AT GRANT ST NR WEST DEPERE, WI",44.445,-88.09888889,,740310221,Unverified
USGS-04085074,"DUTCHMAN CREEK AT CYRUS ST NR ASHWAUBENON, WI",44.4663792,-88.1431588,12005823,740253773,Unverified
USGS-04085078,"DUTCHMAN CREEK AT HANSEN RD AT ASHWAUBENON, WI",44.4835,-88.087,12005811,740281993,Unverified
USGS-04085108,"EAST RIVER @ CNTY TRUNK HIGHWAY ZZ NR GREENLEAF,WI",44.37194444,-88.0922222,12005979,740279312,Unverified
USGS-04085138,"EAST RIVER AT GREEN BAY, WI",44.5091593,-87.9917702,12004529,740370696,Unverified
USGS-040851385,"FOX RIVER AT OIL TANK DEPOT AT GREEN BAY, WI",44.5286111,-88.01,,740363975,Unverified
USGS-04085200,"KEWAUNEE RIVER NEAR KEWAUNEE, WI",44.45833125,-87.5564746,13064729,740346504,Unverified
USGS-04085427,"MANITOWOC RIVER AT MANITOWOC, WI",44.10616667,-87.7160278,12173792,740331742,Unverified
USGS-04086000,"SHEBOYGAN RIVER AT SHEBOYGAN, WI",43.74138889,-87.7521111,12175874,740296822,Unverified
USGS-04086500,"CEDAR CREEK NEAR CEDARBURG, WI",43.32305556,-87.9786111,12162520,740192015,Unverified
USGS-04086600,"MILWAUKEE RIVER NEAR CEDARBURG, WI",43.28027778,-87.9425,12162572,740228305,Unverified
USGS-040869416,"LINCOLN CREEK @ SHERMAN BOULEVARD AT MILWAUKEE, WI",43.09713889,-87.96725,,740138268,Unverified
USGS-04087000,"MILWAUKEE RIVER AT MILWAUKEE, WI",43.10001159,-87.9089745,12162648,740231003,Unverified
USGS-04087030,"MENOMONEE RIVER AT MENOMONEE FALLS, WI",43.17277778,-88.10388889,12163826,740183958,Unverified
USGS-04087050,"LITTLE MENOMONEE RIVER NEAR FREISTADT, WI",43.20667408,-88.0384231,12163800,740170517,Unverified
USGS-04087070,"LITTLE MENOMONEE RIVER AT MILWAUKEE, WI",43.1236111,-88.0436111,12163856,740202778,Unverified
USGS-04087088,"UNDERWOOD CREEK AT WAUWATOSA, WI",43.0547222,-88.0461111,12163882,740170528,Unverified
USGS-04087119,"HONEY CREEK AT WAUWATOSA, WI",43.0438333,-88.0051111,12163888,740212191,Unverified
USGS-04087120,"MENOMONEE RIVER AT WAUWATOSA, WI",43.04555556,-87.9997222,12162512,740213535,Unverified
USGS-04087142,"MENOMONEE RIVER AT 16TH STREET AT MILWAUKEE, WI",43.03389487,-87.934194,12162512,740198752,Unverified
USGS-040871473,"WILSON PARK CREEK AT GMIA INFALL AT MILWAUKEE, WI",42.9457222,-87.8862222,,,Unverified
USGS-040871475,"WILSON PARK CREEK @ GMIA OUTFALL 7 @ MILWAUKEE,WI",42.95702778,-87.9073056,,,Unverified
USGS-040871476,HOLMES AVE CRK TRIB @ GMIA OUTFALL 1 AT MILWAUKEE,42.94516667,-87.9110556,,,Unverified
USGS-040871488,"WILSON PARK CK @ ST. LUKES HOSPITAL @ MILWAUKEE,WI",42.99025,-87.9523333,,740186659,Unverified
USGS-04087159,"KINNICKINNIC RIVER @ S. 11TH STREET @ MILWAUKEE,WI",42.9975,-87.92638889,904040051,740186659,Unverified
USGS-04087170,"MILWAUKEE RIVER AT MOUTH AT MILWAUKEE, WI",43.02444444,-87.8983333,12162694,740235041,Unverified
USGS-04087204,"OAK CREEK AT SOUTH MILWAUKEE, WI",42.925,-87.87,12168981,740186664,Unverified
USGS-04087214,"ROOT RIVER AT GRANGE AVENUE AT GREENDALE, WI",42.945,-88.0141667,12170153,740197412,Unverified
USGS-04087220,"ROOT RIVER NEAR FRANKLIN, WI",42.8736111,-87.9958333,12169385,740200104,Unverified
USGS-04087233,"ROOT RIVER CANAL NEAR FRANKLIN, WI",42.81555556,-87.9947222,12169065,740209519,Unverified
USGS-04087234,"ROOT RIVER AT 60TH ST NEAR CALEDONIA, WI",42.85555556,-87.9907222,12169015,740221611,Unverified
USGS-04087240,"ROOT RIVER AT RACINE, WI",42.75138889,-87.8236111,12169283,740198768,Unverified
USGS-04087257,"PIKE RIVER NEAR RACINE, WI",42.64694444,-87.8605556,12169201,740139639,Unverified
USGS-05331833,"NAMEKAGON RIVER AT LEONARDS, WI",46.1713687,-91.3293778,1850373,760492885,Unverified
USGS-05333500,"ST. CROIX RIVER NEAR DANBURY, WI",46.0761111,-92.2466667,2263699,760597725,Unverified
USGS-05335492,"CLAM RIVER AT HWY 35 NR WEBSTER, WI",45.8534972,-92.365225,2267891,760591086,Unverified
USGS-05340500,"ST. CROIX RIVER AT ST. CROIX FALLS, WI",45.4069444,-92.6469444,2649362,760647696,Unverified
USGS-05341498,"APPLE RIVER ABOVE 05341499 AT PARK IN SOMERSET, WI",45.1277442,-92.6752033,2648910,760632742,Unverified
USGS-05342000,"KINNICKINNIC RIVER NEAR RIVER FALLS, WI",44.8308333,-92.7330556,2651708,760574524,Unverified
USGS-05344490,"ST. CROIX RIVER AT PRESCOTT, WI",44.74913428,-92.8046473,2651896,760599489,Unverified
USGS-05344500,"MISSISSIPPI RIVER AT PRESCOTT, WI",44.74580095,-92.8002026,1874965,760582851,Unverified
USGS-05356000,"CHIPPEWA RIVER AT BISHOPS BRIDGE NEAR WINTER, WI",45.8486111,-91.0788889,13122868,760601070,Unverified
USGS-05356500,"CHIPPEWA RIVER NEAR BRUCE, WI",45.4521867,-91.2609878,13124968,760664332,Unverified
USGS-05357335,"BEAR RIVER NEAR MANITOWISH WATERS, WI",46.0488377,-89.9846035,13344864,760491232,Unverified
USGS-05359500,"SOUTH FORK FLAMBEAU RIVER NEAR PHILLIPS, WI",45.7033333,-90.6155556,12992931,760614393,Unverified
USGS-05360500,"FLAMBEAU RIVER NEAR BRUCE, WI",45.40638889,-91.2194444,13352468,760646032,Unverified
USGS-05362000,"JUMP RIVER AT SHELDON, WI",45.30803838,-90.9565247,12981697,760659351,Unverified
USGS-05363600,"NF YELLOW R AT YELLOW RIVER RD NR PERKINSTOWN, WI",45.2985722,-90.5964667,13103211,760519576,Unverified
USGS-05364128,"DRYWOOD CREEK AT COVERED FOOTBRIDGE NR CADOTT, WI",44.9622,-91.230175,,760629425,Unverified
USGS-05365500,"CHIPPEWA RIVER AT CHIPPEWA FALLS, WI",44.92666667,-91.4108333,13107161,760654388,Unverified
USGS-05365550,"CHIPPEWA RIVER BELOW DELLS DAM AT EAU CLAIRE, WI",44.8225833,-91.5076111,13107201,760647740,Unverified
USGS-05366800,"CHIPPEWA R AT GRAND AVE AT EAU CLAIRE, WI",44.80959899,-91.5029665,13107207,760617790,Unverified
USGS-05367500,"RED CEDAR RIVER NEAR COLFAX, WI",45.05305556,-91.7119444,13083643,760611113,Unverified
USGS-05368000,"HAY RIVER AT WHEELER, WI",45.0477401,-91.9110104,13083391,760644395,Unverified
USGS-05369000,"RED CEDAR RIVER AT MENOMONIE, WI",44.87527778,-91.9380556,13085603,760672697,Unverified
USGS-05369500,"CHIPPEWA RIVER AT DURAND, WI",44.631,-91.9713333,13107421,760674378,Unverified
USGS-05370000,"EAU GALLE RIVER AT SPRING VALLEY, WI",44.85277778,-92.2383333,13107695,760506298,Unverified
USGS-05379400,"TREMPEALEAU RIVER AT ARCADIA, WI",44.25444444,-91.5052778,2733720,760419816,Unverified
USGS-05379500,"TREMPEALEAU RIVER AT DODGE, WI",44.13175,-91.5530278,2733550,760509680,Unverified
USGS-05381000,"BLACK RIVER AT NEILLSVILLE, WI",44.5597222,-90.615,13133805,760664400,Unverified
USGS-053813595,"BLACK RIVER DS ST HWY 54 AT BLACK RIVER FALLS, WI",44.29357228,-90.846531,,760589541,Unverified
USGS-05382000,"BLACK RIVER NEAR GALESVILLE, WI",44.06027778,-91.2872222,13139741,760532983,Unverified
USGS-05382255,"STILLWELL CREEK AT SIXTEENTH COURT NEAR TOMAH, WI",43.99388889,-90.6572222,2454010,,Unverified
USGS-05382257,"STILLWELL CREEK AT YARD ROAD NEAR TOMAH, WI",44.00055556,-90.6811111,2453120,,Unverified
USGS-05382267,"LA CROSSE RIVER @ CNTY TRUNK HIGHWY BB NR TOMAH,WI",44.00027778,-90.7244444,2453132,760438139,Unverified
USGS-05382284,"SILVER CREEK AT STATE HIGHWAY 21 NEAR ANGELO, WI",43.9672222,-90.765,2454518,760451455,Unverified
USGS-05382325,"LA CROSSE RIVER AT SPARTA, WI",43.9375,-90.8105556,2454098,760418176,Unverified
USGS-05383075,"LA CROSSE RIVER NEAR LA CROSSE, WI",43.86079886,-91.2104156,2456124,760528006,Unverified
USGS-05391000,"WISCONSIN RIVER @ RAINBOW LAKE NR LAKE TOMAHAWK,WI",45.8305086,-89.55236359,13396483,760586096,Unverified
USGS-05393500,"SPIRIT RIVER AT SPIRIT FALLS, WI",45.44916667,-89.9791667,13399941,760627726,Unverified
USGS-05394500,"PRAIRIE RIVER NEAR MERRILL, WI",45.2358333,-89.6497222,14727088,760601117,Unverified
USGS-05395000,"WISCONSIN RIVER AT MERRILL, WI",45.1783333,-89.6816667,14728798,760659362,Unverified
USGS-05396000,"BIG RIB RIVER AT RIB FALLS, WI",44.9725,-89.9052778,14730490,760601136,Unverified
USGS-05397500,"EAU CLAIRE RIVER AT KELLY, WI",44.91888889,-89.5519444,14730982,760622775,Unverified
USGS-05398000,"WISCONSIN RIVER AT ROTHSCHILD, WI",44.88683056,-89.6357472,14732372,760661047,Unverified
USGS-05399500,"BIG EAU PLEINE RIVER AT STRATFORD, WI",44.8219098,-90.0795754,14733228,760646077,Unverified
USGS-05400625,"LITTLE PLOVER RIVER NEAR PLOVER, WI",44.47075,-89.5082222,14704932,760326616,Unverified
USGS-05400760,"WISCONSIN RIVER AT WISCONSIN RAPIDS, WI",44.3921593,-89.8271246,14705230,760546268,Unverified
USGS-05401034,"S.BR.TENMILE CREEK NEAR BANCROFT, WI",44.27169444,-89.5488889,14705032,760443111,Unverified
USGS-05401050,"TENMILE CREEK NEAR NEKOOSA, WI",44.2625,-89.8102778,14705020,760371560,Unverified
USGS-05401514,"BIG ROCHE A CRI CREEK AT HWY G NR LEOLA, WI",44.1749722,-89.6174167,14705050,760426478,Unverified
USGS-05402000,"YELLOW RIVER AT BABCOCK, WI",44.3022222,-90.1219444,14706344,760539620,Unverified
USGS-05403000,"YELLOW RIVER AT NECEDAH, WI",44.0261111,-90.0716667,14708194,760544633,Unverified
USGS-05403500,"LEMONWEIR RIVER AT NEW LISBON, WI",43.8797222,-90.1619444,14711142,760471428,Unverified
USGS-05404000,"WISCONSIN RIVER NEAR WISCONSIN DELLS, WI",43.605,-89.7566667,14709874,760576282,Unverified
USGS-05404140,"W BRANCH BIG CREEK AT CLARK RD NR LA VALLE, WI",43.64488889,-90.0835556,13652982,760353302,Unverified
USGS-05404147,"BIG CREEK OUTLET AT LAKE REDSTONE NR LA VALLE, WI",43.5863611,-90.0874444,13653176,760383257,Unverified
USGS-05404150,"E BRANCH BIG CREEK AT LAVALLE RD NR LA VALLE, WI",43.6267222,-90.0766944,13653036,,Unverified
USGS-054041665,"BARABOO RIVER AT MAIN STREET AT REEDSBURG, WI",43.53244444,-90.0114444,,760529695,Unverified
USGS-05405000,"BARABOO RIVER NEAR BARABOO, WI",43.48166667,-89.6363889,13654300,760571299,Unverified
USGS-05406457,"BLACK EARTH CREEK NR BREWERY RD AT CROSS PLAINS,WI",43.1097222,-89.6408333,13633173,760333376,Unverified
USGS-05406469,"BREWERY CREEK-UPSTREAM SITE-AT CROSS PLAINS, WI",43.12527778,-89.635,13633137,760338365,Unverified
USGS-05406479,"BLACK EARTH CK NR TREATMENT PLNT @ CROSS PLAINS,WI",43.1147222,-89.6641667,13633821,760398271,Unverified
USGS-05406500,"BLACK EARTH CREEK AT BLACK EARTH, WI",43.13416667,-89.7322222,13633025,760439870,Unverified
USGS-05407000,"WISCONSIN RIVER AT MUSCODA, WI",43.19805556,-90.4433333,13637495,760629561,Unverified
USGS-05407468,"KICKAPOO R @ ST HWY 131 AT ONTARIO, WI",43.72994444,-90.5889444,13624127,760491408,Unverified
USGS-05408000,"KICKAPOO RIVER AT LA FARGE, WI",43.57415528,-90.6431767,13624991,760521370,Unverified
USGS-05410490,"KICKAPOO RIVER AT STEUBEN, WI",43.18277778,-90.8583333,13625937,760601274,Unverified
USGS-05413500,"GRANT RIVER AT BURTON, WI",42.72027778,-90.8191667,13324626,760493149,Unverified
USGS-05414000,"PLATTE RIVER NEAR ROCKVILLE, WI",42.7311111,-90.6402778,13324402,760474844,Unverified
USGS-05423500,"SOUTH BRANCH ROCK RIVER AT WAUPUN, WI",43.64165509,-88.72066309,13290352,760473111,Unverified
USGS-05424057,"ROCK RIVER AT HORICON, WI",43.45027778,-88.6322222,13292206,760499749,Unverified
USGS-05424157,"ROCK RIVER NEAR LEBANON, WI",43.26191389,-88.5743056,13292364,760543026,Unverified
USGS-05425500,"ROCK RIVER AT WATERTOWN, WI",43.18805556,-88.7261111,937090127,760609593,Unverified
USGS-05425912,"BEAVERDAM RIVER AT BEAVER DAM, WI",43.44444444,-88.845,13282922,760499748,Unverified
USGS-05426000,"CRAWFISH RIVER AT MILFORD, WI",43.1,-88.8494444,13283852,760544704,Unverified
USGS-05426031,"ROCK RIVER AT JEFFERSON, WI",42.99611515,-88.8073274,,760629576,Unverified
USGS-05426067,"BARK RIVER AT NAGAWICKA ROAD AT DELAFIELD, WI",43.08777778,-88.3761111,13291814,760464832,Unverified
USGS-05426250,"BARK RIVER NEAR ROME, WI",42.96027778,-88.6705556,13295168,760529739,Unverified
USGS-05427085,"ROCK RIVER AT FORT ATKINSON, WI",42.9289722,-88.8395278,13296176,760577998,Unverified
USGS-05427530,"ROCK RIVER AT NEWVILLE, WI",42.83,-89.0213889,13297220,760549717,Unverified
USGS-05427718,"YAHARA RIVER AT WINDSOR, WI",43.20888889,-89.3525,13293456,760518072,Unverified
USGS-05427850,"YAHARA RIVER AT STATE HIGHWAY 113 AT MADISON, WI",43.1508333,-89.4019444,13293576,760533050,Unverified
USGS-05427880,"SIXMILE CREEK AT STATE HIGHWAY 19 NEAR WAUNAKEE,WI",43.1922222,-89.4728889,13294132,760383289,Unverified
USGS-05427905,"SIXMILE CREEK AT WOODLAND DRIVE NEAR WAUNAKEE, WI",43.1600722,-89.4321,13293554,760411579,Unverified
USGS-05427910,"SIXMILE CREEK @ COUNTY TRNK HGHWY M NR WAUNAKEE,WI",43.1468333,-89.4368333,13294166,760433212,Unverified
USGS-05427927,"DORN (SPRING) CREEK @ CT HIGHWAY Q NR WAUNAKEE, WI",43.14505556,-89.4718611,13294176,760383293,Unverified
USGS-05427930,"DORN (SPRING) CREEK AT CT HIGHWAY M NR WAUNAKEE,WI",43.14027778,-89.4423056,13294176,760383293,Unverified
USGS-05427943,"PHEASANT BRANCH AT AIRPORT ROAD NEAR MIDDLETON, WI",43.1111111,-89.5361111,13294264,760350015,Unverified
USGS-054279465,"S FORK PHEASANT BRANCH @ DEMING WAY @ MIDDLETON,WI",43.09860617,-89.52151,,,Unverified
USGS-05427948,"PHEASANT BRANCH AT MIDDLETON, WI",43.1033333,-89.5116667,13294264,760379968,Unverified
USGS-05428500,"YAHARA RIVER AT EAST MAIN STREET AT MADISON, WI",43.08944444,-89.3608333,13293750,760516415,Unverified
USGS-05429369,"SWAN CREEK AT LALOR ROAD NEAR FITCHBURG, WI",42.99951944,-89.3615417,13297098,760360008,Unverified
USGS-05429500,"YAHARA RIVER AT MC FARLAND, WI",43.00888889,-89.305,13293970,760528069,Unverified
USGS-05429700,"YAHARA RIVER @ FORTON STREET BRIDGE @ STOUGHTON,WI",42.9197239,-89.2203937,13297194,760558030,Unverified
USGS-05430150,"BADFISH CREEK NEAR COOKSVILLE, WI",42.83333785,-89.19678199,13296760,760484821,Unverified
USGS-05430175,"YAHARA RIVER NEAR FULTON, WI",42.82638889,-89.1719444,13296764,760513109,Unverified
USGS-05430500,"ROCK RIVER AT AFTON, WI",42.6136111,-89.0716667,13297290,760579684,Unverified
USGS-05431016,"JACKSON CREEK AT MOUND ROAD NEAR ELKHORN, WI",42.6408333,-88.5608333,13295584,760328419,Unverified
USGS-05431017,"DELAVAN LAKE INLET AT STATE HWY 50 AT LAKE LAWN,WI",42.6211265,-88.5826011,,760328419,Unverified
USGS-05431018,"DELAVAN LAKE TRB @ S SHORE DR @ DELAVAN LAKE, WI",42.5855641,-88.621995,,760330088,Unverified
USGS-05431022,"DELAVAN LAKE OUTLET AT BORG ROAD NEAR DELAVAN, WI",42.61473739,-88.6248244,13296116,760413285,Unverified
USGS-05431486,"TURTLE CREEK AT CARVERS ROCK ROAD NEAR CLINTON, WI",42.5972222,-88.8291667,13295630,760483175,Unverified
USGS-05432500,"PECATONICA RIVER AT DARLINGTON, WI",42.67777778,-90.1186111,13412928,760529760,Unverified
USGS-05433000,"EAST BRANCH PECATONICA RIVER NR BLANCHARDVILLE, WI",42.78555556,-89.8611111,13410230,760509783,Unverified
USGS-05434500,"PECATONICA RIVER AT MARTINTOWN, WI",42.51,-89.8013889,13411154,760581357,Unverified
USGS-05435943,"BADGER MILL CREEK AT VERONA, WI",42.97694444,-89.5394444,13425023,760356681,Unverified
USGS-05435950,"SUGAR RIVER NEAR VERONA, WI",42.94916667,-89.5441667,13425065,760419915,Unverified
USGS-05436500,"SUGAR RIVER NEAR BRODHEAD, WI",42.61230556,-89.3979722,13425947,760523109,Unverified
USGS-05438283,"PISCASAW CREEK NEAR WALWORTH, WI",42.52166667,-88.6608333,19285051,760298476,Unverified
USGS-05543830,"FOX RIVER AT WAUKESHA, WI",43.0047222,-88.2436111,14767570,760554694,Unverified
USGS-05544200,"MUKWONAGO RIVER AT MUKWONAGO, WI",42.85666667,-88.3277778,14768304,760473171,Unverified
USGS-055451345,"WHITE RIVER AT CENTER STREET AT LAKE GENEVA, WI",42.59055556,-88.4336111,,760363368,Unverified
USGS-05545750,"FOX RIVER NEAR NEW MUNSTER, WI",42.61085116,-88.225923,14769576,760561382,Unverified
USGS-425037087583301,"Root River at W. Eight Mile Rd near Caledonia, WI",42.84366667,-87.97575,12169027,740221611,Unverified
USGS-441520088045002,"GLRI EAST RIVER TILE 1 NEAR GREENLEAF, WI",44.25563889,-88.0805833,12006723,740296787,Unverified
USGS-06036805,"Firehole River at Old Faithful, YNP",44.4593333,-110.8222722,3061736,760401498,Unverified
USGS-06036905,Firehole River near West Yellowstone MT,44.6201833,-110.8635028,3061602,760566220,Unverified
USGS-06036940,"Tantalus Creek at Norris Junction, YNP",44.732725,-110.7132528,3060564,760419779,Unverified
USGS-06037100,"Gibbon River at Madison Jct, YNP",44.6408,-110.8610639,3060622,760586186,Unverified
USGS-06186500,Yellowstone River at Yellowstone Lk Outlet YNP,44.56709167,-110.3804056,2965742,760541266,Unverified
USGS-06188000,Lamar River nr Tower Ranger Station YNP,44.92817778,-110.3942694,2965578,760641077,Unverified
USGS-06190540,"Boiling River at Mammoth,YNP",44.9851333,-110.6893444,2965566,760597808,Unverified
USGS-06218500,"WIND RIVER NEAR DUBOIS, WY",43.57856415,-109.7598835,12898110,760576283,Unverified
USGS-06220800,"WIND RIVER ABOVE RED CREEK, NEAR DUBOIS, WY",43.441622,-109.4587584,12900872,760562982,Unverified
USGS-06221400,"DINWOODY CREEK ABOVE LAKES, NEAR BURRIS, WY",43.34616667,-109.4087778,12899984,760443182,Unverified
USGS-06224000,"BULL LAKE CREEK ABOVE BULL LAKE, WY",43.1766111,-109.2025556,12900470,760466491,Unverified
USGS-06227600,"WIND RIVER NEAR KINNEAR, WY",43.14277778,-108.7088889,12902084,760587964,Unverified
USGS-06228000,"WIND RIVER AT RIVERTON, WY",43.01051478,-108.3767701,12902364,760681159,Unverified
USGS-06228350,"SF L WIND RIV AB WASHAKIE RES, NR FT WASHAKIE, WY",42.96828927,-109.037628,12889559,760474827,Unverified
USGS-06235500,"LITTLE WIND RIVER NEAR RIVERTON, WY",42.9975,-108.3754167,12890553,760504777,Unverified
USGS-06236100,"WIND RIVER AB BOYSEN RESERVOIR, NR SHOSHONI, WY",43.1289722,-108.2248333,12902120,760657854,Unverified
USGS-06253000,"FIVEMILE CREEK NEAR SHOSHONI, WY",43.22191667,-108.2196944,12871001,760543032,Unverified
USGS-06258000,"MUDDY CREEK NEAR SHOSHONI, WY",43.2860368,-108.2757079,12870955,760553010,Unverified
USGS-06259000,"WIND RIVER BELOW BOYSEN RESERVOIR, WY",43.4249254,-108.1790398,,760509737,Unverified
USGS-06274300,"BIGHORN RIVER AT BASIN, WY",44.3832545,-108.0362688,24660034,760587871,Unverified
USGS-06278300,"SHELL CREEK ABOVE SHELL CREEK RESERVOIR, WY",44.5079801,-107.4037496,,760411477,Unverified
USGS-06279500,"BIGHORN RIVER AT KANE, WY",44.75852989,-108.1815559,12802828,760581187,Unverified
USGS-06279940,"NORTH FORK SHOSHONE RIVER AT WAPITI, WY",44.4714444,-109.4183528,12794891,760554584,Unverified
USGS-06280300,"SOUTH FORK SHOSHONE RIVER NEAR VALLEY, WY",44.20788889,-109.55525,,760527980,Unverified
USGS-06281000,"SOUTH FORK SHOSHONE RIVER AB BUFFALO BILL RES, WY",44.41907987,-109.2579755,12788684,760571229,Unverified
USGS-06285100,"SHOSHONE RIVER NEAR LOVELL, WY",44.83852799,-108.4351763,940080052,760641084,Unverified
USGS-06309200,"MIDDLE FORK POWDER RIVER NEAR BARNUM, WY",43.57773999,-107.1383995,5351095,760403228,Unverified
USGS-06313400,"SALT CREEK NEAR SUSSEX, WY",43.62191829,-106.3683639,,760498073,Unverified
USGS-06317000,"POWDER RIVER AT ARVADA, WY",44.64993155,-106.127598,9587546,760676042,Unverified
USGS-06318500,"CLEAR CREEK NEAR BUFFALO, WY",44.33275055,-106.7772735,5380868,760483042,Unverified
USGS-06324970,"LITTLE POWDER RIVER AB DRY CREEK, NEAR WESTON, WY",44.9268794,-105.3534087,,760671029,Unverified
USGS-06386500,"CHEYENNE RIVER NEAR SPENCER, WY",43.42108409,-104.1316022,9554185,760582952,Unverified
USGS-06426500,"BELLE FOURCHE RIVER BELOW MOORCROFT, WY",44.32188385,-104.9406108,10904719,760539619,Unverified
USGS-06622700,"NORTH BRUSH CREEK NEAR SARATOGA, WY",41.37022978,-106.520632,15983485,760423364,Unverified
USGS-06623800,"ENCAMPMENT RIVER AB HOG PARK CR, NR ENCAMPMENT, WY",41.02356508,-106.8248049,15984809,760549855,Unverified
USGS-06625000,"ENCAMPMENT RIVER AT MOUTH, NEAR ENCAMPMENT, WY",41.30328495,-106.7153597,15983787,760533196,Unverified
USGS-06630000,"N PLATTE RIV AB SEMINOE RESERVOIR, NR SINCLAIR, WY",41.87216636,-107.0575984,15980585,760644642,Unverified
USGS-06630465,"Medicine Bow R ab E Fk Med Bow nr Elk Mountain, WY",41.54777778,-106.4097222,15968499,760574776,Unverified
USGS-06632400,"ROCK CREEK AB KING CANYON CANAL, NR ARLINGTON, WY",41.58522927,-106.222847,15968457,760518196,Unverified
USGS-06634060,"L Medicine Bow R ab Sand Cr, nr Shirley Basin, WY",42.3311111,-106.1552778,15961554,760556410,Unverified
USGS-06634620,"L MEDICINE BOW R AT BOLES SPRING, NR MEDICINE BOW",41.96105917,-106.2092391,15963456,760613016,Unverified
USGS-06635000,"MEDICINE BOW R AB SEMINOE RESERVOIR, NR HANNA, WY",42.00966817,-106.5131381,15966993,760618004,Unverified
USGS-06638090,"SWEETWATER RIVER NEAR SWEETWATER STATION, WY",42.5038205,-108.2506982,15950892,760523119,Unverified
USGS-06642000,"NORTH PLATTE RIVER AT ALCOVA, WY",42.5741069,-106.692594,,760584681,Unverified
USGS-06646000,"DEER CREEK IN CANYON, NEAR GLENROCK, WY",42.711632,-106.0291783,22105603,760499810,Unverified
USGS-06652000,"NORTH PLATTE RIVER AT ORIN, WY",42.65247578,-105.1592123,22091925,760594658,Unverified
USGS-06657000,"NORTH PLATTE RIVER BELOW WHALEN DIVERSION DAM, WY",42.2410095,-104.6280247,17506822,760681217,Unverified
USGS-06660000,"LARAMIE RIVER AT LARAMIE, WY",41.32777778,-105.6074167,17495175,760598088,Unverified
USGS-06670500,"LARAMIE RIVER NEAR FORT LARAMIE, WY",42.2005103,-104.5383548,17483383,760603013,Unverified
USGS-06674500,NORTH PLATTE RIVER AT WYOMING-NEBRASKA STATE LINE,41.98857008,-104.0533373,17507762,760697877,Unverified
USGS-09188500,"GREEN RIVER AT WARREN BRIDGE, NEAR DANIEL, WY",43.0190833,-110.1188611,18345961,710265920,Unverified
USGS-09192750,"New Fork River ab New Fork Lakes, nr Cora, WY",43.1260559,-109.8973809,18325158,710132986,Unverified
USGS-09195000,"Lake Creek below Willow Lake, nr Cora, WY",42.9931111,-109.9094139,18327950,710238146,Unverified
USGS-09196500,"PINE CREEK ABOVE FREMONT LAKE, WY",43.02705556,-109.7735278,18325008,710238144,Unverified
USGS-09201500,"Boulder Creek above Boulder Lake, near Boulder, WY",42.8563369,-109.6173664,18329148,710256009,Unverified
USGS-09202000,"Boulder Creek bl Boulder Lake, nr Boulder, WY",42.8193643,-109.7171369,18331516,710257993,Unverified
USGS-09205000,"NEW FORK RIVER NEAR BIG PINEY, WY",42.5671427,-109.930196,18351849,710369111,Unverified
USGS-09209400,"GREEN RIVER NEAR LA BARGE, WY",42.19269994,-110.1632544,18355089,710561578,Unverified
USGS-09210500,"FONTENELLE C NR HERSCHLER RANCH, NR FONTENELLE, WY",42.09580556,-110.4160833,18354249,710476272,Unverified
USGS-09211200,"GREEN RIVER BELOW FONTENELLE RESERVOIR, WY",42.0209722,-110.0498056,18312556,710529843,Unverified
USGS-09213500,"BIG SANDY RIVER NEAR FARSON, WY",42.3296,-109.5119,18302986,710406820,Unverified
USGS-09215000,"PACIFIC CREEK NEAR FARSON, WY",42.1283333,-109.3254444,18302302,710420719,Unverified
USGS-09217000,"GREEN RIVER NEAR GREEN RIVER, WY",41.5163221,-109.4490579,10034178,710827470,Unverified
USGS-09218500,"BLACKS FORK NEAR MILLBURNE, WY",41.03159787,-110.5793647,3197078,710748136,Unverified
USGS-09219200,"Blacks Fork above Smiths Fork, near Lyman, WY",41.39415,-110.2059583,3195576,710896916,Unverified
USGS-09220000,"EAST FORK OF SMITHS FORK NEAR ROBERTSON, WY",41.0538611,-110.3986389,3196672,710710442,Unverified
USGS-09222400,"MUDDY CREEK NEAR HAMPTON, WY",41.53798358,-110.2293599,3265786,710775884,Unverified
USGS-09223000,"HAMS FORK BELOW POLE CREEK, NEAR FRONTIER, WY",42.11088889,-110.7094167,3192546,710398895,Unverified
USGS-09224700,"BLACKS FORK NEAR LITTLE AMERICA, WY",41.5460425,-109.6935102,3194796,710829451,Unverified
USGS-09229500,"HENRYS FORK NEAR MANILA, UT",41.00452778,-109.6675556,10036250,710813607,Unverified
USGS-09255200,"Little Snake River ab Savery Cr, nr Savery, WY",41.01674167,-107.4402583,18276369,710799719,Unverified
USGS-09257000,"LITTLE SNAKE RIVER NEAR DIXON, WY",41.02852778,-107.5488611,18276331,710750121,Unverified
USGS-09258050,"Muddy Creek above Olson Draw, near Dad, WY",41.4783333,-107.6025,18272094,710728272,Unverified
USGS-09258980,"MUDDY CREEK BELOW YOUNG DRAW, NEAR BAGGS, WY",41.06814337,-107.6316359,18272390,710811620,Unverified
USGS-09259049,"Gibson Blair Ditch near Baggs, WY",41.02921389,-107.6837806,18275907,710865191,Unverified
USGS-09259050,"Little Snake R bl Gibson Blair Ditch, nr Baggs, WY",41.0290111,-107.6837278,18275913,710865191,Unverified
USGS-09259700,"Little Snake River bl Dry Gulch, nr Baggs, WY",41.0030203,-107.9203562,18276337,710861224,Unverified
USGS-10016900,"BEAR RIVER AT EVANSTON, WY",41.2698611,-110.9636944,7884940,710859226,Unverified
USGS-10020100,"BEAR RIVER ABOVE RESERVOIR, NEAR WOODRUFF, UT",41.4343899,-111.0176863,7882578,710871123,Unverified
USGS-10020300,"BEAR RIVER BELOW RESERVOIR, NEAR WOODRUFF, UT",41.505501,-111.0146317,7879744,710823504,Unverified
USGS-10028500,"BEAR RIVER BELOW PIXLEY DAM, NEAR COKEVILLE, WY",41.93795,-110.9868806,7902389,710601272,Unverified
USGS-10032000,"SMITHS FORK NEAR BORDER, WY",42.2932662,-110.8724064,7899797,710454438,Unverified
USGS-10038000,"BEAR RIVER BELOW SMITHS FORK, NR COKEVILLE, WY",42.12652778,-110.9731972,7900637,710464367,Unverified
USGS-13010065,SNAKE RIVER AB JACKSON LAKE AT FLAGG RANCH WY,44.09888889,-110.6675,23123539,720257605,Unverified
USGS-13011000,"SNAKE RIVER NEAR MORAN, WY",43.85851819,-110.5866219,23123437,720321119,Unverified
USGS-13011500,"PACIFIC CREEK AT MORAN, WY",43.8510187,-110.5171751,23123373,720213982,Unverified
USGS-13011820,"Blackrock Cr bl Split Rock Cr, nr Moran, WY",43.8071111,-110.1787222,23123225,720198117,Unverified
USGS-13011900,"BUFFALO FORK AB LAVA CREEK, NR MORAN, WY",43.83805556,-110.4408333,23123209,720212000,Unverified
USGS-13013650,"SNAKE RIVER AT MOOSE, WY",43.65405556,-110.7154722,23123131,720241779,Unverified
USGS-13014300,"GROS VENTRE R AB UPPER SLIDE LK, NR KELLY, WY",43.5759722,-110.3109444,,720178302,Unverified
USGS-13014500,"GROS VENTRE RIVER AT KELLY, WY",43.62088889,-110.6230556,23130884,720255670,Unverified
USGS-13015000,"GROS VENTRE RIVER AT ZENITH, WY",43.5572222,-110.7627778,23130852,720198141,Unverified
USGS-13016305,"GRANITE C AB GRANITE C SUPPLEMENTAL, NR MOOSE, WY",43.60316667,-110.8058333,24433101,720146553,Unverified
USGS-13016450,"FISH CREEK AT WILSON, WY",43.50076005,-110.8716,24433179,720202113,Unverified
USGS-13018300,"CACHE CREEK NEAR JACKSON, WY",43.45213098,-110.7041203,24432663,,Unverified
USGS-13018350,"FLAT CREEK BELOW CACHE CREEK, NEAR JACKSON, WY",43.4583611,-110.7970278,24432657,720204102,Unverified
USGS-13018750,"SNAKE RIVER BELOW FLAT CREEK, NEAR JACKSON, WY",43.3722222,-110.7386111,24432645,720202129,Unverified
USGS-13019500,"HOBACK RIVER NEAR JACKSON, WY",43.30527778,-110.6801944,24432405,720202138,Unverified
USGS-13022500,"SNAKE RIVER ABOVE RESERVOIR, NEAR ALPINE, WY",43.1961111,-110.8894444,24432371,720202149,Unverified
USGS-13023000,"GREYS RIVER ABOVE RESERVOIR, NEAR ALPINE, WY",43.14305556,-110.9769444,24432173,720194218,Unverified
USGS-13025500,"CROW CREEK NEAR FAIRVIEW, WY",42.67491237,-111.0077309,23134267,720194270,Unverified
USGS-13027500,"SALT RIVER ABOVE RESERVOIR, NEAR ETNA, WY",43.0797222,-111.0372222,23133833,720241841,Unverified
USGS-01648000,"ROCK CREEK AT SHERRILL DRIVE WASHINGTON, DC",38.9725,-77.04,22338431,750091961,Unverified
USGS-01648010,"ROCK CREEK AT JOYCE RD WASHINGTON, DC",38.96016667,-77.0420556,22338431,750091961,Unverified
USGS-01648011,Luzon Branch above Rock Creek at Washington DC,38.96169444,-77.04138889,22338431,750091961,Unverified
USGS-01651770,"HICKEY RUN AT NATIONAL ARBORETUM AT WASHINGTON, DC",38.9161111,-76.9688611,22338125,,Unverified
USGS-01651800,"WATTS BRANCH AT WASHINGTON, DC",38.90127778,-76.94327778,22337781,,Unverified
USGS-01651827,"Anacostia River nr Buzzard Point at Washington, DC",38.86516667,-77.0103333,22340557,750096107,Unverified
