site_no,station_nm,dec_lat_va,dec_long_va,alt_va,parm_cd
02339495,OSELIGEE CREEK NEAR LANETT AL,32.9015159,-85.1963308,,00060
02342500,"UCHEE CREEK NEAR FORT MITCHELL, AL.",32.31681467,-85.014931,201.63,00060
02342937,"SOUTH FORK COWIKEE CREEK NR HOWE, AL",32.0167861,-85.2138,196,00060
023432415,"CHATTAHOOCHEE R .36 MI DS WFG DAM NR FT GAINES, GA",31.62219444,-85.0591667,0.01,00060
02361000,"CHOCTAWHATCHEE RIVER NEAR NEWTON, AL.",31.3429492,-85.6104912, 138.56,00060
02361500,CHOCTAWHATCHEE RIVER NEAR BELLWOOD AL,31.15934229,-85.7843789,,00060
02362240,"LITTLE DOUBLE BRIDGES CREEK NR ENTERPRISE, AL.",31.27239318,-85.9582737,199.52,00060
02363000,PEA RIVER NEAR ARITON AL,31.59488716,-85.7829975,246.59,00060
02364500,PEA RIVER NEAR SAMSON AL,31.11267588,-86.0993868,97.56,00060
02369800,BLACKWATER RIVER NEAR BRADLEY AL,31.02767985,-86.7099567, 121.87,00060
02371500,CONECUH RIVER AT BRANTLEY AL,31.57349458,-86.2516226,226.13,00060
02372250,PATSALIGA CREEK NEAR BRANTLEY AL,31.59627177,-86.40551809, 220.00,00060
02372422,"CONECUH RIVER BEL PT A DAM NR RIVER FALLS, AL.",31.3612799,-86.5196826, 120.80,00060
02372430,"CONECUH RIVER AT RIVER FALLS, ALABAMA",31.34822474,-86.5294047,120.08,00060
02373000,SEPULGA RIVER NEAR MCKENZIE AL,31.4537758,-86.7869139,156.41,00060
02374250,"CONECUH RIVER AT STATE HWY 41 NEAR BREWTON, AL.",31.06715578,-87.0616644, 42.77,00060
02374500,MURDER CREEK NEAR EVERGREEN AL,31.41850006,-86.9866403,178.24,00060
02374700,"MURDER CREEK AT STATE HWY 41 AT BREWTON, AL.",31.10101137,-87.06885829,51.85,00060
02374745,"BURNT CORN CREEK AT STATE HWY 41 NEAR BREWTON, AL.",31.1298991,-87.0871928,69.4,00060
02374950,BIG ESCAMBIA CR AT SARDINE BR NR STANLEY CROSSROAD,31.12962115,-87.3705353,,00060
02375000,BIG ESCAMBIA CREEK AT FLOMATON AL,31.01076847,-87.2627814, 47.76,00060
02377570,"STYX RIVER NEAR ELSANOR, AL.",30.6057484,-87.5472057,,00060
02378170,"WOLF CREEK BELOW FOLEY, ALA",30.38828617,-87.6527928,16.23,00060
02378185,"INTRACOASTAL WATERWAY - GULF SHORES, AL.",30.27964626,-87.6866524,,00060
02378300,"MAGNOLIA RIVER AT US 98 NEAR FOLEY, ALABAMA",30.40658669,-87.7369323,16.27,00060
02378500,FISH RIVER NEAR SILVER HILL AL,30.54547146,-87.79860149, 20.00,00060
0237854520,"FISH RIVER NEAR MARLOW, AL",30.47466944,-87.8026444, 3,00060
02378780,"D'OLIVE CREEK NEAR BRIDGEHEAD, AL",30.65206944,-87.8896472,,00060
02397530,"COOSA RIVER AT STATE LINE, AL/GA",34.20194444,-85.45325, 549.5,00060
02398300,CHATTOOGA RIVER ABOVE GAYLESVILLE AL,34.29036965,-85.5091268, 562.11,00060
02399200,LITTLE RIVER NEAR BLUE POND AL,34.2889813,-85.6805204, 589.34,00060
02400100,TERRAPIN CREEK AT ELLISVILLE AL,34.06509836,-85.6141287, 539.07,00060
02400496,"COOSA RIVER AT GADSDEN STEAM PLANT NR GADSDEN, AL",34.01398655,-85.9702488,486.12,00060
02400680,"BIG WILLS CREEK AT STATE HWY 35 NR FORT PAYNE, AL",34.43814386,-85.7671907,785.38,00060
02401000,BIG WILLS CREEK NEAR REECE CITY,34.0981515,-86.0380286, 570.00,00060
02401330,"COOSA RIVER NR SOUTHSIDE, ALA",33.9431535,-86.02608309,513.71,00060
02401390,BIG CANOE CREEK AT ASHVILLE AL,33.8398211,-86.2627559, 529.56,00060
02401895,"OHATCHEE CREEK AT OHATCHEE, AL",33.7803769,-85.9983035,,00060
02403170,"SHOAL CREEK NEAR HEFLIN, AL",33.72522778,-85.6011972,943,00060
02403310,"CHOCCOLOCCO CREEK NEAR BOILING SPRING, ALABAMA",33.60204998,-85.7852411,600.29,00060
02404400,CHOCCOLOCCO CREEK AT JACKSON SHOAL NR LINCOLN AL,33.5484383,-86.0969163, 448.50,00060
02405500,KELLY CREEK NEAR VINCENT AL,33.4476497,-86.3869219,404.18,00060
02406500,TALLADEGA CREEK AT ALPINE AL,33.35955497,-86.2341414, 431.34,00060
02406930,"SHIRTEE CREEK NEAR ODENA, ALABAMA",33.21178164,-86.273308,,00060
02407000,COOSA RIVER AT CHILDERSBURG AL,33.29182009,-86.3638657, 382.47,00060
02407514,"YELLOWLEAF CREEK NEAR WESTOVER, AL",33.32066689,-86.4952592,,00060
02408150,"WALNUT CREEK ABOVE CLANTON, ALA",32.89027778,-86.5791667,,00060
02408540,HATCHET CREEK BELOW ROCKFORD AL,32.9168292,-86.2702519,373.50,00060
02411590,"COOSA RIVER AT HWY 14 NEAR WETUMPKA, AL",32.5505472,-86.1957944,112.13,00060
02412000,"TALLAPOOSA RIVER NEAR HEFLIN, AL",33.622885,-85.5132894,83.73,00060
02413300,LITTLE TALLAPOOSA RIVER NEAR NEWELL AL,33.43733498,-85.399118,843.26,00060
02414300,"TALLAPOOSA RIVER AT MALONE, ALABAMA",33.19706256,-85.5771772,635,00060
02414500,TALLAPOOSA RIVER AT WADLEY AL,33.11678684,-85.5607875, 599.87,00060
02414715,"TALLAPOOSA RIVER NR NEW SITE, AL.(HORSESHOE BEND)",32.97738315,-85.7396804,528.60,00060
02415000,HILLABEE CREEK NEAR HACKNEYVILLE AL,33.06539786,-85.8780186, 557.92,00060
02416360,"LITTLE SANDY CREEK AT CAMP HILL, AL",32.78545278,-85.64283889,583.23,00060
02418230,"SOUGAHATCHEE CREEK AT CO RD 188 NR LOACHAPOKA, AL.",32.62680015,-85.5880076,522.99,00060
02418760,CHEWACLA CREEK AT CHEWACLA STATE PARK NR AUBURN,32.5481918,-85.4805044,,00060
02419000,UPHAPEE CREEK NEAR TUSKEGEE AL,32.4768401,-85.69495709, 223.64,00060
02419890,TALLAPOOSA RIVER NEAR MONT.-MONT. WATER WORKS,32.43989677,-86.1955275, 129.03,00060
02420000,"ALABAMA RIVER NEAR MONTGOMERY, AL.",32.41152597,-86.40830579, 97.90,00060
02421000,CATOMA CREEK NEAR MONTGOMERY AL,32.30736239,-86.2994126,150.92,00060
02421480,"BIG SWAMP CREEK SW OF HAYNEVILLE, AL",32.16718333,-86.5917,171,00060
02422500,MULBERRY CREEK AT JONES AL,32.5829103,-86.9035991, 165.23,00060
02423110,"CAHABA RIVER NEAR TRUSSVILLE, ALA",33.66565755,-86.592209,746.01,00060
02423130,"CAHABA RIVER AT TRUSSVILLE, AL.",33.62232504,-86.599431,673.47,00060
02423160,CAHABA RIVER NEAR WHITES CHAPEL AL,33.60371416,-86.5491517,562.79,00060
02423380,CAHABA RIVER NEAR MOUNTAIN BROOK AL,33.4817724,-86.7127653,443.99,00060
02423397,"LITTLE CAHABA RIVER BELOW LEEDS, AL.",33.53454886,-86.5624847,595.63,00060
02423400,"LITTLE CAHABA RIVER NR JEFFERSON PARK, AL.",33.4998273,-86.6141521,556.57,00060
02423414,LITTLE CAHABA RIVER AT CAH BEA RD NR CAHABA HTS AL,33.43982948,-86.6988758,,00060
02423425,CAHABA RIVER NEAR CAHABA HEIGHTS AL,33.4156637,-86.7397099,405.17,00060
02423496,"CAHABA RIVER NEAR HOOVER, AL",33.3692767,-86.7841551,379.70,00060
02423500,CAHABA RIVER NEAR ACTON AL,33.36344373,-86.8130446,375.44,00060
0242354650,CAHABA VALLEY CR AT INDIAN TRAIL RD NR INDIAN SPRS,33.3449441,-86.7594183,462.37,00060
0242354750,"CAHABA VALLEY CREEK AT CROSS CR RD AT PELHAM, AL.",33.31344546,-86.8063775,428.65,00060
02423555,CAHABA RIVER NEAR HELENA AL,33.28455786,-86.8824901,357,00060
02423571,SHADES CREEK AT ELDER ST NEAR SPRINGDALE AL,33.52093809,-86.7169325,678.41,00060
02423586,"SHADES CREEK NR HOMEWOOD, ALA",33.4487185,-86.8136007,605.16,00060
02423630,SHADES CREEK NEAR GREENWOOD AL,33.3262234,-86.9497141,478.52,00060
02423647,CAHABA RIVER NEAR WEST BLOCTON AL,33.09817509,-87.054716,250.26,00060
02423800,LITTLE CAHABA RIVER NEAR BRIERFIELD AL,33.0576205,-86.95276899,313.81,00060
02424000,CAHABA RIVER AT CENTREVILLE AL,32.9451238,-87.1391623,180.81,00060
02425000,CAHABA RIVER NEAR MARION JUNCTION AL,32.4440634,-87.180279, 86.91,00060
02427020,"BOGUE CHITTO CREEK AT CO RD 115 BELOW ORRVILLE, AL",32.27712327,-87.2813932,83.33,00060
02427250,"PINE BARREN CREEK NEAR SNOW HILL, AL.",31.99629727,-87.0683313, 126.58,00060
02428400,ALABAMA RIVER AT CLAIBORNE L&D NEAR MONROEVILLE,31.61515849,-87.550548, 0.00,00060
02429000,LIMESTONE CREEK NEAR MONROEVILLE AL,31.5626977,-87.351673, 102.31,00060
02429540,"ALABAMA RIVER AT CHOCTAW BLUFF, AL.",31.3637786,-87.7649946,,00060
02438000,BUTTAHATCHEE RIVER BELOW HAMILTON AL,34.10621294,-87.9894765,360.82,00060
02442500,"LUXAPALLILA CREEK AT MILLPORT, AL",33.57511416,-88.0833605,243.74,00060
02444160,"TOMBIGBEE RIVER AT BEVILL L&D NR PICKENSVILLE, AL",33.21067874,-88.2886454, 000.00,00060
02446500,"SIPSEY RIVER NR ELROD, AL",33.2570987,-87.776408, 197.16,00060
02447025,"TOMBIGBEE R AT HEFLIN L&D NR GAINESVILLE, AL",32.8481856,-88.1561363,142.44,00060
02448500,"NOXUBEE RIVER NR GEIGER, AL",32.9326287,-88.2978103,86.19,00060
02448900,"BODKA CREEK NEAR GEIGER, AL.",32.80707585,-88.3119761,104.87,00060
02449838,"DUCK RIVER ABOVE HWY 278 NEAR BERLIN, AL",34.1725,-86.69388889,592.26,00060
02449882,"BLUE SPRINGS CREEK NEAR BLOUNTSVILLE, AL.",34.07985725,-86.6077617,649.22,00060
02450000,"MULBERRY FORK NEAR GARDEN CITY, AL.",34.01204356,-86.73666329,392.85,00060
02450180,"MULBERRY FORK NEAR ARKADELPHIA, AL.",33.87204689,-86.9222211,267.40,00060
02450250,SIPSEY FORK NEAR GRAYSON AL,34.28537757,-87.3989084, 540.00,00060
02450825,"CLEAR C AT NEW HOPE CHURCH NR POPLAR SPRINGS, AL.",34.08121506,-87.422793,565.87,00060
02452505,"SIPSEY FORK AT SIPSEY, ALA",33.82121589,-87.0702788,,00060
02453000,BLACKWATER CREEK NEAR MANCHESTER AL,33.90843985,-87.2569514,401.13,00060
02453500,MULBERRY FORK AT CORDOVA AL,33.75760677,-87.1702791,243.65,00060
02454000,LOST CREEK NEAR OAKMAN AL,33.76399789,-87.3583383,275.96,00060
02455000,"LOCUST FORK NEAR CLEVELAND, AL.",34.02454235,-86.5741573,537.06,00060
02455185,BLACKBURN FORK LITTLE WARRIOR R NR HOLLY SPRINGS,33.8606544,-86.4458178,,00060
02455980,TURKEY CREEK AT SEWAGE PLANT NEAR PINSON AL,33.71121273,-86.6961013,501.77,00060
02456000,TURKEY CREEK AT MORRIS AL,33.74037995,-86.8124936, 345.18,00060
02456500,"LOCUST FORK AT SAYRE, AL.",33.7098268,-86.9833305, 258.64,00060
02457595,"FIVEMILE CREEK NEAR REPUBLIC, AL",33.5970492,-86.8680483,395.64,00060
02457704,"FIVE MILE CREEK NR SAYRE, ALA",33.66343834,-86.9736073,,00060
02458148,"VILLAGE CREEK AT 86TH ST NORTH AT ROEBUCK, AL.",33.5770483,-86.7188778,642.15,00060
02458190,TRIB TO VILLAGE CREEK AT 50th ST IN BIRMINGHAM,33.54843779,-86.7613783,599.32,00060
02458450,"VILLAGE CREEK AT AVENUE W AT ENSLEY, AL",33.5176059,-86.8791584, 505.16,00060
02458502,"VILLAGE CREEK NEAR PRATT CITY, ALABAMA",33.5239948,-86.8911032, 500.22,00060
02458600,"VILLAGE CREEK NEAR DOCENA, ALABAMA",33.5481615,-86.9258266,493.09,00060
02460500,"VILLAGE CREEK NEAR ADAMSVILLE, AL.",33.6056616,-87.0069405, 340.00,00060
02461130,"VALLEY CREEK AT CENTER ST AT BIRMINGHAM, AL",33.5057722,-86.8364556,544.65,00060
02461192,"VALLEY CREEK AT AVE W NEAR ENSLEY, AL",33.4926111,-86.8721722,518.92,00060
02461405,"VALLEY CREEK BELOW BRIGHTON, ALA",33.4256647,-86.9527705,472.14,00060
02461500,"VALLEY CREEK NEAR BESSEMER, AL",33.4192762,-86.9827711,438.92,00060
02462000,VALLEY CREEK NEAR OAK GROVE AL,33.44733226,-87.1222186,294.99,00060
02464000,NORTH RIVER NEAR SAMANTHA AL,33.47928058,-87.5972297,233.19,00060
02465000,BLACK WARRIOR RIVER AT NORTHPORT AL,33.20928528,-87.5900074, 0.00,00060
02465292,"CRIBBS MILL CREEK AT WW PLANT AT TUSCALOOSA, AL.",33.17484164,-87.5647288,139.94,00060
02465493,ELLIOTTS CREEK AT MOUNDVILLE AL,32.99734636,-87.6222295,147.92,00060
02466030,"BLACK WARRIOR RIVER AT SELDEN L & D NEAR EUTAW, AL",32.77790835,-87.8405687, 0.00,00060
02466500,"BIG PRAIRIE CREEK NEAR GALLION, AL.",32.54128314,-87.68112729,77.78,00060
02467000,"TOMBIGBEE R AT DEMOPOLIS L&D NEAR COATOPA, AL.",32.51958077,-87.8783476, 0.00,00060
02467500,SUCARNOOCHEE RIVER AT LIVINGSTON AL,32.5737822,-88.1933648, 90.40,00060
02469500,TUCKABUM CREEK NEAR BUTLER AL,32.18351447,-88.1700306,70.35,00060
02469525,"TOMBIGBEE RIVER NEAR NANAFALIA, AL.",32.13014697,-88.0411267, 0.00,00060
02469761,"TOMBIGBEE R AT COFFEEVILLE L&D NR COFFEEVILLE, AL.",31.75849066,-88.1291763, 0.00,00060
02469800,SATILPA CREEK NEAR COFFEEVILLE AL,31.7443247,-88.0225066, 39.80,00060
02470072,"BASSETT CREEK AT US HIGHWAY 43 NR THOMASVILLE, AL.",31.8640785,-87.7472402,289.83,00060
02471001,CHICKASAW CREEK NEAR KUSHLA AL,30.80296466,-88.1433355,3.42,00060
02471078,"FOWL RIVER AT HALF-MILE RD NEAR LAURENDINE, AL.",30.50075106,-88.1813906, 16.96,00060
02479500,"ESCATAWPA RIVER NEAR WILMER, AL",30.8624092,-88.417792,48.08,00060
02479945,"BIG CREEK AT COUNTY RD 63 NEAR WILMER, AL.",30.85601968,-88.3338988,125.15,00060
02479980,"CROOKED CREEK NEAR FAIRVIEW, AL.",30.78018805,-88.3188979, 115,00060
02480002,"HAMILTON CREEK AT SNOW ROAD NEAR SEMMES, AL.",30.72605413,-88.2764221, 107.41,00060
02480020,BIG CREEK NEAR SEVEN HILLS AL,30.6393899,-88.3930922,,00060
03572110,"CROW CREEK AT BASS, AL",34.9342828,-85.9174627,598.75,00060
03572690,"SOUTH SAUTY CREEK NEAR RAINSVILLE, ALA",34.4986981,-85.9296966, 1100,00060
03572900,TOWN CREEK NEAR GERALDINE AL,34.3784235,-85.9902524, 1002.52,00060
03574100,ESTILL FORK AT ESTILLFORK AL,34.91,-86.1683333,,00060
03574500,PAINT ROCK RIVER NEAR WOODVILLE AL,34.6242547,-86.3063737, 570.95,00060
0357479650,"HESTER CREEK AT BUDDY WILLIAMSON RD NR PLEVNA, AL",34.96092128,-86.4636024, 756.34,00060
03575100,"FLINT RIVER AT BROWNSBORO, AL.",34.7492568,-86.4466551, 615.92,00060
0357526200,"BIG COVE CREEK AT DUG HILL ROAD NR HUNTSVILLE, AL.",34.70481325,-86.512212,640.22,00060
03575272,"PEEVEY CREEK NEAR GURLEY, ALA",34.68203467,-86.44832149,,00060
0357568650,"ALDRIDGE CREEK AT TONEY DRIVE AT HUNTSVILLE, AL.",34.6981466,-86.5505467,654.28,00060
0357568980,"ALDRIDGE C AT SHERWOOD DR NR HUNTSVILLE, ALA",34.6642578,-86.5541579,606.76,00060
03575700,ALDRIDGE CREEK NEAR FARLEY AL,34.6239801,-86.54110169,576.05,00060
03575830,INDIAN CREEK NEAR MADISON AL,34.6973134,-86.6999967,601.36,00060
0357586650,"FAGAN CREEK AT ADAMS STREET AT HUNTSVILLE, AL.",34.7226208,-86.5749828,615.35,00060
0357587090,WEST FORK PINHOOK CR AT BLUE SPRS RD AT HUNTSVILLE,34.7884527,-86.5985946,688.14,00060
0357587140,EAST FORK PINHOOK CR AT WINCHESTER RD AT HUNTSVIL,34.79289707,-86.5891499,688.11,00060
0357587400,"PINHOOK C AT MASTIN LAKE RD AT HUNTSVILLE, ALA",34.77150864,-86.5922056, 646.21,00060
0357587728,"DALLAS BRANCH AT COLEMAN ST IN HUNTSVILLE, AL",34.74567586,-86.5741495, 639.86,00060
03575890,"PINHOOK CREEK AT CLINTON AVE. AT HUNTSVILLE, AL.",34.72759099,-86.5933262,592.67,00060
0357591500,"BROGLAN BRANCH AT OAKWOOD AVENUE AT HUNTSVILLE, AL",34.74956467,-86.6252621,652.82,00060
03575950,"HUNTSVILLE SP BR AT JOHNSON ROAD, HUNTSVILLE AL",34.6900911,-86.5963817,565.18,00060
03575980,MCDONALD CREEK AT PATTON ROAD NR HUNTSVILLE AL,34.69259115,-86.627494,579.84,00060
03576148,COTACO CREEK AT FLORETTE AL,34.4137049,-86.687774,560.26,00060
03576250,LIMESTONE CREEK NEAR ATHENS AL,34.751757,-86.8233348, 626.46,00060
03576500,FLINT CREEK NEAR FALKVILLE AL,34.373184,-86.9336049, 572.60,00060
03577119,"FLINT CREEK AT RED BANK RD SE NR DECATUR, AL",34.5061111,-86.9561111,543.23,00060
03577225,"SWAN CREEK BELOW ATHENS, ALA",34.7639782,-86.9463954,,00060
03586500,BIG NANCE CREEK AT COURTLAND AL,34.67009046,-87.3172429,537.69,00060
03589500,TENNESSEE RIVER AT FLORENCE AL,34.78703254,-87.6700288, 401.12,00060
03590000,CYPRESS CREEK NEAR FLORENCE AL,34.8078655,-87.7005847,422.78,00060
03591800,BEAR CREEK NEAR HACKLEBURG AL,34.28370839,-87.7739189,646.53,00060
03592000,"BEAR CREEK AT REDBAY, AL",34.4439866,-88.1155963,506.68,00060
03592500,"BEAR CREEK AT BISHOP,AL.",34.65592635,-88.1225408, 419.91,00060
15008000,SALMON R NR HYDER AK,56.02599719,-130.06687,286.0,00060
15015595,UNUK R BL BLUE R NR WRANGELL AK,56.2402062,-130.8819864, 150,00060
15024800,STIKINE R NR WRANGELL AK,56.7079243,-132.1319708,10.4,00060
15041200,TAKU R NR JUNEAU AK,58.53829828,-133.7017432, 50,00060
15052000,LEMON C NR JUNEAU AK,58.3915312,-134.4226873,667.1,00060
15052500,MENDENHALL R NR AUKE BAY AK,58.4293972,-134.5745592, 60.00,00060
15052800,MONTANA C NR AUKE BAY AK,58.3979175,-134.6113053,30.7,00060
15055500,ANTLER R BL ANTLER LK NR AUKE BAY AK,58.85181328,-134.7104997,128.7,00060
15056210,TAIYA R NR SKAGWAY AK,59.5118166,-135.3463924,7.0,00060
15056500,CHILKAT R NR KLUKWAN AK,59.41513928,-135.9311295,0,00060
15056560,KLEHINI R NR KLUKWAN AK,59.412916,-135.9989096,105.3,00060
15057596,SALMON R AT GUSTAVUS AK,58.4448462,-135.7419021,22.8,00060
15068040,LEASK CREEK AT SHELTER COVE NR KETCHIKAN AK,55.5193045,-131.524399,100.9,00060
15072000,FISH C NR KETCHIKAN AK,55.3916038,-131.1955833, 20.00,00060
15081497,STANEY C NR KLAWOCK AK,55.8012313,-133.1102972,19.2,00060
15086225,HATCHERY C AT FOREST SVC RD 23 NR COFFMAN COVE AK,55.9086111,-132.9308333,155.2,00060
15087700,INDIAN R AT SITKA AK,57.05316268,-135.3162609,-0.6,00060
15087810,SAWMILL C BL U TAILRACE NR SITKA AK,57.06094209,-135.2115356,140.4,00060
15088000,SAWMILL C NR SITKA AK,57.05121946,-135.2295913,1.9,00060
15101490,GREENS C AT GREENS CREEK MINE NR JUNEAU AK,58.0831894,-134.6335119,860.8,00060
15129120,ALSEK R AT DRY BAY NR YAKUTAT AK,59.1928056,-138.3339167,33.9,00060
15129500,SITUK R NR YAKUTAT AK,59.58636636,-139.4941877, 1,00060
15200280,GULKANA R AT SOURDOUGH AK,62.5203918,-145.5330154, 1852.1,00060
15209700,WF KENNICOTT R AT MCCARTHY AK,61.433718,-142.9426307, 0,00060
15209770,NATIONAL C NR MCCARTHY AK,61.48468889,-142.8866167,2010.8,00060
15214000,COPPER R AT MILLION DOLLAR BRIDGE NR CORDOVA AK,60.6711432,-144.7467135, 150.,00060
15215900,GLACIER R TRIB NR CORDOVA AK,60.53282768,-145.3806864,173.5,00060
15219000,WF OLSEN BAY C NR CORDOVA AK,60.7608756,-146.1743305,0,00060
15226620,LOWE R AB HORSETAIL FALLS NR VALDEZ AK,61.0670833,-145.906111, 321.8,00060
15227090,VALDEZ GLACIER R AT VALDEZ GLACIER LK NR VALDEZ AK,61.14888889,-146.1715833,205.9,00060
15236900,WOLVERINE C NR LAWING AK,60.36999097,-148.8988085,1170.98,00060
15237730,GROUSE C AT GROUSE LK OUTLET NR SEWARD AK,60.1977577,-149.3754736,208.9,00060
15238500,LOWELL C AT SEWARD AK,60.0980324,-149.4451908,70.9,00060
15238648,UPPER NUKA R NR PARK BOUNDARY NR HOMER AK,59.6838574,-150.7054468, 1300,00060
15238986,BATTLE C 1.0 MI AB MOUTH NR HOMER AK,59.76173646,-150.955177, 32.04,00060
15238990,UPPER BRADLEY R NR NUKA GLACIER NR HOMER AK,59.6999688,-150.704616, 1250,00060
15239001,BRADLEY R BL DAM NR HOMER AK,59.7577407,-150.8526778, 1054.16,00060
15239050,MF BRADLEY R NR HOMER AK,59.77774568,-150.7562948, 2300,00060
15239060,MF BRADLEY R BL NF BRADLEY R NR HOMER AK,59.79774138,-150.8654632, 225,00060
15239070,BRADLEY R NR TIDEWATER NR HOMER AK,59.80105909,-150.884922,11.6,00060
15239900,ANCHOR R NR ANCHOR POINT AK,59.7465994,-151.7552127,159.5,00060
15243900,SNOW R NR SEWARD AK,60.2944267,-149.3460349,459.7,00060
15258000,KENAI R AT COOPER LANDING AK,60.49220087,-149.8099463,426.0,00060
15261000,COOPER C AT MOUTH NR COOPER LANDING AK,60.4799772,-149.8827247,436.9,00060
15266110,KENAI R BL SKILAK LK OUTLET NR STERLING AK,60.4660763,-150.6010714,181.7,00060
15266300,KENAI R AT SOLDOTNA AK,60.4769289,-151.0816675, 40.40,00060
15266500,BEAVER C NR KENAI AK,60.56329197,-151.1196992,15.9,00060
15269500,GRANITE C NR PORTAGE AK,60.7272095,-149.2854779,,00060
15271000,SIXMILE C NR HOPE AK,60.8202692,-149.4274606,261.4,00060
15272502,"GLACIER C AT ALYESKA HIGHWAY AT GIRDWOOD, AK",60.9616194,-149.1319194,80.5,00060
15274600,CAMPBELL C NR SPENARD AK,61.1388788,-149.9255484,9.2,00060
15275100,CHESTER C AT ARCTIC BOULEVARD AT ANCHORAGE AK,61.204714,-149.8974969,22.9,00060
15276000,SHIP C NR ANCHORAGE AK,61.22499648,-149.6372152,484.1,00060
15281000,KNIK R NR PALMER AK,61.50445678,-149.0327778,33.6,00060
15283700,MOOSE C NR PALMER AK,61.68438889,-149.0524167, 403.0,00060
15284000,MATANUSKA R AT PALMER AK,61.60862507,-149.0730639,185.2,00060
15290000,L SUSITNA R NR PALMER AK,61.7097358,-149.2319635,921.0,00060
15292000,SUSITNA R AT GOLD CREEK AK,62.7672899,-149.6933794, 682.14,00060
15292700,TALKEETNA R NR TALKEETNA AK,62.3464388,-150.019201, 400.00,00060
15293200,KASHWITNA R NR WILLOW AK,61.92388889,-150.0713889, 185.67,00060
15294005,WILLOW C NR WILLOW AK,61.78028219,-149.8867047,384.6,00060
15295700,TERROR R AT MOUTH NR KODIAK AK,57.69404358,-153.1637244,21.4,00060
15297475,RED CLOUD R TR NR KODIAK AK,57.81599849,-152.6242779,66.5,00060
15297610,RUSSELL C NR COLD BAY AK,55.1769059,-162.6895109, 7.65,00060
15300300,ILIAMNA R NR PEDRO BAY AK,59.7579499,-153.8468866, 80,00060
15302000,NUYAKUK R NR DILLINGHAM AK,59.93483,-158.1900062, 325,00060
15303600,KUSKOKWIM R AT MCGRATH AK,62.9521517,-155.5887347, 300,00060
15303900,KUSKOKWIM R AT LISKYS CROSSING NR STONY RIVER AK,62.0512921,-156.2129556,220.4,00060
15304000,KUSKOKWIM R AT CROOKED CREEK AK,61.868755,-158.1138048,131.8,00060
15304010,CROOKED C AB AIRPORT RD NR CROOKED CREEK AK,61.88931026,-158.1568626,150.0,00060
15320100,WADE C TRIB NR CHICKEN AK,64.12041729,-141.5602063,2016.3,00060
15348000,FORTYMILE R NR STEELE CREEK AK,64.3088137,-141.404467,1143.1,00060
15356000,YUKON R AT EAGLE AK,64.789168,-141.2000892, 850.00,00060
15407500,HARRISON C NR CENTRAL AK,65.3788012,-144.8352137, 1500,00060
15446000,BIRCH C NR CIRCLE AK,65.7107523,-144.3357853,630.7,00060
15453500,YUKON R NR STEVENS VILLAGE AK,65.8751125,-149.720388,243.8,00060
15457790,GOLDSTREAM C BL ALABAM C NR LIVENGOOD AK,65.574,-148.3878556,1086.5,00060
15477740,GOODPASTER R NR BIG DELTA AK,64.450151,-144.9445773,1313.2,00060
15478040,PHELAN C NR PAXSON AK,63.24027778,-145.4680556,3697.8,00060
15484000,SALCHA R NR SALCHAKET AK,64.47152778,-146.9280556, 637.24,00060
15485500,TANANA R AT FAIRBANKS AK,64.7923355,-147.8413488,404.9,00060
15493000,CHENA R NR TWO RIVERS AK,64.9019722,-146.3613333,725.9,00060
15493400,CHENA R BL HUNTS C NR TWO RIVERS AK,64.8595767,-146.8057732,574.3,00060
15493700,CHENA R BL MOOSE C DAM AK,64.80040137,-147.230223,466.4,00060
15511000,L CHENA R NR FAIRBANKS AK,64.88568119,-147.2496758,464.2,00060
15514000,CHENA R AT FAIRBANKS AK,64.8453948,-147.7035724,428.0,00060
15515048,MARGUERITE C 3.6 MI AB EMMA C NR HEALY AK,63.97388889,-148.761111,2091.4,00060
15515060,MARGUERITE C AB EMMA C NR HEALY AK,64.0084108,-148.7282452,1906.7,00060
15515500,TANANA R AT NENANA AK,64.5649444,-149.094,343.7,00060
15518080,LIGNITE C AB MOUTH NR HEALY AK,63.90426299,-148.9859325, 1300,00060
15519030,LIVENGOOD C AT LIVENGOOD AK,65.5229722,-148.5463889,598.5,00060
15519100,TOLOVANA R BL ROSEBUD C NR LIVENGOOD AK,65.4648407,-148.6311143, 450,00060
15564860,YUKON R AT GALENA AK,64.7368753,-156.8941483,,00060
15564879,SLATE C AT COLDFOOT AK,67.2544444,-150.1772222,1046.6,00060
15564900,KOYUKUK R AT HUGHES AK,66.046983,-154.2610644,231.6,00060
15565447,YUKON R AT PILOT STATION AK,61.9336866,-162.8829356, 20.00,00060
15580095,NIUKLUK R AB MELSING C AT COUNCIL AK,64.8919444,-163.67,59.2,00060
15621000,SNAKE R NR NOME AK,64.5634048,-165.5099745,11.3,00060
15635000,ELDORADO C NR TELLER AK,64.9578393,-166.2026442, 225.,00060
15743850,DAHL C NR KOBUK AK,66.945573,-156.9117744,208.4,00060
15744500,KOBUK R NR KIANA AK,66.9730146,-160.1337797,32.3,00060
15746980,IKALUKROK C AB RED DOG C NR KIVALINA AK,68.0932357,-162.9493459,,00060
15746983,RED DOG MINE CLEAN WATER D NR KIVALINA AK,68.0737929,-162.862676,,00060
15746988,NF RED DOG C NR KIVALINA AK,68.0835148,-162.8840664,,00060
1574699020,IKALUKROK C 0.6 MI BL RED DOG C NR KIVALINA AK,68.0851795,-162.971567, 660,00060
15747000,WULIK R BL TUTAK C NR KIVALINA AK,67.87547519,-163.677559,162.2,00060
15875000,COLVILLE R AT UMIAT AK,69.3605,-152.1226944,206.8,00060
15896000,KUPARUK R NR DEADHORSE AK,70.2813799,-148.962861,3.61,00060
15905100,ATIGUN R BL GALBRAITH LK NR PUMP STATION 4 AK,68.4522222,-149.3733333,2586.7,00060
15908000,SAGAVANIRKTOK R NR PUMP STA 3 AK,69.0158333,-148.8177778,1117.4,00060
15980000,HULAHULA R NR KAKTOVIK AK,69.7036623,-144.201236,673.6,00060
09379025,"CHINLE CREEK AT CHINLE, AZ",36.155,-109.5375, 5550.,00060
09379200,"CHINLE CREEK NEAR MEXICAN WATER, AZ",36.943891,-109.7106684, 4720.,00060
09380000,"COLORADO RIVER AT LEES FERRY, AZ",36.8643333,-111.5878722, 3083,00060
09382000,"PARIA RIVER AT LEES FERRY, AZ",36.87220977,-111.5946052, 3123.68,00060
09383100,COLORADO R ABV LITTLE COLORADO R NR DESERT VIEW,36.2040833,-111.8007222,2713,00060
09383400,"LITTLE COLORADO RIVER AT GREER, AZ",34.0167143,-109.4573125, 8283.,00060
09384000,"LITTLE COLORADO R ABV LYMAN LAKE NR ST. JOHNS, AZ",34.31448635,-109.362315, 6010.,00060
09385700,"LITTLE COLORADO RIVER BELOW SALADO SPRINGS, AZ",34.4505935,-109.3623199, 5785.,00060
09386030,"LITTLE COLORADO RVR ABV ZION RES. NR ST. JOHNS, AZ",34.5836456,-109.4070467, 5560.,00060
09386300,"LITTLE COLORADO RVR BLW ZION RES. NR ST JOHNS, AZ",34.6047544,-109.4892735, 5530.,00060
09390500,"SHOW LOW CREEK NEAR LAKESIDE, AZ",34.17948755,-109.9878858, 6610.,00060
09394500,"LITTLE COLORADO RIVER AT WOODRUFF, AZ",34.7828076,-110.0442837, 5130.30,00060
09396100,"PUERCO RIVER NEAR CHAMBERS, AZ",35.18224625,-109.4470509, 5720.,00060
09397000,"LITTLE COLORADO RIVER AT HOLBROOK, AZ",34.8978039,-110.1631768, 5062.87,00060
09397300,"LITTLE COLORADO RIVER NEAR JOSEPH CITY, AZ",34.90113674,-110.2554013, 5031.10,00060
09397500,"CHEVELON FORK BELOW WILDCAT CANYON, NR WINSLOW, AZ",34.6364196,-110.7142957, 5905.16,00060
09398000,"CHEVELON CREEK NEAR WINSLOW, AZ",34.92438889,-110.5289306,4940,00060
09399400,"JACKS CANYON CREEK NEAR WINSLOW, AZ",34.92141094,-110.7976357, 5500,00060
09400350,"LITTLE COLORADO RIVER NEAR WINSLOW, AZ",35.006725,-110.6542806,4835.75,00060
09400815,"NEWMAN CANYON ABOVE UPPER LAKE MARY, AZ",35.05494444,-111.4892222, 6860,00060
09401260,"MOENKOPI WASH AT MOENKOPI, AZ",36.10499334,-111.2018069, 4610.,00060
09402000,"LITTLE COLORADO RIVER NEAR CAMERON, AZ",35.9263819,-111.5673682, 3979.20,00060
09402300,"LITTLE COLORADO RIVER ABV MOUTH NR DESERT VIEW, AZ",36.1952642,-111.7771024, 2760.,00060
09402500,"COLORADO RIVER NEAR GRAND CANYON, AZ",36.10137176,-112.0862795, 2418.70,00060
09403013,"PUMP HOUSE WASH SPRING NEAR GRAND CANYON, AZ",36.0785939,-112.1260026, 3800.,00060
09403043,"HERMIT CREEK ABOVE TONTO TRAIL NR GRAND CANYON, AZ",36.08081566,-112.2137829, 2920.,00060
09403850,"KANAB CREEK ABOVE THE MOUTH NEAR SUPAI, AZ",36.39581624,-112.6318566, 1920.,00060
09404104,"CATARACT CREEK AT REDLANDS CROSSING NEAR VALLE, AZ",35.80444444,-112.4263889, 5433,00060
09404115,"HAVASU CREEK ABOVE THE MOUTH, NEAR SUPAI, AZ",36.30581618,-112.761305, 1800.,00060
09404120,COLORADO R ABV NATIONAL CANYON NR SUPAI,36.25970396,-112.8907533, 1760.,00060
09404200,COLORADO RVR ABV DIAMOND CREEK NR PEACH SPRINGS AZ,35.7735994,-113.363544, 1340.,00060
09404208,"DIAMOND CREEK NEAR PEACH SPRINGS, AZ",35.76498839,-113.3682663, 1400.,00060
09404222,"SPENCER CREEK NEAR PEACH SPRINGS, AZ",35.7999,-113.65535, 1620,00060
09413700,"VIRGIN RV ABV THE NARROWS NR LITTLEFIELD, AZ",36.92138889,-113.8313889, 2000.,00060
09415000,"VIRGIN RV AT LITTLEFIELD, AZ",36.8916437,-113.9244098, 1763.68,00060
09415060,"MESQUITE CANAL NR MESQUITE, NV",36.80988889,-114.01475, 1640,00060
09423560,"FIREBREAK CANAL AT HAVASU NWR NEAR NEEDLES, CA",34.8077833,-114.5713222,452.00,00060
09424380,"TROUT CREEK ABOVE KNIGHT CREEK, NEAR WIKIEUP, AZ",34.94702778,-113.6191389,2472.68,00060
09424447,"BURRO CREEK AT OLD US 93 BRIDGE, NEAR BAGDAD, AZ",34.5416838,-113.4452053, 1880.,00060
09424450,"BIG SANDY RIVER NEAR WIKIEUP, AZ",34.46251664,-113.6243774, 1400.,00060
09424580,"UPPER LITTLE SYCAMORE WASH NEAR BAGDAD, AZ",34.57073889,-113.067561, 2899,00060
09424600,"LITTLE SYCAMORE WASH NEAR BAGDAD, AZ",34.54916667,-113.0577778, 2740,00060
09424900,"SANTA MARIA RIVER NEAR BAGDAD, AZ",34.305854,-113.3471441, 1360,00060
09426000,"BILL WILLIAMS RIVER BELOW ALAMO DAM, AZ",34.2308539,-113.6088195, 967.,00060
09426620,"BILL WILLIAMS RIVER NEAR PARKER, AZ",34.2612361,-114.0289806,501.62,00060
09428500,"CRIR MAIN CANAL NEAR PARKER, AZ",34.16779378,-114.2766175,302.47,00060
09428505,"GARDNER LATERAL SPILL NEAR PARKER, AZ",34.02779463,-114.433566,,00060
09428510,"POSTON WASTEWAY NEAR POSTON, AZ",33.99845278,-114.4563389,291.09,00060
09429030,"PALO VERDE DRAIN NEAR PARKER, AZ",33.75696536,-114.4974554,,00060
09429070,"CRIR LWR MAIN DRAIN BLW TYSON WW, NR EHRENBERG, AZ",33.72951944,-114.497561,250,00060
09439000,"GILA RIVER AT DUNCAN, AZ",32.72444444,-109.0991667,3630.75,00060
09442000,"GILA RIVER NEAR CLIFTON, AZ",32.96527778,-109.3086111,3338.80,00060
09444200,"BLUE RIVER NEAR CLIFTON, AZ.",33.29089456,-109.1961832, 4160.,00060
09444500,"SAN FRANCISCO RIVER AT CLIFTON, AZ",33.05604444,-109.2990167,3438.33,00060
09446320,"EAGLE CREEK AT EAGLE SCHOOL RD, NEAR MORENCI, AZ",33.35905556,-109.4915278,4875.70,00060
09446500,"EAGLE CREEK NR DOUBLE CIRCLE RANCH, NR MORENCI, AZ",33.3000815,-109.4923173,4677.77,00060
09447000,"EAGLE CREEK ABOVE PUMPING PLANT, NEAR MORENCI, AZ.",33.06615,-109.444975,3610.45,00060
09447800,"BONITA CREEK NEAR MORENCI, AZ.",32.9556458,-109.5312047,3478.27,00060
09448500,"GILA RIVER AT HEAD OF SAFFORD VALLEY, NR SOLOMON,",32.8827222,-109.4796056,3096.66,00060
09457000,"SAN SIMON RIVER NEAR SOLOMON, ARIZ.",32.8017604,-109.639262,2962.07,00060
09466500,"GILA RIVER AT CALVA, AZ.",33.18561278,-110.2200903, 2517.29,00060
09468500,"SAN CARLOS RIVER NEAR PERIDOT, AZ.",33.29644678,-110.4514876, 2542.29,00060
09469500,"GILA RIVER BELOW COOLIDGE DAM, AZ.",33.1695055,-110.5312109, 2309.33,00060
09470500,"SAN PEDRO RIVER AT PALOMINAS, AZ.",31.3801309,-110.1112093,4203.56,00060
09470700,"BANNING CREEK NEAR BISBEE, AZ",31.50345,-110.0056694,4843.20,00060
09470750,"RAMSEY CANYON NEAR SIERRA VISTA, AZ",31.44666667,-110.3058333, 5525,00060
09470800,"GARDEN CANYON NEAR FORT HUACHUCA, AZ",31.47287518,-110.3478588, 5400,00060
09471000,"SAN PEDRO RIVER AT CHARLESTON, AZ",31.62594167,-110.1751028,3956.76,00060
09471310,"HUACHUCA CANYON NEAR FORT HUACHUCA, AZ",31.51805556,-110.3872222, 5600,00060
09471380,"UPPER BABOCOMARI RIVER NEAR HUACHUCA CITY, AZ",31.63201389,-110.4020472,4395.82,00060
09471400,"BABOCOMARI RIVER NEAR TOMBSTONE, AZ",31.70051389,-110.2275778,3955.65,00060
09471550,"SAN PEDRO RIVER NEAR TOMBSTONE, AZ",31.75144444,-110.2013333,3787.17,00060
09472050,"SAN PEDRO R AT REDINGTON BRIDGE NR REDINGTON, AZ",32.44636667,-110.488275,2812.81,00060
09473000,"ARAVAIPA CREEK NEAR MAMMOTH, AZ.",32.84467778,-110.6292861,2321.42,00060
09474000,"GILA RIVER AT KELVIN, AZ.",33.1028404,-110.9765014, 1745.02,00060
09475500,"FLORENCE-CASA GRANDE CANAL, NEAR FLORENCE, AZ.",33.09440556,-111.26015,1556.99,00060
09478500,"QUEEN CREEK BELOW WHITLOW DAM NR SUPERIOR, AZ.",33.29922128,-111.2776263, 2040,00060
09479350,"GILA RIVER NEAR MARICOPA, AZ.",33.168661,-112.0073648, 1113.87,00060
09480000,"SANTA CRUZ RIVER NEAR LOCHIEL, AZ",31.35540695,-110.5895553,4632.84,00060
09480500,"SANTA CRUZ RIVER NEAR NOGALES, AZ.",31.34457256,-110.8515066,3705.29,00060
09481000,"NOGALES WASH AT NOGALES, AZ",31.3432722,-110.9316722,3806.82,00060
09481740,"SANTA CRUZ RIVER AT TUBAC, AZ.",31.61304167,-111.040125,3165.78,00060
09482000,"SANTA CRUZ RIVER AT CONTINENTAL, AZ",31.87150114,-110.980125,2807.01,00060
09482440,"SANTA CRUZ RIVER AT SILVERLAKE RD, AT TUCSON, AZ",32.2001111,-110.9878333,2327.68,00060
09482490,SANTA CRUZ RIVER AT STARR PASS GCS AT TUCSON AZ,32.20705278,-110.9885333,2349,00060
09482495,"SANTA CRUZ RIVER AT MISSION LANE GCS AT TUCSON, AZ",32.2142222,-110.9833056,2346,00060
09482500,"SANTA CRUZ RIVER AT TUCSON, AZ",32.22118727,-110.9817589, 2317.14,00060
09484000,"SABINO CREEK NEAR TUCSON, AZ",32.3147222,-110.8109167,2713.03,00060
09484500,"TANQUE VERDE CREEK AT TUCSON, AZ.",32.26425556,-110.8413,2458.37,00060
09484550,"CIENEGA CREEK NEAR SONOITA, AZ.",31.86555556,-110.57,4152.18,00060
09484580,"BARREL CANYON NEAR SONOITA, AZ",31.86175124,-110.691193, 4364.,00060
09484600,"PANTANO WASH NEAR VAIL, AZ.",32.03594255,-110.677618,3191.57,00060
09485000,"RINCON CREEK NEAR TUCSON, AZ.",32.12976667,-110.6258333,3131.77,00060
09485450,"PANTANO WASH AT BROADWAY BLVD. AT TUCSON, AZ.",32.22083056,-110.8289278,2571.29,00060
09485700,"RILLITO CREEK AT DODGE BOULEVARD, AT TUCSON, AZ.",32.2714643,-110.9145354, 2380,00060
09486055,"RILLITO CREEK AT LA CHOLLA BLVD NEAR TUCSON, AZ.",32.3027611,-111.011375,2245.71,00060
09486350,"CANADA DEL ORO BLW INA ROAD, NEAR TUCSON, AZ.",32.33621,-111.0420746,2228.67,00060
09486500,"SANTA CRUZ RIVER AT CORTARO, AZ",32.3507222,-111.095875,2123.61,00060
09486520,"SANTA CRUZ RIVER AT TRICO ROAD, NR MARANA, AZ.",32.47158889,-111.3019667,1899.06,00060
09486800,"ALTAR WASH NEAR THREE POINTS, AZ.",31.83908056,-111.4042667,2975.21,00060
09487000,"BRAWLEY WASH NEAR THREE POINTS, AZ.",32.0756601,-111.3387473,2526.50,00060
09489000,"SANTA CRUZ RIVER NEAR LAVEEN, AZ.",33.23226977,-112.169593, 1020.86,00060
09489082,"NORTH FORK THOMAS CREEK NEAR ALPINE, AZ",33.67502778,-109.2701111, 8380.,00060
09489500,"BLACK RVR BLW PUMPING PLANT, NR POINT OF PINES, AZ",33.47672039,-109.7639775, 5725.,00060
09490500,"BLACK RIVER NEAR FORT APACHE, AZ.",33.71282949,-110.2117674, 4345.,00060
09492400,"EAST FORK WHITE RIVER NEAR FORT APACHE, AZ.",33.8222723,-109.8145413, 6050.,00060
09494000,"WHITE RIVER NEAR FORT APACHE, AZ.",33.73644059,-110.166767, 4365.99,00060
09496500,"CARRIZO CREEK NEAR SHOW LOW, AZ.",33.9858809,-110.2809417, 4749.52,00060
09497500,"SALT RIVER NEAR CHRYSOTILE, AZ",33.79810588,-110.4998292, 3354.57,00060
09497700,"CIBECUE CREEK NEAR OVERGAARD, AZ",34.1572222,-110.5111111, 7200,00060
09497800,"CIBECUE CREEK NEAR CHRYSOTILE, AZ",33.8431053,-110.5576092, 3200.,00060
09497980,"CHERRY CREEK NEAR GLOBE, AZ",33.8278262,-110.8562266, 3200.,00060
09498400,"PINAL CREEK AT INSPIRATION DAM, NR GLOBE, AZ.",33.5731068,-110.9012251, 2740.,00060
09498500,"SALT RIVER NEAR ROOSEVELT, AZ",33.6194949,-110.9215037, 2177.14,00060
094985005,"PINTO CREEK ABOVE HAUNTED CANYON NR MIAMI, AZ",33.4058333,-110.9986111, 3250,00060
09498501,"PINTO CREEK BLW HAUNTED CANYON NR MIAMI, AZ",33.41866469,-111.0095609, 3180.,00060
09498502,"PINTO CREEK NEAR MIAMI, AZ",33.4878297,-110.9953942, 2820.,00060
09498503,"SOUTH FORK PARKER CREEK NEAR ROOSEVELT, AZ",33.79694444,-110.9598111,5432.86,00060
09499000,"TONTO CREEK ABOVE GUN CREEK, NEAR ROOSEVELT, AZ",33.9800413,-111.3034659, 2523.14,00060
09502000,"SALT RIVER BLW STEWART MOUNTAIN DAM, AZ.",33.55282304,-111.5765243, 1370.,00060
09502800,"WILLIAMSON VALLEY WASH NEAR PAULDEN, AZ",34.8666865,-112.6132308, 4455.,00060
09502830,"BIG CHINO WASH AT PAULDEN, AZ",34.8703611,-112.4699444, 4365,00060
09502900,"DEL RIO SPRINGS NEAR CHINO VALLEY, AZ",34.8255769,-112.4446148, 4430.,00060
09502960,"GRANITE CREEK AT PRESCOTT, AZ",34.55196864,-112.4623913, 5285.,00060
09503000,"GRANITE CREEK NEAR PRESCOTT, AZ",34.56307975,-112.4448909, 5204.29,00060
09503300,"GRANITE CREEK BELOW WATSON LAKE NEAR PRESCOTT, AZ",34.6136111,-112.4172222, 5020.,00060
09503700,"VERDE RIVER NEAR PAULDEN, AZ",34.89502016,-112.3429468, 4117.,00060
09503990,"SYCAMORE CREEK ABOVE VERDE RVR, NEAR CLARKDALE, AZ",34.8648611,-112.0741667,3561,00060
09504000,"VERDE RIVER NEAR CLARKDALE, AZ",34.8522416,-112.065994, 3500.,00060
09504350,"WEST FORK OAK CREEK NR SEDONA, AZ",34.98775,-111.7461944,5292,00060
09504420,"OAK CREEK NEAR SEDONA, AZ",34.86153889,-111.7619972,4172.88,00060
09504500,"OAK CREEK NEAR CORNVILLE, AZ",34.76446436,-111.8909885, 3470.,00060
09504950,"VERDE RIVER ABOVE CAMP VERDE, AZ",34.6116972,-111.8984306,3115.42,00060
09505200,"WET BEAVER CREEK NEAR RIMROCK, AZ",34.67474409,-111.672094, 4020.,00060
09505350,"DRY BEAVER CREEK NEAR RIMROCK, AZ",34.72863146,-111.775708, 3694.38,00060
09505400,"BEAVER CREEK NR LAKE MONTEZUMA, AZ",34.615,-111.8372222, 3190.,00060
09505800,"WEST CLEAR CREEK NEAR CAMP VERDE, AZ",34.53863606,-111.6940356, 3630.,00060
09506000,"VERDE RIVER NEAR CAMP VERDE, AZ",34.4483605,-111.7898705, 2874.10,00060
09507480,"FOSSIL CREEK NEAR STRAWBERRY, AZ",34.39430556,-111.63, 3600,00060
09507580,"EAST VERDE R DIV FROM EAST CLEAR CR NR PINE, AZ",34.41780739,-111.2637469, 5774.,00060
09507980,"EAST VERDE RIVER NEAR CHILDS, AZ",34.27642068,-111.6387561, 2500,00060
09508000,"VERDE RIVER BELOW EAST VERDE RIVER NEAR CHILDS, AZ",34.2635583,-111.6815278, 2450,00060
09508300,"WET BOTTOM CREEK NEAR CHILDS, AZ",34.16086787,-111.6929235, 2320,00060
09508500,"VERDE RVR BLW TANGLE CREEK, ABV HORSESHOE DAM, AZ",34.0730922,-111.7162569, 2029.,00060
09510000,"VERDE RIVER BELOW BARTLETT DAM, AZ",33.80837509,-111.6634729, 1570.34,00060
09510200,"SYCAMORE CREEK NEAR FORT MCDOWELL, AZ",33.69421054,-111.541802, 1759.33,00060
09511300,"VERDE RIVER NEAR SCOTTSDALE, AZ",33.5586557,-111.6693043, 1320.31,00060
09512165,"SALT RIVER AT PRIEST DRIVE NEAR PHOENIX, AZ.",33.43948927,-111.9609781, 1135.,00060
09512280,"CAVE CREEK BLW COTTONWOOD CR NEAR CAVE CREEK, AZ.",33.88725977,-111.9540388, 2280,00060
09512450,"AGUA FRIA RIVER NEAR HUMBOLDT, AZ",34.48527778,-112.2375, 4400.,00060
09512500,"AGUA FRIA RIVER NEAR MAYER, AZ",34.3153073,-112.0640455, 3434.,00060
09512800,"AGUA FRIA RIVER NEAR ROCK SPRINGS, AZ",34.01558948,-112.1679378, 1800,00060
09513780,"NEW RIVER NEAR ROCK SPRINGS, AZ.",33.97420168,-112.0990458, 2310.,00060
09513860,"SKUNK CREEK NEAR PHOENIX, AZ",33.72920456,-112.1198755, 1472.60,00060
09514100,"GILA RIVER AT ESTRELLA PARKWAY, NEAR GOODYEAR, AZ",33.3875427,-112.3923808, 883,00060
09516500,"HASSAYAMPA RIVER NEAR MORRISTOWN, AZ.",33.88503188,-112.6621198, 1831.16,00060
09517000,"HASSAYAMPA RIVER NEAR ARLINGTON, AZ",33.3472844,-112.7257391, 822.68,00060
09517490,CENTENNIAL WASH AT SOUTHERN PACIFIC RAILROAD BRDG,33.31031984,-112.8818423, 841.06,00060
09519000,"ENTERPRISE CANAL AT GILLESPIE DAM, AZ",33.2292104,-112.7715597,,00060
09519501,"GILA R BLW GILLESPIE DAM, AZ (LOW-FLOW STATION)",33.22921044,-112.7673929,,00060
09519800,"GILA RIVER BELOW PAINTED ROCK DAM, AZ",33.0750458,-113.0146217, 518.69,00060
09520280,"GILA RIVER NEAR DATELAND, AZ",32.87928056,-113.5412639,362.34,00060
09520500,"GILA RIVER NEAR DOME, AZ",32.7608789,-114.4205019,141.39,00060
09520900,"COLORADO RVR ABV OCEAN TO OCEAN BRIDGE NR YUMA, AZ",32.72652778,-114.6019333,117,00060
09522500,"GILA GRAVITY MAIN CANAL AT IMPERIAL DAM, AZ-CA",32.8712,-114.4500806,162.16,00060
09522600,"NORTH GILA MAIN CANAL NEAR YUMA, AZ",32.80296389,-114.4953222,159.02,00060
09522650,"NORTH GILA MAIN CANAL NO. 2 NEAR YUMA, AZ",32.75266667,-114.4939472,161.39,00060
09522660,"GILA MONSTER FARMS TURNOUT NO. 1 NEAR YUMA, AZ",32.74586944,-114.4787944,164.83,00060
09522680,"GILA MONSTER FARMS TURNOUT NO. 2 NEAR YUMA, AZ",32.74388889,-114.4616667, 169,00060
09522700,"WELLTON-MOHAWK MAIN CANAL NEAR YUMA, AZ",32.7422683,-114.4338356,,00060
09522800,"SOUTH GILA MAIN CANAL NEAR YUMA, AZ",32.68743889,-114.4721778,151.30,00060
09522850,"GILA GRAVITY CANAL AT YUMA-MESA PUMPING PLANT, AZ",32.68175,-114.4703639,202.15,00060
09522860,CITY OF YUMA DIVERSION AT AVENUE 9E PUMPING PLANT,32.67888889,-114.478611, 215.,00060
09522880,"MCAS DIVERSION OF B CANAL NEAR YUMA, AZ",32.64888889,-114.5822222,209.62,00060
09522900,"UNIT B CANAL NEAR YUMA, AZ",32.6180361,-114.6304306,190.16,00060
09525500,"YUMA MAIN CANAL BLW COLORADO R. SIPHON AT YUMA, AZ",32.7274,-114.6212694,122.74,00060
09526000,DIVERSION FROM YUMA MAIN CANAL FOR YUMA MUNICIPAL,32.72638889,-114.6172222, 134.,00060
09528200,COCOPAH DIVERSION FROM WEST MAIN CANAL NR SOMERTON,32.61833333,-114.7616667,115.33,00060
09528800,"LEVEE CANAL WASTEWAY NEAR YUMA, AZ",32.75868889,-114.5240028,131.50,00060
09529000,"GILA DRAIN NO. 1 NEAR YUMA, AZ",32.75877778,-114.5226139,125.56,00060
09529150,"NORTH GILA MAIN CANAL WASTEWAY NEAR YUMA, AZ",32.72628056,-114.5042444,138.62,00060
09529250,"BRUCE CHURCH WASTEWAY NEAR YUMA, AZ",32.71555556,-114.533386,137.58,00060
09529300,"WELLTON-MOHAWK MAIN OUTLET DRAIN NR YUMA, AZ",32.74210278,-114.4369028,102.03,00060
09529420,"SOUTH GILA TERMINAL CANAL WASTEWAY NR YUMA, AZ",32.693659,-114.58134, 150.,00060
09530200,"YUMA MESA OUTLET DRAIN NEAR YUMA, AZ",32.730047,-114.658287,,00060
09537200,"LESLIE CREEK NEAR MCNEAL, AZ.",31.59012789,-109.5089722,4622.66,00060
09537500,"WHITEWATER DRAW NEAR DOUGLAS, AZ.",31.35285278,-109.5857194,3911.18,00060
09537700,"BLACK DRAW AT SAN BERNARDINO NWR NEAR DOUGLAS, AZ",31.35136944,-109.2670861,3746.10,00060
07047932,"L'ANGUILLE R NR WHITEHALL, AR",35.473702,-90.79039,207.05,00060
070479376,"Brushy Creek Near Vanndale, AR",35.32345,-90.9323972,192.78,00060
07047942,"LAnguille River near Colt, AR",35.1447222,-90.8780556,192.66,00060
07047950,"LAnguille River at Palestine, AR",34.97277778,-90.8855556,166.81,00060
07047980,"White River at Elkins, AR",36.0008333,-94.0036111, 1185.81,00060
07048493,"Town Br. at S Morningside at Fayetteville, AR",36.0449333,-94.1494333,1172.16,00060
07048550,"West Fork White River east of Fayetteville, AR",36.05388889,-94.0830556, 1149.42,00060
07048600,"White River near Fayetteville, AR",36.07305556,-94.0811111,1138.60,00060
07048780,"Richland Creek near Goshen, AR",36.04855556,-93.9742222,1154.42,00060
07049000,"War Eagle Creek near Hindsville, AR",36.2,-93.855,1166.36,00060
07050500,"Kings River near Berryville, AR",36.4272222,-93.6208333,963.53,00060
07053250,"Yocum Creek near Oak Grove, AR",36.45444444,-93.3561111,974.19,00060
07055607,"Crooked Creek at Kelly Crossing at Yellville, AR",36.23027778,-92.7094444, 560.52,00060
07055646,"Buffalo River near Boxley, AR",35.93888889,-93.405,1142.04,00060
07055660,"Buffalo River at Ponca, AR",36.0225,-93.3547222, 990.11,00060
07055680,"Buffalo River at Pruitt, AR",36.05916667,-93.1377778, 767.31,00060
07055875,"Richland Creek near Witts Spring, AR",35.7972222,-92.9288889,990.41,00060
07056000,"Buffalo River near St. Joe, AR",35.98305556,-92.7472222, 560.70,00060
07056515,"Bear Creek near Silver Hill, AR",35.94,-92.7133333, 638.07,00060
07056700,"Buffalo River near Harriet, AR",36.06777778,-92.5775, 474.44,00060
07057370,"White River near Norfork, AR",36.2236111,-92.3,350.75,00060
07060500,"White River at Calico Rock, AR",36.11666667,-92.1430556, 316.38,00060
07060710,"North Sylamore Creek near Fifty Six, AR",35.99166667,-92.2138889, 434.99,00060
07061000,"White River at Batesville, AR",35.76027778,-91.6411111, 233.43,00060
07064000,"Black River near Corning, AR",36.40194444,-90.5413889, 272.89,00060
07064026,"Black River near Peach Orchard, AR",36.3159722,-90.7155278, 0.0,00060
07064040,"Little River near Peach Orchard, AR",36.29716667,-90.6990833, 0.0,00060
07069000,"Black River at Pocahontas, AR",36.25416667,-90.9702778, 242.06,00060
07069220,"Spring River near Mammoth Spring, AR",36.46034879,-91.5268031,471.41,00060
07069295,"South Fork Spring River at Saddle, AR",36.3522222,-91.6336111,465.98,00060
07069305,"Spring River at Spring Street Bridge at Hardy, AR",36.3136111,-91.4827778,342.73,00060
07069500,"Spring River at Imboden, AR",36.20555556,-91.1716667, 263.06,00060
07072000,"Eleven Point River near Ravenden Springs, AR",36.34638889,-91.1141667, 292.23,00060
07072500,"Black River at Black Rock, AR",36.1025,-91.0977778, 229.48,00060
07074420,"Black River at Elgin Ferry, AR",35.76555556,-91.3002778,202.14,00060
07074500,"White River at Newport, AR",35.60527778,-91.2888889, 194.40,00060
07074670,"Tuckerman Ditch at Tuckerman, AR",35.7265,-91.2004722,227.93,00060
07074850,"White River near Augusta, AR",35.29444444,-91.3941667,169.72,00060
07075000,"Middle Fork of Little Red River at Shirley, AR",35.65666667,-92.2927778,498.64,00060
07075270,"South Fork of Little Red River near Scotland, AR",35.5697222,-92.6219444, 659.60,00060
07075300,"South Fork of Little Red River at Clinton, AR",35.58694444,-92.4513889, 481.30,00060
07076000,Little Red River near Heber Springs,35.5172222,-91.9972222, 261.78,00060
07076517,"Little Red River near Dewey, AR",35.43805556,-91.7458333,208.62,00060
07076750,"White River at Georgetown, AR",35.12888889,-91.4497222,170.34,00060
07077000,"White River at DeValls Bluff, AR",34.79444444,-91.4447222,152.99,00060
07077380,"Cache River at Egypt, AR",35.8575,-90.9330556, 223.81,00060
07077500,"Cache River at Patterson, AR",35.2697222,-91.2363889,183.60,00060
07077555,"Cache River near Cotton Plant, AR",35.03555556,-91.3225,164.30,00060
07077700,"Bayou DeView near Morton, AR",35.25194444,-91.1119444,187.68,00060
07191160,"Spavinaw Creek near Maysville, AR",36.36452259,-94.5513299, 938.62,00060
07191179,"Spavinaw Creek near Cherokee City, AR",36.3420235,-94.58772, 906.18,00060
07194800,"Illinois River at Savoy, AR",36.10305556,-94.3444444,1018.97,00060
071948095,"Mud Creek near Johnson, AR",36.1228083,-94.1625611,1162.47,00060
07194880,"Osage Creek near Cave Springs, AR",36.2814592,-94.227997, 1131.49,00060
07194906,"Spring Creek at Sanders Ave at Springdale, AR",36.19566667,-94.1358889, 1260.85,00060
07194933,"Spring Creek at Hwy 112 nr Springdale, AR",36.24377778,-94.2391389, 1085.37,00060
07195000,"Osage Creek near Elm Springs, AR",36.22194444,-94.2883333, 1054.10,00060
07195400,Illinois River at Hwy. 16 near Siloam Springs AR,36.1447222,-94.4947222,933.07,00060
07195430,"Illinois River South of Siloam Springs, AR",36.1086111,-94.5333333, 913.14,00060
07195800,"Flint Creek at Springtown, AR",36.2561111,-94.4336111,1171.27,00060
07196900,"Baron Fork at Dutch Mills, AR",35.88,-94.4863889,987.26,00060
07247000,"Poteau River at Cauthron, AR",34.91888889,-94.2994444,569.85,00060
07249400,"James Fork near Hackett, AR",35.1625,-94.4069444,458.11,00060
07249455,"Arkansas River at Ft. Smith, Ar.",35.3917577,-94.4324373,380.49,00060
07250550,"AR River at James W. Trimble L&D nr Van Buren, AR",35.34888889,-94.2983333,402.27,00060
07250551,"ARK RIVER HYDROPLANT AT TRIMBLE L&D NR VAN BUREN,",35.34953529,-94.2985448,,00060
07250935,"Jones Creek at Winfrey, AR",35.7358333,-94.1030556,967.73,00060
07250965,"Frog Bayou at Winfrey, AR",35.7222222,-94.1136111,924.4,00060
07250974,"Jack Creek near Winfrey, AR",35.70444444,-94.0916667,,00060
07252000,"Mulberry River near Mulberry, AR",35.57694444,-94.0152778,433,00060
07257006,"Big Piney Creek at Highway 164 near Dover, AR",35.5058333,-93.1813889,439.79,00060
07257500,"Illinois Bayou near Scottsville, AR",35.46638889,-93.0411111,447.63,00060
07258500,"Petit Jean River near Booneville, AR",35.10694444,-93.9236111,423.67,00060
07259950,"Dutch Creek Near Waltreak, AR",34.9566611,-93.7205917,,00060
07260500,"Petit Jean River at Danville, AR",35.0586111,-93.3955556, 303.57,00060
07260673,"West Fork Point Remove Creek near Hattieville, AR",35.3247222,-92.8730556, 280,00060
07260800,"Arkansas River near Morrilton, AR",35.12694444,-92.7316667, 255.81,00060
07261000,"Cadron Creek near Guy, AR",35.2986111,-92.4038889,371.68,00060
07261090,"Cypress Creek nr Birdtown, AR",35.2708333,-92.6302778,388.31,00060
07261200,"East Fork Cadron Creek near Enola, AR",35.2183333,-92.2794444,,00060
07261500,"Fourche LaFave River Near Gravelly, AR",34.8725,-93.6572222, 410.12,00060
07263012,"Fourche LaFave River near Aplin, AR",34.95666667,-92.985,269.1,00060
07263115,"Fourche La Fave River near Houston, AR",35.0120319,-92.7234984,239.76,00060
07263295,"Maumelle River at Williams Junction, AR",34.8761111,-92.7744444,386.70,00060
07263296,"Maumelle River near Wye, AR",34.87888889,-92.6855556, 286.69,00060
072632962,"Bringle Creek at Martindale, AR",34.8811111,-92.6811111,300.14,00060
072632963,"Maumelle River below Bringle Creek nr Wye, AR",34.87488889,-92.6745833, 292,00060
072632966,"Lake Maumelle at State Hwy 10 near Wye, AR",34.87527778,-92.6538889, 272.75,00060
072632971,"Yount Creek near Martindale, AR",34.8897222,-92.6466667, 288,00060
072632982,"Reece Creek at Little Italy, AR",34.93,-92.5930556, 472.0,00060
07263300,"Maumelle River at Maumelle Dam at Natural Steps,AR",34.86305556,-92.4852778,199.82,00060
07263450,"Arkansas River at Murray Dam near Little Rock, AR",34.79305556,-92.3583333, 223.61,00060
07263555,"Fourche Creek at Univ. Avenue at Little Rock, AR",34.70694444,-92.3444444,236.22,00060
07263580,"Rock Creek at 36th Street at Little Rock, AR",34.72416667,-92.3588889,259.74,00060
07263605,"Fourche Creek at Lindsey St. E of Little Rock, AR",34.71871627,-92.2134876,222.20,00060
07263875,"WABBASEKA BAYOU AT WABBASEKA, ARK.",34.35900246,-91.79903,176.47,00060
07263878,"Salt Bayou Ditch nr Humphrey, AR",34.3947222,-91.7202778, 0.0,00060
072638805,"Fish Lake Ditch near Altheimer, AR",34.26116389,-91.6990833, 0.00,00060
07264000,"Bayou Meto near Lonoke, AR",34.73666667,-91.9158333, 199.13,00060
07264200,"BAYOU TWO PRAIRIE AT CARLISLE, ARK.",34.77899329,-91.766252,192.47,00060
07264500,"BAYOU METO NR STUTTGART, AR",34.45426349,-91.61624,169.74,00060
07265000,"CROOKED CREEK NEAR HUMPHREY, ARK.",34.42648556,-91.66790759,176.33,00060
07337000,"Red River at Index, AR",33.55194444,-94.0411111,246.55,00060
07340000,"Little River near Horatio, AR",33.91944444,-94.3866667, 272.85,00060
07340300,"Cossatot River near Vandervoort, AR",34.38,-94.2363889,771.74,00060
07341200,"Saline River near Lockesburg, AR",33.9622222,-94.0616667,299.69,00060
07341500,"Red River at Fulton, AR",33.60734285,-93.8137942,224.95,00060
07344370,"Red River at Spring Bank, AR",33.08944444,-93.8594444, 160.44,00060
07355860,"Board Camp Cr nr Wolf Pen Gap Rec nr Nunley, AR",34.4859722,-94.1178611,1074.19,00060
07355870,"Gap Cr nr Wolf Pen Gap Rec Area nr Nunley, AR",34.4841111,-94.1261389,,00060
07356000,"Ouachita River near Mount Ida, AR",34.61,-93.6975, 687.00,00060
07358250,"Whittington Cr at Whitt. Pk at Hot Springs, AR",34.51344444,-93.0804167,,00060
07358253,"Whittington Cr at Tunnel Ent at Hot Springs, AR",34.51716667,-93.0575,621.77,00060
07358257,"Hot Sprngs Cr US of T.E. at Glade St at Hot Sp.,AR",34.5236111,-93.0544444,636.41,00060
07358284,"Hot Springs Cr DS of Grand Ave at Hot Springs, AR",34.50277778,-93.0505556,549.72,00060
07358550,"Gulpha Creek at Hot Springs, AR",34.50888889,-93.0091667,478.72,00060
07358570,"Gulpha Cr at Ridgeway St at Hot Springs, AR",34.494,-93.0065,372.93,00060
07359002,"Ouachita River at Remmel Dam above Jones Mill, AR",34.4261111,-92.8908333,,00060
07359610,"Caddo River near Caddo Gap, AR",34.38277778,-93.6061111, 612.00,00060
07360200,"Little Missouri River near Langley, AR",34.31166667,-93.8997222, 727,00060
07361500,"Antoine River at Antoine, AR",34.03888889,-93.4180556, 229.33,00060
07362000,"Ouachita River at Camden, AR",33.59638889,-92.8180556, 78.04,00060
07362100,"Smackover Creek near Smackover, AR",33.37527778,-92.7766667,96.82,00060
07362500,"Moro Creek near Fordyce, AR",33.7922222,-92.3333333,160.22,00060
07362579,"South Alum Creek nr Jessieville, AR",34.79555556,-93.0069444,1024,00060
07362587,"Alum Fork Saline River near Reform, AR",34.7975,-92.9338889,,00060
07363000,"Saline River at Benton, AR",34.56777778,-92.6102778,260.68,00060
07363054,"Saline River near Shaw, AR",34.49898229,-92.5629383,,00060
07363200,"Saline River near Sheridan, AR",34.1161111,-92.4055556, 152.86,00060
07363400,"Hurricane Creek below Sheridan, AR",34.2286111,-92.3725,179.45,00060
07363500,"Saline River near Rye, AR",33.7008333,-92.0258333,96.76,00060
07364078,Ouachita River at Felsenthal L&D (lower),33.0561111,-92.1208333,-.34,00060
07364130,"Deep Bayou near Star City, AR",33.963125,-91.6924472,148.11,00060
07364133,"Bayou Bartholomew at Garrett Bridge, AR",33.86638889,-91.6561111,143.32,00060
07364150,"Bayou Bartholomew near McGehee, AR",33.62777778,-91.4458333,119.54,00060
07364185,"Bayou Bartholomew near Portland, AR",33.23555556,-91.5355556,,00060
07367680,"Boeuf River nr Eudora, AR",33.12416667,-91.3477778,,00060
07369680,"Bayou Macon at Eudora, AR",33.10027778,-91.2544444, 80.92,00060
09423350,CARUTHERS C NR IVANPAH CA,35.24500556,-115.2989889,5656.23,00060
09429000,"PALO VERDE CANAL NEAR BLYTHE, CA",33.73160278,-114.5119472,250.00,00060
09429100,"COLORADO RIVER BELOW PALO VERDE DAM, AZ-CA",33.7191361,-114.4975389,261.81,00060
09429155,"PVID F-CANAL SPILL NEAR BLYTHE, CA",33.5748861,-114.546811,251.58,00060
09429180,"PVID D23 SPILL NEAR BLYTHE, CA",33.4918,-114.603611,246.25,00060
09429200,"PVID C CANAL SPILL NEAR BLYTHE, CA",33.42833056,-114.673336,226.41,00060
09429500,"COLORADO RIVER BELOW IMPERIAL DAM, AZ-CA",32.86758333,-114.472111,133.24,00060
09429600,"COLORADO RIVER BELOW LAGUNA DAM, AZ-CA",32.8122666,-114.5149494,123.05,00060
09521100,"COLORADO R BLW YUMA MAIN CANAL WW AT YUMA, AZ",32.73171354,-114.6327306,104.05,00060
09523000,"ALL-AMERICAN CANAL NR IMPERIAL DAM, CA-AZ",32.87099444,-114.4804639,152.20,00060
09523200,"RESERVATION MAIN CANAL NEAR YUMA, AZ",32.8177222,-114.5145889,102.25,00060
09523400,"TITSINK CANAL NEAR YUMA, AZ",32.82363333,-114.5431167,146.82,00060
09523600,"YAQUI CANAL NEAR YUMA, AZ",32.8094861,-114.5884944,157.98,00060
09523800,"PONTIAC CANAL NEAR YUMA, AZ",32.79420278,-114.61525,158.44,00060
09524000,"YUMA MAIN CANAL AT SIPHON DROP P.P. NR YUMA, AZ",32.7762361,-114.6354083,157.10,00060
09524700,"YUMA MAIN CANAL ABOVE WASTEWAY NR WINTERHAVEN, CA",32.73408333,-114.6230556,129.15,00060
09525000,"YUMA MAIN CANAL WASTEWAY AT YUMA, AZ",32.7333801,-114.623008, 122.51,00060
09526200,"YPSILANTI CANAL NEAR WINTERHAVEN, CA",32.76589444,-114.6550056,139.60,00060
09527590,COACHELLA CANAL ABOVE ALL-AMERICAN CANAL DIVERSION,32.71469444,-114.9431417,141.96,00060
09527594,"COACHELLA CANAL NEAR NILAND, CA",33.2562222,-115.4511667,82.70,00060
09527597,"COACHELLA CANAL NEAR DESERT BEACH, CA",33.53808109,-115.9186083, 70,00060
09527630,"BROCK RESERVOIR INLET NEAR CALEXICO, CA",32.7094932,-115.0254425, 160,00060
09527660,"BROCK RESERVOIR OUTLET NEAR CALEXICO, CA",32.70575278,-115.0343306,97.94,00060
09527700,ALL-AMERICAN CANAL BELOW DROP 2 RESERVOIR OUTLET,32.70425,-115.0481139,80.79,00060
09530000,"RESERVATION MAIN DRAIN NO. 4 NEAR YUMA, AZ",32.7361472,-114.6221194,113.76,00060
09530500,"DRAIN 8-B NEAR WINTERHAVEN, CA",32.74688889,-114.6940806,112.73,00060
10251259,AMARGOSA RV AT HWY 127 NR CA-NV STATE LINE,36.3866218,-116.4236549,2086.93,00060
10251290,"BOREHOLE SPG CHANNEL NR TECOPA HOT SPGS, CA",35.88569444,-116.23425,1325.06,00060
10251300,"AMARGOSA RV AT TECOPA, CA",35.84944444,-116.2308333, 1292.76,00060
10251330,"AMARGOSA RV ABV CHINA RANCH WASH NR TECOPA, CA",35.79052778,-116.2076389, 1042.49,00060
10251335,"WILLOW CK AT CHINA RANCH, CA",35.80094444,-116.1944167, 1236.59,00060
10254050,SALT C NR MECCA,33.44698439,-115.8433229,-228.44,00060
10254730,ALAMO R NR NILAND CA,33.19893706,-115.5969252,-299.47,00060
10255550,NEW R NR WESTMORLAND CA,33.10477248,-115.664426,-229.00,00060
10256500,SNOW C NR WHITE WATER CA,33.87057878,-116.6811266,1987.43,00060
10257500,FALLS C NR WHITE WATER CA,33.86946776,-116.6716819,1903.00,00060
10257548,WHITEWATER R A WINDY POINT MAIN CHANNEL CA,33.8989045,-116.6211256, 1040,00060
10257549,WHITEWATER R A WINDY POINT OVERFLOW CHANNEL CA,33.8989045,-116.6211256, 1040,00060
10257720,CHINO CYN C BL TRAMWAY NR PALM SPRINGS CA,33.84385,-116.6058083,2092.25,00060
10258000,TAHQUITZ C NR PALM SPRINGS CA,33.80502575,-116.5591784,766.08,00060
10258500,PALM CYN C NR PALM SPRINGS CA,33.74502747,-116.535566,668.11,00060
10258700,MURRAY CYN C NR PALM SPRINGS CA,33.75277778,-116.5444444,725.99,00060
10259000,ANDREAS C NR PALM SPRINGS CA,33.76002698,-116.550011,830.74,00060
10259050,PALM CYN WASH NR CATHEDRAL CITY CA,33.7972487,-116.481954,302.52,00060
10259100,WHITEWATER R A RANCHO MIRAGE CA,33.74947257,-116.4227854,198.38,00060
10259200,DEEP C NR PALM DESERT CA,33.63113647,-116.3922342,1165.60,00060
10259300,WHITEWATER R A INDIO CA,33.7372519,-116.2361137,-18.23,00060
10259540,WHITEWATER R NR MECCA,33.52475856,-116.0774964,-226.77,00060
10260200,PIPES WASH NR YUCCA VALLEY CA,34.17194444,-116.5466667,4438.66,00060
10260400,CUSHENBURY CANYON C NR LUCERNE VALLEY CA,34.34777778,-116.8458333,4617.84,00060
10260500,DEEP C NR HESPERIA CA,34.34305858,-117.2264316,3024.53,00060
10260950,WF MOJAVE R AB MOJAVE R FORKS RES NR HESPERIA CA,34.33889196,-117.2578213,3025.23,00060
10261500,MOJAVE R A LO NARROWS NR VICTORVILLE CA,34.57304916,-117.3206018,2635.92,00060
10262000,MOJAVE R NR HODGE CA,34.83551667,-117.1916778,2249.35,00060
10262500,MOJAVE R A BARSTOW CA,34.90693947,-117.0228129, 2088.89,00060
10262700,MOJAVE R A DAGGETT CA,34.8696611,-116.8876583,1957.20,00060
10263000,MOJAVE R A AFTON CA,35.03720565,-116.3841887,1400.90,00060
10263500,BIG ROCK C NR VALYERMO CA,34.42083115,-117.8395072,4035.68,00060
10265100,DEADMAN C A BIG SPRINGS NR CRESTVIEW CA,37.75027778,-118.9394444,7225.84,00060
10265150,HOT C A FLUME NR MAMMOTH LAKES CA,37.66881076,-118.8176148,6952.93,00060
10289000,"VIRGINIA CK NR BRIDGEPORT, CA",38.19186474,-119.2101533, 6700.,00060
10289500,"GREEN CK NR BRIDGEPORT, CA",38.17380969,-119.2337656, 6880.,00060
10290500,"ROBINSON CK AT TWIN LKS OUTLET NR BRIDGEPORT, CA",38.17214225,-119.3246032, 7050,00060
10291500,"BUCKEYE CK NR BRIDGEPORT, CA",38.23880787,-119.3259923, 6900,00060
10293000,"E WALKER RV NR BRIDGEPORT, CA",38.3276958,-119.2148759, 6400.00,00060
10296000,"W WALKER RV BLW L WALKER RV NR COLEVILLE, CA",38.3796366,-119.4501649, 6591.39,00060
10296500,"W WALKER RV NR COLEVILLE, CA",38.51324495,-119.4498872, 5520.00,00060
10296750,"TOPAZ CANAL BLW DIV W WALKER RVR NR TOPAZ, CA",38.63666667,-119.5075, 5020,00060
10308200,E FK CARSON RV BLW MARKLEEVILLE CK NR MARKLEEVILLE,38.7146274,-119.7648985, 5400.00,00060
10308783,LEVIATHAN C AB MINE NR MARKLEEVILLE CA,38.70128509,-119.6565398,7074.89,00060
103087835,UNNAMED TRIB 1 TO LEVIATHAN C AT LEVIATHAN MINE CA,38.7033333,-119.6591667,7039.10,00060
10308784,LEVIATHAN MINE ADIT DRAIN NR MARKLEEVILLE CA,38.7040628,-119.6587622,7034.88,00060
10308785,LEVIATHAN MINE PIT FLOW NR MARKLEEVILLE CA,38.7040628,-119.6587622,7034.88,00060
103087855,LEVIATHAN MINE PIT JUNCTION BOX NR MARKLEEVILLE CA,38.7058333,-119.6566667,7067.08,00060
103087865,UNNAMED TRIB 2 TO LEVIATHAN C AT LEVIATHAN MINE CA,38.70555556,-119.6622222,6911.43,00060
103087889,4L C NR MARKLEEVILLE CA,38.7108333,-119.6630556,6761.54,00060
10308789,LEVIATHAN C AB ASPEN C NR MARKLEEVILLE CA,38.71684034,-119.6601513,6620.56,00060
103087891,ASPEN C ABV LEVIATHAN MINE NR MARKLEEVILLE CA,38.7086111,-119.648611,7164.25,00060
10308792,LEVIATHAN C AB MOUNTAINEER C NR MARKLEEVILLE CA,38.735729,-119.6454289,6247.91,00060
10308794,BRYANT C BL MOUNTAINEER C NR MARKLEEVILLE CA,38.735729,-119.6454289,6248.89,00060
10310000,"W FK CARSON RV AT WOODFORDS, CA",38.76962765,-119.833789, 5754.50,00060
103366092,"UPPER TRUCKEE RV AT HWY 50 ABV MEYERS, CA",38.8485185,-120.0271275, 6310,00060
10336610,"UPPER TRUCKEE RV AT SOUTH LAKE TAHOE, CA",38.9224078,-119.9915706, 6229.04,00060
10336645,GENERAL C NR MEEKS BAY CA,39.05183077,-120.1185016,6254.31,00060
10336660,BLACKWOOD C NR TAHOE CITY CA,39.107385,-120.1621147,6228.47,00060
10336676,WARD C AT HWY 89 NR TAHOE PINES CA,39.13210688,-120.1576705,6239.63,00060
10336780,"TROUT CK NR TAHOE VALLEY, CA",38.9199077,-119.9724036, 6241.57,00060
10337500,TRUCKEE R A TAHOE CITY CA,39.16627309,-120.1443373,6220.51,00060
10338000,TRUCKEE R NR TRUCKEE CA,39.29627044,-120.2054519,5861.85,00060
10338500,DONNER C A DONNER LK NR TRUCKEE CA,39.3235172,-120.2343654,5928.62,00060
10338700,DONNER C AT HWY 89 NR TRUCKEE CA,39.32099225,-120.2079523,5870.80,00060
10339410,TRUCKEE R BL MARTIS C NR TRUCKEE CA,39.35305556,-120.1194444,5634.31,00060
10340500,PROSSER C BL PROSSER C DAM NR TRUCKEE CA,39.37324026,-120.131587,5620.31,00060
10343000,INDEPENDENCE C NR TRUCKEE CA,39.45654494,-120.287123,6924.56,00060
10343500,SAGEHEN C NR TRUCKEE CA,39.43154577,-120.2379547,6329.71,00060
10344400,LITTLE TRUCKEE R AB BOCA RES NR TRUCKEE CA,39.4357137,-120.0843395,5622.48,00060
10344500,LITTLE TRUCKEE R BL BOCA DAM NR TRUCKEE CA,39.38682549,-120.0954502,5529.91,00060
10344505,TRUCKEE R A BOCA BRIDGE NR TRUCKEE CA,39.3851589,-120.0876722,5476.19,00060
10346000,TRUCKEE R A FARAD CA,39.42793648,-120.0340602,5156.97,00060
11012500,CAMPO C NR CAMPO CA,32.59116984,-116.5255548,2181.30,00060
11014000,JAMUL C NR JAMUL CA,32.6375566,-116.8841893,514.22,00060
11015000,SWEETWATER R NR DESCANSO CA,32.8347735,-116.6230596,3271.71,00060
11016200,SWEETWATER R A DEHESA CA,32.77416667,-116.8502778,494.68,00060
11022200,LOS COCHES C NR LAKESIDE CA,32.83616156,-116.9003035,553.74,00060
11022480,SAN DIEGO R A MAST RD NR SANTEE CA,32.8403262,-117.0258478,290.09,00060
11022830,ALVARADO C NR LA MESA CA,32.778325,-117.0633972,335.94,00060
11023000,SAN DIEGO R A FASHION VALLEY AT SAN DIEGO CA,32.76504998,-117.1686449, 20,00060
11023100,TECOLOTE C AB FOOTBRIDGE NR SAN DIEGO CA,32.78952778,-117.188111,99,00060
11023340,LOS PENASQUITOS C NR POWAY CA,32.9431013,-117.1216999,254.74,00060
11025500,SANTA YSABEL C NR RAMONA CA,33.1069866,-116.866137,850.17,00060
11027000,GUEJITO C NR SAN PASQUAL CA,33.11587469,-116.9530708,568.19,00060
11028500,SANTA MARIA C NR RAMONA CA,33.0522655,-116.9455844,1296.39,00060
11042000,SAN LUIS REY R A OCEANSIDE CA,33.21809135,-117.3603045, 8.90,00060
11042400,TEMECULA C NR AGUANGA CA,33.459199,-116.9236289,1592.73,00060
11042800,WARM SPRINGS C NR MURRIETA CA,33.53224867,-117.1769771,1033.44,00060
11042900,SANTA GERTRUDIS C NR TEMECULA CA,33.52447338,-117.1647469,1039.67,00060
11043000,MURRIETA C A TEMECULA CA,33.47975066,-117.1439203,974.22,00060
11044000,SANTA MARGARITA R NR TEMECULA CA,33.4739175,-117.1422536,955.88,00060
11044250,RAINBOW C NR FALLBROOK CA,33.4075318,-117.2008578,531.37,00060
11044300,SANTA MARGARITA R A FPUD SUMP NR FALLBROOK CA,33.41364246,-117.2411367,335.58,00060
11044350,SANDIA C NR FALLBROOK CA,33.42447545,-117.2491926,382.80,00060
11044800,DE LUZ C NR DE LUZ CA,33.41975285,-117.3216944,276.54,00060
11045300,FALLBROOK C NR FALLBROOK CA,33.34697705,-117.3178047,184.20,00060
11045600,ONEILL LAKE OUTLET CH NR FALLBROOK CA,33.32503314,-117.3255824,93.82,00060
11045700,ONEILL LK SPILL CH NR FALLBROOK CA,33.3289219,-117.3272492,101.84,00060
11046000,SANTA MARGARITA R A YSIDORA CA,33.3111436,-117.3472604,70.40,00060
11046300,SAN MATEO C NR SAN CLEMENTE CA,33.47085987,-117.4730986,402.44,00060
11046360,CRISTIANITOS C AB SAN MATEO C NR SAN CLEMENTE CA,33.42641717,-117.5703242,93.10,00060
11046530,SAN JUAN C AT LA NOVIA ST BR AT SAN JUAN CAPIS CA,33.50252614,-117.6480925,81.51,00060
11047300,ARROYO TRABUCO A SAN JUAN CAPISTRANO CA,33.49835946,-117.6658707,65.28,00060
11048175,AGUA CHINON WASH A PORTOLA SPRINGS RD NR IRVINE CA,33.6870833,-117.6954167,571.57,00060
11048600,BONITA C A IRVINE CA,33.64502086,-117.861155,34.50,00060
11051499,SANTA ANA R NR MENTONE (RIVER ONLY) CA,34.10834489,-117.1005911,1956.20,00060
11051502,SAR SUPP GAGE NR MENTONE CA,34.10834489,-117.1005911,1956.14,00060
11055500,PLUNGE C NR EAST HIGHLANDS CA,34.11834458,-117.141704,1591.19,00060
11055800,CITY C NR HIGHLAND CA,34.14390158,-117.1886426, 1580.19,00060
11057500,SAN TIMOTEO C NR LOMA LINDA CA,34.0614024,-117.2675419,1036.43,00060
11058500,E TWIN C NR ARROWHEAD SPRINGS CA,34.1791779,-117.2655894,1598.68,00060
11058600,WATERMAN CANYON CREEK NR ARROWHEAD SPRINGS CA,34.1858333,-117.2722222,1836.71,00060
11059300,SANTA ANA R A E ST NR SAN BERNARDINO CA,34.0650131,-117.3003208,951.91,00060
11060400,WARM C NR SAN BERNARDINO CA,34.07834596,-117.3003209,958.55,00060
11062000,LYTLE C NR FONTANA CA,34.21184444,-117.4578667,2369.54,00060
11062399,FONTANA WATER CO SURFACE DIV WEIR 2 NR FONTANA CA,34.20278567,-117.4494936,2253.72,00060
11062400,FONTANA WATER CO SURFACE DIV NR FONTANA CA,34.20306344,-117.4494936,2253.71,00060
11062450,FONTANA PH FOREBAY SPILLWAY NR FONTANA CA,34.2027871,-117.4492056,2250.64,00060
11062700,LYTLE C DIV TO FONTANA PH AVM NR FONTANA CA,34.1554722,-117.3975833, 1591,00060
11062800,FONTANA WATER CO SPILL CH FROM AFTERBAY NR FONTANA,34.155565,-117.3956025,1580.90,00060
11063510,CAJON C BL LONE PINE C NR KEENBROOK CA,34.2633392,-117.4669944,2567.08,00060
11063680,DEVIL CYN C NR SAN BERNARDINO CA,34.20834338,-117.3314248, 2085.69,00060
11065000,LYTLE C A COLTON CA,34.07890146,-117.3055989,976.98,00060
11069500,SAN JACINTO R NR SAN JACINTO,33.73807629,-116.8339098,1924.89,00060
11070150,SAN JACINTO R AB STATE STREET NR SAN JACINTO CA,33.8214075,-116.973358,1492.16,00060
11070210,SAN JACINTO R A RAMONA EXPRESSWAY NR LAKEVIEW CA,33.83974065,-117.135866,1412.15,00060
11070270,PERRIS VALLEY STORM DR A NUEVO RD NR PERRIS CA,33.80113024,-117.2061469,1405.37,00060
11070365,SAN JACINTO R NR SUN CITY CA,33.74613375,-117.2316953,1397.87,00060
11070465,SALT C A MURRIETA RD NR SUN CITY CA,33.69419084,-117.205583,1396.72,00060
11070500,SAN JACINTO R NR ELSINORE CA,33.66418858,-117.293927,1267.18,00060
11071760,COLDWATER CANYON C NR CORONA CA,33.75444444,-117.4958056,1273.40,00060
11071900,TEMESCAL C A CORONA LK NR CORONA CA,33.75027778,-117.4458333,1103.86,00060
11072100,TEMESCAL C AB MAIN ST A CORONA CA,33.8891821,-117.5628274,573.23,00060
11073300,SAN ANTONIO C A RIVERSIDE DRIVE NR CHINO CA,34.01862319,-117.7306118,720.35,00060
11073360,CHINO C A SCHAEFER AVENUE NR CHINO CA,34.00390144,-117.7270006,672.14,00060
11073495,CUCAMONGA C NR MIRA LOMA CA,33.9827912,-117.5994966,641.25,00060
11074000,SANTA ANA R BL PRADO DAM CA,33.88334875,-117.6453296,451.58,00060
11075720,CARBON C BL CARBON CYN DAM CA,33.9133473,-117.8425461,397.45,00060
11077500,SANTIAGO C A SANTA ANA CA,33.77029518,-117.8844902,101.87,00060
11078000,SANTA ANA R A SANTA ANA CA,33.75112815,-117.9083906,66.18,00060
11085000,SAN GABRIEL R BL SANTA FE DAM NR BALDWIN PK CA,34.11223019,-117.9695092,402.38,00060
11087020,SAN GABRIEL R AB WHITTIER NARROWS DAM CA,34.03417767,-118.0381225,219.24,00060
11088500,BREA C BL BREA DAM NR FULLERTON CA,33.8877918,-117.9264369,198.31,00060
11089500,FULLERTON C BL FULLERTON DAM NR BREA CA,33.89584744,-117.8861582,258.81,00060
11092450,LOS ANGELES R A SEPULVEDA DAM CA,34.16167247,-118.466749,655.13,00060
11097000,BIG TUJUNGA C BL HANSEN DAM CA,34.25361395,-118.38897,945.75,00060
11098000,ARROYO SECO NR PASADENA CA,34.22222629,-118.1775727, 1397.88,00060
11101250,RIO HONDO AB WHITTIER NARROWS DAM CA,34.05834368,-118.0717348,219.95,00060
11102300,RIO HONDO BL WHITTIER NARROWS DAM CA,34.0166788,-118.0884018,177.06,00060
11109000,SANTA CLARA R NR PIRU CA,34.403606,-118.739241,715.23,00060
11109600,PIRU CREEK ABOVE LAKE PIRU CA,34.5230473,-118.7570206,1062.13,00060
11109800,PIRU CREEK BELOW SANTA FELICIA DAM CA,34.46027116,-118.7520198,861.34,00060
11111500,SESPE CREEK NEAR WHEELER SPRINGS CA,34.5777657,-119.2573347,3501.64,00060
11113000,SESPE C NR FILLMORE,34.4416592,-118.9273019,555.46,00060
11113500,SANTA PAULA C NR SANTA PAULA,34.4133295,-119.0823272,702.00,00060
11114495,MATILIJA C NR RES NR MATILIJA HOT SPRINGS CA,34.50276555,-119.3573136,1372.26,00060
11118500,VENTURA R NR VENTURA,34.35221417,-119.3084218,203.77,00060
11119500,CARPINTERIA C NR CARPINTERIA CA,34.4013836,-119.4865103,119.37,00060
11119745,MISSION C A ROCKY NOOK PARK A SANTA BARBARA CA,34.44055266,-119.7118027,315.65,00060
11119750,MISSION C NR MISSION ST NR SANTA BARBARA CA,34.42662778,-119.7236694,124,00060
11119940,MARIA YGNACIO C A UNIVERSITY DRIVE NR GOLETA CA,34.4449965,-119.80375,,00060
11120000,ATASCADERO C NR GOLETA CA,34.4247085,-119.8117688,12.76,00060
11120500,SAN JOSE C NR GOLETA CA,34.4591521,-119.8089913,97.85,00060
11120520,SAN PEDRO C A GOLETA CA,34.4486111,-119.8402778,48.77,00060
11121900,GIBRALTAR DAM DIV WEIR A GIBRALTAR DAM CA,34.5241514,-119.6870445,1229.06,00060
11122010,GIBRALTAR DAM RELEASE WEIR A GIBRALTAR DAM CA,34.52415139,-119.6873223,1240.09,00060
11123000,SANTA YNEZ R BL GIBRALTAR DAM NR SANTA BARBARA CA,34.52442917,-119.6873223,1229.06,00060
11123500,SANTA YNEZ R BL LOS LAURLS CYN NR SNTA YNEZ CA,34.54359399,-119.864827,796.94,00060
11124500,SANTA CRUZ C NR SANTA YNEZ CA,34.5966563,-119.9087519,785.82,00060
11125600,HILTON CYN C NR SANTA YNEZ CA,34.5822032,-119.9826082,656.72,00060
11125605,HILTON CYN C 0.25 MI BL BRADBURY DAM NR SANTA YNEZ,34.58388889,-119.985,629.01,00060
11126000,SANTA YNEZ R NR SANTA YNEZ CA,34.58914745,-119.9887195, 543.02,00060
11126400,SANTA YNEZ R A HWY 154 NR SANTA YNEZ CA,34.5901111,-120.025361,497.83,00060
11128250,ALAMO PINTADO C NR SOLVANG CA,34.61831236,-120.1206677,545.85,00060
11128500,SANTA YNEZ R A SOLVANG CA,34.58497968,-120.1445568,357.84,00060
11129800,ZACA C NR BUELLTON CA,34.64858889,-120.1842807,474.26,00060
11132500,SALSIPUEDES C NR LOMPOC CA,34.58858865,-120.4084524, 207.80,00060
11133000,SANTA YNEZ R A NARROWS NR LOMPOC CA,34.6360873,-120.4245645,87.46,00060
11134000,SANTA YNEZ R A H ST NR LOMPOC CA,34.66830848,-120.457899,60.60,00060
11135800,SAN ANTONIO C A LOS ALAMOS CA,34.74330807,-120.2709507,579.10,00060
11136040,HARRIS CANYON C NR ORCUTT CA,34.77777778,-120.4316667, 333,00060
11136045,SAN ANTONIO C A SAN ANTONIO RD E NR ORCUTT CA,34.76691944,-120.43335,303,00060
11136100,SAN ANTONIO C NR CASMALIA CA,34.78219396,-120.5301244,106.68,00060
11136500,CUYAMA R NR VENTUCOPA CA,34.68804167,-119.3587333,3528.92,00060
11136600,SANTA BARBARA CYN C NR VENTUCOPA CA,34.82081167,-119.5573223,2937.99,00060
11136710,CUYAMA R NR NEW CUYAMA CA,35.0561111,-119.9595472,1477.31,00060
11136800,CUYAMA R BL BUCKHORN CYN NR SANTA MARIA CA,35.02191265,-120.2284528,743.35,00060
11137900,HUASNA R NR ARROYO GRANDE CA,35.0777435,-120.3717905,634.57,00060
11138500,SISQUOC R NR SISQUOC CA,34.83995556,-120.1671694,626.99,00060
11140000,SISQUOC R NR GAREY,34.8938596,-120.3065089,348.32,00060
11140585,SANTA MARIA R A SUEY CROSSING NR SANTA MARIA CA,34.96830147,-120.4040122,227.56,00060
11141050,ORCUTT C NR ORCUTT CA,34.8835806,-120.4948469,150.58,00060
11141280,LOPEZ C NR ARROYO GRANDE CA,35.23551667,-120.4723504,562.80,00060
11143000,BIG SUR R NR BIG SUR CA,36.24576038,-121.7732293,58.07,00060
11143200,CARMEL R A ROBLES DEL RIO CA,36.4748611,-121.7288889,271.35,00060
11143250,CARMEL R NR CARMEL CA,36.5390863,-121.880458,30.45,00060
11147070,SANTA RITA C NR TEMPLETON CA,35.5238408,-120.7659725, 860,00060
11147098,PASO ROBLES C A GARCIA RD NR TEMPLETON CA,35.52613889,-120.7138583,754.53,00060
11147500,SALINAS R A PASO ROBLES CA,35.6285813,-120.6843373,663.35,00060
11148500,ESTRELLA R NR ESTRELLA CA,35.71719096,-120.6401683,673.40,00060
11148900,NACIMIENTO R BL SAPAQUE C NR BRYSON CA,35.78857918,-121.0938048,812.04,00060
11149400,NACIMIENTO R BL NACIMIENTO DAM NR BRADLEY CA,35.76135678,-120.855458,591.97,00060
11149900,SAN ANTONIO R NR LOCKWOOD CA,35.89663404,-121.0882491,798.32,00060
11150500,SALINAS R NR BRADLEY CA,35.9302434,-120.8687915,445.82,00060
11151300,SAN LORENZO C BL BITTERWATER C NR KING CITY CA,36.26802087,-121.066303,429.32,00060
11151700,SALINAS R A SOLEDAD CA,36.4110383,-121.319331, 155.00,00060
11151870,ARROYO SECO NR GREENFIELD CA,36.23746164,-121.4816027,778.10,00060
11152000,ARROYO SECO NR SOLEDAD CA,36.28052076,-121.3227063,345.23,00060
11152050,ARROYO SECO BL RELIZ C NR SOLEDAD CA,36.39968708,-121.3240962,165.50,00060
11152300,SALINAS R NR CHUALAR CA,36.55357267,-121.5493856,70.54,00060
11152500,SALINAS R NR SPRECKELS CA,36.631071,-121.672446,21.98,00060
11152650,RECLAMATION DITCH NR SALINAS CA,36.7049586,-121.7049475,20.55,00060
11152900,CEDAR C NR BELL STATION CA,37.04991347,-121.327395,387.07,00060
11153000,PACHECO C NR DUNNEVILLE CA,36.98,-121.3802778,233.89,00060
11153650,LLAGAS C NR GILROY,36.98741308,-121.5271216,146.08,00060
11156500,SAN BENITO R NR WILLOW CREEK SCHOOL CA,36.60936829,-121.2029416,929.23,00060
11157500,TRES PINOS C NR TRES PINOS CA,36.765753,-121.2996128,513.99,00060
11158600,SAN BENITO R BL HOSPITAL RD BRIDGE NR HOLLISTER CA,36.81675,-121.3926806,294.82,00060
11159000,PAJARO R A CHITTENDEN CA,36.90019209,-121.5976778,85.28,00060
11159200,CORRALITOS C A FREEDOM CA,36.9393968,-121.7705065,92.55,00060
11159490,SALSIPUEDES C NR WATSONVILLE CA,36.9181222,-121.733611,29.91,00060
11159500,PAJARO R A WATSONVILLE CA,36.9056111,-121.7518889,1.98,00060
11159690,APTOS C NR APTOS CA,37.00161665,-121.9060688,181,00060
11160000,SOQUEL C A SOQUEL CA,36.9913389,-121.9557933, 21.38,00060
11160500,SAN LORENZO R A BIG TREES CA,37.0443931,-122.072464,230.06,00060
11161000,SAN LORENZO R A SANTA CRUZ CA,36.9907832,-122.0319076,8.72,00060
11162500,PESCADERO C NR PESCADERO CA,37.2607338,-122.3288125, 67.43,00060
11162540,BUTANO C NR PESCADERO CA,37.233825,-122.3673389,46.36,00060
11162570,SAN GREGORIO C A SAN GREGORIO CA,37.32573199,-122.3865927, 13.50,00060
111626182,PILARCITOS C BL SPILLWAY NR HILLSBOROUGH CA,37.54769444,-122.4208889,613.50,00060
11162619,PILARCITOS C AB STONE DAM NR HILLSBOROUGH CA,37.52813889,-122.4000833,528.77,00060
11162620,PILARCITOS C BL STONE DAM NR HILLSBOROUGH CA,37.52461674,-122.3993735,459.45,00060
11162630,PILARCITOS C A HALF MOON BAY CA,37.46656205,-122.4340958,34.13,00060
11162735,SAN MATEO C AB JUNCTION BOX A DAM1 NR HILLSBOROUGH,37.5569722,-122.41825,648.36,00060
11162737,SAN MATEO C BL JUNCTION BOX A DAM1 NR HILLSBOROUGH,37.5559722,-122.4177222,626.23,00060
11162753,SAN MATEO C BL LO CRYSTAL SP RES NR SAN MATEO CA,37.52944444,-122.3583333, 146.31,00060
11164500,SAN FRANCISQUITO C A STANFORD UNIVERSITY CA,37.42327257,-122.1894095,112.69,00060
11169025,GUADALUPE R ABV HWY 101 A SAN JOSE CA,37.3738296,-121.9330129, 17.57,00060
11169500,SARATOGA C A SARATOGA CA,37.25438808,-122.039404,492.09,00060
11169800,COYOTE C NR GILROY CA,37.07768925,-121.4943442,790.06,00060
11169860,COYOTE C BL COYOTE RES NR SAN MARTIN CA,37.1229656,-121.5526796,668.16,00060
11170000,COYOTE C NR MADRONE CA,37.1682416,-121.6496271,371.79,00060
11172175,COYOTE C AB HWY 237 A MILPITAS CA,37.4221617,-121.9274577,6.51,00060
11172945,ALAMEDA C AB DIV DAM NR SUNOL CA,37.4974356,-121.7735644,909.17,00060
11172955,ALAMEDA C BL DIV DAM NR SUNOL CA,37.4986111,-121.7794444,835.55,00060
11173200,ARROYO HONDO NR SAN JOSE CA,37.46160337,-121.769397,786.83,00060
11173500,CALAVERAS C NR SUNOL CA,37.50194444,-121.8183333,458.61,00060
11173510,ALAMEDA C BL CALAVERAS C NR SUNOL CA,37.5035472,-121.8246774,429.83,00060
11173575,ALAMEDA C BL WELCH C NR SUNOL CA,37.5404908,-121.856345,302.73,00060
11173800,INDIAN C NR SUNOL CA,37.5611111,-121.7969444,602.00,00060
11174000,SAN ANTONIO C NR SUNOL CA,37.5773982,-121.8576936,274.23,00060
11174160,ALAMEDA C A SUNOL WATER TEMPLE A SUNOL CA,37.58362778,-121.8852917,222.58,00060
11174600,ALAMO CN NR PLEASANTON CA,37.69444444,-121.9194444,306.61,00060
11176340,ARROYO DE LA LAGUNA A CORTE MADRID NR PLEASANTON,37.66830556,-121.9094167,308,00060
11176400,ARROYO VALLE BL LANG CYN NR LIVERMORE CA,37.56132196,-121.6838389,749.09,00060
11176500,ARROYO VALLE NR LIVERMORE CA,37.62323149,-121.7588028, 513.18,00060
11176900,ARROYO DE LA LAGUNA A VERONA CA,37.62659915,-121.8830126,260.11,00060
11179000,ALAMEDA C NR NILES CA,37.5871193,-121.960752,86.32,00060
11179100,ALAMEDA C NR FREMONT CA,37.56660245,-122.0016278,24.03,00060
11180500,DRY C A UNION CITY CA,37.6060452,-122.0238504,87.67,00060
11180700,ALAMEDA C FLOOD CHANNEL A UNION CITY CA,37.58576818,-122.0482955,6.51,00060
11180825,SAN LORENZO C AB DON CASTRO RES NR CASTRO V CA,37.695172,-122.0449223,235.89,00060
11180900,CROW C NR HAYWARD CA,37.70493008,-122.0438508,256.02,00060
11180960,CULL C AB CULL C RES NR CASTRO VALLEY CA,37.7176715,-122.0543673,283.60,00060
11181000,SAN LORENZO C A HAYWARD CA,37.68548644,-122.064407,135.85,00060
11181008,CASTRO VALLEY C A HAYWARD CA,37.6799311,-122.0805186,105.15,00060
11181040,SAN LORENZO C A SAN LORENZO CA,37.6840977,-122.1399649,8.45,00060
11182500,SAN RAMON C A SAN RAMON CA,37.7729487,-121.9946443,549.17,00060
11189500,SF KERN R NR ONYX CA,35.7374672,-118.1736856,2853.52,00060
11200800,DEER C NR FOUNTAIN SPRINGS CA,35.9416243,-118.8228716,988.92,00060
11203580,SF TULE R NR CHOLOLLO CAMPGROUND NR PORTERVILLE CA,36.0482899,-118.6542574,3673.87,00060
11204100,SF TULE R NR RESERVATION BNDRY NR PORTERVILLE CA,36.02411648,-118.8134258,944.55,00060
11206820,MARBLE FORK KAWEAH R AB HORSE C NR LODGEPOLE CA,36.61166667,-118.7016667,7135.10,00060
11224000,MF SAN JOAQUIN R NR MAMMOTH LAKES CA,37.63194444,-119.0863889,7569.50,00060
11224500,LOS GATOS C AB NUNEZ CYN NR COALINGA CA,36.21466074,-120.4706956,1068.16,00060
11251000,SAN JOAQUIN R BL FRIANT CA,36.98439397,-119.7243124,296.55,00060
11253310,CANTUA C NR CANTUA CREEK CA,36.40217399,-120.4334917,684.24,00060
11254000,SAN JOAQUIN R NR MENDOTA CA,36.8105046,-120.3782256,133.35,00060
11255575,PANOCHE C A I-5 NR SILVER CREEK CA,36.65245145,-120.6321186,442.95,00060
11261100,SALT SLOUGH A HWY 165 NR STEVINSON CA,37.2476912,-120.8521075,1.61,00060
11261500,SAN JOAQUIN R A FREMONT FORD BRIDGE CA,37.3099115,-120.9309993,-.49,00060
11262900,MUD SLOUGH NR GUSTINE CA,37.26241267,-120.9065536, 60.75,00060
11264500,MERCED R A HAPPY ISLES BRIDGE NR YOSEMITE CA,37.73130354,-119.5590243,4020.46,00060
11266500,MERCED R A POHONO BRIDGE NR YOSEMITE CA,37.71627778,-119.6656667,3864.88,00060
11273400,SAN JOAQUIN R AB MERCED R NR NEWMAN CA,37.34718815,-120.9761399,2.55,00060
11274000,SAN JOAQUIN R NR NEWMAN CA,37.35046585,-120.9771121,2.19,00060
11274500,ORESTIMBA C NR NEWMAN CA,37.3154653,-121.125171,198.74,00060
11274550,SAN JOAQUIN R NR CROWS LANDING CA,37.43218889,-121.0133444,2.58,00060
11274630,DEL PUERTO C NR PATTERSON CA,37.48657227,-121.2090645,198.80,00060
11274790,TUOLUMNE R A GRAND CYN OF TUOLUMNE AB HETCH HETCHY,37.91657698,-119.6598627,3813.65,00060
11276500,TUOLUMNE R NR HETCH HETCHY CA,37.93740877,-119.7982,3452.21,00060
11276600,TUOLUMNE R AB EARLY INTAKE NR MATHER CA,37.87935307,-119.947092,2405.47,00060
11276900,TUOLUMNE R BL EARLY INTAKE NR MATHER CA,37.88157506,-119.9701483,2220.55,00060
11277300,CHERRY C BL VALLEY DAM NR HETCH HETCHY CA,37.96769944,-119.9174029,,00060
11278000,ELEANOR C NR HETCH HETCHY CA,37.96907415,-119.8820916,4514.69,00060
11278300,CHERRY C NR EARLY INTAKE CA,37.89435266,-119.9626483,2274.55,00060
11278400,CHERRY C BL DION R HOLM PH NR MATHER CA,37.890186,-119.9698706,2136.21,00060
11284400,BIG C AB WHITES GULCH NR GROVELAND CA,37.8418714,-120.1849103, 2561.79,00060
11289000,MODESTO CN NR LA GRANGE CA,37.67240817,-120.474881,270.30,00060
11289500,TURLOCK CN NR LA GRANGE CA,37.6657419,-120.4409912,280.17,00060
11289650,TUOLUMNE R BL LAGRANGE DAM NR LAGRANGE CA,37.66629746,-120.4421023,172.60,00060
11289850,DRY C A CRABTREE RD NR LA GRANGE CA,37.71144167,-120.6098028,180.76,00060
11290000,TUOLUMNE R A MODESTO CA,37.627153,-120.9843777,2.46,00060
11299600,BLACK C NR COPPEROPOLIS CA,37.96103615,-120.6152035,748.73,00060
11303000,STANISLAUS R A RIPON CA,37.72962389,-121.110454,2.83,00060
11303500,SAN JOAQUIN R NR VERNALIS CA,37.67601249,-121.2662907, 2.57,00060
11304810,SAN JOAQUIN R BL GARWOOD BRIDGE A STOCKTON CA,37.93547987,-121.3302245, 0,00060
11311300,TURNER CUT NR HOLT CA,37.9925,-121.4538889,,00060
11312672,VICTORIA CANAL NR BYRON CA,37.8708333,-121.53,,00060
11312676,MIDDLE R AT MIDDLE RIVER CA,37.94226944,-121.5337, 0,00060
11312685,MIDDLE R NR HOLT CA,38.00305556,-121.5108333,,00060
11312968,OLD R NR DELTA MENDOTA CANAL CA,37.81048298,-121.5424488, 0,00060
11313240,GRANT LINE CN NR TRACY CA,37.82,-121.5447222, 0,00060
11313315,OLD RIVER NEAR BYRON CA,37.89103627,-121.5702283, 0,00060
11313405,OLD R A BACON ISLAND CA,37.96992306,-121.572174, 0,00060
11313431,HOLLAND CUT NR BETHEL ISLAND CA,38.01638889,-121.5819444,,00060
11313433,DUTCH SLOUGH BL JERSEY ISLAND RD A JERSEY ISLAND,38.0135326,-121.667731, 0,00060
11313434,OLD R A QUIMBY ISLAND NR BETHEL ISLAND CA,38.0272222,-121.5644444,,00060
11313440,FALSE R NR OAKLEY CA,38.0558333,-121.6669444,,00060
11313452,OLD R A FRANKS TRACT NR TERMINOUS CA,38.0711111,-121.5788889,,00060
11313460,SAN JOAQUIN R A PRISONERS PT NR TERMINOUS CA,38.05944444,-121.5572222,,00060
11335000,COSUMNES R A MICHIGAN BAR CA,38.5001656,-121.0451852,170.68,00060
11336585,LAGUNA C NR ELK GROVE CA,38.42321988,-121.3532478,38.15,00060
11336600,DELTA CROSS CHANNEL NR WALNUT GROVE,38.2447222,-121.5052778, 0,00060
11336680,S MOKELUMNE R A NEW HOPE BR NR WALNUT GROVE CA,38.22555556,-121.491111, 0,00060
11336685,N MOKELUMNE NR WALNUT GROVE CA,38.2233333,-121.5072222,,00060
11336790,LITTLE POTATO SLOUGH A TERMINOUS CA,38.09638889,-121.496111,,00060
11336930,MOKELUMNE R A ANDRUS ISLAND NR TERMINOUS CA,38.10851944,-121.5772194,,00060
11336955,SAN JOAQUIN R A CHANNEL MARKER 42 NR ISELTON CA,38.10065278,-121.602686,7,00060
11337080,THREEMILE SLOUGH NR RIO VISTA CA,38.1033333,-121.686111, 0,00060
11337190,SAN JOAQUIN R A JERSEY POINT CA,38.0521424,-121.6888428, 0,00060
11342000,SACRAMENTO R A DELTA CA,40.93959397,-122.4172351,1077.96,00060
11345500,SF PIT R NR LIKELY CA,41.2306851,-120.437154, 4511.64,00060
11348500,PIT R NR CANBY CA,41.40600116,-120.9277458,4270.11,00060
11355010,PIT R BL PIT NO 1 PH NR FALL RIVER MILLS CA,40.9832178,-121.511927,2801.90,00060
11355500,HAT C NR HAT CREEK CA,40.6891111,-121.4228056,4293.57,00060
11362890,NELSON C RELEASE WEIR BL PP DIV NR BIG BEND CA,41.04210268,-121.8772172, 2320,00060
11370500,SACRAMENTO R A KESWICK CA,40.6009835,-122.4444553,482.83,00060
11370700,ANDERSON-COTTONWOOD ID CN AT SHARON AVE REDDING CA,40.5687315,-122.381363,476.36,00060
11372000,CLEAR C NR IGO CA,40.51320587,-122.5241795,675.79,00060
11374000,COW C NR MILLVILLE CA,40.50487467,-122.2330577,387.66,00060
11376000,COTTONWOOD C NR COTTONWOOD CA,40.38709797,-122.2386119,366.52,00060
11376550,BATTLE C BL COLEMAN FISH HATCHERY NR COTTONWOOD CA,40.39820996,-122.1463869,410.52,00060
11377100,SACRAMENTO R AB BEND BRIDGE NR RED BLUFF CA,40.2884596,-122.1866312,288.18,00060
11379500,ELDER C NR PASKENTA CA,40.02376507,-122.5119462,721.10,00060
11381500,MILL C NR LOS MOLINOS CA,40.0546022,-122.0241541,384.25,00060
11383500,DEER C NR VINA CA,40.0140214,-121.9482872,482.02,00060
11389500,SACRAMENTO R A COLUSA CA,39.21403369,-122.0002208,-1.53,00060
11390000,BUTTE C NR CHICO CA,39.72599524,-121.7088643,321.34,00060
11390500,SACRAMENTO R BL WILKINS SLOUGH NR GRIMES CA,39.00987205,-121.8246576,-1.28,00060
11401920,SPANISH C A QUINCY CA,39.9458333,-120.9425,3393.92,00060
11402000,SPANISH C AB BLACKHAWK C AT KEDDIE CA,40.0029195,-120.9543714,3133.39,00060
11413000,N YUBA R BL GOODYEARS BAR CA,39.52487147,-120.9379749,2456.60,00060
11418500,DEER C NR SMARTSVILLE CA,39.22431786,-121.2685349,633.65,00060
11421000,YUBA R NR MARYSVILLE CA,39.1757251,-121.5249647,0.76,00060
11424000,BEAR R NR WHEATLAND CA,39.0001537,-121.4065908,72.71,00060
11425500,SACRAMENTO R A VERONA CA,38.77432258,-121.5982593, -0.90,00060
11427000,NF AMERICAN R A NORTH FORK DAM CA,38.9359915,-121.023802,717.28,00060
11446500,AMERICAN R A FAIR OAKS CA,38.6354394,-121.227692,73.74,00060
11447360,ARCADE C NR DEL PASO HEIGHTS CA,38.6418268,-121.3826961,48.94,00060
11447650,SACRAMENTO R A FREEPORT CA,38.45566389,-121.5016167,,00060
11447830,SUTTER SLOUGH A COURTLAND CA,38.32916667,-121.5791667, 0,00060
11447850,STEAMBOAT SLOUGH NR WALNUT GROVE CA,38.2847222,-121.5866667, 0,00060
11447890,SACRAMENTO R AB DELTA CROSS CHANNEL CA,38.25769218,-121.5182865, 0,00060
11447903,GEORGIANA SLOUGH NR SACRAMENTO R,38.2372222,-121.5175, 0,00060
11447905,SACRAMENTO R BL GEORGIANA SLOUGH CA,38.23880385,-121.5227309, 0,00060
11448750,SF SCOTTS C NR LAKEPORT CA,39.04027778,-122.9833056,1472.94,00060
11448800,SCOTTS C BL SF SCOTTS C NR LAKEPORT CA,39.04194444,-122.9808333,1466.96,00060
11449235,CLOVER C BYPASS A ELK MTN RD NR UPPER LAKE CA,39.17577778,-122.9028889,1349.67,00060
11449255,SCOTTS C AB STATE ROUTE 29 A UPPER LAKE CA,39.1576361,-122.9207333,1302.84,00060
11449370,MOLESWORTH C NR CLEARLAKE CA,38.93894444,-122.6288889,1336.36,00060
11449500,KELSEY C NR KELSEYVILLE CA,38.9273642,-122.8435719,1478.06,00060
11449820,COLE C A KELSEYVILLE CA,38.97932778,-122.8305778,1370.64,00060
11451000,CACHE C NR LOWER LAKE CA,38.92403349,-122.5657869, 1282.29,00060
11451100,NF CACHE C A HOUGH SPRING NR CLEARLAKE OAKS CA,39.1654458,-122.6199862,1536.52,00060
11451300,NF CACHE C NR CLEARLAKE OAKS CA,39.07542006,-122.5341216,1274.25,00060
11451715,BEAR C AB HOLSTEN CHIMNEY CYN NR RUMSEY CA,38.95764605,-122.342726,818.49,00060
11451800,CACHE C A RUMSEY CA,38.8898988,-122.2383082, 405.69,00060
11452500,CACHE C A YOLO CA,38.727126,-121.8071874,-3.14,00060
11452800,CACHE C OVERFLOW WEIR FROM SETTLING BAS NR WOOD'LD,38.68265687,-121.6729821,-.75,00060
11452900,CACHE C OUTFLOW FROM SETTLING BASIN NR WOODLAND CA,38.67851526,-121.6727386,-0.78,00060
11453000,YOLO BYPASS NR WOODLAND CA,38.6776572,-121.6440924,-1.46,00060
11453500,PUTAH C NR GUENOC CA,38.7787587,-122.51745,912.96,00060
11453590,POPE C A WALTER SPRINGS CA,38.6469722,-122.365825,521.09,00060
11454000,PUTAH C NR WINTERS CA,38.5151562,-122.0818793,164.12,00060
11455095,SACRAMENTO R DEEP WATER SHIP CHANNEL NR FREEPORT,38.47686944,-121.5836417, 8,00060
11455140,TOE DRAIN A LIBERTY ISLAND NR COURTLAND CA,38.34916667,-121.6447222, .16,00060
11455276,SHAG SLOUGH A LIBERTY ISLAND NR COURTLAND CA,38.3078583,-121.6924278, 0,00060
11455315,CACHE SLOUGH A S LIBERTY ISLAND NR RIO VISTA CA,38.2430111,-121.684286, 0,00060
11455338,SACRAMENTO R DEEP WATER SHIP CHANNEL MARKER 51 CA,38.23739167,-121.6739556,2,00060
11455385,CACHE SLOUGH AB RYER ISLAND FERRY NR RIO VISTA CA,38.19395556,-121.6580028, 2,00060
11455420,SACRAMENTO R A RIO VISTA CA,38.14904444,-121.6889444, 0,00060
11456000,NAPA R NR ST HELENA CA,38.51126405,-122.4557779, 191.33,00060
11458000,NAPA R NR NAPA CA,38.36821248,-122.3032719,27.14,00060
11458433,SONOMA CREEK A KENWOOD CA,38.4188004,-122.5627606,408.36,00060
11458500,SONOMA C A AGUA CALIENTE CA,38.32321159,-122.4943873,96.59,00060
11458600,NATHANSON C A SONOMA CA,38.2808333,-122.4558333,55.12,00060
11459500,NOVATO C A NOVATO CA,38.1076593,-122.5799419,16.89,00060
11460000,CORTE MADERA C A ROSS CA,37.96294006,-122.5568837,10.44,00060
11460151,REDWOOD C A HWY 1 BRIDGE A MUIR BEACH CA,37.8661111,-122.578611,14.57,00060
11460400,LAGUNITAS C A SAMUEL P TAYLOR STATE PARK CA,38.0268261,-122.7363337,106.01,00060
11460600,LAGUNITAS C NR PT REYES STATION CA,38.08019988,-122.7844348,16.81,00060
11460605,OLEMA C A VEDANTA BRIDGE A OLEMA CA,38.0386111,-122.7858333,-21.41,00060
11460750,WALKER C NR MARSHALL CA,38.1757531,-122.8183254,148.96,00060
11461500,EF RUSSIAN R NR CALPELLA CA,39.24652277,-123.1302509,790.74,00060
11462080,RUSSIAN R NR TALMAGE CA,39.1129134,-123.183028,545.95,00060
11462500,RUSSIAN R NR HOPLAND CA,39.0265265,-123.1305253,500.01,00060
11463000,RUSSIAN R NR CLOVERDALE CA,38.87930758,-123.0535767,374.64,00060
11463170,BIG SULPHUR C A G RESORT NR CLOVERDALE CA,38.79768326,-122.8024929,,00060
11463200,BIG SULPHUR C NR CLOVERDALE CA,38.8259757,-122.9969077,302.75,00060
11463500,RUSSIAN R A GEYSERVILLE CA,38.7126453,-122.8957923,165.68,00060
11463682,RUSSIAN R A JIMTOWN CA,38.65820245,-122.8294009,143.70,00060
11463900,MAACAMA C NR KELLOGG CA,38.6409811,-122.7638434,179.62,00060
11463980,RUSSIAN R A DIGGER BEND NR HEALDSBURG CA,38.63292489,-122.8555123,85.63,00060
11464000,RUSSIAN R NR HEALDSBURG CA,38.6132032,-122.8363448, 79.98,00060
11465240,DRY C BLW LAMBERT BR NR GEYSERVILLE CA,38.65320165,-122.927181, 112.03,00060
11465350,DRY C NR MOUTH NR HEALDSBURG CA,38.58737009,-122.8621784,56.70,00060
11465390,RUSSIAN R NR WINDSOR CA,38.5157047,-122.8646775, 34.24,00060
11465660,COPELAND C A ROHNERT PARK CA,38.34324776,-122.7019317,93.09,00060
11465680,LAGUNA DE SANTA ROSA A STONY PT RD NR COTATI CA,38.3520977,-122.7441164,1.86,00060
11465690,COLGAN C NR SANTA ROSA CA,38.40209687,-122.7330057,2.53,00060
11465700,COLGAN C NR SEBASTOPOL CA,38.37348597,-122.768284,2.73,00060
11465750,LAGUNA DE SANTA ROSA C NR SEBASTOPOL CA,38.42546874,-122.8291584, 0.00,00060
11466065,BRUSH C A SANTA ROSA CA,38.45491127,-122.6802637, 0.0,00060
11466170,MATANZAS C A SANTA ROSA CA,38.43876314,-122.7024499,2.48,00060
11466200,SANTA ROSA C A SANTA ROSA CA,38.43654076,-122.7246727,102.43,00060
11466320,SANTA ROSA C A WILLOWSIDE RD NR SANTA ROSA CA,38.44519026,-122.8072129,2.36,00060
11466800,MARK WEST C NR MIRABEL HEIGHTS CA,38.4940385,-122.853288,2.28,00060
11467000,RUSSIAN R A HACIENDA BRIDGE NR GUERNEVILLE CA,38.50848204,-122.9277345,22.33,00060
11467200,AUSTIN C NR CAZADERO CA,38.5065363,-123.0696826,43.52,00060
11467510,SF GUALALA R NR THE SEA RANCH CA,38.70902938,-123.4266393, 42.31,00060
11467553,NF GUALALA R AB SF GUALALA R NR GUALALA CA,38.78986049,-123.5094204,26.59,00060
11468000,NAVARRO R NR NAVARRO CA,39.1704079,-123.6680415,9.22,00060
11468500,NOYO R NR FORT BRAGG CA,39.42822378,-123.7377917, 11.73,00060
11468900,MATTOLE R NR ETTERSBURG CA,40.139278,-123.9913987,582.22,00060
11469000,MATTOLE R NR PETROLIA CA,40.31316145,-124.2833536,49.79,00060
11472180,OUTLET C NR WILLITS CA,39.42044444,-123.3406667,1335.39,00060
11473900,MF EEL R NR DOS RIOS CA,39.7062356,-123.3252632,903.43,00060
11475000,EEL R A FORT SEWARD CA,40.21816919,-123.6325017,220.33,00060
11475500,SF EEL R NR BRANSCOMB CA,39.71904456,-123.652796, 1383.63,00060
11475560,ELDER C NR BRANSCOMB CA,39.72956555,-123.643883, 1411.64,00060
11475800,SF EEL R A LEGGETT CA,39.8745957,-123.7205775,687.59,00060
11476500,SF EEL R NR MIRANDA CA,40.18177947,-123.776116,220.46,00060
11476600,BULL C NR WEOTT CA,40.3514969,-124.0050136,274.54,00060
11477000,EEL R A SCOTIA CA,40.49149394,-124.0997407,38.41,00060
11478500,VAN DUZEN R NR BRIDGEVILLE CA,40.480385,-123.8908461,361.29,00060
11480390,MAD R AB RUTH RES NR FOREST GLEN CA,40.28428216,-123.3352727,2668.71,00060
11481000,MAD R NR ARCATA CA,40.9098217,-124.06058, 14.25,00060
11481200,LITTLE R NR TRINIDAD CA,41.00982016,-124.0814157,21.18,00060
11481500,REDWOOD C NR BLUE LAKE CA,40.90596479,-123.815335,867.26,00060
11482500,REDWOOD C A ORICK CA,41.2992896,-124.0511825,8.97,00060
11516530,KLAMATH R BL IRON GATE DAM CA,41.92791865,-122.4441882, 2162.44,00060
11517000,SHASTA R NR  MONTAGUE CA,41.70903196,-122.5380787, 2458.00,00060
11517500,SHASTA R NR YREKA CA,41.82288,-122.5955565,2036.93,00060
11519500,SCOTT R NR FORT JONES CA,41.64069017,-123.015037, 2623.80,00060
11520500,KLAMATH R NR SEIAD VALLEY CA,41.8537379,-123.2322733,1313.78,00060
11521500,INDIAN C NR HAPPY CAMP CA,41.83509438,-123.383078,1201.55,00060
11522500,SALMON R A SOMES BAR CA,41.37648796,-123.4769615,486.33,00060
11523000,KLAMATH R A ORLEANS,41.30343278,-123.5344618,357.43,00060
11523200,TRINITY R AB COFFEE C NR TRINITY CENTER CA,41.11122108,-122.7055474,2540.44,00060
11525500,TRINITY R A LEWISTON CA,40.7247222,-122.801111,1821.45,00060
11525530,RUSH C NR LEWISTON CA,40.72455839,-122.834711,1798.69,00060
11525655,TRINITY R BL LIMEKILN GULCH NR DOUGLAS CITY CA,40.67261385,-122.9205459,1665.30,00060
11525670,INDIAN C NR DOUGLAS CITY CA,40.65178087,-122.9144343,1663.58,00060
11525854,TRINITY R A DOUGLAS CITY CA,40.64527778,-122.9566667,1593.30,00060
11526250,TRINITY R A JUNCTION CITY CA,40.7284768,-123.0619736,1445.35,00060
11526400,TRINITY R AB NF TRINITY R NR HELENA CA,40.76649958,-123.1144415,1356.59,00060
11527000,TRINITY R NR BURNT RANCH CA,40.78871835,-123.440006, 947.85,00060
11528700,SF TRINITY R BL HYAMPOM CA,40.64983089,-123.4941718,1211.96,00060
11530000,TRINITY R A HOOPA CA,41.0498236,-123.6736278,278.69,00060
11530500,KLAMATH R NR KLAMATH CA,41.51092575,-123.9794772,5.41,00060
11532500,SMITH R NR CRESCENT CITY CA,41.7914769,-124.0761515,82.75,00060
340229116510601,BURNT CANYON C ABV DIV DAM NR BANNING CA,34.04129167,-116.8516417,5599,00060
340242116492901,WHITEWATER R DIV FLUME IN UP BURNT CYN NR BANNING,34.045,-116.8247222,7060.67,00060
351813119150601,KERN R A ENOS PARK FOOT BR NR BAKERSFIELD CA,35.3035361,-119.2516472, 322,00060
360013118575201,DEER C A ROAD 272 BRIDGE NR PORTERVILLE CA,36.0036722,-118.9643639, 493.74,00060
361240119340701,CROSS C A KANSAS AVE NR HANFORD CA,36.211,-119.568636,180.88,00060
362227119531401,NF KINGS R A 24TH AVE BR NR LEMOORE CA,36.3742611,-119.8872472,179.60,00060
373507121472101,SAN ANTONIO C A INDIAN CREEK ROAD NR SUNOL CA,37.58527778,-121.7891667,511.37,00060
381427121305401,SACRAMENTO R BL WALNUT GROVE BR A WALNUT GROVE CA,38.2408583,-121.515836,,00060
06614800,"MICHIGAN RIVER NEAR CAMERON PASS, CO",40.49609409,-105.8650119, 10390,00060
06620000,"NORTH PLATTE RIVER NEAR NORTHGATE, CO",40.93663889,-106.3391944,7820.99,00060
06696980,"TARRYALL CREEK AT UPPER STATION NEAR COMO, CO",39.33943296,-105.9116813, 9935,00060
06700000,"SOUTH PLATTE RIVER ABOVE CHEESMAN LAKE, CO.",39.16276858,-105.3102732, 6845.86,00060
06701900,"SOUTH PLATTE RIVER BLW BRUSH CRK NEAR TRUMBULL, CO",39.25999025,-105.2219379, 6380,00060
06708600,"WEST PLUM CREEK NEAR PERRY PARK, CO",39.2594722,-104.9519028, 6340,00060
06708690,"WEST PLUM CREEK AT SEDALIA, CO",39.42927778,-104.9677778, 5763,00060
06708800,"EAST PLUM CR ABV HASKINS GULCH NR CASTLE ROCK, CO",39.423,-104.9046111,5943.55,00060
06709000,"PLUM CREEK NEAR SEDALIA, CO.",39.43832246,-104.9830387, 5720,00060
06709530,"PLUM CREEK AT TITAN ROAD NEAR LOUVIERS, CO",39.50736944,-105.0244667,5522.61,00060
06709740,"LEE GULCH AT LITTLETON, CO",39.5961111,-105.0160278, 5365,00060
06709910,"DUTCH CR AT PLATTE CANYON DRIVE NEAR LITTLETON, CO",39.6001111,-105.0419222, 5360,00060
06710150,"BIG DRY CREEK BELOW C-470 AT HIGHLANDS RANCH, CO",39.5633216,-104.927758, 5675,00060
06710247,"SOUTH PLATTE RIVER BELOW UNION AVE, AT ENGLEWOOD,C",39.6324876,-105.014983, 5290,00060
06710385,"BEAR CREEK ABOVE EVERGREEN, CO",39.63316667,-105.3369444, 7080,00060
06710605,"BEAR CREEK ABOVE BEAR CREEK LAKE NEAR MORRISON, CO",39.65202778,-105.17325, 5645,00060
06711040,TURKEY CREEK ABOVE BEAR CREEK LAKE NEAR MORRISON C,39.6407083,-105.15935, 5654,00060
06711515,"LITTLE DRY CREEK NR ARAPAHOE RD AT CENTENNIAL, CO",39.5937361,-104.9065, 5600,00060
06711555,"LITTLE DRY CREEK ABOVE ENGLEWOOD, CO",39.6491542,-104.9788705, 5420,00060
06711565,"SOUTH PLATTE RIVER AT ENGLEWOOD, CO.",39.66498738,-105.004149, 5250,00060
06711570,"HARVARD GULCH AT COLORADO BLVD. AT DENVER, CO",39.66920278,-104.9425083, 5400,00060
06711575,"HARVARD GULCH AT HARVARD PARK AT DENVER, CO",39.6717222,-104.9770278, 5320,00060
06711618,"WEIR GULCH UPSTREAM FROM 1ST AVE. AT DENVER, CO",39.7172472,-105.0420111, 5295,00060
06711770,"DRY GULCH AT DENVER, CO",39.734375,-105.0395556,5240.38,00060
06711780,"LAKEWOOD GULCH AT DENVER, CO",39.73519444,-105.0313611,5213.36,00060
06712000,"CHERRY CREEK NEAR FRANKTOWN, CO.",39.3558234,-104.7633092,6169.64,00060
06713000,"CHERRY CREEK BELOW CHERRY CREEK LAKE, CO",39.65359899,-104.8630326, 5487.51,00060
06713500,"CHERRY CREEK AT DENVER, CO.",39.74248685,-104.9999817,5189.79,00060
06714215,"SOUTH PLATTE R AT 64TH AVE. COMMERCE CITY, CO.",39.81220846,-104.9583129, 5105.00,00060
06714360,"SAND CRK ABV BURLINGTON DITCH NR COMMERCE CITY, CO",39.81025,-104.9503333, 5122,00060
06714400,"S CLEAR CR ABV LOWER CABIN CR RES NR GEORGETOWN,CO",39.64900556,-105.7074833, 10060,00060
06714500,S CLEAR CR ABV LWR CABIN CR RES SPILWY NR GEORGTWN,39.6631,-105.7063278,9958.95,00060
06714800,"LEAVENWORTH CREEK AT MOUTH NEAR GEORGETOWN, CO",39.68720955,-105.7002821, 9280,00060
06715000,CLEAR CREEK ABV WEST FORK CLEAR CREEK NR EMPIRE CO,39.7519319,-105.661947, 8280,00060
06716100,"WEST FORK CLEAR CREEK ABV MOUTH NR EMPIRE, CO",39.75887636,-105.6600025, 8235,00060
06716500,"CLEAR CREEK NEAR LAWSON, CO",39.7658209,-105.6261123, 8070.52,00060
06718550,"NORTH CLEAR CREEK ABOVE MOUTH NR BLACK HAWK, CO",39.74887674,-105.3997159, 6910,00060
06719505,"CLEAR CREEK AT GOLDEN, CO",39.75304299,-105.2352667, 5695,00060
06719560,"LENA GULCH AT LAKEWOOD, CO",39.74040278,-105.1488333, 5610,00060
06719840,"LITTLE DRY CREEK AT WESTMINSTER, CO",39.82655278,-105.0400639, 5275,00060
06719845,"LITTLE DRY CRK BLW FEDERAL BLVD AT WESTMINSTER, CO",39.81936667,-105.0214472, 5232,00060
06720460,"FIRST CR BEL BUCKLEY RD, AT ROCKY MTN ARSENAL, CO",39.8080421,-104.7938618, 5289.63,00060
06720820,"BIG DRY CREEK AT WESTMINSTER, CO",39.90568056,-105.0353889, 5215,00060
06720990,"BIG DRY CREEK AT MOUTH NEAR FORT LUPTON, CO",40.0688333,-104.8319861, 4900,00060
06721000,"SOUTH PLATTE RIVER AT FORT LUPTON, CO.",40.11609435,-104.8185831, 4860,00060
06724970,"LEFT HAND CREEK AT HOVER ROAD NEAR LONGMONT, CO",40.13427778,-105.1308194, 4994,00060
06727410,"FOURMILE CREEK AT LOGAN MILL ROAD NEAR CRISMAN, CO",40.04202778,-105.3649167, 6341,00060
06727500,"FOURMILE CREEK AT ORODELL, CO",40.01866667,-105.32625, 5750,00060
06730160,"FOURMILE CANYON CREEK NEAR SUNSHINE, CO",40.0576111,-105.3487778, 6639,00060
06730200,"BOULDER CREEK AT NORTH 75TH ST. NEAR BOULDER, CO",40.05165184,-105.1788754, 5106,00060
06730500,"BOULDER CREEK AT MOUTH NEAR LONGMONT, CO",40.13877778,-105.0202222, 4860,00060
06730525,ST VRAIN CR BLW BOULDER CR AT HWY 119 NR LONGMONT,40.16046667,-105.0079361, 4849,00060
06741510,"BIG THOMPSON RIVER AT LOVELAND, CO.",40.37873889,-105.0608167,4910,00060
06746110,"JOE WRIGHT CREEK BELOW JOE WRIGHT RESERVOIR, CO",40.5619264,-105.8639, 9710,00060
06751145,N FK CACHE LA POUDRE R ABV HALLIGAN RES NR VA DALE,40.8945833,-105.3672222,6384,00060
06751150,N FK CACHE LA POUDRE R BLW HALLIGAN RES NR VA DALE,40.87831637,-105.3380411, 6310,00060
06751490,"NORTH FORK CACHE LA POUDRE RIVER AT LIVERMORE, CO",40.7874815,-105.2522047, 5715,00060
06752260,"CACHE LA POUDRE RIVER AT FORT COLLINS, CO",40.5880833,-105.0692222, 4940,00060
06752280,"CACHE LA POUDRE RIV AB BOXELDER CRK NR TIMNATH, CO",40.5519269,-105.011365, 4860,00060
06759500,"SOUTH PLATTE RIVER AT FORT MORGAN, CO",40.26840278,-103.8011917, 4246.09,00060
07079300,"EF ARKANSAS R AT US HIGHWAY 24, NR LEADVILLE, CO.",39.2724892,-106.3064133, 9900.00,00060
07081200,"ARKANSAS RIVER NEAR LEADVILLE, CO",39.249,-106.3481111, 9665,00060
07083000,"HALFMOON CREEK NEAR MALTA, CO",39.17221259,-106.3891926, 9830,00060
07083200,"HALFMOON CR BL HALFMOON DIVERSION NR LEADVILLE, CO",39.1857222,-106.3833611, 9720,00060
07083710,"ARKANSAS RIVER BELOW EMPIRE GULCH NEAR MALTA, CO",39.1638798,-106.320024, 9280,00060
07086000,"ARKANSAS RIVER AT GRANITE, CO.",39.04277116,-106.2658553, 8914.86,00060
07087050,"ARKANSAS RIVER BELOW GRANITE, CO",38.97693889,-106.2139833,8544,00060
07091200,"ARKANSAS RIVER NEAR NATHROP, CO",38.6522188,-106.051126, 7350,00060
07093700,"ARKANSAS RIVER NEAR WELLSVILLE, CO.",38.50277496,-105.9397333, 6883.40,00060
07094500,"ARKANSAS RIVER AT PARKDALE, CO.",38.4872189,-105.373604, 5714.30,00060
07096000,"ARKANSAS RIVER AT CANON CITY, CO.",38.43388674,-105.2572128, 5342.13,00060
07096250,"FOURMILE CREEK BELOW CRIPPLE CREEK NEAR VICTOR, CO",38.66388094,-105.228041, 6870,00060
07097000,"ARKANSAS RIVER AT PORTLAND, CO.",38.38833418,-105.0160961, 5021.59,00060
07099050,"BEAVER CR ABV UPPER BEAVER CEMETERY NR PENROSE, CO",38.56166228,-105.0219257, 6020,00060
07099060,"BEAVER CREEK ABOVE HIGHWAY 115 NEAR PENROSE, CO",38.4891658,-104.9974832, 5660.,00060
07099230,"TURKEY CREEK AB TELLER RES NEAR STONE CITY, CO.",38.46499989,-104.8272009, 5520.00,00060
07099238,"TELLER RESERVOIR SPILLWAY NEAR STONE CITY, CO",38.43888889,-104.8208333, 5480,00060
07099400,"ARKANSAS RIVER ABOVE PUEBLO, CO",38.2716694,-104.718033, 4740,00060
07099970,"ARKANSAS RIVER AT MOFFAT STREET AT PUEBLO, CO",38.25361396,-104.6060854, 4653,00060
07099973,ARKANSAS RIVER TRIBUTARY ABOVE HWY 227 AT PUEBLO,38.25388889,-104.5958333, 4640,00060
07103100,"WILLIAMS CANYON ABV MOUTH NEAR MANITOU SPRINGS, CO",38.88880278,-104.918825, 7120,00060
07103700,"FOUNTAIN CREEK NEAR COLORADO SPRINGS, CO.",38.85471357,-104.8780314, 6110.00,00060
07103703,"CAMP CREEK AT GARDEN OF THE GODS, CO",38.87693609,-104.8727543, 6310,00060
07103780,"MONUMENT C AB N.GATE BLVD AT USAF ACADEMY, CO.",39.03102778,-104.8466111, 6640,00060
07103784,"GOAT CAMP CREEK ABV RESERVOIR NO. 4 AT USAFA, CO",39.00888889,-104.8981, 7230,00060
07103790,"MONUMENT CR BEL SEWAGE TR PLANT AT USAF ACADEMY,CO",38.98138889,-104.8305556, 6420,00060
07103791,"LEHMAN RUN BLW STADIUM BLVD AT USAFA, CO",39.00007778,-104.8378417, 6580,00060
07103792,"RESERVOIR NO. 1 SPILLWAY AT HUSTED RD AT USAFA, CO",39.0012333,-104.8340111, 6580,00060
07103797,"WEST MONUMENT CREEK BELOW RAMPART RESERVOIR, CO",38.97499176,-104.9555374, 8710,00060
07103800,"WEST MONUMENT CREEK AT U.S. AIR FORCE ACADEMY, CO",38.97054766,-104.902758, 7180,00060
07103960,"KETTLE CREEK ABOVE USAF ACADEMY, CO",38.9761111,-104.7986111, 6620,00060
07103970,"MONUMENT CR ABV WOODMEN RD AT COLORADO SPRINGS, CO",38.9338817,-104.8171992, 6270,00060
07103980,"COTTONWOOD CREEK AT WOODMEN RD NR COLO SPRINGS, CO",38.93943809,-104.7410863, 6680,00060
07103987,"COTTONWOOD CK AT UNION BLVD, AT COLO SPRINGS, CO",38.9303611,-104.77615, 6485,00060
07103990,"COTTONWOOD CREEK AT MOUTH AT PIKEVIEW, CO",38.9272222,-104.8141667, 6240,00060
07104000,"MONUMENT CREEK AT PIKEVIEW, CO.",38.91777057,-104.8185877, 6203.26,00060
07104905,"MONUMENT CREEK AT BIJOU ST. AT COLO. SPRINGS, CO",38.83721474,-104.8294192, 5980,00060
07105000,"BEAR CREEK NEAR COLORADO SPRINGS, CO",38.82249078,-104.888586, 6520,00060
07105490,"CHEYENNE CREEK AT EVANS AVE AT COLORADO SPRINGS,CO",38.79054685,-104.8641404, 6280,00060
07105500,"FOUNTAIN CREEK AT COLORADO SPRINGS, CO",38.81638158,-104.8227519, 5900,00060
07105530,"FOUNTAIN CR BLW JANITELL RD BLW COLO. SPRINGS, CO",38.8030491,-104.7958069, 5840,00060
07105600,"SAND CREEK ABOVE MOUTH AT COLORADO SPRINGS, CO",38.78832768,-104.773862, 5837,00060
07105800,"FOUNTAIN CREEK AT SECURITY, CO",38.7294404,-104.7338611, 5640,00060
07105815,"CLOVER DITCH DRAIN AT QUINN ST NR WIDEFIELD, CO",38.7297222,-104.7676389, 5745,00060
07105820,"CLOVER DITCH DRAIN NEAR WIDEFIELD, CO.",38.71860726,-104.729139, 5620.00,00060
07105900,"JIMMY CAMP CREEK AT FOUNTAIN, CO.",38.6844413,-104.688583, 5530.00,00060
07105932,LITTLE FOUNTAIN CR BELOW RIPLEY DITCH NR FT CARSON,38.67885,-104.8515278,6318,00060
07105940,"LITTLE FOUNTAIN CREEK NEAR FOUNTAIN, CO",38.64265,-104.7483833, 5566,00060
07105945,"ROCK CREEK ABOVE FORT CARSON RESERVATION, CO",38.707493,-104.8466403, 6390,00060
07106000,"FOUNTAIN CREEK NEAR FOUNTAIN, CO.",38.6016647,-104.6702503, 5355,00060
07106300,"FOUNTAIN CREEK NEAR PINON, CO",38.42944444,-104.5980556, 4990,00060
07106500,"FOUNTAIN CREEK AT PUEBLO, CO.",38.2877801,-104.6010849, 4705,00060
07106510,"FOUNTAIN CREEK AT 8TH STREET AT PUEBLO, CO",38.27444444,-104.6005556,4673,00060
07108900,"ST. CHARLES RIVER AT VINELAND, CO.",38.24555835,-104.4863597, 4581.58,00060
07109500,"ARKANSAS RIVER NEAR AVONDALE, CO.",38.24805799,-104.3991356, 4509.53,00060
07116500,"HUERFANO RIVER NEAR BOONE, CO.",38.2250024,-104.2607996, 4443.74,00060
07119500,"APISHAPA RIVER NEAR FOWLER, CO",38.1085,-103.9676111, 4290,00060
07121500,"TIMPAS CREEK AT MOUTH NEAR SWINK, CO.",38.0030644,-103.6560588, 4120.00,00060
07124000,"ARKANSAS RIVER AT LAS ANIMAS, CO.",38.0808399,-103.2196523, 3883.97,00060
07124200,"PURGATOIRE RIVER AT MADRID, CO.",37.12946459,-104.6399888, 6261.61,00060
07124410,"PURGATOIRE RIVER BELOW TRINIDAD LAKE, CO.",37.14390846,-104.5477644, 6073.64,00060
07126200,"VAN BREMER ARROYO NEAR MODEL, CO",37.34557255,-103.9580186, 4960,00060
07126300,"PURGATOIRE RIVER NEAR THATCHER, CO.",37.3564059,-103.9002383, 4790,00060
07126485,"PURGATOIRE RIVER AT ROCK CROSSING NR TIMPAS, CO.",37.6183474,-103.593557, 4350,00060
07128500,"PURGATOIRE RIVER NEAR LAS ANIMAS, CO",38.0342222,-103.2014167, 3878.04,00060
07130500,"ARKANSAS RIVER BELOW JOHN MARTIN RESERVOIR, CO.",38.06639635,-102.9324228, 3737.40,00060
07133000,"ARKANSAS RIVER AT LAMAR, CO",38.10579167,-102.6182056, 3597.39,00060
07134180,"ARKANSAS RIVER NEAR GRANADA, CO.",38.0955649,-102.3107453, 3480.00,00060
07134990,"WILD HORSE CREEK ABOVE HOLLY, CO",38.05702778,-102.1384722, 3405,00060
07135500,"ARKANSAS RIVER AT HOLLY, CO.",38.04362258,-102.1196294, 3377.95,00060
08220000,"RIO GRANDE NEAR DEL NORTE, CO",37.6886111,-106.4598611, 7980.25,00060
08251500,"RIO GRANDE NEAR LOBATOS, CO",37.0786111,-105.7569444, 7427.63,00060
09010500,"COLORADO RIVER BELOW BAKER GULCH NR GRAND LAKE, CO",40.32581784,-105.8566791, 8750,00060
09014050,"GRAND LAKE OUTLET BLW CHIPMUNK LN AT GRAND LK, CO",40.2461111,-105.8288333, 8365,00060
09015000,"COLORADO RIVER BL SHADOW MOUNTAIN RESERVOIR, CO.",40.20519444,-105.8375611,8326.47,00060
09019000,"COLORADO RIVER BELOW LAKE GRANBY, CO.",40.1441524,-105.8672348, 8055,00060
09019500,"COLORADO RIVER NEAR GRANBY, CO",40.12081915,-105.9005694, 7960,00060
09019850,"WILLOW CREEK BELOW CABIN CREEK NEAR GRANBY, CO",40.21426944,-106.0506611,8427,00060
09021000,"WILLOW CREEK BELOW WILLOW CREEK RESERVOIR, CO.",40.14581899,-105.9400156,8030.04,00060
09022000,"FRASER RIVER AT UPPER STA, NEAR WINTER PARK, CO.",39.8458204,-105.7519507, 9520.00,00060
09024000,"FRASER RIVER AT WINTER PARK, CO.",39.89998695,-105.7766741,8911.08,00060
09025000,"VASQUEZ CREEK AT WINTER PARK, CO",39.92026468,-105.7852857,8773.16,00060
09025300,"ELK CREEK AT UPPER STATION, NEAR FRASER, CO",39.8894312,-105.8325098,9417.29,00060
09026500,"ST. LOUIS CREEK NEAR FRASER, CO.",39.90998657,-105.8783451, 8980.17,00060
09027100,"FRASER RIVER AT TABERNASH, CO",39.9903333,-105.8297778, 8350,00060
09029995,MIDDLE FORK RANCH CREEK ABV DIVERSION NR FRASER CO,39.92896944,-105.7343389, 9512,00060
09031600,"VASQUEZ DIVERSION 3 NR WINTER PARK, CO",39.86610556,-105.8196472,9403.87,00060
09031700,"VASQUEZ DIVERSION 2 NR WINTER PARK, CO",39.8891472,-105.8117694,9399,00060
09032000,"RANCH CREEK NEAR FRASER, CO.",39.94998694,-105.7655627, 8660,00060
09032050,"LITTLE CABIN CREEK NEAR TABERNASH, CO",39.97454444,-105.7395361, 9562,00060
09032100,"CABIN CREEK NEAR FRASER, CO.",39.9858203,-105.7450064, 9560.00,00060
09032200,"HAMILTON CREEK NEAR TABERNASH, CO",39.99727778,-105.7468056, 9581,00060
09032300,"HURD CREEK NEAR TABERNASH, CO",40.01325,-105.7616944, 9649,00060
09032400,"TRAIL CREEK NEAR TABERNASH, CO",40.02841667,-105.7806389, 9558,00060
09032990,"MEADOW CREEK BLW MEADOW CREEK RES NR TABERNASH, CO",40.05202778,-105.7541667, 9900,00060
09033010,"MEADOW CREEK DIVERSION NEAR TABERNASH, CO",40.0502861,-105.7797056,9742.61,00060
09033100,"RANCH CREEK BLW MEADOW CR NR TABERNASH, CO",39.9990861,-105.8265583, 8343,00060
09033300,FRASER RIVER BLW CROOKED CR AT TABERNASH CO,40.00689167,-105.8482722, 8274,00060
09034250,"COLORADO RIVER AT WINDY GAP, NEAR GRANBY, CO.",40.108319,-106.0041847,7790.48,00060
09034900,"BOBTAIL CREEK NEAR JONES PASS, CO",39.76026447,-105.9064014, 10430,00060
09035500,"WILLIAMS FORK BELOW STEELMAN CREEK, CO.",39.77887549,-105.9283469, 9800.00,00060
09035700,"WILLIAMS FORK ABOVE DARLING CREEK, NEAR LEAL, CO",39.79719444,-106.0256389, 8940,00060
09035900,"SOUTH FORK OF WILLIAMS FORK NEAR LEAL, CO",39.79581958,-106.0305734, 8950,00060
09036000,"WILLIAMS FORK NEAR LEAL, CO.",39.833875,-106.0564079, 8790.00,00060
09037500,"WILLIAMS FORK NEAR PARSHALL, CO",40.0002,-106.1803667, 7808.95,00060
09038500,"WILLIAMS FORK BELOW WILLIAMS FORK RESERVOIR, CO",40.03592778,-106.2050139,7616.53,00060
09040500,"TROUBLESOME CREEK NEAR TROUBLESOME, CO.",40.05866389,-106.3051778,7349,00060
09041090,"MUDDY CREEK ABOVE ANTELOPE CREEK NR. KREMMLING, CO",40.2024844,-106.4225335, 7520,00060
09041400,"MUDDY CRK BLW WOLFORD MTN RESER. NR KREMMLING, CO",40.10859628,-106.4139212, 7380,00060
09041900,"MONTE CRISTO DIVERSION NEAR HOOSIER PASS, CO",39.38082156,-106.0714082, 10986,00060
09044300,"BEMROSE-HOOSIER DIVERSION NEAR HOOSIER PASS, CO",39.38054378,-106.0708526, 10986,00060
09044800,"MCCULLOUGH-SP-CRYS-DIVERSION NEAR HOOSIER PASS, CO",39.38082156,-106.0711304, 10986,00060
09046490,"BLUE RIVER AT BLUE RIVER, CO.",39.45582067,-106.0316849, 9835,00060
09046600,"BLUE RIVER NEAR DILLON, CO",39.56665329,-106.0494632, 9020,00060
09047500,"SNAKE RIVER NEAR MONTEZUMA, CO",39.6053611,-105.9431306, 9320,00060
09047700,"KEYSTONE GULCH NEAR DILLON, CO.",39.59443117,-105.9725158, 9350.00,00060
09050100,"TENMILE CREEK BL NORTH TENMILE C, AT FRISCO, CO.",39.57526424,-106.1105765, 9100,00060
09050700,"BLUE RIVER BELOW DILLON, CO.",39.625542,-106.0664082, 8760.00,00060
09051050,"STRAIGHT CR BLW LASKEY GULCH NR DILLON, CO",39.6397087,-106.040296, 9070,00060
09053500,"BLUE RIVER ABOVE GREEN MOUNTAIN RESERVOIR, CO.",39.83193005,-106.2228033, 7946.56,00060
09056500,"ELLIOTT CREEK FEEDER CANAL TO GREEN MTN RES, CO",39.873725,-106.3305972, 8054.92,00060
09057500,"BLUE RIVER BELOW GREEN MOUNTAIN RESERVOIR, CO",39.88026354,-106.3339175, 7682.66,00060
09058000,"COLORADO RIVER NEAR KREMMLING, CO",40.03665248,-106.4400324, 7320,00060
09058500,"PINEY RIVER BELOW PINEY LAKE, NEAR MINTURN, CO.",39.70804158,-106.4266968,9149.86,00060
09059500,"PINEY RIVER NEAR STATE BRIDGE, CO",39.7957222,-106.5743472,7276.22,00060
09060770,"ROCK CREEK AT MCCOY, CO.",39.91394444,-106.7273056,6688,00060
09060799,"COLORADO RIVER AT CATAMOUNT BRIDGE, CO",39.8911,-106.8316944,6540.10,00060
09061600,"EAST FORK EAGLE RIVER NEAR CLIMAX, CO",39.4102654,-106.2497468,10000.00,00060
09062600,"RESOLUTION CREEK AT CAMP HALE NEAR RED CLIFF, CO",39.4478361,-106.3192167,9292.61,00060
09063000,"EAGLE RIVER AT RED CLIFF, CO.",39.50831949,-106.3666948,8658.61,00060
09063440,"TURKEY CREEK BELOW TATES GULCH NR RED CLIFF, CO",39.5193333,-106.3514167,8802.82,00060
09063900,"MISSOURI CREEK NEAR GOLD PARK, CO.",39.39026486,-106.4700294,9985.89,00060
09064000,"HOMESTAKE CREEK AT GOLD PARK, CO.",39.4055426,-106.433362,9217.78,00060
09064600,"EAGLE RIVER NEAR MINTURN, CO",39.55387495,-106.402529,8085.99,00060
09065100,"CROSS CREEK NEAR MINTURN, CO",39.56829167,-106.4124306,7985.72,00060
09065500,"GORE CREEK AT UPPER STATION, NEAR MINTURN, CO.",39.6258193,-106.2780823, 8600,00060
09066000,"BLACK GORE CREEK NEAR MINTURN, CO.",39.59637495,-106.2650264, 9150.00,00060
09066200,"BOOTH CREEK NEAR MINTURN, CO.",39.64831927,-106.3230833, 8325,00060
09066300,"MIDDLE CREEK NEAR MINTURN, CO.",39.6458193,-106.3822512, 8200,00060
09066310,"GORE CREEK, LOWER STATION, AT VAIL, COLORADO",39.6410971,-106.3941959,8089,00060
09066325,"GORE CREEK ABV RED SANDSTONE CREEK AT VAIL, CO",39.6410971,-106.3947515, 8055,00060
09066510,"GORE CREEK AT MOUTH NEAR MINTURN, CO",39.60943048,-106.447808,7720.35,00060
09067000,"BEAVER CREEK AT AVON, CO",39.62970826,-106.5228096,7454.57,00060
09067005,"EAGLE RIVER AT AVON, CO.",39.6316527,-106.5225318, 7410,00060
09067020,"EAGLE R BLW WASTEWATER TREATMENT PLANT AT AVON, CO",39.6348611,-106.5319444,7382.47,00060
09067200,"LAKE CREEK NEAR EDWARDS, CO",39.647486,-106.6092003,6447.84,00060
09070000,"EAGLE RIVER BELOW GYPSUM, CO.",39.64942954,-106.9536554,6266.81,00060
09070500,"COLORADO RIVER NEAR DOTSERO, CO",39.6446111,-107.0780139,6121.59,00060
09071295,"GRIZZLY CREEK NR GRIZZLY LAKE NR GLENWOOD SPGS, CO",39.71762778,-107.3177194,10492.73,00060
09072550,"ROARING FORK RIVER ABV LOST MAN CR NEAR ASPEN, CO",39.1193611,-106.6239167,10550.19,00060
09073005,"LINCOLN CREEK BELOW GRIZZLY RESERVOIR NR ASPEN, CO",39.0802361,-106.6165833,10488.05,00060
09073300,"ROARING FORK RIVER AB DIFFICULT C NR ASPEN, CO.",39.14109959,-106.7742039, 8120.00,00060
09073400,"ROARING FORK RIVER NEAR ASPEN, CO.",39.17998755,-106.8019826,8019.66,00060
09073721,"HUNTER CREEK CONDUIT BYPASS NEAR ASPEN, CO",39.20756944,-106.6803917, 10172,00060
09073791,"MIDWAY CREEK CONDUIT BYPASS NEAR ASPEN, CO",39.19102778,-106.6859,10181.92,00060
09073891,"NO NAME CREEK CONDUIT BYPASS NEAR ASPEN, CO",39.18360738,-106.7198577, 10158.0,00060
09074500,"HUNTER CREEK AT ASPEN, CO",39.19688889,-106.8189167,7837.00,00060
09076000,"MAROON CREEK NEAR ASPEN, CO.",39.1634083,-106.8807472, 8231,00060
09076300,"ROARING FORK RIVER BLW MAROON CREEK NR ASPEN, CO",39.2232,-106.8573083,7572.24,00060
09078141,"NORTH CUNNINGHAM CREEK CONDUIT BYPASS NR NORRIE,CO",39.33596219,-106.5442115, 10077,00060
09078475,"LAST CHANCE CREEK NEAR NORRIE, CO",39.34388889,-106.6565278,8548.93,00060
09079450,"LIME CREEK NEAR THOMASVILLE, CO",39.3604111,-106.6852444, 8144,00060
09080400,"FRYINGPAN RIVER NEAR RUEDI, CO.",39.36554075,-106.8255948,7478.19,00060
09081000,"ROARING FORK RIVER NEAR EMMA, CO",39.37331729,-107.0839367,6468.82,00060
09081600,"CRYSTAL RIVER ABV AVALANCHE CRK, NEAR REDSTONE, CO",39.23263889,-107.2275,6906.78,00060
09085000,"ROARING FORK RIVER AT GLENWOOD SPRINGS, CO.",39.54666667,-107.3308333,5723,00060
09085100,"COLORADO RIVER BELOW GLENWOOD SPRINGS, CO",39.5549819,-107.337554,5705.42,00060
09085500,"CANYON CREEK NEAR NEW CASTLE, CO.",39.5745361,-107.447925,5611.06,00060
09087500,"ELK CREEK AT NEW CASTLE, CO.",39.5737972,-107.5399333,5546.23,00060
09090785,"DIVIDE CREEK NEAR SILT, CO",39.54050278,-107.6230722,5449.13,00060
09092570,"COLORADO RIVER AT RULISON, CO.",39.49414529,-107.9389593,5136.32,00060
09093500,"PARACHUTE CREEK AT PARACHUTE, CO.",39.45344444,-108.0606944,5102.78,00060
09095500,"COLORADO RIVER NEAR CAMEO, CO.",39.2391463,-108.2661946,4817.25,00060
09105000,"PLATEAU CREEK NEAR CAMEO, CO",39.1836111,-108.2683333,4832.98,00060
09106150,"COLO RIVER BELOW GRAND VALLEY DIV NR PALISADE, CO",39.09859226,-108.355086,4669.40,00060
09106485,"COLORADO R. ABV GUNNISON R. AT GRAND JUNCTION, CO",39.0545833,-108.5411111,4577,00060
09106800,"TAYLOR RIVER ABOVE TRAIL CREEK NR TAYLOR PARK, CO",38.92469444,-106.6009444,9681.31,00060
09107000,"TAYLOR RIVER AT TAYLOR PARK, CO.",38.86027127,-106.5666966,9332.33,00060
09107500,"TEXAS CREEK AT TAYLOR PARK, CO",38.84694444,-106.5546389,9374.09,00060
09108250,"WILLOW CREEK ABOVE TAYLOR PARK RESERVOIR, CO.",38.8179361,-106.56075,9354.96,00060
09109000,"TAYLOR RIVER BELOW TAYLOR PARK RESERVOIR, CO.",38.8183269,-106.6091977,9172.74,00060
09110000,"TAYLOR RIVER AT ALMONT, CO.",38.66443715,-106.8453172, 8010.76,00060
09110970,"COAL CREEK ABOVE ELK CREEK NEAR CRESTED BUTTE, CO",38.85566667,-107.0729167,9678.40,00060
09110990,"ELK CREEK AT COAL CREEK ABV CRESTED BUTTE, CO",38.85665,-107.0597722,9568.63,00060
09111250,"COAL CREEK ABV MCCORMICK DTCH AT CRESTED BUTTE, CO",38.87155556,-106.9852972, 8903,00060
09112200,"EAST RIVER BELOW CEMENT CREEK NR CRESTED BUTTE, CO",38.7841599,-106.8708736, 8440,00060
09112500,"EAST RIVER AT ALMONT, CO",38.66443715,-106.848095, 8006.29,00060
09113500,"OHIO CREEK NEAR BALDWIN, CO.",38.70304167,-106.9999472,8212.48,00060
09113980,"OHIO CREEK ABOVE MOUTH NR GUNNISON, CO",38.5877696,-106.931432,7767.10,00060
09114500,"GUNNISON RIVER NEAR GUNNISON, CO.",38.54193567,-106.9497661,7659.90,00060
09114520,"GUNNISON RIVER AT GUNNISON WHITEWATER PARK, CO",38.5332722,-106.9490861,7644.11,00060
09115500,"TOMICHI CREEK AT SARGENTS, CO",38.39502778,-106.422625, 8416,00060
09118450,"COCHETOPA CREEK BELOW ROCK CREEK NEAR PARLIN, CO",38.3372222,-106.7736111,8457.54,00060
09119000,"TOMICHI CREEK AT GUNNISON, CO",38.5211111,-106.9409583,7633.58,00060
09123450,"LAKE FORK BLW LAKE SAN CRISTOBAL NR LAKE CITY, CO",37.9843611,-107.2920972,8991.43,00060
09124010,"HENSON CREEK AT LAKE CITY, CO",38.02566944,-107.3163472,8666.98,00060
09124500,"LAKE FORK AT GATEVIEW, CO.",38.2988834,-107.2300557,7833.68,00060
09126000,"CIMARRON RIVER NEAR CIMARRON, CO",38.25819444,-107.5461111, 8641.48,00060
09127000,"CIMARRON RIVER BLW CIMARRON CREEK AT CIMARRON, CO",38.44694444,-107.5552222,6864.84,00060
09127450,"DYER CREEK ABOVE DYER FORK DITCH NEAR MAHER, CO",38.56930556,-107.4895833,8222.44,00060
09128000,"GUNNISON RIVER BELOW GUNNISON TUNNEL, CO",38.52915336,-107.648947,6514.20,00060
09129600,"SMITH FORK NEAR LAZEAR, CO",38.70744444,-107.7101389,5847.87,00060
09132050,"ANTHRACITE CREEK NEAR SOMERSET, CO.",38.95425,-107.27175,6753.63,00060
09132095,ANTHRACITE CREEK ABOVE MOUTH NEAR SOMERSET,38.9372222,-107.3583333,6277.17,00060
09132500,"NORTH FORK GUNNISON RIVER NEAR SOMERSET, CO.",38.9258228,-107.4342211,6082.25,00060
09132960,"HUBBARD CREEK AT HIGHWAY 133 AT MOUTH NR BOWIE, CO",38.92554385,-107.5183894,5861.69,00060
09134100,"NORTH FORK GUNNISON RIVER BELOW PAONIA, CO",38.8575,-107.6219444,5560.19,00060
09135920,"LEROUX CREEK ABOVE MOUTH NEAR HOTCHKISS, CO",38.79311667,-107.7304611,5286.04,00060
09136100,"NORTH FK GUNNISON RIVER ABOVE MOUTH NR LAZEAR, CO",38.78516667,-107.8334167,5104.98,00060
09143000,"SURFACE CREEK NEAR CEDAREDGE, CO",38.9847034,-107.8545077, 8261,00060
09143500,"SURFACE CREEK AT CEDAREDGE, CO.",38.9016487,-107.921176,6225.07,00060
09144250,"GUNNISON RIVER AT DELTA, CO",38.75303944,-108.078403,4918.75,00060
09146020,"UNCOMPAHGRE RIVER NEAR OURAY, CO",38.04332665,-107.6831154,7589.55,00060
09146200,"UNCOMPAHGRE RIVER NEAR RIDGWAY, CO.",38.1838791,-107.7458924,6881.84,00060
09147000,"DALLAS CREEK NEAR RIDGWAY, CO",38.17776806,-107.7583927,6957.09,00060
09147025,"UNCOMPAHGRE RIVER BELOW RIDGWAY RESERVOIR, CO",38.24055556,-107.7603056,6645.24,00060
09147500,"UNCOMPAHGRE RIVER AT COLONA, CO",38.33143056,-107.779225,6320.37,00060
09149500,"UNCOMPAHGRE RIVER AT DELTA, CO",38.74194444,-108.0804167, 4926.49,00060
09151500,"ESCALANTE CREEK NEAR DELTA, CO.",38.75694444,-108.2598333,4831,00060
09152500,"GUNNISON RIVER NEAR GRAND JUNCTION, CO.",38.98331575,-108.4506446,4631.33,00060
09153270,"BIG SALT WASH AT FRUITA, CO.",39.16416667,-108.7502611,4490,00060
09163492,"SALT CREEK NEAR MOUTH NEAR MACK, CO.",39.21463889,-108.9011667,4438,00060
09163500,COLORADO RIVER NEAR COLORADO-UTAH STATE LINE,39.13276047,-109.0270546, 4325,00060
09165000,"DOLORES RIVER BELOW RICO, CO.",37.63888428,-108.0603517, 8422.23,00060
09166500,"DOLORES RIVER AT DOLORES, CO.",37.47249296,-108.4975908, 6940,00060
09166950,"LOST CANYON CREEK NEAR DOLORES, CO.",37.44610459,-108.4692562, 7030.00,00060
09168730,"DOLORES RIVER NEAR SLICK ROCK, CO",38.04443666,-108.905382,5427.45,00060
09169500,"DOLORES RIVER AT BEDROCK, CO",38.3102675,-108.8853805,4942.59,00060
09171100,"DOLORES RIVER NEAR BEDROCK, CO.",38.3569337,-108.8334347, 4910,00060
09171240,LAKE FORK SAN MIGUEL RV ABV TROUT LAKE NR OPHIR CO,37.8178333,-107.8791111, 9740,00060
09171310,"SOUTH FORK SAN MIGUEL RIVER NEAR OPHIR, CO",37.8731111,-107.8944444, 8495,00060
09172500,"SAN MIGUEL RIVER NEAR PLACERVILLE, CO",38.03070556,-108.1102889, 7100,00060
09174600,SAN MIGUEL RIVER AT BROOKS BRIDGE NEAR NUCLA CO,38.2441571,-108.5020343, 5570,00060
09177000,"SAN MIGUEL RIVER AT URAVAN, CO.",38.35721157,-108.712875,4994.33,00060
09179450,"DOLORES RIVER NEAR GATEWAY, CO",38.66803889,-108.9655194, 4575,00060
09237450,"YAMPA RIVER ABOVE STAGECOACH RESERVOIR, CO",40.2642611,-106.8917667, 7235,00060
09237500,"YAMPA RIVER BELOW STAGECOACH RESERVOIR, CO",40.28654444,-106.8290556, 7068,00060
09238900,"FISH CR AT UPPER STA NR STEAMBOAT SPRINGS, CO",40.4749775,-106.7869926, 7150,00060
09239500,"YAMPA RIVER AT STEAMBOAT SPRINGS, CO",40.4829861,-106.8324306, 6695.47,00060
09240020,"YAMPA RIVER BELOW SODA CREEK AT STEAMBOAT SPGS, CO",40.4892222,-106.8415278, 6690,00060
09242500,"ELK RIVER NEAR MILNER, CO.",40.5146975,-106.9539407, 6590,00060
09244490,"YAMPA RIVER ABOVE ELKHEAD CREEK NEAR HAYDEN, CO",40.51793056,-107.3989444, 6240,00060
09246200,"ELKHEAD CREEK ABOVE LONG GULCH, NEAR HAYDEN, CO",40.59163879,-107.3208933, 6405,00060
09246500,"ELKHEAD CREEK NEAR CRAIG, CO",40.5310829,-107.4361735, 6230,00060
09247600,"YAMPA RIVER BELOW CRAIG, CO.",40.48080479,-107.6142338, 6100,00060
09251000,"YAMPA RIVER NEAR MAYBELL, CO",40.50274666,-108.0334152, 5900.23,00060
09253000,"LITTLE SNAKE RIVER NEAR SLATER, CO",40.99941048,-107.143388, 6830,00060
09255000,"SLATER FORK NEAR SLATER, CO",40.9824657,-107.3828391, 6600,00060
09260000,"LITTLE SNAKE RIVER NEAR LILY, CO",40.54901667,-108.4243222, 5685,00060
09260050,"YAMPA RIVER AT DEERLODGE PARK, CO",40.45163387,-108.525101, 5600,00060
09303000,"NORTH FORK WHITE RIVER AT BUFORD, CO",39.9874772,-107.6145076, 7010.00,00060
09303400,"SOUTH FORK WHITE RIVER NEAR BUDGES RESORT, CO.",39.86414636,-107.5339478, 7601,00060
09303500,"SOUTH FORK WHITE RIVER NEAR BUFORD, CO.",39.9216455,-107.5517269, 7488,00060
09304000,"SOUTH FORK WHITE RIVER AT BUFORD, CO.",39.97442169,-107.6253412, 6970.00,00060
09304115,"WHITE RIVER BELOW NORTH ELK CREEK NEAR BUFORD, CO",39.94997674,-107.6947878, 6776,00060
09304200,"WHITE RIVER ABOVE COAL CREEK NEAR MEEKER, CO",40.00497428,-107.8253486, 6400,00060
09304500,"WHITE RIVER NEAR MEEKER, CO.",40.03359167,-107.8624194, 6300.00,00060
09304800,"WHITE RIVER BELOW MEEKER, CO",40.0225833,-108.1199444, 5900,00060
09306200,"PICEANCE CREEK BL RYAN GULCH, NR RIO BLANCO, CO.",39.9210833,-108.2975876, 6070.00,00060
09306222,"PICEANCE CREEK AT WHITE RIVER, CO",40.0780264,-108.2364753, 5730,00060
09306242,"CORRAL GULCH NEAR RANGELY, CO",39.9202502,-108.4728719, 6580,00060
09306255,"YELLOW CREEK NEAR WHITE RIVER, CO.",40.1685813,-108.4012046, 5535.00,00060
09306290,"WHITE RIVER BELOW BOISE CREEK, NEAR RANGELY, CO.",40.17969335,-108.5653775,5393.30,00060
09342500,"SAN JUAN RIVER AT PAGOSA SPRINGS, CO",37.26552778,-107.011, 7047.53,00060
09346400,"SAN JUAN RIVER NEAR CARRACAS, CO.",37.01361667,-107.312267, 6090.00,00060
09349800,"PIEDRA RIVER NEAR ARBOLES, CO.",37.08833797,-107.397826, 6147.52,00060
09352800,"LOS PINOS R ABV VALLECITO RES NR BAYFIELD, CO",37.4147242,-107.5133893, 7740,00060
09352900,"VALLECITO CREEK NEAR BAYFIELD, CO.",37.47750126,-107.5436688, 7906.08,00060
09353800,"LOS PINOS RIVER NEAR IGNACIO, CO",37.1661111,-107.5825, 6630,00060
09354500,"LOS PINOS RIVER AT LA BOCA, CO.",37.0094484,-107.5994997, 6143.58,00060
09358000,"ANIMAS RIVER AT SILVERTON, CO.",37.8111077,-107.6592278, 9290.00,00060
09358550,"CEMENT CREEK AT SILVERTON, CO",37.8197187,-107.6636723, 9380,00060
09359010,"MINERAL CREEK AT SILVERTON, CO",37.8027744,-107.6728392, 9245.98,00060
09359020,"ANIMAS RIVER BELOW SILVERTON, CO",37.7883333,-107.6682222, 9199,00060
09359080,CASCADE CR ABV CASCADE CR DIVERSION NR ROCKWOOD CO,37.66727778,-107.822625, 8921,00060
09359082,CASCADE CR BLW CASCADE CR DIVERSION NR ROCKWOOD CO,37.667,-107.82225, 8899,00060
09359500,"ANIMAS RIVER AT TALL TIMBER RESORT ABOVE TACOMA,CO",37.59741667,-107.7769667, 7682,00060
09361000,"HERMOSA CREEK NEAR HERMOSA, CO.",37.4219611,-107.8450944, 6706,00060
09361500,"ANIMAS RIVER AT DURANGO, CO",37.2791688,-107.8803445, 6501.57,00060
09362520,"ANIMAS RIVER BLW DURANGO PUMP PLANT NR DURANGO, CO",37.24926389,-107.8725833, 6437.40,00060
09363500,"ANIMAS RIVER NEAR CEDAR HILL, NM",37.03656944,-107.8753333,5969.07,00060
09371000,"MANCOS RIVER NEAR TOWAOC, CO.",37.02749425,-108.7414838, 5055.98,00060
09371010,"SAN JUAN RIVER AT FOUR CORNERS, CO",37.00113889,-109.0295833,4609.50,00060
09371492,"MUD CREEK AT STATE HIGHWAY 32, NEAR CORTEZ, CO.",37.3127716,-108.6612067, 5765.00,00060
09371520,"MCELMO CREEK ABOVE TRAIL CANYON NEAR CORTEZ, CO",37.3266601,-108.7006527, 5690,00060
09372000,MCELMO CREEK NEAR COLORADO-UTAH STATE LINE,37.32415968,-109.015666,4899.58,00060
382628104493700,"TURKEY CR WEST SEEP BL TELLER RES NR STONE CITY,CO",38.4411111,-104.8269444, 5420,00060
382629104493000,"TURKEY C EAST SEEP BL TELLER RES NR STONE CITY, CO",38.44138889,-104.8258333, 5420,00060
383103106594200,"GUNNISON RIVER AT CNTY RD 32 BELOW GUNNISON, CO",38.51725556,-106.99545,7565.75,00060
383619104520401,"LYTLE DITCH AT FT. CARSON, CO",38.6052735,-104.8683099, 6270,00060
383637104531301,"STROBEL DITCH FROM TURKEY CR AT FT. CARSON, CO",38.61027298,-104.8874767, 6370,00060
383926107593001,LOUTSENHIZER ARROYO AT HWY 50 NEAR OLATHE CO,38.657207,-107.9922886,5214.39,00060
384037104472001,"MERRIAMS ROCK CREEK DITCH AT FT. CARSON, CO",38.67694,-104.7894182, 5830,00060
384047104510301,"RIPLEY DITCH FROM L. FOUNTAIN CR AT FT. CARSON, CO",38.67971594,-104.8513632, 6340,00060
384048104504901,"WOMACK DITCH FROM L. FOUNTAIN CR NR FT. CARSON, CO",38.6799938,-104.8480298, 6370,00060
385106106571000,"SLATE R AB BAXTER GL @HWY 135 NR CRESTED BUTTE, CO",38.85165929,-106.9533773,8815.09,00060
385450107015700,"SLATE RIVER ABV O-B-J CREEK NR CRESTED BUTTE, CO",38.9144111,-107.0340389,8957.93,00060
391953108130201,"ROAN CREEK AT DE BEQUE, CO.",39.33119444,-108.2178056,4916,00060
393109104464500,"CHERRY CREEK NEAR PARKER, CO",39.5191557,-104.7796975, 5805,00060
394220106431500,"EAGLE RIVER BELOW MILK CREEK NEAR WOLCOTT, CO",39.705,-106.7258333,6840.05,00060
394329104490101,"TOLL GATE CREEK ABOVE 6TH AVE AT AURORA, CO",39.72508889,-104.8178944, 5390,00060
394839104570300,"SAND CREEK AT MOUTH NR COMMERCE CITY,CO",39.8109722,-104.9515833, 5120,00060
401530105475401,NORTH INLET BLW SUMMERLAND PARK AT RMNP,40.2575,-105.7997222,8494,00060
401723105400000,ANDREWS CREEK-LOCH VALE-RMNP,40.29,-105.6666667,10515,00060
401733105392404,THE LOCH OUTLET - LOCH VALE,40.29305556,-105.6544444,10228,00060
402114105350101,"BIG THOMPSON BL MORAINE PARK NR ESTES PARK, CO",40.3538611,-105.5841389,7999,00060
01118300,"PENDLETON HILL BROOK NEAR CLARKS FALLS, CT",41.4748222,-71.8342361,151.98,00060
01119382,"WILLIMANTIC RIVER AT MERROW RD. NEAR MERROW, CT",41.8240111,-72.3128472, 319,00060
01119500,"WILLIMANTIC RIVER NEAR COVENTRY, CT",41.75053857,-72.26561677,238.04,00060
01120790,"NATCHAUG RIVER AT MARCY RD. NEAR CHAPLIN, CT",41.81616944,-72.1061694,352.86,00060
01121000,"MOUNT HOPE RIVER NEAR WARRENVILLE, CT",41.84359288,-72.1689462,334.84,00060
01121330,"FENTON RIVER AT MANSFIELD, CT",41.83319444,-72.2427806, 317.38,00060
01122000,"NATCHAUG RIVER AT WILLIMANTIC, CT",41.7201,-72.195575,149.30,00060
01122500,"SHETUCKET RIVER NEAR WILLIMANTIC, CT",41.70037644,-72.1820223,130.52,00060
01123000,"LITTLE RIVER NEAR HANOVER, CT",41.6717651,-72.05229807,220.32,00060
011230695,"SHETUCKET RIVER AT TAFTVILLE, CT",41.57000278,-72.0462444,18.14,00060
01124000,"QUINEBAUG RIVER AT QUINEBAUG, CT",42.0223189,-71.9556289,340.77,00060
01124151,"QUINEBAUG RIVER AT WEST THOMPSON, CT",41.94356667,-71.8995972,288.53,00060
01125100,"FRENCH RIVER AT NORTH GROSVENORDALE, CT",41.97846389,-71.90051389,330.99,00060
01125490,"LITTLE RIVER AT HARRISVILLE, CT",41.92784444,-71.9300083, 254.31,00060
01125500,"QUINEBAUG RIVER AT PUTNAM, CT",41.909475,-71.91386389,215.98,00060
01127000,"QUINEBAUG RIVER AT JEWETT CITY, CT",41.59749167,-71.9840944,62.14,00060
01127500,"YANTIC RIVER AT YANTIC, CT",41.55859526,-72.1214469, 93.52,00060
0112779610,"BRIDE BROOK NR EAST LYME, CT",41.3232222,-72.24175,8.52,00060
01184000,"CONNECTICUT RIVER AT THOMPSONVILLE, CT",41.9873186,-72.6053669, 27.75,00060
01184100,"STONY BROOK NEAR WEST SUFFIELD, CT",41.96083889,-72.7104861,148.24,00060
01184490,"BROAD BROOK AT BROAD BROOK, CT",41.9138972,-72.5497,45.48,00060
01186000,"WEST BRANCH FARMINGTON RIVER AT RIVERTON, CT",41.9628729,-73.017606,484.89,00060
01186500,"STILL RIVER AT ROBERTSVILLE, CT",41.9679222,-73.0334444,509.61,00060
01187300,"HUBBARD RIVER NEAR WEST HARTLAND, CT",42.0375,-72.93932778, 594.57,00060
01187800,"NEPAUG R NR NEPAUG, CT.",41.8206529,-72.9701041,499.82,00060
01188000,"BUNNELL BROOK NEAR BURLINGTON, CT",41.78609674,-72.9648059,713.87,00060
01188090,"FARMINGTON RIVER AT UNIONVILLE, CT",41.7555472,-72.8870417,117.27,00060
01189000,"PEQUABUCK R AT FORESTVILLE, CT.",41.673154,-72.90065738,196.83,00060
01189995,"FARMINGTON RIVER AT TARIFFVILLE, CT",41.9082833,-72.75935278,129.63,00060
01191000,"NORTH BRANCH PARK RIVER AT HARTFORD, CT",41.78443889,-72.7080556,33.19,00060
01192500,"HOCKANUM RIVER NEAR EAST HARTFORD, CT",41.7831548,-72.5873114,53.6,00060
01192704,MATTABESSET RIVER AT ROUTE 372 AT EAST BERLIN,41.6081545,-72.7150953, 20,00060
01192883,"COGINCHAUG RIVER AT MIDDLEFIELD, CT",41.5202333,-72.7065306, 134.17,00060
01193050,"CONNECTICUT RIVER AT MIDDLE HADDAM, CT",41.5417656,-72.5531454,,00060
01193500,"SALMON RIVER NEAR EAST HAMPTON, CT",41.55232124,-72.44925287,63.45,00060
01194000,"EIGHTMILE RIVER AT NORTH PLAIN, CT",41.44166944,-72.33267778, 56.25,00060
01194500,"EAST BRANCH EIGHTMILE RIVER NEAR NORTH LYME, CT",41.42751667,-72.33477778,53.20,00060
01195100,"INDIAN RIVER NEAR CLINTON, CT",41.3061722,-72.5310333,33.83,00060
01195399,"FARM RIVER AT TOTOKET ROAD AT TOTOKET, CT",41.3335583,-72.8148861, 49,00060
01195490,"QUINNIPIAC RIVER AT SOUTHINGTON, CT",41.6034722,-72.8832,137.57,00060
01196210,"HONEYPOT BROOK AT CREAMERY ROAD AT CHESHIRE, CT",41.5323197,-72.88982417,124.84,00060
01196500,"QUINNIPIAC RIVER AT WALLINGFORD, CT",41.45026389,-72.841275,18.17,00060
01196561,"MUDDY RIVER NEAR EAST WALLINGFORD, CT",41.4356083,-72.7794917,167.97,00060
01196620,"MILL RIVER NEAR HAMDEN, CT",41.42041389,-72.9026583,81.74,00060
01199000,"HOUSATONIC RIVER AT FALLS VILLAGE, CT",41.95731548,-73.36928577,527.98,00060
01199050,"SALMON CREEK AT LIME ROCK, CT",41.9422082,-73.3909298,619.63,00060
01200500,"HOUSATONIC RIVER AT GAYLORDSVILLE, CT",41.6531496,-73.4898462,235.82,00060
01200600,"HOUSATONIC RIVER NEAR NEW MILFORD, CT",41.5931499,-73.4495669, 201,00060
01201487,"STILL RIVER AT ROUTE 7 AT BROOKFIELD CENTER, CT",41.4658222,-73.40320278, 255.24,00060
01202501,"SHEPAUG RIVER AT PETERS DAM AT WOODVILLE, CT",41.719575,-73.29260278, 777,00060
01203000,"SHEPAUG R NR ROXBURY, CT",41.54981744,-73.32984029,280.9,00060
012035055,POOTATUCK RIVER AT BERKSHIRE,41.4065472,-73.2731833, 250,00060
01203510,"POOTATUCK RIVER AT SANDY HOOK, CT",41.41925,-73.2821,226.15,00060
01203600,"NONEWAUG RIVER AT MINORTOWN, CT",41.57630278,-73.1771194,353.75,00060
01203805,"WEEKEEPEEMEE RIVER AT HOTCHKISSVILLE, CT",41.5577083,-73.21535278,248.34,00060
01204000,"POMPERAUG RIVER AT SOUTHBURY, CT",41.48193889,-73.2245722,164.52,00060
01205500,"HOUSATONIC RIVER AT STEVENSON, CT",41.38380278,-73.16663889,23.66,00060
01206900,"NAUGATUCK RIVER AT THOMASTON, CT",41.6737084,-73.0695527, 354.39,00060
01208171,"NAUGATUCK RIVER AT WATERBURY, CT",41.5570413,-73.05427449,246.29,00060
01208500,"NAUGATUCK RIVER AT BEACON FALLS, CT",41.4423,-73.0622833,114.26,00060
01208760,"HOUSATONIC R. AT BEACON PT MARINA NEAR SHELTON, CT",41.2724361,-73.0896583,0.00,00060
01208873,"ROOSTER RIVER AT FAIRFIELD, CT",41.1797146,-73.21898519, 4.54,00060
01208925,"MILL RIVER NEAR FAIRFIELD, CT",41.165475,-73.2700083,14.84,00060
01208950,"SASCO BROOK NEAR SOUTHPORT, CT",41.15287436,-73.3059495,51.18,00060
01208990,"SAUGATUCK RIVER NEAR REDDING, CT",41.29454,-73.39512029,284.48,00060
01209005,"SAUGATUCK R BELOW SAUGATUCK RES NR LYONS PLAIN, CT",41.24551389,-73.3492361,162.41,00060
01209105,"ASPETUCK RIVER AT ASPETUCK, CT",41.22874167,-73.3241194, 215,00060
01209500,"SAUGATUCK RIVER NEAR WESTPORT, CT",41.17073056,-73.3648167,17.10,00060
012095493,"RIDGEFIELD BROOK AT SHIELDS LANE NR RIDGEFIELD, CT",41.31408889,-73.4928944, 561,00060
01209700,"NORWALK RIVER AT SOUTH WILTON, CT",41.16376667,-73.4195444,114.59,00060
01209761,"FIVEMILE RIVER NEAR NEW CANAAN, CT",41.1743222,-73.51107778,377.34,00060
01209901,"RIPPOWAM RIVER AT STAMFORD, CT.",41.0661111,-73.5492722,17.32,00060
01212500,"BYRAM RIVER AT PEMBERWICK, CT",41.0272972,-73.66175, 40,00060
01477800,"SHELLPOT CREEK AT WILMINGTON, DE",39.7609722,-75.5186944,14.04,00060
01478000,"CHRISTINA RIVER AT COOCHS BRIDGE, DE",39.63738889,-75.72788889, 24.43,00060
01478650,"WHITE CLAY CREEK AT NEWARK, DE",39.6892222,-75.74875, 55.31,00060
01478950,"PIKE CREEK NEAR NEWARK, DE",39.70688889,-75.6950833,41.61,00060
01479000,"WHITE CLAY CREEK NEAR NEWARK, DE",39.6992222,-75.67502778, 7.86,00060
01480000,"RED CLAY CREEK AT WOODDALE, DE",39.76280556,-75.6365, 80.31,00060
01480015,"RED CLAY CREEK NEAR STANTON, DE",39.71575,-75.6399444, -1.15,00060
01480017,"CALF RUN AT MARSHALLTON, DE",39.72741667,-75.6518611,40.07,00060
01481500,"BRANDYWINE CREEK AT WILMINGTON, DE",39.7695,-75.5766944, 67.17,00060
01482100,DELAWARE RIVER AT DEL MEM BRIDGE AT WILMINGTON DE,39.68927997,-75.521588,0.00,00060
01482695,"C AND D CANAL NR DELAWARE CITY, DE",39.55405556,-75.6188611, 0,00060
01483155,"SILVER LAKE TRIBUTARY AT MIDDLETOWN, DE",39.4309722,-75.7094722, 12.86,00060
01483200,"BLACKBIRD CREEK AT BLACKBIRD, DE",39.36627778,-75.66938889,17.10,00060
01483700,"ST JONES RIVER AT DOVER, DE",39.1637222,-75.5190833,-0.78,00060
01484080,"MURDERKILL RIVER AT FREDERICA, DE",39.0105,-75.4583056,0.00,00060
01484085,"MURDERKILL RIVER AT BOWERS, DE",39.05830556,-75.3976111, 0,00060
01484100,"BEAVERDAM BRANCH AT HOUSTON, DE",38.90577778,-75.51275, 34.87,00060
01484525,"MILLSBORO POND OUTLET AT MILLSBORO, DE",38.59455556,-75.29102778, 1.19,00060
01484695,"BEAVERDAM DITCH NEAR MILLVILLE, DE",38.52144444,-75.13338889, 1.48,00060
01487000,"NANTICOKE RIVER NEAR BRIDGEVILLE, DE",38.7283333,-75.5618611, 12.82,00060
01488500,"MARSHYHOPE CREEK NEAR ADAMSVILLE, DE",38.84969444,-75.6731111, 25.41,00060
02228500,"NORTH PRONG ST. MARYS RIVER AT MONIAC, GA",30.51773125,-82.2303954,,00060
02231000,"ST. MARYS RIVER NEAR MACCLENNY, FL",30.35884726,-82.0815013, 40.00,00060
02231291,"NASSAU RIVER NEAR TISONIA, FL",30.5507931,-81.5898179,,00060
02231322,"S-253 WEIR NEAR FORT DRUM, FL",27.59294167,-80.6781444, 24,00060
02231342,"FT DRUM CREEK AT SUNSHINE ST PKY NEAR FT DRUM, FL",27.5686473,-80.7961709,,00060
02231396,"BLUE CYPRESS CREEK NEAR FELLSMERE, FL",27.72808533,-80.80505949,,00060
02231600,"JANE GREEN CREEK NEAR DEER PARK, FL",28.074462,-80.8881155, 18.55,00060
02232000,"ST. JOHNS RIVER NEAR MELBOURNE, FL",28.08473879,-80.752001, 11.22,00060
02232155,"PENNYWASH CREEK NEAR DEER PARK, FL",28.18195808,-80.8953373,,00060
02232200,"WOLF CREEK NEAR DEER PARK, FL",28.2130681,-80.91089309, 19.35,00060
02232400,"ST. JOHNS RIVER NEAR COCOA, FL",28.36972837,-80.8725578,,00060
02232415,"TAYLOR CREEK NEAR COCOA, FL",28.3525071,-80.9283928,,00060
02232500,"ST. JOHNS RIVER NEAR CHRISTMAS, FL",28.54305529,-80.943392, 1.62,00060
02233475,"LT ECONLOCKHATCHEE R AT STATE HWY434 NR OVIEDO, FL",28.6199987,-81.20784299,,00060
02233484,"ECONLOCKHATCHEE RIVER NEAR OVIEDO, FL",28.65555285,-81.169786,,00060
02233500,"ECONLOCKHATCHEE RIVER NEAR CHULUOTA, FL",28.67777778,-81.1141667,,00060
02234000,"ST. JOHNS RIVER ABOVE LAKE HARNEY NEAR GENEVA, FL",28.7141611,-81.0353374,,00060
02234308,"HOWELL CREEK NEAR ALTAMONTE SPRINGS, FL",28.6315,-81.32463889,0,00060
02234324,"HOWELL CREEK NEAR SLAVIA, FL",28.64777587,-81.2645109,,00060
02234344,"HOWELL CREEK AT STATE HWY 434 NEAR OVIEDO, FL",28.68999664,-81.2475656,,00060
02234384,"SOLDIER CREEK NEAR LONGWOOD, FL",28.71888466,-81.308678,,00060
02234400,"GEE CREEK NEAR LONGWOOD, FL",28.7041629,-81.2906221,,00060
02234435,"LAKE JESUP OUTLET NEAR SANFORD, FL",28.78415969,-81.18117379,,00060
02234500,"ST. JOHNS RIVER NEAR SANFORD, FL",28.83804694,-81.3242323,,00060
02234990,"LITTLE WEKIVA RIVER NEAR ALTAMONTE SPRINGS, FL",28.6872192,-81.3970138,,00060
02235000,"WEKIVA RIVER NEAR SANFORD, FL",28.81426389,-81.4193056, 4.96,00060
02235200,"BLACKWATER CREEK NEAR CASSIA, FL",28.87444444,-81.4897222, 18.55,00060
02236000,"ST. JOHNS RIVER NEAR DE LAND, FL",29.00831827,-81.3825651, -.09,00060
02236125,"ST. JOHNS RIVER AT ASTOR, FL",29.16693056,-81.52206109,,00060
02236350,"GREEN SWAMP RUN NEAR EVA, FL",28.3111212,-81.6853534, 116.16,00060
02236500,"BIG CREEK NEAR CLERMONT, FL",28.44778229,-81.74007599, 98.97,00060
02236605,"LITTLE CREEK AT GREEN SWAMP ROAD NEAR CLERMONT, FL",28.4486152,-81.7814655,,00060
02236900,"PALATLAKAHA R AT CHERRY LK OUT NEAR GROVELAND, FL",28.59277586,-81.8222998,,00060
02237293,"PALATLAKAHA R AT STRUCTURE M-1, NR OKAHUMPKA, FL",28.7444364,-81.8725798,,00060
02237700,"APOPKA-BEAUCLAIR CANAL NEAR ASTATULA, FL",28.72249444,-81.6847976,,00060
02237734,"WOLF BRANCH AT FCRR NEAR MOUNT DORA, FL",28.79665898,-81.60785149, 0.00,00060
02238000,"HAYNES CREEK AT LISBON, FL",28.87082178,-81.7836894,,00060
02238500,"OCKLAWAHA RIVER AT MOSS BLUFF, FL",29.0811111,-81.8808333,,00060
02239000,"OCKLAWAHA RIVER NR OCALA,FLA.",29.18331078,-81.9923091, 00.00,00060
02239501,"SILVER RIVER NEAR OCALA, FL",29.2149764,-82.0412,,00060
02240000,"OCKLAWAHA RIVER NEAR CONNER, FL",29.21469888,-81.9859203, 31.79,00060
02240500,"OCKLAWAHA RIVER AT EUREKA, FL",29.37166667,-81.9019444,,00060
02243000,"ORANGE CREEK AT ORANGE SPRINGS, FL",29.50969267,-81.9461999, 19.81,00060
02243960,"OCKLAWAHA R AT RODMAN DAM NEAR ORANGE SPRINGS, FL",29.50833333,-81.8041667,,00060
02244040,"ST. JOHNS R AT BUFFALO BLUFF NEAR SATSUMA, FL",29.596362,-81.6831761,,00060
02244333,HAW CREEK AB RUSSELLS LANDING NR ST JOHNS PARK FL,29.39469798,-81.3711787,,00060
02244440,"DUNNS CREEK NEAR SATSUMA, FL",29.57774783,-81.626191,,00060
02245260,"DEEP CREEK AT SPUDS, FL",29.72338056,-81.4843667,,00060
02245500,"SOUTH FORK BLACK CREEK NEAR PENNEY FARMS, FL",29.9794075,-81.8520426, 9.82,00060
02246000,"NORTH FORK BLACK CREEK NEAR MIDDLEBURG, FL",30.1132953,-81.9064915, 1.02,00060
02246160,"JULINGTON CRK AT OLD ST AUGUST RD NR BAYARD, FL",30.14333056,-81.5559,,00060
022462002,"DURBIN CREEK NEAR FRUIT COVE, FL",30.11916667,-81.54638889, 1,00060
02246318,"ORTEGA RIVER AT KIRWIN ROAD NEAR JACKSONVILLE,FL",30.19635087,-81.7684315,,00060
02246459,"CEDAR RIVER AT SAN JUAN AVENUE AT JACKSONVILLE, FL",30.28218375,-81.7403761,,00060
02246500,"ST. JOHNS RIVER AT JACKSONVILLE, FL",30.3224616,-81.6653735,,00060
02246515,"POTTSBURG CREEK NR SOUTH JACKSONVILLE, FLA.",30.2644071,-81.5900917,,00060
02246518,"POTTSBURG CRK AT US90 NR S. JACKSONVILLE, FL",30.28696944,-81.57,,00060
02246621,TROUT R NR JACKSONVILLE FLA,30.41746058,-81.69648758,,00060
02246751,"BROWARD RIVER BL BISCAYNE BLVD NR JACKSONVILLE, FL",30.44333889,-81.6682,,00060
02246804,"DUNN CREEK AT DUNN CREEK RD NR EASTPORT, FL",30.45494167,-81.59688889,,00060
02246825,"CLAPBOARD CREEK NR JACKSONVILLE, FL",30.44838056,-81.5182611,,00060
02247222,"PELLICER CREEK NEAR ESPANOLA, FL",29.66941676,-81.2595108,,00060
02247510,"TOMOKA RIVER NEAR HOLLY HILL, FL",29.21748099,-81.1086687,,00060
02248000,"SPRUCE CREEK NEAR SAMSULA, FL",29.05081845,-81.0464455, 6.25,00060
02248380,"HAULOVER CANAL NEAR MIMS,FL",28.73638079,-80.754773,,00060
02249007,EAU GALLIE RIV AT HEATHER GLEN CIR AT MELBOURNE FL,28.12695888,-80.6467205, -10.0,00060
02249500,"CRANE CREEK AT MELBOURNE, FL",28.07946057,-80.6294983, 4.45,00060
02250030,"TURKEY CREEK AT PALM BAY, FL",28.01724054,-80.59588719, -5.00,00060
02251000,"SOUTH PRONG ST SEBASTIAN RIVER NEAR SEBASTIAN,FL",27.76947258,-80.5058868, -10.00,00060
02251500,"NORTH PRONG SAINT SEBASTIAN RIVER NEAR MICCO, FL",27.85613569,-80.52422,,00060
02251767,"FELLSMERE CANAL NEAR MICCO, FL",27.83058119,-80.5342203,,00060
02252500,"NORTH CANAL NEAR VERO BEACH, FL",27.69308613,-80.42005169,,00060
02253000,"MAIN CANAL AT VERO BEACH, FL",27.64780983,-80.405607,,00060
02253500,"SOUTH CANAL NEAR VERO BEACH, FL",27.6044779,-80.386579,,00060
02255600,"FISHEATING CREEK NEAR LAKE PLACID,FL",27.20921499,-81.4614637, 00.00,00060
02256500,"FISHEATING CREEK AT PALMDALE, FL",26.9325585,-81.3147949, 27.19,00060
02257000,"FISHEATING CREEK AT LAKEPORT, FL",26.96295833,-81.1208278,,00060
02257750,"HARNEY POND CANAL 2.4 MILES BL S70 NR LAKEPORT, FL",27.09083333,-81.1327222,,00060
02257790,"HARNEY POND CANAL ABOVE S-71 NR LAKEPORT, FL",27.0389222,-81.0714972,,00060
02258800,"INDIAN PRAIRIE CANAL AB PUMP STA NR OKEECHOBEE, FL",27.15438056,-81.0699806,,00060
02259100,"INDIAN PRAIRIE CANAL ABOVE S-72 NR OKEECHOBEE, FL",27.0964472,-81.0091722,,00060
02262900,"BOGGY CREEK NEAR TAFT, FL",28.37139699,-81.3106247, 56.08,00060
02263800,"SHINGLE CREEK AT AIRPORT NEAR KISSIMMEE, FL",28.3041775,-81.450905, 60.66,00060
02263869,"SOUTH LAKE OUTLET AT S-15, NEAR VINELAND, FL",28.41278456,-81.5378509,,00060
02264000,"CYPRESS CREEK AT VINELAND, FL",28.39056323,-81.5195173, 96.20,00060
02264003,"CYPRESS CREEK CANAL AT S-103A NEAR VINELAND, FL",28.38945214,-81.5250729,,00060
02264030,LK BUENA VIS TR AT HOTEL PL BLVD AT LK BUENA VISTA,28.3805,-81.5069722,,00060
02264051,"BLACK LK OUTLET AT S-101A, AT LAKE BUENA VISTA, FL",28.37444444,-81.515,,00060
02264060,"LATERAL 101 AT S-101, NEAR LAKE BUENA VISTA, FL",28.37111947,-81.5289619,,00060
02264100,"BONNET CREEK NEAR VINELAND, FL",28.32528785,-81.5206284,,00060
02264141,"BONNET CREEK BELOW CULVERTS NEAR KISSIMMEE, FL",28.30806625,-81.5245174,,00060
02264495,"SHINGLE CREEK AT CAMPBELL, FL",28.26723444,-81.4478495,,00060
02266025,"REEDY CREEK AT S-46 NEAR VINELAND, FL",28.4052845,-81.61146309,,00060
02266200,"WHITTENHORSE CREEK NEAR VINELAND, FL",28.38500749,-81.6164632, 7.23,00060
02266205,"WHITTENHORSE CREEK AT S-411, NEAR VINELAND, FL",28.39306276,-81.6109075,,00060
02266291,"LATERAL 405 AT S-405A, NEAR DOCTOR PHILLIPS, FL",28.42702778,-81.6052778,96,00060
02266293,"10B LATERAL 405 AB S-405 NEAR VINELAND, FLA",28.39472948,-81.5844349,,00060
02266295,"LATERAL 410 AT S-410 NEAR VINELAND, FL",28.36644444,-81.5985,93,00060
02266299,"401 CANAL NR VINELAND, FL",28.34655556,-81.57623889,,00060
02266300,"REEDY CREEK NEAR VINELAND, FL",28.33278738,-81.579796, 66.37,00060
02266480,"DAVENPORT CREEK NEAR LOUGHMAN, FL",28.271123,-81.5909074, 77.69,00060
02266496,"REEDY CREEK BELOW S-40, NEAR LOUGHMAN, FL",28.27584517,-81.54368439,,00060
02266500,"REEDY CREEK NEAR LOUGHMAN, FL",28.2636234,-81.536462, 64.49,00060
02268390,TIGER CREEK NEAR BABSON PARK FL,27.81215,-81.4442861, 23.52,00060
02269520,LIVINGSTON CREEK NEAR FROSTPROOF FL,27.708641,-81.4464626, 22.54,00060
02270000,CARTER CREEK NEAR SEBRING FL,27.53225706,-81.3875724, 56.75,00060
02270500,"ARBUCKLE CREEK NEAR DE SOTO CITY, FL",27.44238889,-81.2970278, 35.51,00060
02271500,JOSEPHINE CREEK NEAR DE SOTO CITY FL,27.3742078,-81.3934062, 52.99,00060
02272650,"FISH SLOUGH NEAR BASINGER, FL",27.46531709,-80.9220072,,00060
02272676,"CYPRESS SLOUGH NEAR BASINGER, FL",27.38031945,-80.97589739,,00060
02273230,"C-41 CANAL NEAR BRIGHTON, FL",27.21393588,-81.201458, 00.00,00060
02273630,"POPASH SLOUGH NEAR OKEECHOBEE, FL",27.24393485,-80.8964511, 00.00,00060
02274005,"OTTER CREEK NEAR OKEECHOBEE, FL",27.37754217,-80.8453388, 00.00,00060
02274010,"TAYLOR CREEK NEAR OKEECHOBEE, FL",27.3653202,-80.8725617, 00.00,00060
02274325,"TAYLOR CREEK AT GRASSY ISLAND NR OKEECHOBEE, FL",27.31638889,-80.8383333, 00.00,00060
02274490,"WILLIAMSON DITCH NEAR OKEECHOBEE, FL",27.3047665,-80.8189493, 00.00,00060
02274505,"WOLFF CREEK NR OKEECHOBEE,FL",27.28087828,-80.8239494, 00.00,00060
02275197,"MOSQUITO CREEK NEAR OKEECHOBEE, FL",27.2372685,-80.780615, 00.00,00060
02276877,"ST. LUCIE CANAL BLW S-308, NR PORT MAYACA (AUX) FL",26.98553333,-80.6156,,00060
02276998,ST LUCIE CANAL ABV S-80 NR STUART FL,27.10866667,-80.28725,,00060
02277600,"LOXAHATCHEE RIVER NEAR JUPITER,FL",26.93925,-80.17525,,00060
02280500,HILLSBORO CANAL BELOW S351 NR SOUTH BAY FLA,26.70021389,-80.7090694,,00060
02281200,HILLSBORO CANAL AT S-6 NEAR SHAWANO,26.47285,-80.4468833, 9,00060
02283500,N NEW RIVER CANAL BELOW S351 NR SOUTH  BAY FLA,26.6976,-80.7128167,,00060
02286400,"MIAMI CANAL AT S-354 AND S-3 AT LAKE HARBOR, FLA",26.69534407,-80.8067278,,00060
02287497,N.W. WELLFIELD CANAL NR DADE BROWARD LEVEE NR PENN,25.89123889,-80.4215472,,00060
02288800,"TAMIAMI CANAL OUTLETS, MONROE TO CARNESTOWN, FLA",25.88772088,-81.2616343,,00060
02288900,"TAMIAMI CANAL OUTLETS, 40-MILE BEND TO MONROE, FL",25.85176527,-80.9803467,,00060
02289019,"TAMIAMI CANAL AT S-12-B  NR MIAMI, FL",25.76183333,-80.7694722,,00060
02289035,"THREE MILE CANAL BELOW G409 NEAR CLEWISTON, FL",26.32719444,-80.8816111,,00060
02289041,"TAMIAMI CANAL BELOW S-12-C, NEARMIAMI, FLA",25.76202778,-80.7271944,,00060
02289054,TAMIAMI CANAL WEST END 2.6 MILE BRIDGE NR MIAMI FL,25.76138889,-80.6547222,,00060
02289056,TAMIAMI CANAL EAST END 2.6 MILE BRIDGE NR MIAMI FL,25.76138889,-80.6086111,,00060
02289060,"TAMIAMI CANAL OUTLETS L-30 TO L-67A NR MIAMI, FL",25.76114167,-80.5617056,,00060
02289080,"TAMIAMI CANAL WEST END 1 MILE BRIDGE NR MIAMI, FL",25.76138889,-80.5366667,,00060
02289085,"TAMIAMI CANAL EAST END 1 MILE BRIDGE NR MIAMI, FL",25.76138889,-80.5166667,,00060
02289500,"TAMIAMI CANAL NEAR CORAL GABLES, FL",25.7625,-80.3280833,,00060
022907085,"BLACK CREEK CANAL WEST OF U.S. 1 NR  GOULDS, FL",25.57091667,-80.37875,,00060
0229070854,"BLACK CREEK CANAL EAST OF US1 NR GOULDS, FL",25.57,-80.3747778,,00060
022907647,LEVEE 31 NORTH EXTENSION 1 MILE NR WEST MIAMI FL,25.74633333,-80.49763889,,00060
02290765,LEVEE 31 NORTH EXTENSION AT 3 MILE NR WEST MIAMI F,25.71758333,-80.4965556,,00060
02290766,LEVEE 31 NORTH EXTENSION AT 4 MILE NR WEST MIAMI F,25.70216667,-80.4959722,,00060
02290767,LEVEE 31 NORTH EXTENSION AT 5 MILE NR WEST MIAMI F,25.68598333,-80.4971,,00060
02290768,LEVEE 31 NORTH EXTENSION AT 7 MILE NR WEST MIAMI F,25.66338889,-80.4981667,,00060
02290769,"CANAL 111 AT S-18-C NEAR FLORIDA CITY, FL",25.3272222,-80.5248333,,00060
022908205,"NORTH RIVER UPSTREAM OF CUTOFF NEAR FLAMINGO, FL",25.3386722,-80.9132167,,00060
022908295,"BOTTLE CREEK AT ROOKERY BRANCH NEAR HOMESTEAD, FL",25.46797778,-80.8545278,,00060
02290878,"BROAD RIVER NEAR THE CUTOFF, FL",25.50138889,-81.0769444,,00060
02290888,"CHATHAM RIVER NEAR THE WATSON PLACE, FL",25.70916667,-81.2497222,,00060
02290918,"LOSTMANS RIVER BELOW SECOND BAY, FL",25.55555556,-81.1647222,,00060
02291001,"BARRON RIVER BELOW SR29-3 AT COPELAND, FL",25.95794444,-81.3551944,,00060
02291500,"IMPERIAL RIVER NEAR BONITA SPRINGS, FL",26.33583333,-81.74938889,,00060
02291524,"SPRING CREEK HEADWATER NEAR BONITA SPRINGS, FL",26.36233333,-81.7903611,,00060
02291580,"NORTH BRANCH ESTERO RIVER AT ESTERO, FL",26.44294444,-81.7959722,,00060
02291597,"SOUTH BRANCH ESTERO RIVER AT ESTERO, FL",26.42875,-81.7934444,,00060
02291669,"SIXMILE CYPRESS CREEK NEAR FORT MYERS,  FL",26.52202778,-81.8544167,,00060
02291673,"TENMILE CANAL AT CONTROL NEAR ESTERO, FL",26.50688889,-81.8544167,,00060
02291710,"BRIARCLIFF DITCH AT MOUTH NEAR ESTERO,FL",26.50641667,-81.8527778,,00060
02292010,CALOOSAHATCHEE CANAL DWS OF S-77 AT MOORE HAVEN FL,26.83333333,-81.08888889,1.29,00060
02292490,GOODNO CANAL BELOW S-78 NEAR LABELLE FL,26.78790556,-81.30495, 12,00060
02292740,JACKS BRANCH AT CR 78 NR FT DENAUD FL,26.74742778,-81.5132333, 6,00060
02292780,"TOWNSEND CANAL NEAR ALVA,FL",26.70775278,-81.5580361,,00060
02292900,"CALOOSAHATCHEE RIVER AT S-79, NR.OLGA, FLA",26.72173357,-81.6931806, 1.40,00060
022929176,"TELEGRAPH CREEK AT STATE HIGHWAY AT OLGA, FL",26.72735833,-81.7034528,,00060
02293055,"ORANGE RIVER NEAR BUCKINGHAM, FL",26.69194444,-81.7594444,,00060
02293090,"Popash Creek at Leetana Rd. nr North Fort Myers,FL",26.71571667,-81.8086667,,00060
02293230,"WHISKEY CREEK AT FT. MYERS, FL",26.57488889,-81.89188889,,00060
02293262,GATOR SLOUGH WEST OF US-41 NEAR FT. MYERS FL,26.74202778,-81.9209444,,00060
02293987,PEACE CREEK DRAINAGE CANAL NEAR WAHNETA FL,27.92474686,-81.7267463, 62.00,00060
02294161,PEACE CREEK NEAR BARTOW FL,27.92444444,-81.7955556, 0.00,00060
02294217,SADDLE CREEK AT ST.HWY 542 NEAR LAKELAND FL,28.04418733,-81.876192, 90.00,00060
02294261,LAKE PARKER OUTLET AT COMBEE SETTLEMENT FL,28.0573472,-81.90215, 0.00,00060
02294290,SADDLE CREEK AT STATE HWY 570 NEAR EATON PARK FL,28.0100499,-81.853192, 86.77,00060
02294330,LAKE LENA RUN NEAR AUBURNDALE FL,28.00002249,-81.8120249, 95.38,00060
02294405,"BANANA-HANCOCK CANAL NR HIGHLAND CITY, FL",27.98277778,-81.8944444, 99.94,00060
02294491,SADDLE CREEK AT STRUCTURE P-11 NEAR BARTOW FL,27.93788056,-81.8507083, 83.01,00060
02294650,"PEACE RIVER AT SR 60 AT BARTOW, FL",27.90224784,-81.8173036, 86.70,00060
02294655,PEACE RIVER NEAR BARTOW FL,27.88305556,-81.8044444, 79.40,00060
02294747,SIXMILE CREEK AT BARTOW FL,27.8634972,-81.8094778, 87.56,00060
02294760,BARBER BRANCH NEAR HOMELAND FL,27.83833333,-81.8122222, 84.31,00060
02294775,PEACE RIVER AT CLEAR SPRINGS NEAR BARTOW FL,27.86333333,-81.8075, 51.55,00060
02294781,PEACE RIVER NEAR HOMELAND FL,27.82447253,-81.8017485, 0.00,00060
02294898,PEACE RIVER AT FORT MEADE FL,27.7514193,-81.7820266, 0.00,00060
02295013,BOWLEGS CREEK NEAR FORT MEADE FL,27.70003166,-81.6953579, 95.46,00060
02295163,WHIDDEN CREEK NEAR FORT MEADE FL,27.707254,-81.8075826, 57.32,00060
02295194,PEACE RIVER AT BOWLING GREEN FL,27.6461448,-81.8023047, 4.72,00060
02295420,PAYNE CREEK NEAR BOWLING GREEN FL,27.62059006,-81.8256384, 51.06,00060
02295580,LITTLE CHARLIE CREEK NEAR MOUTH NEAR WAUCHULA FL,27.57905556,-81.7968333, -.43,00060
02295637,"PEACE RIVER AT US 17 AT ZOLFO SPRINGS, FL",27.50451944,-81.8001722, 30.20,00060
02296260,CHARLIE CREEK NEAR CREWSVILLE FL,27.45948376,-81.6784128, 35.55,00060
02296389,OAK CREEK NEAR GARDNER FL,27.4118611,-81.6956944, 47.34,00060
02296500,CHARLIE CREEK NEAR GARDNER FL,27.37504297,-81.7964708, 21.66,00060
02296750,"PEACE RIVER AT SR 70 AT ARCADIA, FL",27.22088245,-81.8761946, 6.00,00060
02297100,JOSHUA CREEK AT NOCATEE FL,27.16671794,-81.8795282, 3.94,00060
02297155,HORSE CREEK NEAR MYAKKA HEAD FL,27.4872613,-82.0234197, 58.12,00060
02297251,HORSE CREEK NEAR LIMESTONE FL,27.36643259,-81.9734188, 0.00,00060
02297310,"HORSE CREEK AT SR 72 NEAR ARCADIA, FL",27.19949477,-81.9884193, 10.96,00060
02297600,SHELL CREEK AT CIRCLE K GROVES NEAR FT OGDEN FL,26.96734444,-81.8266361, 1.10,00060
02297635,SHELL CREEK ON CR 764 NEAR PUNTA GORDA FL,26.975,-81.8875, -14.63,00060
02298110,PRAIRIE CREEK UPSTREAM OF SR 31 NEAR FT OGDEN FL,27.04155556,-81.7431667, 29.34,00060
02298123,PRAIRIE CREEK NEAR FORT OGDEN FL,27.05199986,-81.7845267, 25.00,00060
02298170,PRAIRIE CREEK ON CR 764 NEAR PUNTA GORDA FL,26.99027778,-81.8947222, -12.04,00060
02298202,SHELL CREEK NEAR PUNTA GORDA FL,26.98478094,-81.9356414, 0.00,00060
02298488,MYAKKA RIVER UPST FROM YOUNGS CK NR MYAKKA CITY FL,27.4292084,-82.1386997, 0.00,00060
02298492,LONG CREEK NEAR MYAKKA CITY FL,27.4094869,-82.1264772, -0.98,00060
02298495,MAPLE CREEK NEAR MYAKKA CITY FL,27.38448789,-82.1298107, 1.15,00060
02298527,OGLEBY CK DNSTR FROM BOGGY CK NEAR MYAKKA CITY FL,27.40365397,-82.181756, -1.89,00060
02298530,COKER CREEK NEAR MYAKKA CITY FL,27.4097648,-82.1750893, -11.29,00060
02298554,MYAKKA RIVER NEAR MYAKKA CITY FL,27.3661553,-82.1492555, 26.14,00060
02298608,MYAKKA RIVER AT MYAKKA CITY FL,27.3436562,-82.1567556, 24.45,00060
02298760,HOWARD CREEK NEAR SARASOTA FL,27.3384722,-82.3475833, 11.15,00060
02298830,"MYAKKA RIVER NEAR SR 72 NEAR SARASOTA, FL",27.23521944,-82.3118944, 7.92,00060
02298880,MYAKKA RIVER AT CONTROL NEAR LAUREL FL,27.1856073,-82.3556494, 2.35,00060
02299410,BIG SLOUGH CANAL NEAR MYAKKA CITY FL,27.1933843,-82.1442558, 2.28,00060
02299450,BIG SLOUGH AT TROPICAIRE BLVD NEAR NORTH PORT FL,27.11163889,-82.2048417, -1.40,00060
02299472,BIG SLOUGH AT WEST PRICE BLVD NEAR NORTH PORT FL,27.06933333,-82.2203333, -1.68,00060
02299482,COCOPLUM WATERWAY AT NORTH PORT FL,27.0456111,-82.2353333, -1.14,00060
02299861,WALKER CREEK NEAR SARASOTA FL,27.3678222,-82.5442639, 0.00,00060
02299950,"MANATEE RIVER AT SR 64 NEAR MYAKKA HEAD, FL",27.47365137,-82.211201, 40.93,00060
02300017,GAMBLE CREEK AT COUNTY ROAD 675 NEAR PARRISH FL,27.57577778,-82.39738889, 0.00,00060
02300018,GAMBLE CREEK NEAR PARRISH FL,27.55337054,-82.3895379, 0.00,00060
02300033,BRADEN RIV AT LAKEWOOD RANCH NR LORRAINE FL,27.42055556,-82.4261111, -4.76,00060
02300075,FROG CREEK AT BUFFALO ROAD NEAR RUBONIA FL,27.57991667,-82.51338889, 0.00,00060
02300082,FROG CREEK NEAR RUBONIA FL,27.58805556,-82.5397222, 0.00,00060
02300100,LITTLE MANATEE RIVER NEAR FT. LONESOME FL,27.70475366,-82.1978672, 44.09,00060
02300210,SOUTH FORK LITTLE MANATEE RIVER NEAR PARRISH FL,27.60197978,-82.2112009, 53.84,00060
02300300,SOUTH FORK LITTLE MANATEE RIVER NEAR WIMAUMA FL,27.6494778,-82.294258, 13.41,00060
02300500,"LITTLE MANATEE RIVER AT US 301 NEAR WIMAUMA, FL",27.67114344,-82.3525925, -0.88,00060
02300700,BULLFROG CREEK NEAR WIMAUMA FL,27.79197208,-82.3520369, -0.88,00060
02300882,NORTH PRONG ALAFIA RIVER NEAR NICHOLS FL,27.89030394,-82.01175129, 0.0,00060
02301000,NORTH PRONG ALAFIA RIVER AT KEYSVILLE FL,27.8839148,-82.10008689, 37.59,00060
02301150,SOUTH PRONG ALAFIA RIVER NEAR FT LONESOME FL,27.72930556,-82.0742778, 0.00,00060
02301300,SOUTH PRONG ALAFIA RIVER NEAR LITHIA FL,27.79669525,-82.1175877, 39.03,00060
02301328,ALAFIA RIVER NEAR KEYSVILLE FL,27.86636389,-82.1439861,,00060
02301405,"TURKEY CREEK BLW MEDARD OUTFLOW NR DURANT,FL",27.89717778,-82.1892194,,00060
02301500,"ALAFIA RIVER AT LITHIA PINECREST RD AT LITHIA, FL",27.872248,-82.2112008, 6.04,00060
02301718,"ALAFIA RIVER AT US 301 AT RIVERVIEW, FL",27.86934167,-82.3264528, 0.00,00060
02301738,ARCHIE CREEK AT 78TH STREET NEAR TAMPA FL,27.88002457,-82.3706484, -12.71,00060
02301740,NORTH ARCHIE CREEK AT PROGRESS BLVD. NEAR TAMPA FL,27.8966908,-82.3498147, 1.05,00060
02301745,DELANEY CREEK POPOFF CANAL NEAR TAMPA FL,27.902246,-82.3770375, -2.07,00060
02301750,DELANEY CREEK NEAR TAMPA FL,27.9258564,-82.3642595, 9.84,00060
02301793,EAST LAKE OUTFALL AT E. CHELSEA ST. NEAR TAMPA FL,27.985021,-82.37175969, 0.00,00060
02301900,"FOX BRANCH NEAR SOCRUM, FL",28.18194444,-82.0125, 110,00060
02301990,HILLSBOROUGH R AB CRYSTAL SPR NEAR ZEPHYRHILLS FL,28.18555556,-82.1841667, -0.95,00060
02302010,HILLSBOROUGH R BL CRYSTAL SPR NEAR ZEPHYRHILLS FL,28.1786111,-82.1891667, -1.05,00060
02302500,BLACKWATER CREEK NEAR KNIGHTS FL,28.1397222,-82.15, 0.0,00060
02303000,"HILLSBOROUGH RV AT STATE PARK NR ZEPHYRHILLS, FL",28.15029044,-82.23175318, 32.45,00060
02303205,BAKER CREEK AT MCINTOSH ROAD NEAR ANTIOCH FL,28.02835317,-82.2453678, 42.46,00060
02303330,HILLSBOROUGH R AT MORRIS BR NEAR THONOTOSASSA FL,28.0986111,-82.31138889, 0.00,00060
02303348,TROUT CREEK AT WESLEY CHAPEL FL,28.17133333,-82.3622222, 0.0,00060
02303350,TROUT CREEK NEAR SULPHUR SPRINGS FL,28.1347222,-82.3619444, -0.75,00060
02303400,CYPRESS CREEK NEAR SAN ANTONIO FL,28.32388889,-82.3836111, -0.86,00060
02303410,CYPRESS CREEK TRIBUTARY NR WESLEY CHAPEL FL,28.2593611,-82.3861111, 0.0,00060
02303420,"CYPRESS CREEK AT SR 54 AT WORTHINGTON GARDENS, FL",28.1872222,-82.4022222, 39.06,00060
02303800,CYPRESS CREEK NEAR SULPHUR SPRINGS FL,28.08888889,-82.4091667, 0.00,00060
02304000,HILLSBOROUGH R AT FOWLER AV NEAR TEMPLE TERRACE FL,28.05446224,-82.3637032, -0.90,00060
02304500,HILLSBOROUGH RIVER NEAR TAMPA FL,28.02390784,-82.4275939, 0.00,00060
02304510,HILLSBOROUGH RIVER AT ROWLETT PK DR NEAR TAMPA FL,28.02113015,-82.4345385, -0.78,00060
02305851,CURIOSITY CREEK AT 122ND AVE NEAR SULPHUR SPGS. FL,28.05862836,-82.4612055, -3.86,00060
02306500,SWEETWATER CREEK NEAR SULPHUR SPRINGS FL,28.04307328,-82.5117623, 26.00,00060
02306647,SWEETWATER CREEK NEAR TAMPA FL,28.01390775,-82.5450963, -0.79,00060
023066535,HENRY STREET CANAL AT BENJAMIN ROAD NEAR TAMPA FL,28.0000972,-82.5417667, 3.08,00060
02306774,ROCKY CREEK AT ST HWY 587 AT CITRUS PARK FL,28.06583333,-82.5658333, -0.82,00060
02306950,BRUSHY CREEK NEAR CITRUS PARK FL,28.06501684,-82.5553744, 17.32,00060
02307000,ROCKY CREEK NEAR SULPHUR SPRINGS FL,28.03696237,-82.5759304, 0.00,00060
02307200,BROOKER CREEK AT VAN DYKE RD NEAR CITRUS PARK FL,28.12890323,-82.5703748, 30.72,00060
02307323,BROOKER CREEK NEAR LAKE FERN FL,28.14084726,-82.6398209, 25.52,00060
02307359,BROOKER CREEK NEAR TARPON SPRINGS FL,28.09643229,-82.6871441, 0.00,00060
02307445,SOUTH BRANCH BROOKER CREEK NEAR OLDSMAR FL,28.07705556,-82.6977778, 0.00,00060
02307496,COW BRANCH AT LAKE ST GEORGE DR NR PALM HARBOR FL,28.06850278,-82.72248889, 11.73,00060
02307498,"LAKE TARPON CANAL AT S-551, NEAR OLDSMAR FL",28.05362833,-82.7109336, -10.00,00060
02307668,ALLIGATOR CREEK BELOW BELCHER RD AT CLEARWATER FL,27.9797421,-82.7423232, 25.00,00060
02307674,ALLIGATOR CREEK AT KAPOK PARK AT CLEARWATER FL,27.97550618,-82.7131558, 0.00,00060
02307780,LONG BRANCH NEAR PINELLAS PARK FL,27.91585545,-82.7248228, -34.81,00060
02308950,ST JOE CREEK AT 62ND ST NR PINELLAS PARK FL,27.81023889,-82.7203611, 0.00,00060
02309200,RATTLESNAKE CREEK AT BELLEAIR FL,27.94240833,-82.804, 0.00,00060
02309415,CURLEW CREEK AT EVANS ROAD NEAR DUNEDIN FL,28.02335166,-82.7406565, 52.62,00060
02309421,CURLEW CREEK AT BELCHER ROAD NEAR OZONA FL,28.04,-82.7475, 20.96,00060
02309425,CURLEW CREEK AT COUNTY ROAD 1 NEAR OZONA FL,28.0469618,-82.7587125, 3.80,00060
02309447,BEE BRANCH NEAR PALM HARBOR FL,28.07112778,-82.7636611, 3.90,00060
02309740,ANCLOTE RIVER NEAR ODESSA FL,28.22953268,-82.595306, 31.21,00060
02309848,SOUTH BRANCH ANCLOTE RIVER NEAR ODESSA FL,28.18544444,-82.5533611, 46.22,00060
02310000,"ANCLOTE RIVER AT LITTLE RD NEAR ELFERS, FL",28.21417784,-82.6664882, 0.00,00060
02310280,PITHLACHASCOTEE RIVER NEAR FIVAY JUNCTION FL,28.329172,-82.5367636, 0.00,00060
02310286,FIVEMILE CR BL SUNCOAST PKWY NR FIVAY JUNCTION FL,28.29413889,-82.5537222, 0.00,00060
02310288,PITHLACHASCOTEE R BL SUNCOAST PKWY NR FIVAY JCT FL,28.29488889,-82.5728333, 39.71,00060
02310300,PITHLACHASCOTEE RIVER NEAR NEW PORT RICHEY FL,28.25731495,-82.6429044, -0.98,00060
02310308,PITHLACHASCOTEE R AT MAIN ST AT NEW PORT RICHEY FL,28.2502877,-82.7226006, 0.00,00060
02310356,BEAR CREEK AT SR 52 NR BAYONET POINT FL,28.33092778,-82.6732611, 0,00060
02310368,BEAR CREEK NEAR BAYONET POINT FL,28.33877778,-82.6987778, 0.0,00060
02310525,WEEKI WACHEE RIVER NEAR BROOKSVILLE FL,28.51888454,-82.5823215, 0.00,00060
02310650,CHASSAHOWITZKA RIVER NEAR HOMOSASSA FL,28.71526419,-82.5767656, 0.0,00060
02310689,HALLS RIVER AT HOMOSASSA SPRINGS FL,28.8131111,-82.60563889, 0.0,00060
02310700,HOMOSASSA R AT HOMOSASSA FL,28.78526096,-82.6178779, 1.49,00060
02310740,SARAGASSA CANAL AT CRYSTAL RIVER FL,28.890535,-82.5956566, 0.0,00060
02310750,CRYSTAL RIVER NEAR CRYSTAL RIVER FL,28.90500349,-82.6351883, 0.00,00060
02310947,"WITHLACOOCHEE RIVER NEAR CUMPRESSCO, FL",28.31195156,-82.05591468, 75.00,00060
02311000,"WITHLACOOCHEE-HILLSBOROUGH OVFLO NEAR RICHLAND, FL",28.27139707,-82.0978598, 75.42,00060
02311500,"WITHLACOOCHEE RIVER NEAR DADE CITY, FL",28.3525042,-82.12591619, 0.00,00060
02312000,"WITHLACOOCHEE RIVER AT US 301 AT TRILBY, FL",28.4799981,-82.17758499, 49.27,00060
02312180,"LITTLE WITHLACOOCHEE RIVER NEAR TARRYTOWN, FL",28.5216647,-82.0548037, 79.07,00060
02312200,"LITTLE WITHLACOOCHEE RIVER AT RERDELL, FL",28.57277286,-82.155363, 59.02,00060
02312300,WITHLACOOCHEE RIVER AT RITAL FL,28.5211073,-82.209253, -2.04,00060
02312500,"WITHLACOOCHEE RIVER AT CROOM, FL",28.5927714,-82.222032, 38.94,00060
02312558,"WITHLACOOCHEE RIVER AT NOBLETON, FL",28.644436,-82.25703368, 00.00,00060
02312598,"WITHLACOOCHEE RIVER NR PINEOLA, FL",28.7241557,-82.2423118, 0.00,00060
02312600,"WITHLACOOCHEE RIVER NEAR FLORAL CITY, FL",28.74359973,-82.2200892, 0.00,00060
02312640,"JUMPER CREEK CANAL NEAR BUSHNELL, FL",28.6972136,-82.1039741, 00.00,00060
02312645,"JUMPER CREEK CANAL NEAR WAHOO, FL",28.70443503,-82.1570313, 0.00,00060
02312667,"SHADY BROOK NEAR SUMTERVILLE, FL",28.77026704,-82.0636961, -5.19,00060
02312675,"LITTLE JONES CREEK NEAR RUTLAND, FL.",28.8425,-82.1302778, -0.80,00060
02312700,"OUTLET RIVER AT PANACOOCHEE RETREATS, FL",28.8002651,-82.1528658, -0.68,00060
02312720,"WITHLACOOCHEE RIVER AT WYSONG DAM, AT CARLSON, FL",28.82331955,-82.1831448, -0.84,00060
02312722,"WITHLACOOCHEE RIVER NR RUTLAND, FL",28.85192929,-82.2209241, -0.77,00060
02312762,"WITHLACOOCHEE RIVER NEAR INVERNESS, FL",28.91220435,-82.2800934, 11.99,00060
02313000,"WITHLACOOCHEE RIVER AT SR 200 NEAR HOLDER, FL",28.98886759,-82.3495406, 26.61,00060
02313098,"RAINBOW RIVER NEAR DUNNELLON, FL",29.07130556,-82.4266111, 22.72,00060
02313100,"RAINBOW RIVER AT DUNNELLON, FL",29.04942056,-82.44759948, 23.47,00060
02313200,"WITHLACOOCHEE RIVER AT US 41 AT DUNNELLON, FL",29.0460871,-82.4645443, -0.80,00060
02313230,"WITHLACOOCHEE R AT INGLIS DAM NEAR DUNNELLON, FL",29.00997485,-82.6167699, 0.00,00060
02313250,WITHLACOOCHEE R BYPASS CHANNEL NR INGLIS FLA,29.02108538,-82.6378818, 0.00,00060
02313700,"WACCASASSA RIVER NR GULF HAMMOCK, FLA.",29.20413378,-82.769001,,00060
02315500,"SUWANNEE RIVER AT WHITE SPRINGS, FLA.",30.3257812,-82.7381826, 0.00,00060
02315550,SUWANNEE RIVER AT SUWANNEE SPRINGS FLA,30.3929988,-82.9331875, 0.00,00060
02317620,ALAPAHA RIVER NEAR JENNINGS FLA,30.59826888,-83.073195, 0.00,00060
02319000,"WITHLACOOCHEE RIVER NEAR PINETTA, FLA.",30.59548716,-83.2595906, 47.21,00060
02319300,WITHLACOOCHEE RIVER NR MADISON FLA,30.48243547,-83.2429207, 0.00,00060
02319394,"WITHLACOOCHEE RIVER NR LEE, FLA",30.41049435,-83.18013979, 0.88,00060
02319500,"SUWANNEE RIVER AT ELLAVILLE, FLA",30.38466196,-83.1718058, 27.22,00060
02319800,"SUWANNEE RIVER AT DOWLING PARK, FLORIDA",30.2449425,-83.24958439, 0.00,00060
02320000,"SUWANNEE RIVER AT LURAVILLE, FLA.",30.09994513,-83.1715247, 0.00,00060
02320500,"SUWANNEE RIVER AT BRANFORD, FLA.",29.955785,-82.9276278, 4.81,00060
02320700,"SANTA FE RIVER NEAR GRAHAM, FLA.",29.84635394,-82.2195493, 103.55,00060
02321000,NEW RIVER NR LAKE BUTLER FLA,29.9982954,-82.2739992, 83.80,00060
02321500,"SANTA FE RIVER AT WORTHINGTON SPRINGS, FLA.",29.9219073,-82.4262246, 42.74,00060
02321898,SANTA FE RIVER AT O'LENO STATE PARK FLA,29.92656389,-82.5596472,,00060
02321958,"SANTA FE RIVER AT RIVER RISE NR HIGH SPRINGS, FL",29.8735723,-82.59122849, 31,00060
02321975,"SANTA FE RIVER AT US HWY 441 NEAR HIGH SPRINGS,FL.",29.85273894,-82.6084508, 35,00060
02322500,"SANTA FE RIVER NEAR FORT WHITE, FLA.",29.84884769,-82.7151204, 20.86,00060
02322700,"ICHETUCKNEE R @ HWY27 NR HILDRETH, FL",29.95273288,-82.7859573, 00.00,00060
02322800,SANTA FE RIVER NR HILDRETH FLA,29.91162076,-82.8604033, 3.50,00060
02323000,"SUWANNEE RIVER NEAR BELL, FLORIDA",29.79134359,-82.924293, 0.00,00060
02323500,"SUWANNEE RIVER NEAR WILCOX, FLA.",29.58968017,-82.9365131, -0.53,00060
02323592,SUWANNEE RIVER AB GOPHER RIVER NR SUWANNEE FL,29.33940554,-83.086515,,00060
02324000,"STEINHATCHEE RIVER NEAR CROSS CITY, FLA.",29.78661294,-83.3215262, 7.84,00060
02324170,"STEINHATCHEE RIVER AT STEINHATCHEE, FL.",29.6682821,-83.37735989,,00060
02324400,"FENHOLLOWAY RIVER NEAR FOLEY, FLA.",30.09827057,-83.4718112, 53.59,00060
02324500,"FENHOLLOWAY RIVER AT FOLEY, FLA.",30.06549165,-83.5579246, 24.85,00060
02325000,"FENHOLLOWAY RIVER NEAR PERRY, FLA",30.0713236,-83.6623725, 0.00,00060
02325543,"FENHOLLOWAY RIVER NEAR HAMPTON SPRINGS, FL",30.01132315,-83.7776534,,00060
02326000,"ECONFINA RIVER NEAR PERRY, FLA.",30.17076448,-83.8237679, 14.35,00060
02326050,"ECONFINA RV AT ECONFINA RV STATE PARK NR PERRY, FL",30.06811667,-83.8987028, 2,00060
02326500,"AUCILLA RIVER AT LAMONT, FLA.",30.36992847,-83.80682559, 42.90,00060
02326526,WACISSA RIVER NR WACISSA FLA,30.3013159,-83.9796085,,00060
02326900,"ST. MARKS RIVER NEAR NEWPORT, FLA.",30.2714311,-84.1482508, 3.53,00060
02327022,"WAKULLA RIVER NEAR CRAWFORDVILLE, FL",30.2138141,-84.261563,,00060
02327031,"SPRING CREEK NEAR SPRING CREEK, FL",30.07270485,-84.3273972, 0.00,00060
02327033,LOST CREEK AT ARRAN FLA,30.18825753,-84.40823469,,00060
02327100,"SOPCHOPPY RIVER NR SOPCHOPPY, FLA.",30.12936856,-84.4943482, 0.00,00060
02328522,"OCHLOCKONEE RIVER NR CONCORD, FLA.",30.6690846,-84.3051807, 69.81,00060
02329000,"OCHLOCKONEE RIVER NR HAVANA, FLA.",30.55408644,-84.3840715, 59.36,00060
02329500,"LITTLE RIVER NR QUINCY, FLA.",30.58741806,-84.4965763, 83.19,00060
02329600,"LITTLE RIVER NR MIDWAY, FLA.",30.5124192,-84.5235206, 0.00,00060
02330000,"OCHLOCKONEE RIVER NR BLOXHAM, FLA.",30.38325266,-84.6549109, 24.46,00060
02330100,"TELOGIA CREEK NR BRISTOL, FLA.",30.426585,-84.92769349, 99.50,00060
02330150,"OCHLOCKONEE RIVER NR SMITH CREEK, FLA.",30.17658934,-84.6679637,,00060
02330400,"NEW RIVER NEAR SUMATRA, FLA",30.03624444,-84.8433, 0.00,00060
02358000,APALACHICOLA RIVER AT CHATTAHOOCHEE FLA,30.7010251,-84.8590871, 00.00,00060
02358700,"APALACHICOLA RIVER NR BLOUNTSTOWN,FLORIDA",30.42519625,-85.0313059, 26.96,00060
02358754,"APALACHICOLA R.AB CHIPOLA CUTOFF NR WEWAHITCHKA,FL",30.1322611,-85.1420111, 12.14,00060
02358789,CHIPOLA RIVER AT MARIANNA FL,30.77297064,-85.2163178, 56.00,00060
02359000,"CHIPOLA RIVER NR ALTHA, FLA.",30.53408319,-85.1651996, 19.95,00060
02359170,"APALACHICOLA RIVER NR SUMATRA,FLA.",29.94937094,-85.0154686, 0.00,00060
02359500,"ECONFINA CREEK NEAR BENNETT, FLA.",30.3846406,-85.5565932, 1.03,00060
02365200,"CHOCTAWHATCHEE RIVER NR PITTMAN, FLA.",30.94990438,-85.84299, 51.83,00060
02365470,"WRIGHTS CREEK AT SH 177-A NR BONIFAY,FL",30.8571301,-85.7621545,,00060
02365500,"CHOCTAWHATCHEE RIVER AT CARYVILLE, FLA.",30.77574389,-85.827711, 39.02,00060
02365769,"BRUCE CREEK AT SH 81 NR REDBAY, FL",30.6246363,-85.9424358, 13.04,00060
02366000,"HOLMES CREEK AT VERNON, FLA.",30.62685899,-85.7121531, 10.70,00060
02366500,"CHOCTAWHATCHEE RIVER NR BRUCE, FLA.",30.4510296,-85.89826819, 0.00,00060
02366996,"ALAQUA CREEK NEAR PLEASANT RIDGE, FL",30.66908,-86.1866092, 60,00060
02367310,"JUNIPER CREEK AT STATE HWY 85 NR NICEVILLE, FLA.",30.5574179,-86.5193954, 7.78,00060
02367900,"YELLOW RIVER NR OAK GROVE, FLA.",30.92518288,-86.5593967, 0.00,00060
02368000,"YELLOW RIVER AT MILLIGAN, FLA.",30.7529664,-86.6291207, 45.00,00060
02368500,"SHOAL RIVER NR MOSSY HEAD, FLA.",30.7960205,-86.3068906, 105.59,00060
02369000,"SHOAL RIVER NR CRESTVIEW, FLA.",30.69741268,-86.570786, 47.21,00060
02369600,"YELLOW RIVER NR MILTON, FLA.",30.569639,-86.9235732,-35.50,00060
02370000,"BLACKWATER RIVER NR BAKER, FLA.",30.8335197,-86.7346786, 60.50,00060
02370500,"BIG COLDWATER CREEK NR MILTON, FLA.",30.70852375,-86.972186, 9.10,00060
02375500,"ESCAMBIA RIVER NEAR CENTURY, FL",30.96518304,-87.2341395, 28.34,00060
02376033,"ESCAMBIA RIVER NR MOLINO, FLA.",30.6701917,-87.2669179, 0.00,00060
02376100,"BAYOU MARCUS CREEK NR PENSACOLA,FLA",30.44825279,-87.2905288,,00060
02376115,"ELEVENMILE CREEK NR WEST PENSACOLA, FL",30.49825159,-87.3358086, 10.00,00060
02376293,"BRUSHY CREEK NEAR BRATT, FL",30.97851588,-87.5280384, 0.0,00060
02376500,"PERDIDO RIVER AT BARRINEAU PARK, FL",30.69027778,-87.4402778, 28.00,00060
250802081035500,"EAST SIDE CREEK NEAR LAKE INGRAHAM, FL",25.13696944,-81.0643806,,00060
251003080435500,"MCCORMICK CREEK AT MOUTH NEAR KEY LARGO, FL",25.16819444,-80.73358889,,00060
251032080473400,"ALLIGATOR CREEK NEAR GARFIELD BIGHT, FL",25.17555556,-80.7927778,,00060
251033080440800,"OYSTER CREEK NEAR FLAMINGO, FL",25.17588889,-80.7355833,,00060
251115081075800,"RAULERSON BROTHERS CANAL AT CAPE SABLE, FL",25.18765278,-81.1327778,,00060
251127080382100,"TAYLOR RIVER AT MOUTH NEAR HOMESTEAD, FL",25.19059444,-80.6390528,,00060
251152080370900,"EAST CREEK NEAR HOMESTEAD, FL",25.1982111,-80.6190944,,00060
251154080471900,"CUTHBERT LAKE OUTLET NEAR FLAMINGO, FL",25.1983611,-80.7886667,,00060
251203080480600,"WEST LAKE OUTLET TO LONG LAKE NEAR FLAMINGO, FL",25.2007222,-80.8016111,,00060
251209080350100,"MUD CREEK AT MOUTH NR HOMESTEAD, FL",25.20330278,-80.5841111,,00060
251241080385300,"UPSTREAM TAYLOR RIVER NEAR HOMESTEAD, FL",25.2102972,-80.6476667,,00060
251253080320100,"TROUT CREEK AT MOUTH NEAR KEY LARGO, FL",25.2148972,-80.5335056,,00060
251341080291200,"STILLWATER CREEK NEAR HOMESTEAD, FL",25.2283,-80.4859472,,00060
251355080312800,"JOE BAY 2E, NEAR KEY LARGO, FL",25.232625,-80.5248667,,00060
251433080265000,"WEST HIGHWAY CREEK NEAR HOMESTEAD, FL",25.24210833,-80.4475722,,00060
251549080251200,"MANATEE BAY CREEK NEAR HOMESTEAD, FL",25.2642111,-80.4201833,,00060
252230081021300,"SHARK RIVER BELOW GUNBOAT ISLAND NR FLAMINGO, FL",25.3749722,-81.0366944,,00060
252551081050900,HARNEY RIVER NEAR FLAMINGO FL,25.43055556,-81.0859583,,00060
253047080555600,UPSTREAM BROAD RIVER NEAR EVERGLADES CITY FL,25.50129167,-80.9322222,,00060
254157080213800,"SNAPPER CREEK NO.5 ABV WATER PIPE NR S. MIAMI, FL",25.69905556,-80.3606111, 1,00060
254543080405401,"TAMIAMI CANAL AT S-12-D NEAR MIAMI, FL",25.7620472,-80.6820444,,00060
254543080491101,"TAMIAMI CANAL AT S-12-A, NR MIAMI, FL",25.76188056,-80.8213583,,00060
255154080371300,"L-67A CANAL AT S-152 NR COOPERTOWN, FL",25.86515,-80.6205667,,00060
255327081275900,"EAST RIVER NEAR EVERGLADES CITY, FL",25.89538889,-81.4555,,00060
255432081303900,FAKA-UNION RIVER NEAR THE MOUTH,25.90880556,-81.5109167,,00060
255534081324000,"PUMPKIN RIVER NEAR GOODLAND, FL",25.926,-81.5443056,,00060
255654081350200,"BLACKWATER RIVER NEAR GOODLAND, FL",25.9523611,-81.5844222,,00060
261533080571600,L-28 INTERCEPTOR CANAL BLW S-190 NEAR CLEWISTON FL,26.2585,-80.9534167,,00060
261543080495000,"L-28 CANAL ABOVE S-140 NEAR CLEWISTON, FL",26.26025,-80.8303611,,00060
261808081042800,WEST FEEDER CANAL ABV WEST WEIR NR  CLEWISTON FL,26.30233333,-81.0744444,,00060
262038080584600,"NORTH FEEDER CANAL BLW PC17A NR CLEWISTON, FL",26.34375,-80.9793333,,00060
264514080550700,INDUSTRIAL CANAL AT CLEWISTON,26.76075867,-80.9179804,,00060
265501080364900,"LEVEE 8 CANAL NEAR CANAL POINT, FL",26.91719444,-80.6129444,,00060
295308085143700,"IWW EAST OF GULF CO CANAL NEAR PORT ST JOE, FL",29.88555556,-85.2436111,,00060
295323085151700,"IWW WEST OF GULF CO CANAL NEAR PORT ST JOE, FL",29.8897222,-85.2547222,,00060
02176930,"CHATTOOGA RIVER AT BURRELLS FORD, NR PINE MTN, GA",34.97452778,-83.1161667, 2050.00,00060
02178400,"TALLULAH RIVER NEAR CLAYTON, GA",34.8899722,-83.53063889, 1868.93,00060
02180400,"TIGER CREEK NEAR LAKEMONT, GA",34.78613889,-83.4155833,,00060
02181350,"TALLULAH R AT TERRORA PWRHSE, NR TALLULAH FALLS,GA",34.75027778,-83.405, 1551,00060
02181580,"TALLULAH RIVER AB POWERHOUSE, NR TALLULAH FALLS,GA",34.73191667,-83.3754167, 940.00,00060
02188600,"BEAVERDAM CREEK ABOVE ELBERTON, GA",34.1686111,-82.8966111, 529.0,00060
02191227,"GROVE CREEK AT US 441 AND GA 15 NEAR COMMERCE, GA",34.26894444,-83.4680833, 700.00,00060
02191300,"BROAD RIVER ABOVE CARLTON, GA",34.0742222,-83.0039444, 406.6,00060
02192000,"BROAD RIVER NEAR BELL, GA",33.97263889,-82.7708611, 356.8,00060
02193340,"KETTLE CREEK NEAR WASHINGTON, GA",33.68266667,-82.8585, 415.6,00060
02193500,"LITTLE RIVER NEAR WASHINGTON, GA",33.61277778,-82.7425, 353.3,00060
02195150,"KIOKEE CREEK AT US 221, AT APPLING, GA",33.54266667,-82.3154167, 52.9,00060
02195320,"KIOKEE CREEK AT GA 104, NEAR EVANS, GA",33.6011111,-82.2326111, 200.00,00060
02195470,"UCHEE CREEK AT GA 104, NEAR EVANS, GA",33.5673611,-82.18338889,189,00060
02196485,"AUGUSTA CANAL UPPER NR AUGUSTA, GA",33.54916667,-82.03713889, 148.00,00060
02196670,"SAVANNAH RIVER JEFFERSON DAVIS BR, AT AUGUSTA, GA",33.4793333,-81.96338889, 100.00,00060
02196835,"BUTLER CREEK BELOW 7TH AVENUE, AT FT. GORDON, GA",33.4386111,-82.1161111, 258.33,00060
021968385,"BUTLER CR BELOW BUTLER CR RSVR AT FORT GORDON, GA",33.42509167,-82.09873889, 225.00,00060
02197000,"SAVANNAH RIVER AT AUGUSTA, GA",33.37252778,-81.9420833, -.61,00060
02197020,"SPIRIT CREEK AT US 1, NEAR AUGUSTA, GA",33.37366667,-82.1391944, 228.9,00060
021973269,"SAVANNAH RIVER NEAR WAYNESBORO, GA",33.1503611,-81.7540833, 70.,00060
02197500,"SAVANNAH R AT BURTONS FERRY BR NR MILLHAVEN, GA",32.93644444,-81.5025278, 55.45,00060
02197598,"BRUSHY CREEK AT CAMPGROUND ROAD, NEAR WRENS, GA",33.18055556,-82.3340833,297.07,00060
02197830,"BRIER CREEK NEAR WAYNESBORO, GA",33.11830556,-81.9636111,171.24,00060
02198000,"BRIER CREEK AT MILLHAVEN, GA",32.93333333,-81.6506667,95.17,00060
02198100,"BEAVERDAM CREEK NEAR SARDIS, GA",32.9375,-81.8153333,185.54,00060
02198500,"SAVANNAH RIVER NEAR CLYO, GA",32.52855556,-81.2683333,12.73,00060
02198690,"EBENEZER CREEK AT SPRINGFIELD, GA",32.36577778,-81.2970833,15.57,00060
02198810,"ABERCORN CREEK NEAR SAVANNAH,GA",32.25602778,-81.1780278, 0.0,00060
02198840,"SAVANNAH RIVER I-95 NEAR PORT WENTWORTH, GA",32.2354722,-81.1510833, 0.0,00060
02198920,"SAVANNAH RIVER AT GA 25, AT PORT WENTWORTH, GA",32.16533333,-81.1549167,0.41,00060
02198950,"MIDDLE RIVER AT GA 25 AT PORT WENTWORTH, GA",32.1657222,-81.1379722, 0.0,00060
02198955,"MIDDLE RIVER AT FISH HOLE AT PORT WENTWORTH, GA",32.14277778,-81.1352778, 0,00060
021989773,"SAVANNAH RIVER AT USACE DOCK, AT SAVANNAH, GA",32.08041667,-81.0813611, 0.0,00060
021989792,"LITTLE BACK RIVER AT GA 25 AT PORT WENTWORTH, GA",32.16583333,-81.13, 0.0,00060
02198980,"SAVANNAH RIVER AT FORT PULASKI, GA",32.03580556,-80.9060556, 0.0,00060
02200120,"OGEECHEE RIVER AT GA 88, NEAR GRANGE, GA",33.04458333,-82.6036667,233.40,00060
02201000,"WILLIAMSON SWAMP CREEK AT DAVISBORO, GA",32.97566667,-82.6098056,262.45,00060
02201230,"OGEECHEE RIVER AT MIDVILLE, GA",32.81469444,-82.235,168.13,00060
02202040,"OGEECHEE RIVER AT ROCKY FORD RD, NR ROCKY FORD, GA",32.64927778,-81.8407778,104.14,00060
02202190,"OGEECHEE RIVER AT GA 24, NEAR OLIVER, GA",32.49480556,-81.5555,59.82,00060
02202500,"OGEECHEE RIVER NEAR EDEN, GA",32.1901111,-81.4158611,17.06,00060
02202600,"BLACK CREEK NEAR BLITCHTON, GA",32.16755556,-81.48775, 27.5,00060
02202680,"OGEECHEE RIVER AT GA 204, NEAR ELLABELL, GA",32.0795,-81.38475,2.90,00060
02203000,"CANOOCHEE RIVER NEAR CLAXTON, GA",32.1843611,-81.8892222, 80.50,00060
02203518,"CANOOCHEE RIVER AT BRIDGE 38, AT FORT STEWART, GA",31.969,-81.4586944, 20,00060
02203536,"OGEECHEE RIVER AT US 17, NEAR RICHMOND HILL, GA",31.9769722,-81.2878611, 0.00,00060
02203557,"PEACOCK CREEK AT ATLANTIC RR LINE NR MCINTOSH, GA",31.82055556,-81.5395556, 7.0,00060
02203655,"SOUTH RIVER AT FORREST PARK ROAD, AT ATLANTA, GA",33.67891667,-84.35813889,748.44,00060
02203800,"SOUTH RIVER AT BOULDERCREST ROAD AT ATLANTA, GA",33.6796111,-84.3079444,753.24,00060
02203831,"DOOLITTLE CREEK AT FLAT SHOALS RD, NR DECATUR, GA",33.70569444,-84.2921944,788.95,00060
02203863,"SHOAL CREEK AT COLUMBIA DRIVE NEAR ATLANTA, GA",33.69319444,-84.25388889,744.07,00060
02203873,"COBBS CREEK AT RAINBOW DR, NEAR DECATUR, GA",33.70941667,-84.2391667, 779.22,00060
02203900,"SOUTH RIVER AT FLAKES MILL ROAD NR ATLANTA, GA",33.66577778,-84.224,717.72,00060
02203950,"SNAPFINGER CREEK NEAR DECATUR, GA",33.7632222,-84.2203611,844.80,00060
02203960,"SNAPFINGER CR AT THOMPSON MILL RD NR LITHONIA, GA",33.69666667,-84.1986111,749.26,00060
02204037,"POLE BRIDGE CR AT EVANS MILL RD NEAR LITHONIA, GA",33.66819444,-84.1511667,721.32,00060
02204070,"SOUTH RIVER AT KLONDIKE ROAD, NEAR LITHONIA, GA",33.6301111,-84.1284722, 660.7,00060
02204130,"HONEY CREEK AT GA 212, NEAR CONYERS, GA",33.57975,-84.06425,629.72,00060
02204285,"PATES CREEK NEAR FLIPPEN, GA",33.49280556,-84.2450556,714.21,00060
02204520,"SOUTH RIVER AT GA 81, AT SNAPPING SHOALS, GA",33.4845833,-83.9579722,557.27,00060
02205522,"PEW CREEK AT PATTERSON RD, NEAR LAWRENCEVILLE, GA",33.92588889,-84.0378056,861.90,00060
02205865,"SWEETWATER CREEK AT CLUB DRIVE NEAR LILBURN, GA",33.9411111,-84.1077778,851.75,00060
02206500,"YELLOW RIVER NEAR SNELLVILLE, GA",33.85305556,-84.0783333, 801.04,00060
02207120,"YELLOW RIVER AT GA 124, NEAR LITHONIA, GA",33.7725,-84.0581944,719.78,00060
02207135,"LITTLE STONE MTN CR NEAR STONE MOUNTAIN, GA",33.83041667,-84.1393333,871.25,00060
02207160,"STONE MOUNTAIN CREEK AT GA 124, NEAR LITHONIA, GA",33.77327778,-84.0771667,732.14,00060
02207185,"NO BUSINESS CREEK AT LEE ROAD, BELOW SNELLVILLE,GA",33.7775,-84.0377778,735.53,00060
02207220,"YELLOW RIVER AT PLEASANT HILL ROAD, NR LITHONIA,GA",33.7335833,-84.0615556,701.04,00060
02207335,"YELLOW RIVER AT GEES MILL ROAD, NEAR MILSTEAD, GA",33.66694444,-83.9380556,630.92,00060
02207385,"BIG HAYNES CREEK AT LENORA ROAD, NR SNELLVILLE, GA",33.81527778,-83.99013889,843.09,00060
02207400,"BRUSHY FORK CREEK AT BEAVER ROAD, NR LOGANVILLE,GA",33.82138889,-83.9425,884.53,00060
02207418,"BIG HAYNES CREEK AT JACK TURNER DAM,NR MILSTEAD GA",33.72938889,-83.9363056,676.08,00060
02207435,LITTLE HAYNES CREEK AT DIAL MILL RD NR MILSTEAD GA,33.7111111,-83.9144444,645.93,00060
02207448,"BIG HAYNES CREEK AT BALD ROCK ROAD, NR MILSTEAD GA",33.66163889,-83.9280833,627.96,00060
02208000,"YELLOW RIVER ROCKY PLAINS RD NR ROCKY PLAINS, GA",33.4998611,-83.8841667, 529.99,00060
02208050,"ALCOVY RIVER NEAR LAWRENCEVILLE, GA",33.97855556,-83.9391667,930.81,00060
02208130,"SHOAL CREEK AT PAPER MILL RD, NR LAWRENCEVILLE, GA",33.9497222,-83.9483333,874.24,00060
02208150,"ALCOVY RIVER AT NEW HOPE ROAD, NEAR GRAYSON, GA",33.91694444,-83.8880556,785.51,00060
02208450,"ALCOVY RIVER ABOVE COVINGTON, GA",33.63938889,-83.7784167,645.92,00060
02208485,"CORNISH CREEK AT LOWER JERSEY RD, NR COVINGTON, GA",33.7108333,-83.8111111,706.95,00060
02208487,"LITTLE CORNISH CR COUNTY ROAD 95 NR OXFORD, GA",33.67944444,-83.8297222,701.97,00060
02208493,"CORNISH CREEK AT HAZELBRAND RD NR COVINGTON, GA",33.6285,-83.7988611,641.35,00060
02209000,"ALCOVY RIVER BELOW COVINGTON, GA",33.50725,-83.82438889,600.70,00060
02209360,"EAST BEAR CREEK AT POPLAR ROAD, NR MANSFIELD, GA",33.50725,-83.77025,637.43,00060
02210500,"OCMULGEE RIVER NEAR JACKSON, GA",33.3126111,-83.8373611,419.03,00060
02211375,"CABIN CREEK AT NORTH SECOND STREET, NR GRIFFIN, GA",33.27166667,-84.23638889, 753.8,00060
02211800,"TOWALIGA RIVER AT GA 83 NEAR JULIETTE, GA",33.115,-83.8702222, 383.3,00060
02212600,"FALLING CREEK NEAR JULIETTE, GA",33.10030556,-83.7231667, 366.52,00060
02212735,"OCMULGEE RIVER AT GA 18, AT DAMES FERRY, GA",33.0168611,-83.7271944,321.27,00060
02213000,"OCMULGEE RIVER AT MACON, GA",32.8386111,-83.6205556,269.35,00060
02213500,"TOBESOFKEE CREEK NEAR MACON, GA",32.80888889,-83.7583333, 309.6,00060
02214075,"ECHECONNEE CREEK AT HOUSTON RD, NEAR BYRON, GA",32.69187778,-83.7009722,266.80,00060
02214590,"BIG INDIAN CREEK AT US 341, NEAR CLINCHFIELD, GA",32.42669444,-83.6443056,228.69,00060
02215000,"OCMULGEE RIVER AT US 341, AT HAWKINSVILLE, GA",32.283,-83.4623056,188.97,00060
02215100,"TUCSAWHATCHEE CREEK NEAR HAWKINSVILLE, GA",32.2401111,-83.5018333, 209.9,00060
02215260,"OCMULGEE RIVER AT ABBEVILLE, GA",31.99666667,-83.2790278, 161.4,00060
02215500,"OCMULGEE RIVER AT LUMBER CITY, GA",31.91991667,-82.6740556,86.93,00060
02215900,"LITTLE OCMULGEE RIVER AT GA 149, AT SCOTLAND, GA",32.0523611,-82.8156111, 126.5,00060
02216180,"TURNPIKE CREEK NEAR MCRAE, GA",31.99138889,-82.9219444, 172.4,00060
02217274,"WHEELER CREEK AT BILL CHEEK ROAD, NEAR AUBURN, GA",34.0822222,-83.8544444,884.31,00060
02217297,"MULBERRY CREEK NEAR WINDER, GA",34.0459722,-83.7113611, 660.00,00060
02217475,"MIDDLE OCONEE RIVER NEAR ARCADE, GA",34.03180556,-83.5630833, 656.4,00060
02217500,"MIDDLE OCONEE RIVER NEAR ATHENS, GA",33.94666667,-83.4227778, 555.5,00060
02217615,"NORTH OCONEE R AT WOODBRIDGE RD, NEAR COMMERCE, GA",34.20027778,-83.5158333, 690.6,00060
02217643,"PARKS CREEK AT LYLE FIELD RD NR JEFFERSON, GA",34.1620583,-83.5250944,714.55,00060
02217770,"NORTH OCONEE RIVER AT COLLEGE ST, AT ATHENS, GA",33.9697222,-83.3775833, 600,00060
02218300,"OCONEE RIVER NEAR PENFIELD, GA",33.72069444,-83.2956111, 433.0,00060
02218565,"APALACHEE RIVER AT FENCE ROAD, NEAR DACULA, GA",34.01027778,-83.8941667,930.19,00060
02218900,"APALACHEE RIVER AT SNOWS MILL RD, NR BISHOP, GA",33.84063889,-83.55828889,,00060
02219000,"APALACHEE RIVER NEAR BOSTWICK, GA",33.7878611,-83.47425, 544.0,00060
02220788,"LITTLE RIVER AT NEWBORN RD NEAR NEWBORN, GA",33.5563611,-83.6665278,571.13,00060
02220900,"LITTLE RIVER NEAR EATONTON, GA",33.31413889,-83.4371111, 355.6,00060
02221525,"MURDER CREEK BELOW EATONTON, GA",33.25275,-83.4826111, 374.7,00060
02223000,"OCONEE RIVER AT MILLEDGEVILLE, GA",33.09016667,-83.2147778, 230.3,00060
02223056,"OCONEE RIVER AT AVANT MINE, NEAR OCONEE, GA",32.93933333,-83.0669722, 202.8,00060
02223110,"BUFFALO CREEK AT GA 272, NEAR OCONEE, GA",32.89166667,-82.9615278, 190.8,00060
02223190,"COMMISSIONER CREEK AT US 441, AT MCINTYRE, GA",32.84994444,-83.1930556,234.38,00060
02223248,"OCONEE RIVER NEAR OCONEE, GA",32.7877222,-82.9569167, 171.4,00060
02223360,"BIG SANDY CREEK AT US 441, NEAR IRWINTON, GA",32.76652778,-83.1672778,221.42,00060
02223382,"OCONEE RIVER NEAR DUBLIN, GA",32.69488308,-82.9387549, 162.56,00060
02223500,"OCONEE RIVER AT DUBLIN, GA",32.54394444,-82.8929722, 148.5,00060
02224500,"OCONEE RIVER NEAR MOUNT VERNON, GA",32.19091667,-82.6310278, 102.6,00060
02224940,"ALTAMAHA RIVER AT US 221, NR CHARLOTTEVILLE, GA",31.9578611,-82.5170278,73.46,00060
02225000,"ALTAMAHA RIVER NEAR BAXLEY, GA",31.9395,-82.35338889, 60.7,00060
02225270,"OHOOPEE RIVER AT GA 297, NEAR SWAINSBORO, GA",32.4406111,-82.38188889,145.03,00060
02225500,"OHOOPEE RIVER NEAR REIDSVILLE, GA",32.07713889,-82.1765, 73.1,00060
02226000,"ALTAMAHA RIVER AT DOCTORTOWN, GA",31.65466667,-81.8275, 23.6,00060
02226160,"ALTAMAHA RIVER NEAR EVERETT CITY, GA",31.4268611,-81.6051111, -3.87,00060
02226362,"SATILLA RIVER AT GA 158, NEAR WAYCROSS, GA",31.30275,-82.5611111,89.41,00060
02226500,"SATILLA RIVER NEAR WAYCROSS, GA",31.23844444,-82.3228333, 65.5,00060
02227270,"ALABAHA RIVER AT GA 203, NEAR BLACKSHEAR, GA",31.37558333,-82.28863889, 82.6,00060
02227500,"LITTLE SATILLA RIVER NEAR OFFERMAN, GA",31.45213889,-82.0543333,56.79,00060
02228000,"SATILLA RIVER AT ATKINSON, GA",31.21958333,-81.8664444,13.63,00060
02228070,"SATILLA RIVER AT US 17, AT WOODBINE, GA",30.97488889,-81.7268611, -0.2,00060
02231175,"ST MARYS RIVER AT FERRY LANDING NEAR FOLKSTON, GA",30.78305556,-82.0241667, 0.0,00060
02231254,"ST MARY'S RIVER AT I-95, NEAR KINGSLAND, GA",30.74427778,-81.654, 0.0,00060
02314500,"SUWANNEE RIVER AT US 441, AT FARGO, GA",30.68102778,-82.56013889, 91.0,00060
02315920,"ALAPAHA RIVER AT GA 125/32 NEAR IRWINVILLE, GA",31.63108333,-83.4178333,262.05,00060
02316000,"ALAPAHA RIVER NEAR ALAPAHA, GA",31.38527778,-83.1935,207.81,00060
02317500,"ALAPAHA RIVER AT STATENVILLE, GA",30.70383333,-83.0326667,75.96,00060
023177483,"WITHLACOOCHEE R AT SKIPPER BRIDGE RD,NR BEMISS, GA",30.94908333,-83.2718333,120.59,00060
02317755,"WITHLACOOCHEE RIVER AT US 41 NEAR VALDOSTA, GA",30.8926111,-83.3188611, 110.3,00060
02317797,"LITTLE RIVER AT UPPER TY TY ROAD, NEAR TIFTON, GA",31.48169444,-83.5841111,267.06,00060
02318000,"LITTLE RIVER NEAR ADEL, GA",31.15555556,-83.5436111,173.17,00060
02318380,"LITTLE RIVER AT GA 122, NEAR HAHIRA, GA",31.0004722,-83.4567778,132.68,00060
02318500,"WITHLACOOCHEE RIVER AT US 84, NEAR QUITMAN, GA",30.79330556,-83.4534444,83.40,00060
02327355,"OCHLOCKONEE RIVER AT GA 188, NEAR COOLIDGE, GA",31.00241667,-83.9390278,166.42,00060
02327500,"OCHLOCKONEE RIVER NEAR THOMASVILLE, GA",30.87583333,-84.0467778,133.16,00060
02329342,"LITTLE ATTAPULGUS CREEK AT ATTAPULGUS, GA",30.73555556,-84.4969444,154.54,00060
02330450,"CHATTAHOOCHEE RIVER AT HELEN, GA",34.7009722,-83.72925, 1404.04,00060
02331000,"CHATTAHOOCHEE RIVER NEAR LEAF, GA",34.5770833,-83.6360278, 1219.47,00060
023312495,"SOQUE RIVER AT GA 197, NEAR CLARKESVILLE, GA",34.6186111,-83.52888889,1284.42,00060
02331600,"CHATTAHOOCHEE RIVER NEAR CORNELIA, GA",34.5407222,-83.622775,1128.64,00060
02333500,"CHESTATEE RIVER NEAR DAHLONEGA, GA",34.52827778,-83.9402222,1128.74,00060
02334430,"CHATTAHOOCHEE RIVER AT BUFORD DAM, NEAR BUFORD, GA",34.15666667,-84.0784167,912.01,00060
02334480,"RICHLAND CREEK AT SUWANEE DAM ROAD, NEAR BUFORD,GA",34.1325,-84.07,923.99,00060
02334578,"LEVEL CREEK AT SUWANEE DAM ROAD, NEAR SUWANEE, GA",34.09638889,-84.0780556,956.47,00060
02334620,"DICK CREEK AT OLD ATLANTA RD, NEAR SUWANEE, GA",34.07163889,-84.1304167,909.34,00060
02334653,CHATTAHOOCHEE R 0.76 MI US MCGINNIS FY SUWANEE GA,34.0567222,-84.1083333,886.24,00060
02334885,"SUWANEE CREEK AT SUWANEE, GA",34.0325,-84.08888889,909.96,00060
02335000,"CHATTAHOOCHEE RIVER NEAR NORCROSS, GA",33.9972222,-84.2019444,878.15,00060
02335350,"CROOKED CREEK NEAR NORCROSS, GA",33.965,-84.2647222,869.90,00060
02335450,"CHATTAHOOCHEE RIVER ABOVE ROSWELL, GA",33.98580556,-84.3156944,858.18,00060
02335580,"BIG CREEK AT GA 9, NEAR CUMMING, GA",34.15591667,-84.2187222,1007.81,00060
02335700,"BIG CREEK NEAR ALPHARETTA, GA",34.05055556,-84.2694444,960.80,00060
02335757,"BIG CREEK BELOW HOG WALLOW CREEK AT ROSWELL, GA",34.0175,-84.3533333,922.32,00060
02335790,"WILLEO CREEK AT GA 120, NEAR ROSWELL, GA",34.00266667,-84.3941667,856.43,00060
02335815,"CHATTAHOOCHEE RIVER BELOW MORGAN FALLS DAM, GA",33.96775,-84.3836667,-12.43,00060
023358685,"SEWELL MILL CREEK AT GA 120, NEAR MARIETTA, GA",33.97902778,-84.4520278,913.85,00060
02335870,"SOPE CREEK NEAR MARIETTA, GA",33.95388889,-84.4433333,881.66,00060
02335880,"CHATT R AT POWERS FY AND I-285 NR ATLANTA, GA",33.9019722,-84.4430278,777.24,00060
02335910,"ROTTENWOOD CR AT INTERSTATE N PKWY, NR SMYRNA, GA",33.89402778,-84.45788889,820.33,00060
02336000,"CHATTAHOOCHEE RIVER AT ATLANTA, GA",33.85916667,-84.4544444,750.43,00060
02336030,"N.F. PEACHTREE CREEK AT GRAVES RD, NR DORAVILLE,GA",33.9058333,-84.225,928.55,00060
02336106,"N FK PEACHTREE CR AT BRIARWOOD RD, NR ATLANTA, GA",33.84166667,-84.3219444, 823.42,00060
02336120,"N.F. PEACHTREE CREEK, BUFORD HWY, NEAR ATLANTA, GA",33.83155556,-84.3427778,806.95,00060
02336152,"SOUTH FORK PEACHTREE AT CASA DR, NR CLARKSTON, GA",33.81044444,-84.2479722,932.28,00060
023362095,"BURNT FORK CR AT MILLWOOD WAY NEAR CLARKSTON, GA",33.82138889,-84.2747222,935.10,00060
02336240,"S.F. PEACHTREE CREEK JOHNSON RD, NEAR ATLANTA, GA",33.8030833,-84.3406944,811.83,00060
02336300,"PEACHTREE CREEK AT ATLANTA, GA",33.82030556,-84.40763889,764.13,00060
02336313,"WOODALL CREEK AT DEFOORS FERRY RD, AT ATLANTA, GA",33.82163889,-84.43863889,756.21,00060
02336340,"NANCY CREEK AT JOHNSON FERRY RD, AT CHAMBLEE, GA",33.89775,-84.34525,837.47,00060
02336360,"NANCY CREEK AT RICKENBACKER DRIVE, AT ATLANTA, GA",33.86916667,-84.37888889,810.33,00060
02336410,"NANCY CREEK AT WEST WESLEY ROAD, AT ATLANTA, GA",33.8382222,-84.4392778,753.73,00060
02336490,"CHATTAHOOCHEE RIVER AT GA 280, NEAR ATLANTA, GA",33.81741667,-84.4803333, 736.6,00060
02336517,"PROCTOR CREEK AT HORTENSE WAY, AT ATLANTA, GA",33.7759722,-84.4406111,816.06,00060
02336526,"PROCTOR CREEK AT JACKSON PARKWAY, AT ATLANTA, GA",33.7944722,-84.4741944,758.83,00060
02336635,"NICKAJACK CREEK AT US 78/278, NEAR MABLETON, GA",33.8033333,-84.52138889, 748.17,00060
02336728,"UTOY CREEK AT GREAT SOUTHWEST PKWY NR ATLANTA, GA",33.74352778,-84.5681667,735.71,00060
02336840,"SWEETWATER CREEK,BROWNSVILLE RD,POWDER SPRINGS,GA",33.8272222,-84.7198611,886.57,00060
02336870,"POWDER SPRINGS CREEK NEAR POWDER SPRINGS, GA",33.85916667,-84.6883611,893.14,00060
02336910,"SWEETWATER CR 0.05 MI US RR BRIDGE AT AUSTELL, GA",33.81777778,-84.65,871.44,00060
02336968,"NOSES CREEK AT POWDER SPRINGS RD,POWDER SPRINGS,GA",33.85925,-84.65275,883.24,00060
02336986,"OLLEY CREEK AT CLAY ROAD, NEAR AUSTELL, GA",33.83616667,-84.6314444,878.57,00060
02337000,"SWEETWATER CREEK NEAR AUSTELL, GA",33.77677778,-84.6155, 857.3,00060
02337040,"SWEETWATER CREEK BELOW AUSTELL, GA",33.72105556,-84.6149167,727.55,00060
02337170,"CHATTAHOOCHEE RIVER NEAR FAIRBURN, GA",33.65666667,-84.6736111,718.53,00060
02337410,"DOG RIVER AT GA 5, NEAR FAIRPLAY, GA",33.65380556,-84.8210278,851.94,00060
02337498,"SNAKE CRK DS SNAKE CRK RESERVIOR NR WHITESBURG, GA",33.52638889,-84.9367222, 900,00060
02337500,"SNAKE CREEK NEAR WHITESBURG, GA",33.52930556,-84.9287222, 832.9,00060
02338000,"CHATTAHOOCHEE RIVER NEAR WHITESBURG, GA",33.47652778,-84.9011944, 682.2,00060
02338500,"CHATTAHOOCHEE RIVER AT GA 100, AT FRANKLIN, GA",33.2779722,-85.1009167,664.88,00060
02338523,"HILLABAHATCHEE CREEK AT THAXTON RD, NR FRANKLIN,GA",33.3407222,-85.2267222, 910.00,00060
02338660,"NEW RIVER AT GA 100, NEAR CORINTH, GA",33.2357222,-84.9875556,634.81,00060
02338840,"YELLOWJACKET CREEK-HAMMETT RD, BLW HOGANSVILLE, GA",33.13980556,-84.97538889,640.99,00060
02339500,"CHATTAHOOCHEE RIVER AT WEST POINT, GA",32.88663889,-85.1815833,551.78,00060
02341460,"CHATTAHOOCHEE RIVER AT 14TH ST, AT COLUMBUS, GA",32.47277778,-84.9966667, 190.0,00060
02341800,"UPATOI CREEK NEAR COLUMBUS, GA",32.413,-84.82, 230.00,00060
02342850,"HANNAHATCHEE CREEK AT UNION ROAD, AT UNION, GA",32.1527222,-84.9059167,232.87,00060
02342881,"CHATTAHOOCHEE RIVER AT SPUR 39, NEAR OMAHA, GA",32.14066667,-85.04938889, 0.0,00060
02343225,"PATAULA CREEK NEAR GEORGETOWN, GA",31.8182222,-84.97388889, 209.4,00060
02343805,"CHATTAHOOCHEE RIVER AT MILE 46 NEAR COLUMBIA, ALA",31.24908333,-85.1066111, 0.0,00060
02343940,"SAWHATCHEE CREEK AT CEDAR SPRINGS, GA",31.18083333,-85.0436111, 109.9,00060
02344143,"FLINT RIVER AT GA 85, NEAR FOREST PARK, GA",33.6054722,-84.4045,838.88,00060
02344350,"FLINT RIVER NEAR LOVEJOY, GA",33.41555556,-84.3847222,759.18,00060
02344396,"FLINT RIVER AT WOOLSEY ROAD, NEAR WOOLSEY, GA",33.3597222,-84.3944444,707.60,00060
02344424,"LAKE HORTON TAILRACE NEAR FAYETTEVILLE, GA",33.3186111,-84.4186111,0.10,00060
02344478,"SHOAL CREEK AT SHOAL CREEK ROAD, NEAR GRIFFIN, GA",33.2568611,-84.3627222, 757.4,00060
02344500,"FLINT RIVER NEAR GRIFFIN, GA",33.24416667,-84.4291667,711.37,00060
02344605,"LINE CREEK BELOW GA 54, NEAR PEACHTREE CITY, GA",33.39555556,-84.6069444, 800,00060
02344620,"SHOAL CREEK AT GA54, NEAR SHARPSBURG, GA",33.38916667,-84.6247222, 783.3,00060
02344630,"LINE CREEK BLW LAKE MCINTOSH, NR PEACHTREE CITY,GA",33.35727778,-84.5826111,752.10,00060
02344655,"FLAT CR DS OF LAKE KEDRON, NR PEACHTREE CITY, GA",33.42166667,-84.5783333, 805,00060
02344673,"FLAT CREEK DS OF LAKE AT PEACHTREE CITY, GA",33.38316667,-84.5727222, 770,00060
02344700,"LINE CREEK NEAR SENOIA, GA",33.31916667,-84.5222222,729.08,00060
02344872,"FLINT RIVER BELOW BIG BRANCH, NEAR MOLENA, GA",33.04769444,-84.52663889, 649.58,00060
02346180,"FLINT RIVER NEAR THOMASTON, GA",32.8385,-84.42425,494.17,00060
02346310,"POTATO CREEK AT COUNTY LINE RD, NR ORCHARD HILL,GA",33.18741667,-84.22663889,757.64,00060
02347500,"FLINT RIVER AT US 19, NEAR CARSONVILLE, GA",32.72219444,-84.2324167, 334.54,00060
02349605,"FLINT RIVER AT GA 26, NEAR MONTEZUMA, GA",32.29305556,-84.0436111,255.37,00060
02349900,"TURKEY CREEK AT BYROMVILLE, GA",32.19555556,-83.9022222,284.18,00060
02350512,"FLINT RIVER AT GA 32, NEAR OAKFIELD, GA",31.725,-84.0186111,185.29,00060
02350600,"KINCHAFOONEE CREEK AT PRESTON, GA",32.0525,-84.5483333,337.52,00060
02350900,"KINCHAFOONEE CREEK AT PINEWOOD ROAD, NR DAWSON, GA",31.76458333,-84.2531111,210.67,00060
02351500,"MUCKALEE CREEK NEAR AMERICUS, GA",32.0836111,-84.2588056,320.64,00060
02351890,"MUCKALEE CREEK AT GA 195, NEAR LEESBURG, GA",31.77627778,-84.1390833,215.67,00060
02352500,"FLINT RIVER AT ALBANY, GA",31.59416667,-84.1441667,149.53,00060
02353000,"FLINT RIVER AT NEWTON, GA",31.30694444,-84.33888889, 110.20,00060
02353265,"ICHAWAYNOCHAWAY CREEK AT GA 37, NEAR MORGAN, GA",31.52694444,-84.5827778, 184.4,00060
02353400,"PACHITLA CREEK NEAR EDISON, GA",31.55513889,-84.6807778, 212.64,00060
02353500,"ICHAWAYNOCHAWAY CREEK AT MILFORD, GA",31.38277778,-84.54638889, 150.30,00060
02354350,"CHICKASAWHATCHEE CREEK NEAR ALBANY, GA",31.59358333,-84.4530278, 207.6,00060
02354475,"SPRING CREEK NEAR LEARY, GA",31.46555556,-84.4494444,167.53,00060
02354500,"CHICKASAWHATCHEE CREEK AT ELMODEL, GA",31.35055556,-84.4825,137.51,00060
02354800,"ICHAWAYNOCHAWAY CREEK NEAR ELMODEL, GA",31.29366667,-84.4885556, 119.1,00060
02355350,"ICHAWAYNOCHAWAY CREEK BELOW NEWTON, GA",31.21680556,-84.4701667, 98.67,00060
02355662,"FLINT RIVER AT RIVERVIEW PLANTATION, NR HOPEFUL,GA",31.14055556,-84.4809722, 75.9,00060
02356000,"FLINT RIVER AT BAINBRIDGE, GA",30.91030556,-84.5805, 57.7,00060
02356638,"SPRING CREEK APPROX .25 MI US US27 NR COLQUITT, GA",31.17329694,-84.7444408, 119.16,00060
02357000,"SPRING CREEK NEAR IRON CITY, GA",31.04008333,-84.7393056, 85.70,00060
02357150,"SPRING CREEK NEAR REYNOLDSVILLE, GA",30.903,-84.7495, 0.,00060
02379500,"CARTECAY RIVER NEAR ELLIJAY, GA",34.68413889,-84.4588056,1255.30,00060
02380500,"COOSAWATTEE RIVER NEAR ELLIJAY, GA",34.6758611,-84.5068333,1215.93,00060
02381090,"MOUNTAINTOWN CREEK AT GA 282, NEAR ELLIJAY, GA",34.70338889,-84.5395278,1277.71,00060
02381600,"FAUSETT CREEK NEAR TALKING ROCK, GA",34.57044444,-84.46888889, 1311.74,00060
02382200,"TALKING ROCK CREEK NEAR HINTON, GA",34.52325,-84.6110278,894.04,00060
02382500,"COOSAWATTEE RIVER AT CARTERS, GA",34.60380556,-84.6957778,655.20,00060
02383500,"COOSAWATTEE RIVER NEAR PINE CHAPEL, GA",34.56416667,-84.8330556,616.09,00060
02384500,"CONASAUGA RIVER AT GA 286, NEAR ETON, GA",34.8275,-84.8509722,673.86,00060
02384540,"MILL CREEK NEAR CRANDALL, GA",34.87194444,-84.7212778, 888.98,00060
02385170,"COAHULLA CREEK AT KEITHS MILL ROAD, NEAR DALTON,GA",34.7433333,-84.8805278,645.15,00060
02385500,"MILL CREEK AT DALTON, GA",34.78844444,-84.9750278,689.92,00060
02385800,"HOLLY CREEK NEAR CHATSWORTH, GA",34.71675,-84.77025,689.02,00060
02387000,"CONASAUGA RIVER AT TILTON, GA",34.66691667,-84.9279167,622.16,00060
02387500,"OOSTANAULA RIVER AT RESACA, GA",34.5775,-84.9419167,604.29,00060
02387600,"OOTHKALOOGA CREEK AT GA 53 SPUR, AT CALHOUN, GA",34.4948611,-84.9654167,603.22,00060
02388320,"HEATH CREEK NEAR ARMUCHEE, GA",34.37166667,-85.26388889,636.93,00060
02388350,"ARMUCHEE CREEK AT OLD DALTON ROAD, NEAR ROME, GA",34.3608333,-85.1401667, 574.6,00060
02388500,"OOSTANAULA RIVER NEAR ROME, GA",34.2989722,-85.138, 561.9,00060
02388975,"ETOWAH RIVER AT GA 136, NEAR LANDDRUM, GA",34.4090833,-84.0198056,1067.04,00060
02389050,"ETOWAH RIVER 0.2 MI DS GA 53, NR DAWSONVILLE, GA",34.37944444,-84.0647222,1042.76,00060
02389150,"ETOWAH RIVER AT GA 9, NEAR DAWSONVILLE, GA",34.3575833,-84.1135833,1021.34,00060
02390000,"AMICALOLA CREEK NEAR DAWSONVILLE, GA.",34.42627778,-84.2125278, 1204.0,00060
02390050,"ETOWAH RIVER AT KELLY BRIDGE ROAD, NEAR MATT, GA",34.35255556,-84.2062222,977.24,00060
02390140,"SETTINGDOWN CREEK NEAR BALL GROUND, GA",34.29316667,-84.2635556, 1060,00060
02391540,"SHARP MTN CREEK AT OLD GA 5, BELOW BALL GROUND, GA",34.31088889,-84.4034722,891.32,00060
02391840,"HICKORY LOG CREEK NEAR CANTON, GA",34.26505556,-84.4735,884.48,00060
02391860,"ETOWAH RIVER DOWNSTREAM OF I-575, AT CANTON, GA",34.2508333,-84.4691667,845.85,00060
02392000,"ETOWAH RIVER AT CANTON, GA",34.24019444,-84.4945278, 844.6,00060
02392360,"SHOAL CREEK AT GA 108, NEAR WALESKA, GA",34.2633333,-84.5954444, 877.4,00060
02392780,"LITTLE RIVER AT GA 5, NEAR WOODSTOCK, GA",34.1225,-84.5045833,843.76,00060
02392920,"NOONDAY CR US CHASTAIN MEADOWS PKWY, MARIETTA, GA",34.0218611,-84.5529444,909.20,00060
02392950,"NOONDAY CREEK AT HAWKINS STORE RD, NR WOODSTOCK,GA",34.0565833,-84.5362778,888.45,00060
02392975,"NOONDAY CREEK AT SHALLOWFORD ROAD, NR WOODSTOCK,GA",34.0683333,-84.5355556,882.57,00060
02393377,"BUTLER CREEK AT MACK DOBBS ROAD, NR KENNESAW, GA",34.01730556,-84.6431111,944.56,00060
02393419,"ALLATOONA CREEK AT STILESBORO RD, NEAR ACWORTH, GA",33.99527778,-84.6930556,865.57,00060
02394000,"ETOWAH RIVER AT ALLATOONA DAM, ABV CARTERSVILLE,GA",34.1629722,-84.7410833,686.88,00060
02394670,"ETOWAH RIVER AT GA 61, NEAR CARTERSVILLE, GA",34.1427222,-84.839,650.77,00060
02394682,"RICHLAND CREEK AT OLD DALLAS RD, NEAR DALLAS, GA",34.0789722,-84.8544444,796.72,00060
02394820,"EUHARLEE CREEK AT US 278, AT ROCKMART, GA",33.9974722,-85.0536944,734.55,00060
02395000,"ETOWAH RIVER NEAR KINGSTON,GA",34.20930556,-84.97875,609.60,00060
02395120,"TWO RUN CREEK NEAR KINGSTON, GA",34.24277778,-84.8897222, 723.2,00060
02395980,"ETOWAH RIVER AT GA 1 LOOP, NEAR ROME, GA",34.2321111,-85.1169444,561.67,00060
02397000,"COOSA RIVER MAYO'S BAR NEAR ROME, GA",34.2005,-85.2564167,553.19,00060
02397410,"CEDAR CREEK AT GA AVE, AT CEDARTOWN, GA",33.99694444,-85.2660556, 758.88,00060
02397500,"CEDAR CREEK NEAR CEDARTOWN, GA",34.06019444,-85.3135556,724.89,00060
02398000,"CHATTOOGA RIVER AT SUMMERVILLE, GA",34.46780556,-85.3348333,613.46,00060
02398037,"CHATTOOGA RIVER AT CHATTOOGAVILLE, GA",34.3356461,-85.44523639, 580,00060
02411930,"TALLAPOOSA RIVER AT US 78, NEAR TALLAPOOSA, GA",33.74138889,-85.33613889, 920.00,00060
02413000,"LITTLE TALLAPOOSA RIVER AT US 27, AT CARROLLTON,GA",33.59680556,-85.0794167,975.38,00060
02413205,"LITTLE TALLAPOOSA R AT REAVESVILLE RD NR BOWDON,GA",33.5008333,-85.2525,927,00060
02413210,"LITTLE TALLAPOOSA R AT GA 100, NEAR BOWDON, GA",33.49269444,-85.2793056,906.72,00060
02413215,"INDIAN CREEK UPSTREAM OF TEAGUE RD, NR BOWDON, GA",33.61277778,-85.2844444,1056,00060
03544970,"HIWASSEE RIVER AT RIVERSIDE DR, NR HIAWASSEE, GA",34.8836111,-83.7223056,1965.50,00060
03550500,"NOTTELY RIVER NEAR BLAIRSVILLE, GA",34.84194444,-83.9358333,1810.49,00060
03558000,"TOCCOA RIVER NEAR DIAL, GA",34.79,-84.24, 1782.08,00060
03566700,"SOUTH CHICKAMAUGA CREEK AT RINGGOLD, GA",34.91894444,-85.1257222,725.27,00060
03567340,"WEST CHICKAMAUGA CR AT GA 146, NEAR LAKEVIEW, GA",34.95755556,-85.2052778,666.32,00060
03568400,"CHATTANOOGA CREEK AT GA193, NEAR FLINTSTONE, GA",34.95738889,-85.3347222, 655.39,00060
03568933,"LOOKOUT CREEK NEAR NEW ENGLAND, GA",34.8968611,-85.4635278,664.01,00060
16010000,"Kawaikoi Stream nr Waimea, Kauai, HI",22.13280556,-159.6199444, 3420,00060
16016000,"Waimea River US of Kekaha-Waiahulu Int., Kauai, HI",22.0751111,-159.6483056,780,00060
16019000,"Waialae Str at alt 3,820 ft nr Waimea, Kauai, HI",22.08583333,-159.5690833, 3820,00060
16031000,"Waimea River near Waimea, Kauai, HI",21.98038889,-159.6600833, 19.7,00060
16052350,"Right Branch Lawai Stream nr Umauma Rd, Kauai, HI",21.93931667,-159.5048056,670,00060
16055500,"Nawiliwili Str at Heleko Road at Lihue, Kauai, HI",21.97388889,-159.3719444, 140,00060
16057900,"Waiahi Str US Upper Powerhouse, Kauai, HI",22.02269444,-159.4650556, 815,00060
16060000,"SF Wailua River nr Lihue, Kauai, HI",22.03669444,-159.3801667, 240,00060
16068000,"EB of NF Wailua River nr Lihue, Kauai, HI",22.06877778,-159.4151667, 500,00060
16071500,"Left Branch Opaekaa Str nr Kapaa, Kauai, HI",22.0756111,-159.3958889, 458.40,00060
16097500,"Halaulani Str at alt 400 ft nr Kilauea, Kauai, HI",22.17863889,-159.418611, 391.80,00060
16103000,"Hanalei River nr Hanalei, Kauai, HI",22.17958333,-159.4663889, 60,00060
16108000,"Wainiha River nr Hanalei, Kauai, HI",22.13588889,-159.557861, 960,00060
16200000,"NF Kaukonahua Str abv RB, nr Wahiawa, Oahu, HI",21.51627778,-157.9453056, 1150,00060
16208000,"SF Kaukonahua Str at E pump, nr Wahiawa, Oahu, HI",21.48880556,-157.9960556, 860.35,00060
16210100,"Wahiawa Ditch at Wahiawa, Oahu, HI",21.50055556,-158.0510278, 786,00060
16210200,"Kaukonahua Stream blw Wahiawa Reservoir, Oahu, HI",21.50025,-158.0510833, 760,00060
16210500,"Kaukonahua Str at Waialua, Oahu, HI",21.56530556,-158.120361, 15,00060
16211600,"Makaha Str nr Makaha, Oahu, HI",21.50158333,-158.1801667, 938.64,00060
16212490,"Honouliuli Str at H-1 Freeway nr Waipahu, Oahu, HI",21.37813889,-158.0447778, 145,00060
16212601,"Waikele Str at Wheeler Field, Oahu, HI",21.47230556,-158.0444722, 710,00060
16213000,"Waikele Str at Waipahu, Oahu, HI",21.38347222,-158.0109167, 1.37,00060
16226200,"N. Halawa Str nr Honolulu, Oahu, HI",21.382,-157.9033333, 160,00060
16226400,"N. Halawa Str nr Quar. Stn. at Halawa, Oahu, HI",21.37188889,-157.9127222, 60,00060
16227500,"Moanalua Stream nr Kaneohe, Oahu, HI",21.38805556,-157.848611, 690,00060
16229000,"Kalihi Str nr Honolulu, Oahu, HI",21.3633611,-157.8444444, 464.4,00060
16238000,"Makiki Stream at King St. bridge, Oahu, HI",21.29663889,-157.83675, 10,00060
16238500,"Waihi Stream at Honolulu, Oahu, HI",21.3283611,-157.800861,290.77,00060
16240500,"Waiakeakua Str at Honolulu, Oahu, HI",21.32822222,-157.799611, 294.50,00060
16241600,"Manoa Stream at Woodlawn Drive, Oahu, HI",21.30844444,-157.8095, 130,00060
16244000,"Pukele Stream near Honolulu, Oahu, HI",21.30666667,-157.7883333, 344.78,00060
16247100,"Manoa-Palolo Drainage Canal at Moiliili, Oahu, HI",21.28652778,-157.8185556, 5,00060
16247150,"Makiki Stream at Archie Baker Park, Oahu, HI",21.30872222,-157.8304167, 140,00060
16249000,"Waimanalo Str at Waimanalo, Oahu, HI",21.34997222,-157.7289167, 20,00060
16254000,"Makawao Str nr Kailua, Oahu, HI",21.3595,-157.7621667, 100,00060
16265000,"Kawa Str at Kaneohe, Oahu, HI",21.40575,-157.7905, 50,00060
16274100,"Kaneohe Str blw Kamehameha Hwy, Oahu, HI",21.41180556,-157.798111, 34,00060
16275000,"Heeia Stream at Haiku Valley nr Kaneohe, Oahu, HI",21.40920833,-157.8232306, 271.9,00060
16279200,"Heeia Stream at Haiku Plantations Dr., Oahu, HI",21.41741667,-157.8163889,130,00060
16283200,"Kahaluu Str nr Ahuimanu, Oahu, HI",21.43872222,-157.843861, 150,00060
16284200,"Waihee Str nr Kahaluu, Oahu, HI",21.44816667,-157.856611, 170,00060
16294100,"Waiahole Stream above Kamehameha Hwy, Oahu, HI",21.48202778,-157.8458889, 14.0,00060
16294900,"Waikane Str at alt 75 ft at Waikane, Oahu, HI",21.49708333,-157.8629722, 75,00060
16296500,"Kahana Str at alt 30 ft nr Kahana, Oahu, HI",21.5406111,-157.8825556, 30,00060
16301050,"Punaluu Str abv Punaluu Ditch Intake, Oahu, HI",21.55638889,-157.8988889, 212,00060
16304200,"Kaluanui Stream nr Punaluu, Oahu, HI",21.5861111,-157.9080556, 110,00060
16325000,"Kamananui Str at Pupukea Mil Rd, Oahu, HI",21.62055556,-158.015, 590,00060
16330000,"Kamananui Str at Maunawai, Oahu, HI",21.63547222,-158.0545833, 20,00060
16345000,"Opaeula Str nr Wahiawa, Oahu, HI",21.56233333,-158.00025, 1120,00060
16400000,"Halawa Stream near Halawa, Molokai, HI",21.1555,-156.7619722, 210.00,00060
16408000,"Waikolu Str blw pipe nr Kalaupapa, Molokai, HI",21.159325,-156.9288889,250,00060
16409000,"Waihanau Stream nr Kalaupapa, Molokai, HI",21.15670833,-156.9581528, 2250,00060
16414200,"Kaunakakai Gulch at altitude 75 feet, Molokai, HI",21.09652778,-157.017861, 75,00060
16415000,"EF Kawela Gulch nr Kamalo, Molokai, HI",21.1096361,-156.9033278, 3624.86,00060
16415600,"Kawela Gulch near Moku, Molokai, HI",21.06997222,-156.9483333, 40,00060
16417800,"LB Honoulimaloo Str US diversion, Molokai, HI",21.12803056,-156.7529278, 730,00060
16501200,"Oheo Gulch at dam near Kipahulu, Maui, HI",20.6683611,-156.0522222, 420,00060
16508000,"Hanawi Stream near Nahiku, Maui, HI",20.8068611,-156.1142222, 1318,00060
16518000,"West Wailuaiki Stream near Keanae, Maui, HI",20.8143611,-156.1429722, 1550,00060
16522950,"Piinaau Str 470 ft US Koolau Ditch, Maui, HI",20.82719722,-156.1751028, 1350,00060
16527500,"Honomanu Stream near Hana Hwy, Maui, HI",20.8533611,-156.1703333, 59,00060
16552800,"Waikamoi Str abv Kula PL intake nr Olinda, Maui,HI",20.80538889,-156.2312222, 4487,00060
16570000,"Nailiilihaele Stream near Huelo, Maui, HI",20.8711111,-156.2155556, 1225,00060
16587000,"Honopou Stream near Huelo, Maui, HI",20.88563889,-156.2525556, 1208,00060
16604500,"Wailuku River at Kepaniwai Park, Maui, HI",20.88238889,-156.5392778, 780,00060
16605500,"Wailuku River at Iao Valley Road, Maui, HI",20.88297222,-156.5338333, 663,00060
16614000,"Waihee Rv abv Waihee Dtch intk nr Waihee, Maui, HI",20.9358611,-156.5468333, 605.00,00060
16618000,"Kahakuloa Stream near Honokohau, Maui, HI",20.97869444,-156.5545, 330.00,00060
16620000,"Honokohau Stream near Honokohau, Maui, HI",20.95969444,-156.5870556, 940,00060
16638500,"Kahoma Stream at Lahaina, Maui, HI",20.88313889,-156.6770833,50,00060
16641000,"Kauaula Stream US of ditch diversion, Maui, HI",20.87763889,-156.6224167, 1550,00060
16643100,"Kauaula Stream DS of ditch diversion, Maui, HI",20.87768056,-156.6229167, 1535,00060
16647000,"Ukumehame Gulch nr Olowalu, Maui, HI",20.81854167,-156.5833639, 400,00060
16701300,"Waiakea Stream at Hilo, HI",19.70725,-155.0817222, 80,00060
16704000,"Wailuku River at Piihonua, HI",19.71213889,-155.15075, 1090,00060
16717000,"Honolii Stream nr Papaikou, HI",19.76433333,-155.1518333, 1540,00060
16717700,"Hakalau Stream nr alt 1300 ft, HI",19.8717,-155.1668167, 1300,00060
16717815,"Manowaiopae Stream near Spencer Road, HI",19.97212222,-155.2431444, 970,00060
16720000,"Kawainui Stream nr Kamuela, HI",20.08533333,-155.6811667, 4060,00060
16725000,"Alakahi Stream near Kamuela, HI",20.07108333,-155.67075, 3900,00060
16751500,"Awini Puali Gulch US of Kohala Ditch, HI",20.19207222,-155.7476722, 1000,00060
16757000,"Waikoloa Stream nr Kamuela, HI",20.05179444,-155.6641806, 3580,00060
16759600,"Waiaha Stream at Holualoa, HI",19.63419444,-155.9496944, 1493,00060
16770500,"Paauau Gulch at Pahala, HI",19.20777778,-155.4770833, 972,00060
10039500,"BEAR RIVER AT BORDER, WY",42.21104338,-111.0538022,6056.85,00060
10068500,BEAR RIVER AT PESCADERO ID,42.4015929,-111.356875,5909.85,00060
10075000,BEAR RIVER AT SODA SPRINGS ID,42.61379777,-111.5835813, 5760,00060
10079500,BEAR RIVER AT ALEXANDER ID,42.6449078,-111.6983074, 5650,00060
10086500,BEAR RIVER BL UPL TAILRACE AT ONEIDA ID,42.26657737,-111.7519153, 4800,00060
10092700,BEAR RIVER AT IDAHO-UTAH STATE LINE,42.0129808,-111.92134,4424.20,00060
10125500,MALAD RIVER AT WOODRUFF ID,42.0297222,-112.2295833,4366.79,00060
12305000,"KOOTENAI RIVER AT LEONIA, ID",48.6168833,-116.0491944,1794.75,00060
12306500,MOYIE RIVER AT EASTPORT ID,48.99916667,-116.1797222,2623.96,00060
12308000,KOOTENAI RIVER BEL MOYIE RIVER NR BONNERS FERRY ID,48.6993,-116.1962389,1781,00060
12310100,KOOTENAI RIVER  TRIBAL HATCHERY NR BONNERS FERRY,48.70527778,-116.3697222, 1699.88,00060
12321500,BOUNDARY CREEK NR PORTHILL ID,48.9972222,-116.5691667,1768.68,00060
12322000,KOOTENAI RIVER AT PORTHILL ID,48.99638889,-116.5075, 1700.,00060
12391950,CLARK FORK RIVER BELOW CABINET GORGE DAM ID,48.08805556,-116.0727778,2080.36,00060
12392155,LIGHTNING CREEK AT CLARK FORK ID,48.15166667,-116.1816667,2099.32,00060
12392300,PACK RIVER NR COLBURN ID,48.42,-116.5019444,2080.08,00060
12393501,"PRIEST R OUTFLOW NR COOLIN, ID",48.4880333,-116.9085833,2416.86,00060
12395000,"Priest River near Priest River, ID",48.20852,-116.9146429,2099.2,00060
12395500,PEND OREILLE RIVER AT NEWPORT WA,48.1822222,-117.0341667,2003.77,00060
12411000,NF COEUR D ALENE R AB SHOSHONE CK NR PRICHARD ID,47.7061111,-115.9791667,2489.15,00060
12413000,NF COEUR D ALENE RIVER AT ENAVILLE ID,47.5722,-116.2528,2179.08,00060
12413040,SF COEUR D ALENE R ABV DEADMAN GULCH NR MULLAN ID,47.4732641,-115.766547, 3400,00060
12413125,"CANYON CREEK AB MOUTH AT WALLACE, ID",47.4725,-115.9147222,2767.23,00060
12413130,"NINEMILE CREEK AB MOUTH AT WALLACE, ID",47.4749,-115.9227,2788.29,00060
12413131,SF COEUR D ALENE R ABV PLACER CR AT WALLACE ID,47.47518056,-115.9284444,2720.96,00060
12413210,SF COEUR D ALENE AT ELIZABETH PARK NR KELLOGG ID,47.53138889,-116.0925,2673.16,00060
12413355,SF COEUR D ALENE RIVER ABV PINE CR NR PINEHURST ID,47.5483333,-116.2197222,2099.73,00060
12413445,PINE CREEK BELOW AMY GULCH NEAR PINEHURST ID,47.5081222,-116.2418, 2300.,00060
12413470,"SF Coeur D Alene River nr Pinehurst, ID",47.5513111,-116.2362917,2161.97,00060
12413500,COEUR D ALENE RIVER NR CATALDO ID,47.5548222,-116.3246222,2103.63,00060
12413860,COEUR D ALENE RIVER NR HARRISON ID,47.4786111,-116.7330556,2103.39,00060
12413875,"St Joe River at Red Ives Ranger Station, ID",47.05602858,-115.3532001,3690.92,00060
12414500,"ST JOE RIVER AT CALDER, ID",47.2744444,-116.1888889,2175.51,00060
12414900,"ST MARIES RIVER NR SANTA, ID",47.1761111,-116.4933333,2592.45,00060
12415135,ST JOE RIVER AT RAMSDELL NR ST MARIES ID,47.3522222,-116.6755556,2099.98,00060
12417650,SPOKANE RIVER BLW BLACKWELL NR COEUR D ALENE ID,47.6947222,-116.8152778,2099.93,00060
12419000,"Spokane River near Post Falls, ID",47.70295737,-116.9779747, 2003,00060
13032500,SNAKE RIVER NR IRWIN ID,43.3508333,-111.2188889,5356.67,00060
13037500,SNAKE RIVER NR HEISE ID,43.6125,-111.66,5018.09,00060
13038000,DRY BED NR RIRIE ID,43.63888889,-111.716111,4978.55,00060
13038500,SNAKE RIVER AT LORENZO ID,43.73527778,-111.8780556,4850.91,00060
13039500,HENRYS FORK NR LAKE ID,44.5944444,-111.3497222,6451.38,00060
13042500,HENRYS FORK NR ISLAND PARK ID,44.41666667,-111.3947222,6227.51,00060
13046000,HENRYS FORK NR ASHTON ID,44.0697222,-111.5105556,5093.49,00060
13046995,FALL RIVER AB YELLOWSTONE CANAL NR SQUIRREL ID,44.06194444,-111.1519444,5747.88,00060
13047500,FALL RIVER NR SQUIRREL ID,44.0686111,-111.2413889,5582.57,00060
13047600,FALL RIVER NR ASHTON ID,44.0561111,-111.358611,5335.3,00060
13049500,FALL RIVER NR CHESTER ID,44.0183333,-111.5666667,5054.47,00060
13050500,HENRYS FORK AT ST ANTHONY ID,43.96694444,-111.6725,4953.19,00060
13052200,TETON RIVER AB SOUTH LEIGH CREEK NR DRIGGS ID,43.78194444,-111.2091667,5956.29,00060
13055000,TETON RIVER NR ST ANTHONY ID,43.9272222,-111.6138889,4972.54,00060
13055250,NF TETON RIVER NR SUGAR CITY ID,43.8875,-111.7577778,4884.47,00060
13055340,SF TETON RIVER NEAR REXBURG ID,43.835,-111.7777778,4854.09,00060
13056500,HENRYS FORK NR REXBURG ID,43.8258333,-111.905,4809.56,00060
13057000,SNAKE RIVER NR MENAN ID,43.75277778,-111.9791667,4794.8,00060
13057132,GREAT WESTERN SPILLBACK NR IDAHO FALLS ID,43.6008333,-112.0619444,4746.02,00060
13057155,SNAKE RIVER AB EAGLE ROCK NR IDAHO FALLS ID,43.6047222,-112.058611,4733.21,00060
13057300,"GRAYS LAKE DIV TO BLACKFOOT R BASIN NR WAYAN, ID",43.00555556,-111.493611,6370.34,00060
13057940,WILLOW CREEK BL TEX CREEK NR RIRIE ID,43.44194444,-111.7283333,5152.46,00060
13058000,WILLOW CREEK NR RIRIE ID,43.5833333,-111.746111,4948.24,00060
13058510,SAND CREEK NEAR UCON ID,43.57416667,-111.895,4848.56,00060
13058520,WILLOW CREEK FLOODWAY CHANNEL NR UCON ID,43.57638889,-111.9130556, 4840,00060
13058529,WILLOW CR FLOODWAY CHANNEL AT MOUTH NR ID FALLS ID,43.5747222,-112.0480556,4729.48,00060
13058530,WILLOW CREEK BLW FLOODWAY CHANNEL NR UCON ID,43.5758333,-111.9119444,4834.96,00060
13060000,SNAKE RIVER NR SHELLEY ID,43.41305556,-112.135,4601.73,00060
13062500,SNAKE RIVER AT BLACKFOOT ID,43.1975,-112.3691667,4469.81,00060
13063000,BLACKFOOT RIVER AB RESERVOIR NR HENRY ID,42.81527778,-111.5066667,6263.21,00060
13066000,BLACKFOOT RIVER NR SHELLEY ID,43.26277778,-112.0477778,4645.56,00060
13068300,BLACKFOOT RIVER BELOW NORTH CANAL AT BLACKFOOT ID,43.1683333,-112.3347222,4493.14,00060
13068495,BLACKFOOT RIVER BYPASS NR BLACKFOOT ID,43.1708333,-112.3877778,4466.81,00060
13068500,BLACKFOOT RIVER NR BLACKFOOT ID,43.13055556,-112.4766667,4418.8,00060
13068501,BLACKFOOT RIVER AND BYPASS CHANNEL NR BLACKFOOT ID,43.13047008,-112.4772036,4426,00060
13069500,SNAKE RIVER NR BLACKFOOT ID,43.12527778,-112.5188889,4402.34,00060
13071010,"Portneuf R. abv Toponce Rd, nr Chesterfield, Id",42.8697472,-111.934211,5353,00060
13072400,PORTNEUF RIVER AT PEBBLE ID,42.7435361,-112.001636,5260,00060
13073000,PORTNEUF RIVER AT TOPAZ ID,42.6247222,-112.0880556,4921.77,00060
13074400,"Portneuf R. at Inkom, ID",42.7918333,-112.2520694,4530,00060
13074810,MARSH CREEK AB HAWKINS CREEK NR VIRGINIA ID,42.5053333,-112.1924389,4660,00060
13075000,MARSH CREEK NR MCCAMMON ID,42.63,-112.2255556,4610.3,00060
13075500,PORTNEUF RIVER AT POCATELLO ID,42.87166667,-112.4680556,4421.48,00060
13075910,PORTNEUF RIVER NR TYHEE ID,42.9447222,-112.5444444,4366.58,00060
13075983,SPRING CREEK AT SHEEPSKIN RD NR FORT HALL ID,43.0425,-112.55,4370.95,00060
13077000,SNAKE RIVER AT NEELEY ID,42.7675,-112.8794444,4244.42,00060
13078000,RAFT RIVER AB ONEMILE CREEK NR MALTA ID,42.0636111,-113.4513889,4952.99,00060
13079300,"CASSIA CREEK BELOW BLACKSMITH CK, ID",42.27766944,-113.4963417,4862.66,00060
13081500,SNAKE R NR MINIDOKA ID AT HOWELLS FERRY,42.67277778,-113.5002778,4134.64,00060
13082500,GOOSE CREEK AB TRAPPER CREEK NR OAKLEY ID,42.1261111,-113.9355556,4762.23,00060
13087505,LOWER MILNER POWER PLANT AT MILNER ID,42.52463396,-114.0303054,,00060
13087995,SNAKE RIVER GAGING STATION AT MILNER ID,42.52805556,-114.0183333,4065.75,00060
13088000,SNAKE RIVER AT MILNER ID  TOTAL FLOW,42.52796709,-114.0186386, 4062.90,00060
13089500,DEVILS WASHBOWL SPRING NR KIMBERLY 10S 18E 04AAD1S,42.5897222,-114.3469444, 3540.,00060
13090000,SNAKE RIVER NR KIMBERLY ID,42.5908333,-114.3602778, 3362.67,00060
13090500,SNAKE RIVER NR TWIN FALLS ID,42.6061111,-114.4763889,3133.33,00060
13092747,ROCK CREEK AB HWY 30/93 XING AT TWIN FALLS ID,42.5625,-114.4947222, 3630,00060
13093383,"SNAKE RIVER AT PIGEON COVE NR TWIN FALLS, ID",42.6518222,-114.6287528,2888.60,00060
13094000,SNAKE RIVER NR BUHL ID,42.6658333,-114.7122222,2960.27,00060
13108150,SALMON FALLS CREEK NR HAGERMAN ID,42.69638889,-114.8552778,2893.70,00060
13112000,CAMAS CREEK AT CAMAS ID,44.00277778,-112.221111,4807.15,00060
13116500,MEDICINE LODGE CREEK NR SMALL ID,44.25916667,-112.4102778,5461.67,00060
13117020,BIRCH CREEK AT BLUE DOME INN NR RENO ID,44.1533333,-112.9091667, 6085.00,00060
13118700,LITTLE LOST RIVER BL WET CREEK NR HOWE ID,44.1386111,-113.2452778,5877.36,00060
13118975,LITTLE LOST RIVER AB FLOOD DIVERSION NR HOWE ID,43.884825,-113.0970083,5062.79,00060
13119000,"LITTLE LOST RIVER NR HOWE, ID",43.87027778,-113.0880556,5025.7,00060
13120000,NF BIG LOST RIVER AT WILD HORSE NR CHILLY ID,43.93277778,-114.1138889,6861.97,00060
13120500,BIG LOST RIVER AT HOWELL RANCH NR CHILLY ID,43.9983333,-114.021111,6626.34,00060
13122000,THOUSAND SPRINGS CREEK NR CHILLY ID,44.06666667,-113.8402778,6262.04,00060
13124265,WARM SPRINGS CREEK BELOW DIVERSION NR MACKAY ID,43.98513889,-113.7990833,6141.73,00060
13127000,BIG LOST RIVER BL MACKAY RES NR MACKAY ID,43.93916667,-113.6483333,5950.58,00060
13128900,LOWER CEDAR CREEK AB DIVS NR MACKAY ID,43.96694444,-113.5777778,6823.14,00060
13130300,BIG LOST RIVER NR LESLIE ID,43.859375,-113.4666694,5674.78,00060
13131000,"ANTELOPE CREEK NR DARLINGTON, ID",43.7336111,-113.5147222,5873.99,00060
13132100,BIG LOST RIVER BELOW MOORE DIV NR MOORE ID,43.7843611,-113.3608889,5520.64,00060
13132373,BIG LOST RIVER AT ARCO AT SUNSET ROAD ID,43.63819444,-113.3265,5322.34,00060
13132500,BIG LOST RIVER NR ARCO ID,43.5822222,-113.2705556,5239.79,00060
13132513,INL DIVERSION AT HEAD NEAR ARCO ID,43.5136111,-113.0838889,5003.05,00060
13132520,BIG LOST RIVER BL INL DIV NEAR ARCO ID,43.5158333,-113.0819444,5003.01,00060
13132535,BIG LOST R AT LINCOLN BLVD BRIDGE NR ATOMIC CITY,43.57440278,-112.9421167,4902.07,00060
13132565,BIG LOST RIVER AB BIG LOST RIVER SINKS NR HOWE ID,43.7233333,-112.875,4804.22,00060
13134556,N CHANNEL SNAKE R  UPPER SALMON FALLS NR HAGERMAN,42.76944444,-114.9038889,,00060
13135000,SNAKE RIVER BL LOWER SALMON FALLS NR HAGERMAN ID,42.84851319,-114.9014473, 2727.70,00060
13135500,BIG WOOD RIVER NR KETCHUM ID,43.78626389,-114.4250556,6225.02,00060
13135520,NF BIG WOOD RIVER NR SAWTOOTH NRA HQ NR KETCHUM ID,43.7861111,-114.4191667,6229.26,00060
13136550,"WARM SPRINGS CR AT GATES RD NR KETCHUM, ID",43.6830972,-114.4055167,5881.79,00060
13137300,"TRAIL CREEK NR SUN VALLEY, ID",43.72319444,-114.3243806,6068.07,00060
13137500,TRAIL CREEK AT KETCHUM ID,43.67421667,-114.362261,5773.39,00060
13138000,EAST FORK BIG WOOD RIVER AT GIMLET ID,43.60305556,-114.3302778,5621.74,00060
13139510,BIG WOOD RIVER AT HAILEY ID TOTAL FLOW,43.5172222,-114.3216667,5298.73,00060
13140335,"BIG WOOD R AT S BROADFORD BRIDGE NR BELLEVUE, ID",43.4679833,-114.2677389,5152.37,00060
13140800,BIG WOOD RIVER AT STANTON CROSSING NR BELLEVUE ID,43.32916667,-114.3191667, 4827.90,00060
13141500,CAMAS CREEK NR BLAINE ID,43.33277778,-114.5419444, 4870.,00060
13142500,BIG WOOD RIVER BL MAGIC DAM NR RICHFIELD ID,43.24805556,-114.3566667, 4661.60,00060
13147900,LITTLE WOOD RIVER AB HIGH FIVE CREEK NR CAREY ID,43.49305556,-114.0572222,5310.76,00060
13148500,LITTLE WOOD RIVER NR CAREY ID,43.39,-113.9997222,4991.82,00060
13150430,SILVER CREEK AT SPORTSMAN ACCESS NR PICABO ID,43.3233611,-114.10835,4834.45,00060
13152500,MALAD RIVER NR GOODING ID,42.88638889,-114.8030556,3344.39,00060
13153500,MALAD RIVER NR BLISS ID,42.86323537,-114.902003,,00060
13153776,SNAKE RIVER BL BLISS DAM NR BLISS ID,42.9143452,-115.0933982, 2630.,00060
13154500,SNAKE RIVER AT KING HILL ID,43.0022222,-115.2025,2495.13,00060
13159800,CANYON CR AT OREGON TRAIL XING NR MOUNTAIN HOME ID,43.2611111,-115.7025,3541.67,00060
13161930,"BIG JACKS CREEK AT PARKER TRAIL NR GRASMERE, ID",42.59388889,-115.9938889, 4116,00060
13168500,BRUNEAU RIVER NR HOT SPRING ID,42.7711111,-115.7202778, 2598.50,00060
13171620,SNAKE RIVER BL CJ STRIKE DAM NR GRAND VIEW ID,42.94711569,-115.981204,,00060
13172500,SNAKE RIVER NR MURPHY ID,43.25481389,-116.3906389,2265.52,00060
13176400,"EF OWYHEE RIVER AT CRUTCHER CROSSING, ID",42.26136944,-116.8684417,4253.65,00060
13185000,BOISE RIVER NR TWIN SPRINGS ID,43.66805556,-115.7252778,3274.96,00060
13186000,SF BOISE RIVER NR FEATHERVILLE ID,43.4958333,-115.3080556,4222.39,00060
13190500,SF BOISE RIVER AT ANDERSON RANCH DAM ID,43.3436111,-115.4775,3833.07,00060
13192200,SF BOISE RIVER AT NEAL BRIDGE NR ARROWROCK DAM ID,43.55055556,-115.7219444,,00060
13200000,MORES CREEK AB ROBIE CREEK NR ARROWROCK DAM ID,43.64805556,-115.9897222,3077.83,00060
13206000,BOISE RIVER AT GLENWOOD BRIDGE NR BOISE ID,43.66055556,-116.2791667,2016.24,00060
13206305,BOISE RIVER SOUTH CHANNEL AT EAGLE ID,43.67527778,-116.353611, 2550.,00060
13206400,"EAGLE DRAIN AT EAGLE, ID",43.69166667,-116.3563889,,00060
13210045,"Boise R near Middleton, ID",43.68175556,-116.5587056,2428,00060
13210050,BOISE RIVER NR MIDDLETON ID,43.6848841,-116.5737442, 2410.,00060
13210810,"FIFTEENMILE CREEK NR MIDLAND BLVD NR MIDDLETON, ID",43.67405,-116.585411, 2410,00060
13210824,N MIDDLETON DRAIN MILL SLOUGH AT MIDDLETON ID,43.70655,-116.6181917, 2390,00060
13210831,SOUTH MIDDLETON DRAIN AT MIDDLETON ID,43.70210556,-116.6181917, 2390,00060
13210980,MASON CREEK AT CALDWELL ID,43.68321667,-116.6631917,2365.59,00060
13210986,W HARTLEY GULCH NR CALDWELL ID,43.69960556,-116.6856944, 2360,00060
132109867,"EAST HARTLEY ABV BACKWATER NR CALDWELL, ID",43.70030556,-116.6731778, 2369,00060
13211205,"BOISE RIVER AT CALDWELL, ID",43.67735278,-116.7011306,2337.11,00060
13212549,"CONWAY GULCH BELOW 1ST ST AT NOTUS, ID",43.72803056,-116.7997222, 2323,00060
13212890,DIXIE DRAIN NR WILDER ID,43.73071667,-116.8893167, 2250,00060
13213000,BOISE RIVER NR PARMA ID,43.78166667,-116.9727778, 2199.46,00060
13213072,SAND RUN GULCH NR PARMA ID,43.79960556,-116.975711, 2200,00060
13213100,SNAKE RIVER AT NYSSA OR,43.8761111,-116.9825,2160.53,00060
13235000,"SOUTH FORK PAYETTE RIVER AT LOWMAN, ID",44.08527778,-115.6222222, 3770,00060
13236500,DEADWOOD RIVER BL DEADWOOD RES NR LOWMAN ID,44.29194444,-115.6419444, 5180.52,00060
13237920,MIDDLE FORK PAYETTE RIVER NR CROUCH ID,44.1086111,-115.9822222,3001.68,00060
13239000,NF PAYETTE RIVER AT MCCALL ID,44.9072222,-116.1191667,4971.82,00060
13240000,LAKE FORK PAYETTE RIVER AB JUMBO CR NR MCCALL ID,44.9136111,-115.9972222, 5140.,00060
13245000,NF PAYETTE RIVER AT CASCADE ID,44.52489317,-116.0467983,3084.61,00060
13246000,NF PAYETTE RIVER NR BANKS ID,44.11416667,-116.1072222,3084.61,00060
13247500,PAYETTE RIVER NR HORSESHOE BEND ID,43.9433333,-116.1966667, 2625.61,00060
13249500,PAYETTE RIVER NR EMMETT ID,43.93055556,-116.4427778, 2400.32,00060
13250000,PAYETTE RIVER NR LETHA ID,43.8961111,-116.6277778,2276.58,00060
13251000,PAYETTE RIVER NR PAYETTE ID,44.0422222,-116.9252778, 2138.44,00060
13258500,WEISER RIVER NR CAMBRIDGE ID,44.5794444,-116.6433333,2647.64,00060
13265500,CRANE CREEK AT MOUTH NR WEISER ID,44.2918111,-116.7826306,2243.79,00060
13266000,WEISER RIVER NR WEISER ID,44.27,-116.7722222,2208.90,00060
13269000,SNAKE RIVER AT WEISER ID,44.24555556,-116.9808333,2089.52,00060
13295000,VALLEY CREEK AT STANLEY ID,44.2225,-114.931111, 6221.81,00060
13296000,YANKEE FORK SALMON RIVER NR CLAYTON ID,44.27888889,-114.7338889,5950,00060
13296500,SALMON RIVER BL YANKEE FORK NR CLAYTON ID,44.2683333,-114.7327778, 5900.,00060
13297330,THOMPSON CREEK NR CLAYTON ID,44.27027778,-114.5166667, 5700.,00060
13297350,BRUNO CREEK NR CLAYTON ID,44.2975,-114.4813889,5828.77,00060
13297355,Paasasikwana Naokwaide bl Bruno Ck,44.2908333,-114.4716667,5718.89,00060
13297380,SALMON RIVER AB EAST FORK NR CLAYTON ID,44.26664167,-114.3267583,5326.19,00060
13302005,PAHSIMEROI RIVER AT ELLIS ID,44.69166667,-114.0469444,4638.84,00060
13302500,SALMON RIVER AT SALMON ID,45.1836111,-113.8952778,3914.99,00060
13304050,Big Timber Creek Abv Mouth at Leadore ID,44.68879167,-113.3704056,5938.25,00060
13304700,"Lemhi River near McFarland, ID",44.80256667,-113.5658778,5371.15,00060
13305000,LEMHI RIVER NR LEMHI ID,44.94,-113.6391667,4899.76,00060
13305310,"LEMHI RIVER BELOW L5 DIVERSION NEAR SALMON, ID",45.13277778,-113.7988889,4168.76,00060
13306370,"PANTHER CREEK AT COBALT, ID",45.0897222,-114.2366667,5046.64,00060
13306385,"NAPIAS CREEK BELOW ARNETT CREEK NEAR LEESBURG, ID",45.20555556,-114.1338889,6319.95,00060
13307000,SALMON RIVER NR SHOUP ID,45.3225,-114.44,3157.59,00060
13309220,MF SALMON RIVER AT MF LODGE NR YELLOW PINE ID,44.7215194,-115.0143472,4384.40,00060
13310199,"MF SALMON RIVER AT MOUTH NR SHOUP, ID",45.2936111,-114.5963889,2986.38,00060
13310700,SF SALMON RIVER NR KRASSEL RANGER STATION ID,44.9869444,-115.725, 3750.,00060
13310800,"EFSF SALMON R ABV MEADOW CRK NR STIBNITE, ID",44.90225,-115.3256667, 6546,00060
13310850,"MEADOW CREEK NR STIBNITE, ID",44.88952778,-115.3602222, 6639,00060
13311000,"EF OF SF SALMON RIVER AT STIBNITE, ID",44.9057222,-115.3295, 6466,00060
13311250,"EFSF SALMON R ABV SUGAR CRK NR STIBNITE, ID",44.93477778,-115.3366944, 5944,00060
13311450,"SUGAR CREEK NR STIBNITE, ID",44.9363611,-115.3372222, 5950,00060
13313000,JOHNSON CREEK AT YELLOW PINE ID,44.96166667,-115.5, 4655.75,00060
13316500,LITTLE SALMON RIVER AT RIGGINS ID,45.41305556,-116.3252778,1755.28,00060
13317000,SALMON RIVER AT WHITE BIRD ID,45.75027778,-116.3238889,1416.01,00060
13317660,SNAKE RIVER AT McDUFF RAPIDS AT CHINA GARDEN ID,46.00305556,-116.9169444, 845.12,00060
13336500,SELWAY RIVER NR LOWELL ID,46.08666667,-115.5138889,1533.45,00060
13337000,LOCHSA RIVER NR LOWELL ID,46.1508333,-115.5872222,1462.5,00060
13337095,"UPPER CLEAR CREEK NEAR KOOSKIA, ID",46.0470361,-115.866161,1766,00060
13338500,SF CLEARWATER RIVER AT STITES ID,46.08638889,-115.9766667,1327.12,00060
13338950,LAWYER CREEK AT KAMIAH ID,46.2114194,-116.0697972,1381.87,00060
13339500,LOLO CREEK NR GREER ID,46.37166667,-116.1625,1077.8,00060
13340000,CLEARWATER RIVER AT OROFINO ID,46.4783333,-116.2575,993.89,00060
13340600,NF CLEARWATER RIVER NR CANYON RANGER STATION ID,46.84055556,-115.621111,1706.15,00060
13341050,CLEARWATER RIVER NR PECK ID,46.50027778,-116.3925,940.08,00060
13341140,BIG CANYON CREEK NR PECK ID,46.4679333,-116.4183028,1097.61,00060
13341570,POTLATCH RIVER BEL LITTLE POTLATCH CR NR SPALDING,46.4986111,-116.7619444,843.4,00060
13342450,"LAPWAI CREEK NR LAPWAI, ID",46.42638889,-116.806111,867.89,00060
13342500,CLEARWATER RIVER AT SPALDING ID,46.4483333,-116.8275,773.63,00060
13345000,"PALOUSE RIVER NR POTLATCH, ID",46.91527778,-116.951111,2458.54,00060
13346800,PARADISE CR AT UNIVERSITY OF IDAHO AT MOSCOW ID,46.7319444,-117.0241667,2536.5,00060
03336645,"MIDDLE FORK VERMILION RIVER ABOVE OAKWOOD, IL",40.13696944,-87.7446944,544.18,00060
03336890,"SPOON RIVER NEAR ST. JOSEPH, IL",40.16419444,-88.0275, 650.00,00060
03336900,"SALT FORK NEAR ST. JOSEPH, IL",40.14955556,-88.03363889,649.59,00060
03337000,"BONEYARD CREEK AT URBANA, IL",40.11130556,-88.2265556,693.88,00060
03337100,"BONEYARD CREEK AT LINCOLN AVE AT URBANA, IL",40.1113611,-88.2194167,693.88,00060
03337570,"SALINE BRANCH ABOVE 1700E NEAR URBANA, IL",40.1298333,-88.1516667,670.47,00060
03338780,"NORTH FORK VERMILION RIVER NEAR BISMARCK, IL",40.26566667,-87.64213889,599.97,00060
03339000,"VERMILION RIVER NEAR DANVILLE, IL",40.1010833,-87.5976111,503.72,00060
03343400,"EMBARRAS RIVER NEAR CAMARGO, IL",39.79163889,-88.1857778,622.18,00060
03345500,"EMBARRAS RIVER AT STE. MARIE, IL",38.93669444,-88.0223333,445.15,00060
03346000,"NORTH FORK EMBARRAS RIVER NEAR OBLONG, IL",39.01027778,-87.9455556,455.79,00060
03346500,"EMBARRAS RIVER AT LAWRENCEVILLE, IL",38.72380556,-87.6643611, 382.24,00060
03377500,"WABASH RIVER AT MT. CARMEL, IL",38.3983333,-87.75638889, 368.98,00060
03378000,"BONPAS CREEK AT BROWNS, IL",38.38638889,-87.9758333,372.50,00060
03378635,"LITTLE WABASH RIVER NEAR EFFINGHAM, IL",39.10388889,-88.5944444,500.77,00060
03379500,"LITTLE WABASH RIVER BELOW CLAY CITY, IL",38.6347222,-88.2972222,391.92,00060
03380500,"SKILLET FORK AT WAYNE CITY, IL",38.3633333,-88.5877778, 382.49,00060
03381500,"LITTLE WABASH RIVER AT CARMI, IL",38.06055556,-88.1572222,339.72,00060
03382100,"SOUTH FORK SALINE RIVER NR CARRIER MILLS, IL",37.63805556,-88.6780556,375.44,00060
03384450,"LUSK CREEK NEAR EDDYVILLE, IL",37.4725833,-88.5476944,361.89,00060
03399800,"OHIO RIVER AT SMITHLAND DAM, SMITHLAND, KY",37.15922215,-88.4272616, 289.09,00060
03612000,"CACHE RIVER AT FORMAN, IL",37.335,-88.9252778,307.74,00060
03612600,"OHIO RIVER AT OLMSTED, IL",37.17921867,-89.058404, 278.13,00060
05414820,"SINSINAWA RIVER NEAR MENOMINEE, IL",42.4786111,-90.4866667,640.73,00060
05419000,"APPLE RIVER NEAR HANOVER, IL",42.2583333,-90.285,606.82,00060
05435500,"PECATONICA RIVER AT FREEPORT, IL",42.30027778,-89.6152778,742.41,00060
05437050,"PECATONICA RIVER NR SHIRLAND, ILL",42.43805556,-89.175,711.59,00060
05437500,"ROCK RIVER AT ROCKTON, IL",42.45027778,-89.0725, 707.75,00060
05438170,"KISHWAUKEE RIVER AT MARENGO, IL",42.26535,-88.60848889,786.12,00060
05438500,"KISHWAUKEE RIVER AT BELVIDERE, IL",42.25613208,-88.8631565,738.50,00060
05439000,"SOUTH BRANCH KISHWAUKEE RIVER AT DEKALB, IL",41.9311111,-88.7597222,831.82,00060
05439500,SOUTH BRANCH KISHWAUKEE RIVER NR FAIRDALE IL,42.11058064,-88.9006527,733.53,00060
05440000,"KISHWAUKEE RIVER NEAR PERRYVILLE, IL",42.19444444,-88.9988889,691.95,00060
05440700,"ROCK RIVER AT BYRON, IL",42.12218889,-89.2553639,666.00,00060
05442300,"ROCK RIVER AT DIXON, IL",41.84416667,-89.4858333,628.51,00060
05443500,"ROCK RIVER AT COMO, IL",41.7722222,-89.7455556,603.13,00060
05444000,"ELKHORN CREEK NEAR PENROSE, IL",41.90275,-89.6963889,657.75,00060
05446500,"ROCK RIVER NEAR JOSLIN, IL",41.5561111,-90.1852778, 563.74,00060
05447500,"GREEN RIVER NEAR GENESEO, IL",41.4889333,-90.1580083,577.68,00060
05448000,"MILL CREEK AT MILAN, IL",41.44241667,-90.5555278,564.82,00060
05466000,"EDWARDS RIVER NEAR ORION, IL",41.2722472,-90.3774917,653.47,00060
05466500,"EDWARDS RIVER NEAR NEW BOSTON, IL",41.18697738,-90.9673663,529.13,00060
05467000,"POPE CREEK NEAR KEITHSBURG, IL",41.1289222,-90.9193083,523.12,00060
05469000,"HENDERSON CREEK NEAR OQUAWKA, IL",41.001425,-90.8543083,540.64,00060
05495500,"BEAR CREEK NEAR MARCELLINE, IL",40.1428222,-91.3373694,504.24,00060
05512500,"BAY CREEK AT PITTSFIELD, IL",39.62080556,-90.7803889,629.86,00060
05520500,"KANKAKEE RIVER AT MOMENCE, IL",41.15994444,-87.66875,608.90,00060
05525000,"IROQUOIS RIVER AT IROQUOIS, IL",40.82305556,-87.5816667,614.13,00060
05525500,"SUGAR CREEK AT MILFORD, IL",40.62991667,-87.7235278,620.75,00060
05526000,"IROQUOIS RIVER NEAR CHEBANSE, IL",41.0092222,-87.8240556,595.79,00060
05527500,"KANKAKEE RIVER NEAR WILMINGTON, IL",41.3463333,-88.1867222,510.94,00060
05527800,"DES PLAINES RIVER AT RUSSELL, IL",42.4893861,-87.9259167,661.87,00060
05527950,"MILL CREEK AT OLD MILL CREEK, IL",42.41527778,-87.9691667,668.14,00060
05528000,"DES PLAINES RIVER NEAR GURNEE, IL",42.34388889,-87.9411111,650.07,00060
05528100,"DES PLAINES RIVER AT LINCOLNSHIRE, IL",42.20055556,-87.9186111,630.06,00060
05528500,"BUFFALO CREEK NEAR WHEELING, IL",42.15194444,-87.9577778,658.28,00060
05529000,"DES PLAINES RIVER NEAR DES PLAINES, IL",42.0872222,-87.8872222,616.15,00060
05529500,"MC DONALD CREEK NEAR MOUNT PROSPECT, IL",42.09530499,-87.9128462,637.90,00060
05530000,"WELLER CREEK AT DES PLAINES, IL",42.04947275,-87.918123,633.53,00060
05530100,"DES PLAINES R AT ALGONQUIN RD AT DES PLAINES, IL",42.03166667,-87.8780556,610.24,00060
05530990,"SALT CREEK AT ROLLING MEADOWS, IL",42.06039167,-88.0166583,685.96,00060
05531045,"SALT CREEK AT ELK GROVE VILLAGE, IL",42.0120833,-88.001,664.92,00060
05531300,"SALT CREEK AT ELMHURST, IL",41.88616667,-87.9595556,651.64,00060
05531500,"SALT CREEK AT WESTERN SPRINGS, IL",41.8258333,-87.9002778,624.72,00060
05532000,"ADDISON CREEK AT BELLWOOD, IL",41.88185556,-87.8689333,617.54,00060
05532500,"DES PLAINES RIVER AT RIVERSIDE, IL",41.82149167,-87.8220361,594.38,00060
05533000,"FLAG CREEK NEAR WILLOW SPRINGS, IL",41.73894444,-87.8968611,606.02,00060
05533400,"SAWMILL CREEK NEAR LEMONT, IL",41.70777778,-87.9627778,629.70,00060
05533600,"DES PLAINES RIVER NEAR LEMONT, IL",41.67238889,-88.0285278,578.79,00060
05534500,"NORTH BRANCH CHICAGO RIVER AT DEERFIELD, IL",42.15264167,-87.8184028,638.73,00060
05535000,"SKOKIE RIVER AT LAKE FOREST, IL",42.2325,-87.8452778,648.49,00060
05535070,"SKOKIE RIVER NEAR HIGHLAND PARK, IL",42.1597222,-87.7980556,622.53,00060
05535500,WF OF NB CHICAGO RIVER AT NORTHBROOK IL,42.1383333,-87.8347222,637.77,00060
05536000,"NORTH BRANCH CHICAGO RIVER AT NILES, IL",42.0122222,-87.7958333,601.49,00060
05536085,"NB CHICAGO RIVER AT N PULASKI ROAD AT CHICAGO, IL",41.9747222,-87.7283333,575.40,00060
05536118,"NB CHICAGO RIVER AT GRAND AVENUE AT CHICAGO, IL",41.8917222,-87.6419444,579.20,00060
05536123,"CHICAGO RIVER AT COLUMBUS DRIVE AT CHICAGO, IL",41.88836628,-87.6211634,579.20,00060
05536162,"PLUM CREEK NEAR CRETE, IL",41.43569444,-87.5715833,650.42,00060
05536215,"THORN CREEK AT GLENWOOD, IL",41.5302222,-87.6225833,610.89,00060
05536235,"DEER CREEK NEAR CHICAGO HEIGHTS, IL",41.5208611,-87.59013889,615.79,00060
05536255,"BUTTERFIELD CREEK AT FLOSSMOOR, IL",41.5398611,-87.6494444,616.45,00060
05536265,"LANSING DITCH NEAR LANSING, IL",41.5283611,-87.5294444,606.69,00060
05536275,"THORN CREEK AT THORNTON, IL",41.56816667,-87.6083333,586.05,00060
05536290,"LITTLE CALUMET RIVER AT SOUTH HOLLAND, IL",41.60702778,-87.5975833,574.70,00060
05536310,"CALUMET UNION DRAINAGE CANAL NEAR MARKHAM, IL",41.597,-87.6657222,597.14,00060
05536340,"MIDLOTHIAN CREEK AT OAK FOREST, IL",41.6141111,-87.7294556,619.99,00060
05536343,"NATALIE CREEK AT MIDLOTHIAN, IL",41.62166667,-87.7333333,,00060
05536500,"TINLEY CREEK NEAR PALOS PARK, IL",41.64663889,-87.7664444,607.08,00060
05536580,"STONY CREEK (WEST) NEAR WORTH, IL",41.68902778,-87.8299444,551.94,00060
05536890,"CHICAGO SANITARY AND SHIP CANAL NR LEMONT, IL",41.69116667,-87.9637778, 551.76,00060
05537500,"LONG RUN NEAR LEMONT, IL",41.6426111,-87.9993611,636.95,00060
05537980,"DES PLAINES RIVER AT ROUTE 53 AT JOLIET, IL",41.5364722,-88.0836944,-0.28,00060
05539000,"HICKORY CREEK AT JOLIET, IL",41.5147222,-88.0733333,505.71,00060
05539900,"WEST BRANCH DU PAGE RIVER NEAR WEST CHICAGO, IL",41.9109722,-88.1791417,717.43,00060
05540060,"KRESS CREEK AT WEST CHICAGO, IL",41.8564083,-88.2041611,699.52,00060
05540095,"WEST BRANCH DU PAGE RIVER NEAR WARRENVILLE, IL",41.8175,-88.17138889,676.79,00060
05540130,"WEST BRANCH DU PAGE RIVER NEAR NAPERVILLE, IL",41.7202583,-88.1319333,629.73,00060
05540160,"EAST BRANCH DU PAGE RIVER NEAR DOWNERS GROVE, IL",41.83166667,-88.0477778,659.85,00060
05540195,"ST. JOSEPH CREEK AT ROUTE 34 AT LISLE, IL",41.80194444,-88.06888889,659.47,00060
05540228,"EAST BRANCH DUPAGE RIVER AT SHORT ST AT LISLE, IL",41.79280556,-88.0789722, 648.18,00060
05540250,"EAST BRANCH DU PAGE RIVER AT BOLINGBROOK, IL",41.71805556,-88.0705556,624.93,00060
05540275,"SPRING BROOK AT 87TH STREET NEAR NAPERVILLE, IL",41.7258972,-88.1631611,646.43,00060
05540290,"DU PAGE RIVER NEAR PLAINFIELD, IL",41.69044444,-88.1664444, 610.00,00060
05540500,"DU PAGE RIVER AT SHOREWOOD, IL",41.52230278,-88.1928694,554.73,00060
05541710,"AUX SABLE CREEK NEAR MORRIS, IL",41.41694444,-88.3477778,514.37,00060
05542000,"MAZON RIVER NEAR COAL CITY, IL",41.28619444,-88.3598611,527.21,00060
05542500,"ILLINOIS RIVER AT MORRIS, IL",41.3545833,-88.4285, 478.17,00060
05543500,"ILLINOIS RIVER AT MARSEILLES, IL",41.327,-88.7170833,452.77,00060
05548105,"NIPPERSINK CREEK ABOVE WONDER LAKE, IL",42.3853472,-88.3697083,797.54,00060
05548280,"NIPPERSINK CREEK NEAR SPRING GROVE, IL",42.44373056,-88.247425,745.94,00060
05548500,"FOX RIVER AT JOHNSBURG, IL",42.376325,-88.23673889,732.77,00060
05549000,"BOONE CREEK NEAR MC HENRY, IL",42.32069444,-88.31263889, 769.40,00060
05549400,"FOX RIVER AT MILLER BRIDGE NEAR MCHENRY, IL",42.3233333,-88.2516667, 724.62,00060
05549850,"FLINT CREEK NEAR FOX RIVER GROVE, IL",42.2111111,-88.1736111, 739.50,00060
05550000,"FOX RIVER AT ALGONQUIN, IL",42.16630556,-88.2903333,729.21,00060
05550001,"FOX RIVER (TAILWATER) AT ALGONQUIN, IL",42.16194444,-88.29388889,719.22,00060
05550300,"TYLER CREEK AT ELGIN, IL",42.05866667,-88.3040667,745.04,00060
05550500,"POPLAR CREEK AT ELGIN, IL",42.02586944,-88.2556667,715.77,00060
05551000,"FOX RIVER AT SOUTH ELGIN, IL",41.9961861,-88.2949972,687.69,00060
05551200,"FERSON CREEK NEAR ST. CHARLES, IL",41.9332,-88.3411056,704.69,00060
05551330,"MILL CREEK NEAR BATAVIA, IL",41.8458333,-88.3491667,684.74,00060
05551540,"FOX RIVER AT MONTGOMERY, IL",41.73355,-88.3333361,603.20,00060
05551545,"WAUBONSEE CREEK NEAR OSWEGO, IL",41.70131389,-88.3270417,639.68,00060
05551580,"FOX RIVER AT YORKVILLE, IL",41.64283889,-88.4433806,562.28,00060
05551675,"BLACKBERRY CREEK NEAR MONTGOMERY, IL",41.7408333,-88.3833333,653.74,00060
05551700,"BLACKBERRY CREEK NEAR YORKVILLE, IL",41.6718722,-88.4414861,611.99,00060
05552500,"FOX RIVER AT DAYTON, IL",41.38413889,-88.7889722,462.19,00060
05554300,"INDIAN CREEK NEAR FAIRBURY, IL",40.72277778,-88.53,666.47,00060
05554500,"VERMILION RIVER AT PONTIAC, IL",40.8778333,-88.636,619.02,00060
05555300,"VERMILION RIVER NEAR LEONORE, IL",41.2083333,-88.9305556,521.14,00060
05556500,"BIG BUREAU CREEK AT PRINCETON, IL",41.36740278,-89.4979611,555.10,00060
05557500,"EAST BUREAU CREEK NEAR BUREAU, IL",41.3347222,-89.3819444, 484.45,00060
05558300,"ILLINOIS RIVER AT HENRY, IL",41.10727778,-89.3562222, 425.85,00060
05560500,"FARM CREEK AT FARMDALE, IL",40.66738889,-89.5038944,531.43,00060
05561500,"FONDULAC CREEK NEAR EAST PEORIA, IL",40.6770833,-89.53125,504.70,00060
05564400,"MONEY CREEK NEAR TOWANDA, IL",40.60531299,-88.8989601,712.61,00060
05565700,"SIXMILE CREEK AT HUDSON, IL",40.6053333,-89.003,720.06,00060
05567500,"MACKINAW RIVER NEAR CONGERVILLE, IL",40.6235,-89.2416667,606.77,00060
05568000,"MACKINAW RIVER NEAR GREEN VALLEY, IL",40.45466667,-89.6061667,476.67,00060
05568500,"ILLINOIS RIVER AT KINGSTON MINES, IL",40.55343889,-89.7772722,427.17,00060
05568705,"MASON TAZEWELL DRAINAGE D AT CR2350E NR TOPEKA, IL",40.3265833,-89.9141111,444.53,00060
05568800,"INDIAN CREEK NEAR WYOMING, IL",41.01869444,-89.8357222,606.48,00060
05569500,"SPOON RIVER AT LONDON MILLS, IL",40.7077222,-90.2797778,508.56,00060
05570000,"SPOON RIVER AT SEVILLE, IL",40.49008056,-90.3400944,466.32,00060
05570910,"SANGAMON RIVER AT FISHER, IL",40.3109972,-88.3223611,683.20,00060
05572000,"SANGAMON RIVER AT MONTICELLO, IL",40.03116667,-88.5891667,625.55,00060
05573540,"SANGAMON RIVER AT ROUTE 48 AT DECATUR, IL",39.8311111,-88.9763889,583.17,00060
05576000,"SOUTH FORK SANGAMON RIVER NEAR ROCHESTER, IL",39.7422222,-89.5672778,510.90,00060
05576090,"LICK CREEK NEAR CHATHAM, IL",39.69916667,-89.7616667,550.21,00060
05576100,"LICK CREEK NEAR WOODSIDE, IL",39.71553889,-89.7024444, 0.00,00060
05576193,"SUGAR CREEK AT COVERED BRIDGE RD NR CHATHAM, IL",39.64,-89.6616667,539.63,00060
05576195,"SUGAR CREEK NEAR CHATHAM, IL",39.659075,-89.6589361, 0.00,00060
05576250,"SUGAR CREEK NEAR SPRINGFIELD, IL",39.77913889,-89.5925278, 510.44,00060
05576500,"SANGAMON RIVER AT RIVERTON, IL",39.84312778,-89.5474778,508.00,00060
05577500,"SPRING CREEK AT SPRINGFIELD, IL",39.81541667,-89.6994167,523.99,00060
05578000,"SANGAMON RIVER AT PETERSBURG, IL",40.0133333,-89.8383333,473.67,00060
05578100,"SALT CREEK NEAR FARMER CITY, IL",40.22788889,-88.66056389,-0.07,00060
05578250,"NORTH FORK SALT CREEK NEAR DE WITT, IL",40.2358611,-88.8095556,-0.14,00060
05578500,"SALT CREEK NEAR ROWELL, IL",40.11516944,-89.049175,609.51,00060
05579500,"LAKE FORK NEAR CORNLAND, IL",39.95176667,-89.3856694,554.73,00060
05579630,"KICKAPOO CREEK NEAR BLOOMINGTON, IL",40.4583333,-88.8775,785.62,00060
05579725,"LITTLE KICKAPOO CREEK NEAR HEYWORTH, IL",40.3649722,-88.9641944, 709.74,00060
05580000,"KICKAPOO CREEK AT WAYNESVILLE, IL",40.25476389,-89.1294278,619.88,00060
05580950,"SUGAR CREEK NEAR BLOOMINGTON, IL",40.4711972,-89.0289611,723.87,00060
05582000,"SALT CREEK NEAR GREENVIEW, IL",40.13185556,-89.7357139,478.74,00060
05583000,"SANGAMON RIVER NEAR OAKFORD, IL",40.1233611,-89.9839722,452.50,00060
05584500,"LA MOINE RIVER AT COLMAR, IL",40.33152778,-90.8961944,491.32,00060
05585000,"LA MOINE RIVER AT RIPLEY, IL",40.0250833,-90.6310556,430.57,00060
05585500,"ILLINOIS RIVER AT MEREDOSIA, IL",39.83116667,-90.5598333,417.68,00060
05586100,"ILLINOIS RIVER AT VALLEY CITY, IL",39.70319444,-90.6430833,417.68,00060
05587000,"MACOUPIN CREEK NEAR KANE, IL",39.23394444,-90.3944444,426.30,00060
05587450,"Mississippi River at Grafton, IL",38.9679722,-90.429,403.32,00060
05587900,"CAHOKIA CREEK AT EDWARDSVILLE, IL",38.82444444,-89.9747222,425.09,00060
05588000,"INDIAN CREEK AT WANDA, IL",38.84166667,-90.0330556,429.49,00060
05590050,"COPPER SLOUGH AT CHAMPAIGN, IL",40.0972222,-88.30725, 694.8,00060
05590520,"KASKASKIA RIVER BELOW FICKLIN, IL",39.7917222,-88.36775, 641.87,00060
05590800,"LAKE FORK AT ATWOOD, IL",39.80630556,-88.4762222,643.99,00060
05590950,"KASKASKIA RIVER AT CHESTERVILLE, IL",39.7028333,-88.38775,599.73,00060
05591200,"KASKASKIA RIVER AT COOKS MILLS, IL",39.5834722,-88.4138056,616.89,00060
05591550,"WHITLEY CREEK NEAR ALLENVILLE, IL",39.5067222,-88.5272778,616.39,00060
05591700,"WEST OKAW RIVER NEAR LOVINGTON, IL",39.7307222,-88.6621111,632.13,00060
05592000,"KASKASKIA RIVER AT SHELBYVILLE, IL",39.40702778,-88.781,529.78,00060
05592050,"ROBINSON CREEK NEAR SHELBYVILLE, IL",39.40588889,-88.8968056,550.16,00060
05592100,"KASKASKIA RIVER NEAR COWDEN, IL",39.2298611,-88.8418333,499.95,00060
05592500,"KASKASKIA RIVER AT VANDALIA, IL",38.9606111,-89.0888056,452.80,00060
05592575,"HICKORY CREEK NEAR BROWNSTOWN, IL",38.9370833,-88.9528056,492.70,00060
05592800,"HURRICANE CREEK NEAR MULBERRY GROVE, IL",38.9223333,-89.2366667,466.38,00060
05592900,"EAST FORK KASKASKIA RIVER NEAR SANDOVAL, IL",38.68888889,-89.1,459.75,00060
05593000,"KASKASKIA RIVER AT CARLYLE, IL",38.61027778,-89.3575,402.56,00060
05593575,"LITTLE CROOKED CREEK NEAR NEW MINDEN, IL",38.44166667,-89.4166667,413.72,00060
05593900,"EAST FORK SHOAL CREEK NEAR COFFEEN, IL",39.14891667,-89.3524722,574.63,00060
05593945,"SHOAL CREEK NEAR PIERRON, IL",38.7758333,-89.4988889,400.00,00060
05594000,"SHOAL CREEK NEAR BREESE, IL",38.6097222,-89.4947222,413.49,00060
05594100,"KASKASKIA RIVER NEAR VENEDY STATION, IL",38.45055556,-89.6275,379.79,00060
05594450,"SILVER CREEK NEAR TROY, IL",38.71638889,-89.8291667,438.56,00060
05594800,"SILVER CREEK NEAR FREEBURG, IL",38.4061111,-89.8738889,380.77,00060
05595000,"KASKASKIA RIVER AT NEW ATHENS, IL",38.3197222,-89.8883333,299.54,00060
05595200,"RICHLAND CREEK NEAR HECKER, IL",38.32388889,-89.9705556,374.65,00060
05595730,"RAYSE CREEK NEAR WALTONVILLE, IL",38.25416667,-89.0405556, 411.63,00060
05595820,"CASEY FORK AT MOUNT VERNON, IL",38.28666667,-88.8722222, 419.57,00060
05595952,"BIG MUDDY RIVER BELOW REND LAKE NR BENTON, IL",38.02702778,-88.9605556,,00060
05597000,"BIG MUDDY RIVER AT PLUMFIELD, IL",37.89138889,-89.0194444,352.92,00060
05597500,"CRAB ORCHARD CREEK NEAR MARION, IL",37.7311111,-88.8891667,415.52,00060
05599490,"BIG MUDDY RIVER AT RTE 127 AT MURPHYSBORO, IL",37.7583333,-89.3277778,335.06,00060
07020500,"Mississippi River at Chester, IL",37.90075,-89.8302222, 340.73,00060
07022000,"Mississippi River at Thebes, IL",37.22025,-89.4631667, 299.70,00060
402004090030901,"EMIQUON LAKE OUTLET NEAR HAVANA, IL",40.33444444,-90.0525,,00060
411955088280601,"HANSON GRAVEL PIT AT CULVERT NEAR MORRIS, IL",41.33305556,-88.4669444,,00060
03274650,"WHITEWATER RIVER NEAR ECONOMY, IN",40.00421314,-85.1155201, 1065.58,00060
03275000,"WHITEWATER RIVER NEAR ALPINE, IN",39.5743333,-85.15588889, 749.80,00060
03275500,"EAST FORK WHITEWATER RIVER AT RICHMOND, IN",39.80671459,-84.907183, 853.51,00060
03275600,"EAST FORK WHITEWATER RIVER AT ABINGTON, IN",39.7325477,-84.9596837, 790.03,00060
03276500,"WHITEWATER RIVER AT BROOKVILLE, IN",39.4074722,-85.01288889, 594.88,00060
03291780,"INDIAN-KENTUCK CREEK NEAR CANAAN, IN",38.8781136,-85.2571788, 588.40,00060
03294000,"SILVER CREEK NEAR SELLERSBURG, IN",38.3706226,-85.7263521, 429.20,00060
03302220,"BUCK CREEK NEAR NEW MIDDLETOWN, IN",38.12034748,-86.0880244, 501.68,00060
03302680,"WEST FORK BLUE RIVER AT SALEM, IN",38.60533536,-86.0944222, 712.54,00060
03302800,"BLUE RIVER AT FREDERICKSBURG, IN",38.43394965,-86.1916446, 589.56,00060
03303000,"BLUE RIVER NEAR WHITE CLOUD, IN",38.23447298,-86.22713759, 433.81,00060
03303280,"OHIO RIVER AT CANNELTON DAM AT CANNELTON, IN",37.89950088,-86.70554179, 346.98,00060
03303300,"MIDDLE FORK ANDERSON RIVER AT BRISTOW, IN",38.13894629,-86.7210994, 394.10,00060
03322011,PIGEON CREEK NEAR FORT BRANCH,38.24490564,-87.5195477, 399.59,00060
03322900,"WABASH RIVER AT LINN GROVE, IN",40.64388889,-85.03088889, 807.34,00060
03323000,"WABASH RIVER AT BLUFFTON, IN",40.7423611,-85.1714444, 792.57,00060
03324000,"LITTLE RIVER NEAR HUNTINGTON, IN",40.89855556,-85.4131667, 723.38,00060
03324095,"WABASH RIVER AT ANDREWS, IN",40.86880556,-85.6020833,,00060
03324112,"WABASH RIVER NEAR LAGRO, IN",40.8427222,-85.6478333,,00060
03324200,"SALAMONIE RIVER AT PORTLAND, IN",40.4277222,-85.039, 877.03,00060
03324300,"SALAMONIE RIVER NEAR WARREN, IN",40.71254489,-85.4535847, 784.42,00060
03325000,"WABASH RIVER AT WABASH, IN",40.7908765,-85.8202632, 642.15,00060
03325519,"MISSISSINEWA RIVER AT RIDGEVILLE, IN",40.28305556,-85.0284722, 956.29,00060
03326500,"MISSISSINEWA RIVER AT MARION, IN",40.57641667,-85.6595278, 774.21,00060
03327500,"WABASH RIVER AT PERU, IN",40.75,-86.0666667, 617.61,00060
03328000,"EEL RIVER AT NORTH MANCHESTER, IN",40.99455556,-85.7825833, 730.14,00060
03328500,"EEL RIVER NEAR LOGANSPORT, IN",40.78198455,-86.2638857, 621.01,00060
03329000,"WABASH RIVER AT LOGANSPORT, IN",40.74642866,-86.37749979, 572.82,00060
03329700,"DEER CREEK NEAR DELPHI, IN",40.59031489,-86.6213928, 553.44,00060
03330241,"TIPPECANOE RIVER AT NORTH WEBSTER, IN",41.31638889,-85.6922222, 839.33,00060
03330500,"TIPPECANOE RIVER AT OSWEGO, IN",41.32060147,-85.78915649, 829.59,00060
03331500,"TIPPECANOE RIVER NEAR ORA, IN",41.15726364,-86.5636209, 692.51,00060
03331753,"TIPPECANOE RIVER AT WINAMAC, IN",41.0497632,-86.5991758, 673.79,00060
03332345,"TIPPECANOE RIVER AT BUFFALO, IN",40.8778611,-86.7511944, 640.28,00060
03332349,"BIG MONON DITCH AT CR200N NEAR MEDARYVILLE, IN",41.08513889,-86.786, 665.69,00060
03332555,"TIPPECANOE RIVER AT NORWAY, IN",40.77863889,-86.75888889, 607.10,00060
03332605,"TIPPECANOE RIVER BELOW OAKDALE DAM, IN",40.6533712,-86.7566769, 559.81,00060
03333050,"TIPPECANOE RIVER NEAR DELPHI, IN",40.59391667,-86.7703333, 534.56,00060
03333450,"WILDCAT CREEK NEAR JEROME, IN",40.44127778,-85.91875, 819.55,00060
03333700,"WILDCAT CREEK AT KOKOMO, IN",40.47516667,-86.1600528,770.80,00060
03334000,"WILDCAT CREEK AT OWASCO, IN",40.4648333,-86.6365556, 624.24,00060
03334500,"SOUTH FORK WILDCAT CREEK NEAR LAFAYETTE, IN",40.4178136,-86.7680627, 566.25,00060
03335000,"WILDCAT CREEK NEAR LAFAYETTE, IN",40.44059108,-86.8291752, 527.04,00060
03335500,"WABASH RIVER AT LAFAYETTE, IN",40.42194444,-86.8969444, 503.84,00060
033356848,"BIG PINE CREEK AT PINE VILLAGE, IN",40.4523333,-87.2544444, 648.67,00060
03335960,"REDWOOD CREEK NEAR MARSHFIELD, IN",40.27975,-87.4433333, 654.19,00060
03336000,"WABASH RIVER AT COVINGTON, IN",40.1400377,-87.4066805, 473.69,00060
03339280,"PRAIRIE CREEK NEAR LEBANON, IN",40.1044846,-86.5227803, 859.40,00060
03339305,"SUGAR CREEK NEAR THORNTOWN, IN",40.14338889,-86.6958056, 766.73,00060
03339500,"SUGAR CREEK AT CRAWFORDSVILLE, IN",40.05030556,-86.90725, 647.66,00060
03340500,"WABASH RIVER AT MONTEZUMA, IN",39.79253835,-87.3739053, 457.39,00060
03340800,"BIG RACCOON CREEK NEAR FINCASTLE, IN",39.8125446,-86.9538988, 685.68,00060
03340900,"BIG RACCOON CREEK AT FERNDALE, IN",39.71116667,-87.0712778, 589.43,00060
03341300,"BIG RACCOON CREEK AT COXVILLE, IN",39.6525387,-87.2936277, 493.52,00060
03341500,"WABASH RIVER AT TERRE HAUTE, IN",39.4657222,-87.4195, 442.55,00060
03341558,"SUGAR CREEK AT WEST TERRE HAUTE, IN",39.4612333,-87.4618167,,00060
03342000,"WABASH RIVER AT RIVERTON, IN",39.0203202,-87.5686344, 413.96,00060
03342500,"BUSSERON CREEK NEAR CARLISLE, IN",38.9742103,-87.4258528, 425.01,00060
03343010,"WABASH RIVER AT MEMORIAL BRIDGE AT VINCENNES, IN",38.6814358,-87.5352993, 393.97,00060
03347000,"WHITE RIVER AT MUNCIE, IN",40.20390436,-85.3860543, 915.46,00060
03348000,"WHITE RIVER AT ANDERSON, IN",40.10527778,-85.67138889, 824.53,00060
03348130,"WHITE RIVER AT RAIBLE AVENUE AT ANDERSON, IN",40.11059688,-85.71081, 816.10,00060
03348350,"PIPE CREEK AT FRANKTON, IN",40.2273333,-85.7663611, 809.55,00060
033483827,"BIG DUCK CREEK AT 14TH STREET PARK AT ELWOOD, IN",40.2811111,-85.8424722, 836.69,00060
03349000,"WHITE RIVER AT NOBLESVILLE, IN",40.04698076,-86.0172069, 737.80,00060
03349210,"CICERO CREEK AT TIPTON, IN",40.27698198,-86.04248689, 848.11,00060
03349510,"CICERO CREEK AT ARCADIA, IN",40.1744815,-86.00054, 812.71,00060
03350500,"CICERO CREEK AT NOBLESVILLE, IN",40.05602778,-86.0416111, 749.58,00060
03350655,"STONY CREEK AT FISHERSBURG, IN",40.06614999,-85.86303589, 814.04,00060
03350660,"WILLIAM LOCK DITCH NEAR DURBIN, IN",40.07364885,-85.924982, 771.00,00060
03350700,"STONY CREEK NEAR NOBLESVILLE, IN",40.028925,-85.9955394, 748.69,00060
03350800,"WHITE RIVER AT CONNER PRAIRIE NEAR NOBLESVILLE, IN",39.98195339,-86.03329049, 724.46,00060
03351000,"WHITE RIVER NEAR NORA, IN",39.91059488,-86.1055423, 710.51,00060
03351072,"WILLIAMS CREEK AT 96TH STREET, INDIANAPOLIS, IN",39.926984,-86.1722114, 780.58,00060
03351201,"WHITE RIVER AT INDIANAPOLIS MUSEUM OF ART, IN",39.83115299,-86.1855439, 685.06,00060
03351310,"CROOKED CREEK AT INDIANAPOLIS, IN",39.82976428,-86.2061, 710.34,00060
03351350,"WHITE RIVER AT 16TH STREET AT INDIANAPOLIS, IN",39.78866667,-86.1981111, 675.94,00060
03351500,"FALL CREEK NEAR FORTVILLE, IN",39.9547618,-85.8674803, 786.35,00060
03351710,"FALL CREEK AT 79TH ST AT INDIANAPOLIS, IN",39.8981111,-85.9911111,,00060
033521504,"SAND CREEK AT 116TH STREET AT FISHERS, IN",39.95694444,-85.9891667, 785.11,00060
03352162,"MUD CREEK AT FISHERS, IN",39.93944444,-85.9997222, 771.77,00060
03352500,"FALL CREEK AT MILLERSVILLE, IN",39.8519851,-86.0874855, 721.73,00060
03352875,"FALL CREEK AT 16TH STREET AT INDIANAPOLIS, IN",39.78877778,-86.1774722, 674.91,00060
03352953,"WHITE RIVER AT MICHIGAN STREET AT INDIANAPOLIS, IN",39.7747654,-86.18970989, 669.56,00060
03352988,"POGUES RUN AT VERMONT STREET AT INDIANAPOLIS, IN",39.77226519,-86.1394306, 703.78,00060
03353000,"WHITE RIVER AT INDIANAPOLIS, IN",39.73713889,-86.1696944, 662.03,00060
03353120,"PLEASANT RUN AT ARLINGTON AV AT INDIANAPOLIS, IN",39.77587579,-86.0638729, 779.45,00060
03353200,"EAGLE CREEK AT ZIONSVILLE, IN",39.94642897,-86.2602702, 813.44,00060
03353415,"SCHOOL BRANCH AT MALONEY ROAD NEAR BROWNSBURG, IN",39.88577778,-86.3554444, 889.70,00060
03353420,"SCHOOL BRANCH AT CR750N AT BROWNSBURG, IN",39.8725833,-86.3615278, 883.09,00060
03353451,"EAGLE CREEK BELOW RESERVOIR AT INDIANAPOLIS, IN",39.82198749,-86.303881, 740.81,00060
03353460,"EAGLE CREEK AT CLERMONT, IN",39.81448764,-86.3052698, 731.12,00060
03353500,"EAGLE CREEK AT INDIANAPOLIS, IN",39.7778212,-86.2502673, 696.65,00060
03353600,"LITTLE EAGLE CREEK AT SPEEDWAY, IN",39.7875431,-86.2280445, 707.39,00060
03353611,"WHITE R. AT STOUT GEN. STN. AT INDIANAPOLIS, IN",39.7144889,-86.2005434, 662.73,00060
03353620,"LICK CREEK AT INDIANAPOLIS, IN",39.70587776,-86.1035963, 740.09,00060
03353638,"LITTLE BUCK CREEK AT TIBBS AV NR INDIANAPOLIS, IN",39.66963889,-86.2156111, 655.15,00060
03353700,"WEST FORK WHITE LICK CREEK AT DANVILLE, IN",39.76413889,-86.5159722, 828.47,00060
03353800,"WHITE LICK CREEK AT MOORESVILLE, IN",39.60876944,-86.3820278, 644.05,00060
03353910,"EAST FORK WHITE LICK CREEK AT MOORESVILLE, IN",39.6283796,-86.357215, 662.09,00060
03354000,"WHITE RIVER NEAR CENTERTON, IN",39.4975477,-86.4005495, 594.85,00060
03357000,"WHITE RIVER AT SPENCER, IN",39.2811561,-86.762228, 525.52,00060
03357330,"BIG WALNUT CREEK NEAR ROACHDALE, IN",39.8162678,-86.7539873, 779.04,00060
03357350,"PLUM CREEK NEAR BAINBRIDGE, IN",39.76171297,-86.7294505, 828.20,00060
03357500,"BIG WALNUT CREEK NEAR REELSVILLE, IN",39.53587705,-86.9761239, 587.92,00060
03358000,"MILL CREEK NEAR CATARACT, IN",39.43355556,-86.76338889, 706.02,00060
03360000,"EEL RIVER AT BOWLING GREEN, IN",39.38407038,-87.0209014, 547.56,00060
03360500,"WHITE RIVER AT NEWBERRY, IN",38.9281111,-87.0192778, 465.08,00060
03360600,"SMOTHERS CREEK NR PLAINVILLE, IN",38.812,-87.1300833, 448.42,00060
03360652,"BEE HUNTER DITCH AT LINTON, IN",39.0368333,-87.1521944, 482.79,00060
03360730,"WHITE RIVER NEAR EDWARDSPORT, IN",38.79505556,-87.2418611, 431.56,00060
03361000,"BIG BLUE RIVER AT CARTHAGE, IN",39.74393356,-85.575808, 859.33,00060
03361440,"LITTLE BLUE RIVER AT SHELBYVILLE, IN",39.52560376,-85.7633124, 748.29,00060
03361500,"BIG BLUE RIVER AT SHELBYVILLE, IN",39.52925,-85.7775278, 737.21,00060
03361605,"BRANDYWINE CREEK AT GREENFIELD, IN",39.7858611,-85.7579722, 852.50,00060
03361617,"BRANDYWINE CREEK NEAR FAIRLAND, IN",39.5395833,-85.8580556,,00060
03361650,"SUGAR CREEK AT NEW PALESTINE, IN",39.71421068,-85.8855359, 785.61,00060
03361850,"BUCK CREEK AT ACTON, IN",39.65699006,-85.957482, 756.76,00060
03361872,"SUGAR CREEK NEAR BOGGSTOWN, IN",39.56427778,-85.93813889, 714.44,00060
03362000,"YOUNGS CREEK NEAR EDINBURGH, IN",39.4189396,-86.0049889, 669.73,00060
03362500,"SUGAR CREEK NEAR EDINBURGH, IN",39.36091667,-85.9980833, 645.53,00060
03363000,"DRIFTWOOD RIVER NEAR EDINBURGH, IN",39.33921768,-85.9863816, 636.59,00060
03363500,"FLATROCK RIVER AT ST. PAUL, IN",39.4175493,-85.63414249, 764.30,00060
03363900,"FLATROCK RIVER AT COLUMBUS, IN",39.2350514,-85.9266597, 609.67,00060
03364000,"EAST FORK WHITE RIVER AT COLUMBUS, IN",39.2000516,-85.9255464, 602.61,00060
03364042,"HAW CREEK AT HOPE, IN",39.30393967,-85.7747056, 681.75,00060
03364200,"HAW CREEK NEAR CLIFFORD, IN",39.26782898,-85.8561, 642.61,00060
03364500,"CLIFTY CREEK AT HARTSVILLE, IN",39.2747732,-85.7016469, 676.88,00060
03364650,"CLIFTY CREEK NEAR COLUMBUS, IN",39.1853295,-85.8749872, 595.75,00060
03365500,"EAST FORK WHITE RIVER AT SEYMOUR, IN",38.982553,-85.8991444, 550.26,00060
03366500,"MUSCATATUCK RIVER NEAR DEPUTY, IN",38.80422346,-85.673855, 539.42,00060
03368000,"BRUSH CREEK NEAR NEBRASKA, IN",39.07033129,-85.4860766, 716.64,00060
03369500,"VERNON FORK MUSCATATUCK RIVER AT VERNON, IN",38.97644327,-85.61969, 584.50,00060
03371500,"EAST FORK WHITE RIVER NEAR BEDFORD, IN",38.77033029,-86.4097115, 473.08,00060
03371600,"SOUTH FORK SALT CREEK AT KURTZ, IN",38.96302778,-86.2034722, 567.62,00060
03371650,"NORTH FORK SALT CREEK AT NASHVILLE, IN",39.20141667,-86.2471111, 576.14,00060
03373500,"EAST FORK WHITE RIVER AT SHOALS, IN",38.66699568,-86.79194299, 441.91,00060
03373508,"BEAVER CREEK NEAR SHOALS, IN",38.67310707,-86.7449971, 466.21,00060
03373560,"LOST RIVER NEAR PROSPECT, IN",38.581165,-86.5988804, 461.27,00060
03373610,"LICK CREEK AT PAOLI, IN",38.5558333,-86.4758333, 558.13,00060
03373980,"WHITE RIVER ABOVE PETERSBURG, IN",38.52838237,-87.2539017, 400.70,00060
03374000,"WHITE RIVER AT PETERSBURG, IN",38.51088224,-87.2894583, 399.38,00060
03374100,"WHITE RIVER AT HAZLETON, IN",38.4897695,-87.55002269, 382.77,00060
03375500,"PATOKA RIVER AT JASPER, IN",38.41366457,-86.8766636, 445.22,00060
03376300,"PATOKA RIVER AT WINSLOW, IN",38.3803275,-87.21667529, 399.53,00060
03376500,"PATOKA RIVER NEAR PRINCETON, IN",38.39032397,-87.5489109, 389.76,00060
03378500,"WABASH RIVER AT NEW HARMONY, IN",38.130879,-87.941419, 352.71,00060
03378550,"BIG CREEK NEAR WADESVILLE, IN",38.0831111,-87.76963889, 369.70,00060
04092677,"GRAND CALUMET RIVER AT INDUSTRIAL HWY AT GARY, IN",41.60781377,-87.3936506, 579.65,00060
04092750,"INDIANA HARBOR CANAL AT EAST CHICAGO, IN",41.6492023,-87.4686529, 569.89,00060
04093000,"DEEP RIVER AT LAKE GEORGE OUTLET AT HOBART, IN",41.53614807,-87.25697989, 587.80,00060
04094000,"LITTLE CALUMET RIVER AT PORTER, IN",41.6222601,-87.08747769, 603.35,00060
04094400,"SALT CREEK AT VALPARAISO, IN",41.4647222,-87.0705556, 673.87,00060
04095090,"PORTAGE-BURNS WATERWAY AT PORTAGE, IN",41.62225939,-87.1758685, 574.38,00060
04095300,"TRAIL CREEK AT MICHIGAN CITY, IN",41.7167066,-86.85975109, 583.44,00060
04095380,"TRAIL CREEK AT MICHIGAN CITY HARBOR, IN",41.72281688,-86.904197, 573.60,00060
04099510,"PIGEON CREEK NR ANGOLA, IN",41.6344947,-85.109691, 939.42,00060
04099750,"PIGEON RIVER NEAR SCOTT, IN",41.7489396,-85.5763747, 814.22,00060
04100222,"NB ELKHART RIVER AT COSPERVILLE, IN",41.48171619,-85.475537, 879.75,00060
04100500,"ELKHART RIVER AT GOSHEN, IN",41.5933827,-85.8486057, 769.15,00060
04101000,"ST. JOSEPH RIVER AT ELKHART, IN",41.6917158,-85.9750004, 699.55,00060
04101225,"ST. JOSEPH RIVER AT SOUTH BEND, IN",41.72027778,-86.2678333, 656.40,00060
04101370,"JUDY CREEK NEAR SOUTH BEND, IN",41.728659,-86.2627852, 674.99,00060
04177720,"FISH CREEK AT HAMILTON, IN",41.53227275,-84.9035726, 875.27,00060
04179520,"CEDAR CREEK AT 18TH STREET AT AUBURN, IN",41.36004985,-85.049135, 843.50,00060
04180000,"CEDAR CREEK NEAR CEDARVILLE, IN",41.218938,-85.0763589, 779.67,00060
04180500,"ST. JOSEPH RIVER NEAR FORT WAYNE, IN",41.16738889,-85.0740833, 752.99,00060
04180610,"ST. JOSEPH R AT PARNELL AV AT FORT WAYNE, IN",41.10888889,-85.12563889, 735.4,00060
04181100,"BLUE CREEK NR PLEASANT MILLS, IN",40.74699164,-84.8221859,,00060
04181120,"ST. MARYS RIVER AT PLEASANT MILLS, IN",40.77944444,-84.8423611, 766.94,00060
04181500,"ST. MARYS RIVER AT DECATUR, IN",40.84810299,-84.9377441, 760.12,00060
04182000,"ST. MARYS RIVER NEAR FORT WAYNE, IN",40.9878257,-85.111914, 748.41,00060
04182755,"JUNK DITCH AT FORT WAYNE, IN",41.06027778,-85.1852778, 744.69,00060
04182769,"ST. MARYS RIVER AT MAIN ST. AT FORT WAYNE, IN",41.0786593,-85.1544155, 734.46,00060
04182808,"SPY RUN CREEK NEAR PARK DRIVE AT FORT WAYNE, IN",41.1047705,-85.157749, 760.36,00060
04182900,"MAUMEE RIVER AT FORT WAYNE, IN",41.0825483,-85.115248, 729.58,00060
04182950,"MAUMEE RIVER AT COLISEUM BLVD AT FORT WAYNE, IN",41.0797706,-85.0874696, 727.67,00060
04183000,"MAUMEE RIVER AT NEW HAVEN, IN",41.08504866,-85.0221904, 723.95,00060
04183032,"BLACK CREEK AT BRUSH COLLEGE RD NEAR HARLAN, IN",41.1726,-84.9126, 748.11,00060
04183038,"BLACK CREEK NEAR HARLAN, IN",41.1830833,-84.8696944, 723.46,00060
05515500,"KANKAKEE RIVER AT DAVIS, IN",41.38963889,-86.7061667, 664.34,00060
05516500,"YELLOW RIVER AT PLYMOUTH, IN",41.34032218,-86.3044499, 764.27,00060
05516665,"YELLOW RIVER NEAR OAK GROVE, IN",41.27138889,-86.4666667, 716.04,00060
05517000,"YELLOW RIVER AT KNOX, IN",41.30279685,-86.62053829,679.69,00060
05517500,"KANKAKEE RIVER AT DUNNS BRIDGE, IN",41.2200392,-86.968356, 649.18,00060
05517530,"KANKAKEE RIVER NR KOUTS, IN",41.2539276,-87.033914, 644.65,00060
05518000,"KANKAKEE RIVER AT SHELBY, IN",41.1828134,-87.3403096, 627.94,00060
05520980,"IROQUOIS RIVER NEAR PARR, IN",41.01275,-87.2431944, 671.12,00060
05522500,"IROQUOIS RIVER AT RENSSELAER, IN",40.9333713,-87.1289112, 642.32,00060
05523865,"CARPENTER CREEK AT REMINGTON, IN",40.7780833,-87.1633611, 693.87,00060
05524500,"IROQUOIS RIVER NEAR FORESMAN, IN",40.87059306,-87.3066912, 623.81,00060
05536179,"HART DITCH AT DYER, IN",41.5078132,-87.51004, 607.29,00060
05536190,"HART DITCH AT MUNSTER, IN",41.5611467,-87.4805959, 591.06,00060
05536195,"LITTLE CALUMET RIVER AT MUNSTER, IN",41.5775,-87.5222222, 580.34,00060
05536356,"GRAND CALUMET RIVER AT COLUMBIA AV AT HAMMOND, IN",41.6186111,-87.4998333, 573.86,00060
05387440,"Upper Iowa River at Bluffton, IA",43.40691316,-91.8990464,944.65,00060
05387500,"Upper Iowa River at Decorah, IA",43.3048888,-91.7955429,850.07,00060
05388250,"Upper Iowa River near Dorchester, IA",43.4210841,-91.5087519,659.80,00060
05389000,"Yellow River near Ion, IA",43.11191667,-91.2651389,660.24,00060
05389400,"Bloody Run Creek near Marquette, IA",43.04081747,-91.2065192,624.54,00060
05389500,"Mississippi River at McGregor, IA",43.02701224,-91.1726298,604.50,00060
05411600,"Turkey River at Spillville, IA",43.20727778,-91.9503333, 1036.73,00060
05411850,"Turkey River near Eldorado, IA",43.0541879,-91.8090983,890.26,00060
05412020,"Turkey River above French Hollow Cr at Elkader, IA",42.84348517,-91.4012767,694.65,00060
05412400,"Volga River at Littleport, IA",42.7538753,-91.3690252,676.78,00060
05412500,"Turkey River at Garber, IA",42.7399884,-91.261799,638.88,00060
05416900,"Maquoketa River at Manchester, IA",42.4699878,-91.4487147,900.27,00060
05418400,"North Fork Maquoketa River near Fulton, IA",42.1643333,-90.7293333,678.58,00060
05418500,"Maquoketa River near Maquoketa, IA",42.08335278,-90.6329167,625.63,00060
05420500,"Mississippi River at Clinton, IA",41.78058635,-90.252073,562.54,00060
05420680,"Wapsipinicon River near Tripoli, IA",42.83609167,-92.2574,986.39,00060
05421000,"Wapsipinicon River at Independence, IA",42.46359796,-91.8951722,882.74,00060
05421740,"Wapsipinicon River near Anamosa, IA",42.0833611,-91.2673889,754.37,00060
05422000,"Wapsipinicon River near De Witt, IA",41.7669722,-90.5348556,598.79,00060
05422470,"Crow Creek at Bettendorf, IA",41.55114444,-90.4551306,576.68,00060
05422600,"Duck Creek at DC Golf Course at Davenport, IA",41.54614409,-90.5240237,596.95,00060
05449500,"Iowa River near Rowan, IA",42.7599722,-93.6216389,1143.35,00060
05450400,"Iowa River at Steamboat Rock, IA",42.4081111,-93.0729722,950.69,00060
05451080,"South Fork Iowa River near Blairsburg, IA",42.5436111,-93.5894444, 1164.91,00060
05451210,"South Fork Iowa River NE of New Providence, IA",42.31530556,-93.1521944,944.03,00060
05451500,"Iowa River at Marshalltown, IA",42.06582096,-92.9076997,852.94,00060
05451700,"Timber Creek near Marshalltown, IA",42.008875,-92.8524194,856.62,00060
05451770,"Iowa River at County Highway E49 near Tama, IA",41.96425556,-92.63655, 810.47,00060
05451900,"Richland Creek near Haven, IA",41.89943868,-92.474355,788.72,00060
05452000,"Salt Creek near Elberon, IA",41.9641611,-92.3132417,783.34,00060
05452200,"Walnut Creek near Hartwick, IA",41.8349969,-92.386297,786.48,00060
05452500,"Iowa River near Belle Plaine, IA",41.85905556,-92.2779167, 749.76,00060
05453000,"Big Bear Creek at Ladora, IA",41.74944709,-92.1821267,744.54,00060
05453100,"Iowa River at Marengo, IA",41.81272566,-92.064792,720.45,00060
05453520,"Iowa River below Coralville Dam nr Coralville, IA",41.71529444,-91.5301667, 599.70,00060
05454000,"Rapid Creek near Iowa City, IA",41.70001667,-91.4876667,673.82,00060
05454090,"Muddy Creek at Coralville, IA",41.7,-91.5627778, 665.09,00060
05454220,"Clear Creek near Oxford, IA",41.71834444,-91.7401722,696.51,00060
05454300,"Clear Creek near Coralville, IA",41.67668056,-91.5987778,647.29,00060
05454500,"Iowa River at Iowa City, IA",41.6566833,-91.541,617.10,00060
05455010,"South Branch Ralston Creek at Iowa City, IA",41.65140556,-91.5076639,677.89,00060
05455100,"Old Mans Creek near Iowa City, IA",41.60640556,-91.6157222,637.32,00060
05455500,"English River at Kalona, IA",41.4697387,-91.7146129,633.28,00060
05455700,"Iowa River near Lone Tree, IA",41.42377778,-91.4785278,587.93,00060
05457700,"Cedar River at Charles City, IA",43.06219444,-92.6738833,973.15,00060
05458000,"Little Cedar River near Ionia, IA",43.03327778,-92.5035444,973.33,00060
05458300,"Cedar River at Waverly, IA",42.7372222,-92.4700917,900.45,00060
05458500,"Cedar River at Janesville, IA",42.64831667,-92.4651861,860.96,00060
05458900,"West Fork Cedar River at Finchford, IA",42.62942778,-92.5435222,867.06,00060
05459500,"Winnebago River at Mason City, IA",43.165,-93.1925,1069.51,00060
05462000,"Shell Rock River at Shell Rock, IA",42.711925,-92.5829667,885.36,00060
05463000,"Beaver Creek at New Hartford, IA",42.572,-92.6182778,881.81,00060
05463050,"Cedar River at Cedar Falls, IA",42.53756944,-92.4434917,762.48,00060
05463500,"Black Hawk Creek at Hudson, IA",42.40776389,-92.4632472,864.96,00060
05464000,"Cedar River at Waterloo, IA",42.49554444,-92.3343472,823.66,00060
05464220,"Wolf Creek near Dysart, IA",42.25152778,-92.2988889,829.38,00060
05464315,"Cedar River at Vinton, IA",42.17082778,-92.0237944,761.83,00060
05464420,"Cedar River at Blairs Ferry Road at Palo, IA",42.06916389,-91.7851806,725.47,00060
05464475,"Morgan Creek near Covington, IA",41.98941597,-91.7595985,725.98,00060
05464500,"Cedar River at Cedar Rapids, IA",41.97194549,-91.6671239,700.08,00060
05464695,"Indian Creek at Marion, IA",42.03094444,-91.6118611, 766.89,00060
05464730,"Cedar River below Indian Creek at Cedar Rapids, IA",41.963,-91.5770833,687.67,00060
05464780,"Cedar River at Cedar Bluff, IA",41.7872222,-91.31375,651.55,00060
0546494170,"WB Wapsinonoc Cr at College St at West Branch, IA",41.6735833,-91.3436944,699.15,00060
05465000,"Cedar River near Conesville, IA",41.40919167,-91.2904306,581.48,00060
05465100,"Iowa River at Columbus Junction, IA",41.27835889,-91.3468216,557.82,00060
05465500,"Iowa River at Wapello, IA",41.1780861,-91.1820917,538.08,00060
05465700,"Iowa River at Oakville, IA",41.10319444,-91.0635278,535.32,00060
05470000,"South Skunk River near Ames, IA",42.0665833,-93.62025,888.73,00060
05470500,"Ioway Creek at Ames, IA",42.02255556,-93.6305, 880.48,00060
05471000,"South Skunk River below Ioway Creek near Ames, IA",42.0082222,-93.5959722, 857.86,00060
05471050,"South Skunk River at Colfax, IA",41.68180556,-93.2468333,770.00,00060
05471200,"Indian Creek near Mingo, IA",41.8057222,-93.3086944,809.87,00060
05471500,"South Skunk River near Oskaloosa, IA",41.35570278,-92.6573556,685.08,00060
05472500,"North Skunk River near Sigourney, IA",41.30084444,-92.2046222,650.69,00060
05473400,"Cedar Creek near Oakland Mills, IA",40.92530278,-91.6742167,565.01,00060
05473450,"Big Creek North of Mount Pleasant, IA",41.0069727,-91.5515497,642.73,00060
05474000,"Skunk River at Augusta, IA",40.75365,-91.2770889,521.08,00060
05476500,"Des Moines River at Estherville, IA",43.39925,-94.846, 1247.62,00060
05476590,"Des Moines River at Emmetsburg, IA",43.1264722,-94.7072222,1196.29,00060
05476750,"Des Moines River at Humboldt, IA",42.71944444,-94.2202778,1053.73,00060
05478265,"East Fork Des Moines River near Algona, IA",43.08266667,-94.2305556,1098.78,00060
05479000,"East Fork Des Moines River at Dakota City, IA",42.7236111,-94.19325,1038.90,00060
05480500,"Des Moines River at Fort Dodge, IA",42.5083333,-94.2033333,969.19,00060
05480820,"Boone River near Goldfield, IA",42.72441389,-93.9466944,1067.95,00060
05481000,"Boone River near Webster City, IA",42.4319722,-93.8059444,989.38,00060
05481300,"Des Moines River near Stratford, IA",42.25225,-93.9974667,893.61,00060
05481650,"Des Moines River near Saylorville, IA",41.6803333,-93.6676111,787.17,00060
05481950,"Beaver Creek near Grimes, IA",41.6883333,-93.7347222,806.55,00060
05482000,"Des Moines River at 2nd Avenue at Des Moines, IA",41.61194444,-93.6197222,773.26,00060
05482300,"North Raccoon River near Sac City, IA",42.35455556,-94.9910278,1146.13,00060
05482500,"North Raccoon River near Jefferson, IA",41.9878611,-94.3770833,967.01,00060
05483450,"Middle Raccoon River near Bayard, IA",41.7790833,-94.493,1039.71,00060
05483600,"Middle Raccoon River at Panora, IA",41.68741667,-94.3710556,991.38,00060
05484000,"South Raccoon River at Redfield, IA",41.59041667,-94.1511667,888.59,00060
05484500,"Raccoon River at Van Meter, IA",41.53402778,-93.9497778,836.49,00060
05484600,"Raccoon River near West Des Moines, IA",41.5281111,-93.7818611,782.69,00060
05484650,"Raccoon River at 63rd Street at Des Moines, IA",41.56166667,-93.7033333,773.72,00060
05484800,"Walnut Creek at Des Moines, IA",41.5874722,-93.7033056,800.82,00060
05484900,"Raccoon River at Fleur Drive at Des Moines, IA",41.5815,-93.6426667,780.49,00060
05485500,"Des Moines River blw Raccoon Riv at Des Moines, IA",41.5785833,-93.6056111,762.32,00060
05485605,"Fourmile Creek near Ankeny, IA DS1",41.7173333,-93.5696111,864.94,00060
05485640,"Fourmile Creek at Des Moines, IA",41.61380556,-93.5455278,795.58,00060
05486000,"North River near Norwalk, IA",41.4581111,-93.6549722,788.07,00060
05486490,"Middle River near Indianola, IA",41.4243611,-93.5873056,775.94,00060
05487470,"South River near Ackworth, IA",41.33788889,-93.4864167,769.84,00060
05487520,"Des Moines River near Swan, IA",41.48938889,-93.2782222,698.99,00060
05487980,"White Breast Creek near Dallas, IA",41.24644444,-93.2901389,762.95,00060
05488110,"Des Moines River near Pella, IA",41.36416667,-92.9754722, 599.87,00060
05488200,"English Creek near Knoxville, IA",41.30038889,-93.0449167,721.70,00060
05488500,"Des Moines River near Tracy, IA",41.2813611,-92.8608222,670.92,00060
05489000,"Cedar Creek near Bussey, IA",41.2191111,-92.9088333,681.57,00060
05489200,"Des Moines River at Eddyville, IA",41.1558422,-92.6388033,599.66,00060
05489500,"Des Moines River at Ottumwa, IA",41.0108472,-92.4112917,621.59,00060
05490500,"Des Moines River at Keosauqua, IA",40.72780556,-91.9596139,543.55,00060
06483290,"Rock River below Tom Creek at Rock Rapids, IA",43.42313889,-96.1649167,1308.76,00060
06483500,"Rock River near Rock Valley, IA",43.2150833,-96.2950278,1223.39,00060
06485500,"BIG SIOUX RIVER AT AKRON, IA",42.8375091,-96.5619306, 1119.53,00060
06485950,"BIG SIOUX RIVER AT SIOUX CITY, IA",42.52443909,-96.480503, 1060,00060
06599900,"Perry Creek near Millnerville, IA",42.6933333,-96.3703056, 1284.61,00060
06599950,"Perry Creek near Hinton, IA",42.6197153,-96.3725279,,00060
06600000,"Perry Creek at 38th Street at Sioux City, IA",42.5352222,-96.4104444,1112.30,00060
06600100,"Floyd River at Alton, IA",42.98280556,-96.0003333,1270.17,00060
06600300,"West Branch Floyd River near Struble, IA",42.92387695,-96.1769661, 1239.40,00060
06600500,"Floyd River at James, IA",42.57638889,-96.3115556,1093.29,00060
06601200,"Missouri River at Decatur, NE",42.0078333,-96.2429167, 1010.56,00060
06602400,"Monona-Harrison Ditch near Turin, IA",41.96491667,-95.99175,1015.48,00060
06605000,"Ocheyedan River near Spencer, IA",43.12766667,-95.2104444,1311.89,00060
06605850,"Little Sioux River at Linn Grove, IA",42.89630556,-95.243,1223.87,00060
06606600,"Little Sioux River at Correctionville, IA",42.4822222,-95.7925278,1096.72,00060
06607200,"Maple River at Mapleton, IA",42.15677778,-95.8102778,1081.31,00060
06607500,"Little Sioux River near Turin, IA",41.96502778,-95.97225,1019.91,00060
06608500,"Soldier River at Pisgah, IA",41.8305833,-95.93225,1037.02,00060
06609500,"Boyer River at Logan, IA",41.64169444,-95.7823333,1010.50,00060
06807410,"West Nishnabotna River at Hancock, IA",41.3901111,-95.3720556,1086.22,00060
06808500,"West Nishnabotna River at Randolph, IA",40.87327778,-95.5814444,933.78,00060
06809210,"East Nishnabotna River near Atlantic, IA",41.346,-95.0768611,1106.06,00060
06809500,"East Nishnabotna River at Red Oak, IA",41.00902778,-95.2413611,1005.40,00060
06810000,"Nishnabotna River above Hamburg, IA",40.60119444,-95.6445,892.31,00060
06817000,"Nodaway River at Clarinda, IA",40.7432222,-95.0145278,956.01,00060
06817300,"East Nodaway River at Highway 2 near Clarinda, IA",40.7274722,-94.98025,955.97,00060
06819185,"East Fork 102 River at Bedford, IA",40.6609722,-94.7163056,1069.51,00060
06898000,"Thompson River at Davis City, IA",40.64027778,-93.8080556,874.37,00060
06903400,"Chariton River near Chariton, IA",40.9519722,-93.2598889,918.31,00060
06903700,"South Fork Chariton River near Promise City, IA",40.80044444,-93.1926861,913.32,00060
06903900,"Chariton River near Rathbun, IA",40.8218611,-92.8909722,848.16,00060
06903990,"Cooper Creek at Centerville, IA",40.75091667,-92.8582222, 844.68,00060
06904010,"Chariton River near Moulton, IA",40.69252778,-92.7725833,799.81,00060
06814000,"TURKEY C NR SENECA, KS",39.9477773,-96.1086149,1037.72,00060
06827000,"SF REPUBLICAN R NR CO-KS ST LINE, KS",39.67184444,-102.0132611,3467.96,00060
06845110,"SAPPA C NR LYLE, KS",40.0016,-99.9924889,2225.72,00060
06846500,"BEAVER C AT CEDAR BLUFFS, KS",39.98500557,-100.560148,2521.31,00060
06847900,"PRAIRIE DOG C AB KEITH SEBELIUS LAKE, KS",39.769727,-100.1006875,2335.67,00060
06848500,"PRAIRIE DOG C NR WOODRUFF, KS",39.978775,-99.4781028,2020.80,00060
06853500,"REPUBLICAN R NR HARDY, NE",39.9936611,-97.9318583,1502.02,00060
06853800,"WHITE ROCK C NR BURR OAK, KS",39.89918,-98.2503276,1601.02,00060
06854500,"REPUBLICAN R AT SCANDIA, KS",39.79873,-97.7931266,1423.77,00060
06855850,"BUFFALO C 4 MI E OF JAMESTOWN, KS",39.59258056,-97.7814333,1356.13,00060
06856000,"REPUBLICAN R AT CONCORDIA, KS",39.58866944,-97.6582056,1329.39,00060
06856600,"REPUBLICAN R AT CLAY CENTER, KS",39.3555515,-97.1275203,1159.63,00060
06857100,"REPUBLICAN R AT JUNCTION CITY, KS",39.0427758,-96.8294533,1042.48,00060
06860000,"SMOKY HILL R AT ELKADER, KS",38.7947354,-100.8584796,2623.72,00060
06860900,"HACKBERRY C NR TREGO CENTER, KS",38.83950556,-100.0585139,2230.84,00060
06861000,"SMOKY HILL R NR ARNOLD, KS",38.80778889,-100.0222667,2196.93,00060
06862700,"SMOKY HILL R NR SCHOENCHEN, KS",38.71167927,-99.3470492,1909.71,00060
06862850,"SMOKY HILL R BL SCHOENCHEN, KS",38.71223475,-99.292325,1886.05,00060
06863000,"SMOKY HILL R AT PFEIFER, KS",38.7147345,-99.1537086,1821.71,00060
06863420,"BIG C NR ELLIS, KS",38.9233333,-99.6508333,2157.67,00060
06863500,"BIG C NR HAYS, KS",38.852234,-99.3181589,1954.30,00060
06864000,"SMOKY HILL R NR RUSSELL, KS",38.7766781,-98.8548066, 1687.66,00060
06864500,"SMOKY HILL R AT ELLSWORTH, KS",38.72667589,-98.2336684,1509.62,00060
06865500,"SMOKY HILL R NR LANGLEY, KS",38.61146944,-97.9525639,1395.97,00060
06866000,"SMOKY HILL R AT LINDSBORG, KS",38.56380659,-97.6664947,1297.74,00060
06866500,"SMOKY HILL R NR MENTOR, KS",38.7111152,-97.5717015,1240.71,00060
06866900,"SALINE R NR WAKEENEY, KS",39.1061861,-99.86955,2134.15,00060
06867000,"SALINE R NR RUSSELL, KS",38.9658611,-98.8540917,1552.10,00060
06867500,"PARADISE C NR PARADISE, KS",39.05919167,-98.8422917,1582.96,00060
06868200,"SALINE R AT WILSON DAM, KS",38.9747332,-98.4903429,1427.86,00060
06868850,"SALINE R AT LINCOLN, KS",39.02831944,-98.1501667,1332.20,00060
06869500,"SALINE R AT TESCOTT, KS",39.0037861,-97.8733944,1265.45,00060
06869950,"MULBERRY C NR SALINA, KS",38.8444476,-97.6683699,1208.73,00060
06870200,"SMOKY HILL R AT NEW CAMBRIA, KS",38.8639972,-97.4831556,1160.60,00060
06870300,"GYPSUM C NR GYPSUM, KS",38.62726389,-97.4275583, 1232.16,00060
06871000,"NF SOLOMON R AT GLADE, KS",39.67284444,-99.3092389,1754.72,00060
06871500,"BOW C NR STOCKTON, KS",39.56028889,-99.2855722,1802.42,00060
06872500,"NF SOLOMON R AT PORTIS, KS",39.55300278,-98.6923222,1491.56,00060
06873000,"SF SOLOMON R AB WEBSTER RE, KS",39.37667456,-99.5801096,1933.66,00060
06873460,"SF SOLOMON R AT WOODSTON, KS",39.4397325,-99.1017567,1661.82,00060
06874000,"SF SOLOMON R AT OSBORNE, KS",39.42778826,-98.6942395,1505.74,00060
06875900,"SOLOMON R NR GLEN ELDER, KS",39.4738987,-98.2836658,1375.32,00060
06876000,"SOLOMON R AT BELOIT, KS",39.45450957,-98.1098985,1339.82,00060
06876440,"SOLOMON R NR MINNEAPOLIS, KS",39.12002778,-97.7112889,1217.97,00060
06876700,"SALT C NR ADA, KS",39.13912778,-97.83655,1248.07,00060
06876900,"SOLOMON R AT NILES, KS",38.96899167,-97.4770444,1161.44,00060
06877600,"SMOKY HILL R AT ENTERPRISE, KS",38.90638906,-97.1177952,1098.60,00060
06878000,"CHAPMAN C NR CHAPMAN, KS",39.031109,-97.0402922,1104.64,00060
06878600,"LYON C NR JUNCTION CITY, KS",38.94916667,-96.8580556, 1067.87,00060
06879100,"KANSAS R AT FORT RILEY, KS",39.06166457,-96.7663963,1031.61,00060
06879650,"KINGS C NR MANHATTAN, KS",39.102075,-96.5946889,1095.23,00060
06879810,"WILDCAT C AT SCENIC DRIVE, MANHATTAN, KS",39.18838889,-96.6425556, 1040.96,00060
06882510,"BIG BLUE R AT MARYSVILLE, KS",39.8419463,-96.6622425,1111.91,00060
06884025,"Little Blue River at Hollenberg, KS",39.98027778,-97.0047222, 1216.10,00060
06884200,"MILL C AT WASHINGTON, KS",39.81361476,-97.0375267,1261.83,00060
06884400,"L BLUE R NR BARNES, KS",39.72583518,-96.8047432, 1124.08,00060
06885500,"BLACK VERMILLION R NR FRANKFORT, KS",39.68194349,-96.4427888,1107.09,00060
06886500,"FANCY C AT WINKLER, KS",39.47222064,-96.8322357,1100.91,00060
06887000,"BIG BLUE R NR MANHATTAN, KS",39.2372186,-96.5713918,989.25,00060
06887500,"KANSAS R AT WAMEGO, KS",39.19833014,-96.3055532,951.05,00060
06888000,"VERMILLION C NR WAMEGO, KS",39.34777386,-96.2174979, 991.37,00060
06888300,"ROCK C NR LOUISVILLE, KS",39.24916286,-96.3149982,971.16,00060
06888350,"KANSAS R NR BELVUE, KS",39.19305265,-96.1474945,925.69,00060
06888500,"MILL C NR PAXICO, KS",39.06472106,-96.1691605, 961.64,00060
06888990,"KANSAS R AB TOPEKA WEIR AT TOPEKA, KS",39.07194435,-95.7163715,857.16,00060
06889000,"KANSAS R AT TOPEKA, KS",39.0666666,-95.6497028,847.08,00060
06889160,"SOLDIER C NR CIRCLEVILLE, KS",39.4631449,-95.9505944, 1094.58,00060
06889200,"SOLDIER C NR DELIA, KS",39.23833024,-95.8885992, 940.18,00060
06889500,"SOLDIER C NR TOPEKA, KS",39.0994439,-95.7249828,863.08,00060
06889630,"SHUNGANUNGA C AT TOPEKA, KS",39.02972276,-95.685815,878.66,00060
06890100,"DELAWARE R NR MUSCOTAH, KS",39.5213873,-95.532756,921.18,00060
06890900,"DELAWARE R AT PERRY, KS",39.07500017,-95.4038634, 799.72,00060
06891000,"KANSAS R AT LECOMPTON, KS",39.05111157,-95.3863633,822.27,00060
06891080,"KANSAS R AT LAWRENCE, KS",38.97327778,-95.2321111,799.98,00060
06891260,"WAKARUSA R NR RICHLAND, KS",38.89194444,-95.5944444, 891.70,00060
06891500,"WAKARUSA R NR LAWRENCE, KS",38.9113923,-95.261084, 799.61,00060
06891850,"STRANGER C AT EASTON, KS",39.3464082,-95.1088678,879.76,00060
06892000,"STRANGER C NR TONGANOXIE, KS",39.1163912,-95.0108006,801.47,00060
06892350,"KANSAS R AT DESOTO, KS",38.9833375,-94.9646893,754.12,00060
06892360,"KILL C AT 95TH ST NR DESOTO, KS",38.95666667,-94.9736111, 766.01,00060
06892495,"CEDAR C NR DESOTO, KS",38.97805556,-94.9227778, 700.00,00060
06892513,"MILL C AT JOHNSON DRIVE, SHAWNEE, KS",39.02916667,-94.8172222, 700.00,00060
06892518,"KANSAS R NR LAKE QUIVIRA, KS",39.0461111,-94.7894444,726.96,00060
06893080,"BLUE R NR STANLEY, KS",38.8125082,-94.6757906,886.47,00060
06893100,"BLUE R AT KENNETH RD, OVERLAND PARK, KS",38.8422222,-94.6122222, 858.36,00060
06893300,"INDIAN C AT OVERLAND PARK, KS",38.9405621,-94.6713469,857.00,00060
06893350,"TOMAHAWK C NR OVERLAND PARK, KS",38.9061111,-94.64, 850.44,00060
06893390,"INDIAN C AT STATE LINE RD, LEAWOOD, KS",38.9383333,-94.6077778, 803.43,00060
06910800,"MARAIS DES CYGNES R NR READING, KS",38.56695524,-95.961657, 1048.32,00060
06911000,"MARAIS DES CYGNES R AT MELVERN, KS",38.5161111,-95.6961111, 942.00,00060
06911490,"SALT C AT LYNDON, KS",38.60139907,-95.6847068,980.08,00060
06911900,"DRAGOON C NR BURLINGAME, KS",38.7091737,-95.8383205,1016.46,00060
06912500,"HUNDRED AND TEN MILE C NR QUENEMO, KS",38.6450089,-95.5597037,919.66,00060
06913000,"MARAIS DES CYGNES R NR POMONA, KS",38.5841777,-95.4535902,894.11,00060
06913500,"MARAIS DES CYGNES R NR OTTAWA, KS",38.61806669,-95.2683071,858.02,00060
06914000,"POTTAWATOMIE C NR GARNETT, KS",38.333631,-95.2488634, 873.4,00060
06914500,"POTTAWATOMIE C AT LANE, KS",38.4439057,-95.084136,843.47,00060
06914950,"BIG BULL C NR EDGERTON, KS",38.75334168,-94.977188,925.05,00060
06914990,"L BULL C NR SPRING HILL, KS",38.7675084,-94.8794073,952.29,00060
06915000,"BIG BULL C NR HILLSDALE, KS",38.6563999,-94.8963521, 857.70,00060
06915800,"MARAIS DES CYGNES R AT LA CYGNE, KS",38.34529858,-94.7724591,776.50,00060
06916600,"MARAIS DES CYGNES R NR KS-MO ST LINE, KS",38.2186367,-94.6130113,744.77,00060
06917000,"L OSAGE R AT FULTON, KS",38.00892428,-94.7041264, 772.04,00060
06917240,"MARMATON R NR UNIONTOWN, KS",37.83559565,-94.981361, 858.93,00060
06917500,"MARMATON R NR FORT SCOTT, KS",37.848929,-94.7027392,750.74,00060
07137000,"FRONTIER DITCH NR COOLIDGE, KS",38.0383503,-102.039078,3344.47,00060
07137010,"FRONTIER DITCH RETURN NR COOLIDGE, KS",38.03139167,-101.934925,3333.67,00060
07137500,"ARKANSAS R NR COOLIDGE, KS",38.02751727,-102.011577, 3331.91,00060
07138000,"ARKANSAS R AT SYRACUSE, KS",37.96613038,-101.7568467,3210.52,00060
07138020,"ARKANSAS R AT KENDALL, KS",37.93002065,-101.5493401, 3119.89,00060
07138050,"AMAZON GREAT EASTERN DITCH NR LAKIN, KS",37.89723858,-101.4412815,3077.70,00060
07138063,"SOUTHSIDE DITCH NR LAKIN, KS",37.8722397,-101.3587818, 3043.53,00060
07138064,"SOUTHSIDE DITCH RETURN NR DEERFIELD, KS",37.9598611,-101.1207222, 2933.50,00060
07138070,"ARKANSAS R AT DEERFIELD, KS",37.9697438,-101.1287719, 2925.36,00060
07138075,"FARMERS DITCH NR DEERFIELD, KS",37.99807888,-101.0607228, 2909.40,00060
07139000,"ARKANSAS R AT GARDEN CITY, KS",37.9558565,-100.8773844, 2815.43,00060
07140850,"PAWNEE R NR BURDETT, KS",38.2066829,-99.6434539,2103.13,00060
07140880,"BUCKNER C AB HORSETHIEF RE NR JETMORE, KS",38.04916667,-100.0822222, 2418.67,00060
07140890,"BUCKNER C BL HORSETHIEF RE NR JETMORE, KS",38.06027778,-100.0452778,2366.19,00060
07140900,"BUCKNER C NR JETMORE, KS",38.07555556,-99.9166778,2250.53,00060
07141000,"BUCKNER C AT HANSTON, KS",38.11835078,-99.7165124,2134.62,00060
07141200,"PAWNEE R AT ROZEL, KS",38.20758889,-99.405775,2039.12,00060
07141220,"ARKANSAS R NR LARNED, KS",38.20380278,-99.00165,1944.65,00060
07141300,"ARKANSAS R AT GREAT BEND, KS",38.35306787,-98.7642519,1836.00,00060
07141780,"WALNUT C AT NEKOMA, KS",38.47721389,-99.4375472,2003.43,00060
07141900,"WALNUT C AT ALBERT, KS",38.46170278,-99.0144361,1897.51,00060
07142019,"CHEYENNE BOTTOMS DV NR GREAT BEND, KS",38.44778957,-98.7570282,1817.80,00060
07142300,"RATTLESNAKE C NR MACKSVILLE, KS",37.8715361,-98.8758056,1964.28,00060
07142575,"RATTLESNAKE C NR ZENITH, KS",38.09363056,-98.5461389,1784.20,00060
07142680,"ARKANSAS R NR NICKERSON, KS",38.1450113,-98.111169,1581.96,00060
07143300,"COW C NR LYONS, KS",38.30951667,-98.192575,1628.37,00060
07143330,"ARKANSAS R NR HUTCHINSON, KS",37.94614167,-97.7751194,1454.68,00060
07143350,"ARKANSAS R NR BENTLEY, KS",37.84251179,-97.5192112, 1360.56,00060
07143375,"ARKANSAS R NR MAIZE, KS",37.78140109,-97.3897665,1317.56,00060
07143665,"L ARKANSAS R AT ALTA MILLS, KS",38.1122326,-97.591987,1392.04,00060
07143672,"L ARKANSAS R AT HWY 50 NR HALSTEAD, KS",38.02853056,-97.5405417,1371.04,00060
07144050,"EMMA C AT SEDGWICK, KS",37.98516667,-97.4457333,1371.08,00060
07144100,"L ARKANSAS R NR SEDGWICK, KS",37.88306739,-97.4244864,1340.62,00060
07144200,"L ARKANSAS R AT VALLEY CENTER, KS",37.8321722,-97.3885694,1325.86,00060
07144201,"FLOODWAY AT L ARKANSAS R AT VALLEY CENTER, KS",37.83935,-97.4074556,1338.94,00060
07144300,"ARKANSAS R AT WICHITA, KS",37.6433222,-97.3351944,1262.88,00060
07144301,"FLOODWAY AT ARKANSAS R AT WICHITA, KS",37.7161242,-97.4022677,1300.54,00060
07144325,"GYPSUM C AT OLIVER ST, WICHITA, KS",37.64695967,-97.2805998, 1270.00,00060
07144480,"COWSKIN C AT 119TH ST AT WICHITA, KS",37.70169444,-97.4806139,1313.08,00060
07144486,"CALFSKIN C AT 119TH ST, WICHITA, KS",37.673675,-97.4808194,1305.80,00060
07144490,"COWSKIN C AT KELLOGG ST, WICHITA, KS",37.6657111,-97.4576139,1292.76,00060
07144550,"ARKANSAS R AT DERBY, KS",37.54430556,-97.2755694,1230.56,00060
07144570,"ARKANSAS R AT MULVANE, KS",37.4755222,-97.2615472,1203.74,00060
07144780,"NF NINNESCAH R AB CHENEY RE, KS",37.8621972,-98.0137806, 1456.37,00060
07144910,"SF NINNESCAH R NR PRATT, KS",37.637796,-98.7209237,1821.70,00060
07145200,"SF NINNESCAH R NR MURDOCK, KS",37.561683,-97.8531094,1358.04,00060
07145500,"NINNESCAH R NR PECK, KS",37.45696389,-97.4235556,1223.36,00060
07145600,"ARKANSAS R ON HWY 160 AT OXFORD, KS",37.2744861,-97.1629139,1126.56,00060
07145700,"SLATE C AT WELLINGTON, KS",37.24946707,-97.4036569,1157.86,00060
07146500,"ARKANSAS R AT ARKANSAS CITY, KS",37.0375083,-97.0392194,1050.65,00060
07146800,"WB WALNUT R NR EL DORADO, KS",37.82666667,-96.8491667,1259.71,00060
07147070,"WHITEWATER R AT TOWANDA, KS",37.79602778,-97.0143222,1232.17,00060
07147800,"WALNUT R AT WINFIELD, KS",37.22440278,-96.9956889,1083.45,00060
07148111,"GROUSE C NR SILVERDALE, KS",37.04844444,-96.8913056,1044.08,00060
07149000,"MEDICINE LODGE R NR KIOWA, KS",37.03890556,-98.4701556,1287.56,00060
07151500,"CHIKASKIA R NR CORBIN, KS",37.12868889,-97.6015694,1108.55,00060
07155590,"CIMARRON R NR ELKHART, KS",37.12196746,-101.8979456, 3376.89,00060
07156900,"Cimarron River near Forgan, OK",37.0111372,-100.4918171,2321.11,00060
07157500,"CROOKED C NR ENGLEWOOD, KS",37.032528,-100.2112531,2164.48,00060
07157740,"Cimarron R near Buttermilk, KS",37.0267111,-99.4821611,1698.39,00060
07157940,"BLUFF C NR BUTTERMILK, KS",37.0301722,-99.4787056,1700.49,00060
07165750,"VERDIGRIS R NR VIRGIL, KS",37.98237778,-96.0230028,948.50,00060
07166500,"VERDIGRIS R NR ALTOONA, KS",37.5297764,-95.674703,796.65,00060
07167500,"OTTER C AT CLIMAX, KS",37.70819167,-96.2232972,978.31,00060
07169500,"FALL R AT FREDONIA, KS",37.50796389,-95.8334222,819.83,00060
07169800,"ELK R AT ELK FALLS, KS",37.37559729,-96.185548,897.70,00060
07170500,"VERDIGRIS R AT INDEPENDENCE, KS",37.22368014,-95.6777573,717.19,00060
07170700,"BIG HILL C NR CHERRYVALE, KS",37.2667325,-95.469144,796.40,00060
07170990,"VERDIGRIS R AT COFFEYVILLE, KS",37.0053578,-95.5927549,675.63,00060
07172000,"CANEY R NR ELGIN, KS",37.00395556,-96.3166611,764.09,00060
07179300,"NEOSHO R NR PARKERVILLE, KS",38.75129167,-96.6496611, 1301.35,00060
07179500,"NEOSHO R AT COUNCIL GROVE, KS",38.66584085,-96.493614,1206.70,00060
07179700,"ROCK C NR DUNLAP, KS",38.61055556,-96.3702778, 1177.17,00060
07179730,"NEOSHO R NR AMERICUS, KS",38.46695699,-96.2505533,1107.10,00060
07179750,"NEOSHO R AT BURLINGAME RD NR EMPORIA, KS",38.42862475,-96.1583287, 1079.99,00060
07179785,"NF COTTONWOOD R NR DURHAM, KS",38.49665278,-97.2611639,1353.74,00060
07179795,"N COTTONWOOD R BL MARION LK, KS",38.3658583,-97.0823056,1297.24,00060
07180400,"COTTONWOOD R NR FLORENCE, KS",38.2361285,-96.8772436,1232.18,00060
07180500,"CEDAR C NR CEDAR POINT, KS",38.19653056,-96.8243417,1263.31,00060
07182000,"COTTONWOOD R AT COTTONWOOD FALLS, KS",38.387675,-96.5973194,1155.78,00060
07182200,"SF COTTONWOOD R NR BAZAAR, KS",38.28557125,-96.5127844, 1170.05,00060
07182250,"COTTONWOOD R NR PLYMOUTH, KS",38.3975139,-96.356112,1109.32,00060
07182260,"COTTONWOOD R AT EMPORIA, KS",38.3851111,-96.1814167,1077.25,00060
07182390,"NEOSHO R AT NEOSHO RAPIDS, KS",38.3680712,-96.0002687,1045.68,00060
07182510,"NEOSHO R AT BURLINGTON, KS",38.19446678,-95.735264,983.95,00060
07183000,"NEOSHO R NR IOLA, KS",37.92225778,-95.4277596,929.39,00060
07183500,"NEOSHO R NR PARSONS, KS",37.34005866,-95.1099687,811.11,00060
07184000,"LIGHTNING C NR MCCUNE, KS",37.28116187,-95.0327471, 818.64,00060
07184500,"LABETTE C NR OSWEGO, KS",37.19378248,-95.1925046,840.72,00060
07186055,"COW C NR SCAMMON, KS",37.28055556,-94.675, 840.00,00060
07187600,"SPRING R NR BAXTER SPRINGS, KS",37.0236757,-94.7210595, 777.21,00060
373559097165000,"McConnell C at Oliver St, Wichita, KS",37.5997222,-97.2805556,1297,00060
03207965,"GRAPEVINE CREEK NEAR PHYLLIS, KY",37.43260479,-82.3537563, 797.19,00060
03209410,"RUSSELL FORK AT CEDARVILLE, KY",37.31295507,-82.3595549, 743.40,00060
03209500,"LEVISA FORK AT PIKEVILLE, KY",37.4642676,-82.5262632, 631.26,00060
03209800,"LEVISA FORK AT PRESTONSBURG, KY",37.67093027,-82.7771043, 587.38,00060
03210000,"JOHNS CREEK NEAR META, KY",37.5670444,-82.45792659, 714.52,00060
03212500,"LEVISA FORK AT PAINTSVILLE, KY",37.81537197,-82.7915493, 566.18,00060
03213700,"TUG FORK AT WILLIAMSON, WV",37.67315699,-82.2801408, 619.91,00060
03215410,"BLAINE CREEK NEAR BLAINE, KY",38.0295332,-82.846829, 632.46,00060
03216350,"LITTLE SANDY RIVER BELOW GRAYSON DAM NEAR LEON, KY",38.25397068,-82.9910027, 499.42,00060
03216500,"LITTLE SANDY RIVER AT GRAYSON, KY",38.3300813,-82.9393353, 557.03,00060
03216600,"OHIO RIVER AT GREENUP DAM NEAR GREENUP, KY",38.6467448,-82.860447, 471.85,00060
03216777,"TYGARTS CREEK AT LAWTON RD AT OLIVE HILL,KY",38.29038098,-83.1895603, 747.85,00060
03217000,"TYGARTS CREEK NEAR GREENUP, KY",38.5642453,-82.9521158, 546.40,00060
03238140,"TAYLOR CREEK AT DONNERMEYER DRIVE AT BELLEVUE, KY",39.0974212,-84.48360879, 479.49,00060
03238745,"TWELVEMILE CREEK AT HIGHWAY 1997 NR ALEXANDRIA, KY",38.9514529,-84.3382712, 504.80,00060
03238772,"FOURMILE CREEK AT POPLAR RIDGE RD NR ALEXANDRIA,KY",38.98666667,-84.3652778, 534.69,00060
03238785,"FOURMILE CK AT GRAYS CROSSING AT SILVER GROVE, KY",39.02125097,-84.3812115, 479.64,00060
03248300,"LICKING RIVER BELOW MASON FORK NR SALYERSVILLE, KY",37.73064817,-83.0579478, 840.11,00060
03249500,"LICKING RIVER AT FARMERS, KY",38.11535945,-83.5432431, 645.93,00060
03249505,"LICKING RIVER AT HWY 60 AT FARMERS, KY",38.14008125,-83.5571327, 645.93,00060
03250100,"NORTH FORK TRIPLETT CREEK NEAR MOREHEAD, KY",38.1992478,-83.4804635, 677.40,00060
03250190,"SLATE CREEK AT HIGHWAY 713 NR MT. STERLING, KY",38.02396899,-83.8315854, 749.03,00060
03250322,"ROCK LICK CR AT STATE HWY 158 NR SHARKEY, KY STA D",38.24730198,-83.5893567, 644.42,00060
03250500,"LICKING RIVER AT BLUE LICK SPRINGS, KY",38.4200749,-83.9974261, 559.60,00060
03251200,"NORTH FORK LICKING RIVER NEAR MT OLIVET, KY",38.5947955,-84.0202056, 627.94,00060
03251500,"LICKING RIVER AT MCKINNEYSBURG, KY",38.60007244,-84.2663239, 520.25,00060
03251900,"STONER CREEK AT WATER PLANT AT PARIS, KY",38.205,-84.2380556, 772.57,00060
03251980,"HOUSTON CREEK AT HWY 27 NEAR PARIS, KY",38.19027778,-84.2816667, 811.81,00060
03252300,"HINKSTON CREEK NEAR CARLISLE, KY",38.2474368,-84.05514979, 763.85,00060
03252500,"SOUTH FORK LICKING RIVER AT CYNTHIANA, KY",38.390908,-84.3029905, 687.82,00060
03253000,"SOUTH FORK LICKING RIVER AT HAYES, KY",38.6586817,-84.3518814, 536.50,00060
03253500,"LICKING RIVER AT CATAWBA, KY",38.7103478,-84.3107693, 499.16,00060
03254520,"LICKING RIVER AT HWY 536 NEAR ALEXANDRIA, KY",38.9203417,-84.44799549, 448.82,00060
03254550,"BANKLICK CREEK @ HIGHWAY 1829 NR ERLANGER, KY",38.98055556,-84.5416667, 539.56,00060
03254693,"THREEMILE CREEK AT THREE MILE ROAD AT COVINGTON,KY",39.05020525,-84.4850474, 473.61,00060
03260015,"PLEASANT RUN CREEK AT OAK STREET NEAR LUDLOW, KY",39.0851154,-84.5581381, 470.16,00060
03260050,"DRY CREEK AT SEWAGE PLANT NEAR ERLANGER, KY",39.0605833,-84.6199167, 487.87,00060
03260100,"ELIJAHS CREEK @ ELIJAHS CREEK RD NR HEBRON, KY",39.0797222,-84.6852778, 759.86,00060
03260270,"SAND RUN AT THORNWILDE DR AT FRANCISVILLE, KY",39.1045833,-84.7291944, 718.75,00060
03262001,"WOOLPER CREEK AT WOOLPER ROAD NEAR BURLINGTON, KY",39.03,-84.8041667, 490.19,00060
03277075,"GUNPOWDER CR AT CAMP ERNST RD NR UNION, KY",38.99416667,-84.7161111, 683.06,00060
03277130,"MUD LICK CR AT HWY 42 NR BEAVERLICK, KY",38.8450635,-84.72077969, 488.11,00060
03277200,"OHIO RIVER AT MARKLAND DAM NEAR WARSAW, KY",38.77525,-84.97238889, 406.65,00060
03277300,"NORTH FORK KENTUCKY RIVER AT WHITESBURG, KY",37.11759849,-82.82460429, 1127.40,00060
03277500,"NORTH FORK KENTUCKY RIVER AT HAZARD, KY",37.2465833,-83.1827778, 839.20,00060
03280000,"NORTH FORK KENTUCKY RIVER AT JACKSON, KY",37.55231228,-83.3857358, 697.70,00060
03280700,"CUTSHIN CREEK AT WOOTON, KY",37.1650931,-83.3079564, 869.29,00060
03280902,"MIDDLE FK KENTUCKY RIVER AT HWY28 NR BUCKHORN, KY",37.34327778,-83.4478611, 712.10,00060
03281000,"MIDDLE FORK KENTUCKY RIVER AT TALLEGA, KY",37.55508768,-83.5937993, 641.55,00060
03281100,"GOOSE CREEK AT MANCHESTER, KY",37.15203405,-83.7601974, 818.81,00060
03281500,"SOUTH FORK KENTUCKY RIVER AT BOONEVILLE, KY",37.47981018,-83.6751923, 641.91,00060
03282000,"KENTUCKY RIVER AT LOCK 14 AT HEIDELBERG, KY",37.5531418,-83.7693625, 625.39,00060
03282040,"STURGEON CREEK AT CRESSMONT, KY",37.5006422,-83.8101979, 703.87,00060
03282060,"KENTUCKY RIVER AT LOCK 13 NEAR WILLOW SHOALS, KY",37.60189058,-83.83336439, 607.52,00060
03282120,"KENTUCKY RIVER AT LOCK 12 NEAR IRVINE, KY",37.6783333,-83.9483333, 589.93,00060
03282290,"KENTUCKY RIVER AT LOCK 11 NEAR COLLEGE HILL, KY",37.78396929,-84.1032602, 572.70,00060
03282500,"RED RIVER NEAR HAZEL GREEN, KY",37.80925288,-83.45768398, 869.69,00060
03283500,"RED RIVER AT CLAY CITY, KY",37.86480329,-83.9335328, 599.80,00060
03284000,"KENTUCKY RIVER AT LOCK 10 NEAR WINCHESTER, KY",37.89396779,-84.26048609, 556.10,00060
03284230,"KENTUCKY RIVER AT LOCK 9 AT VALLEY VIEW, KY",37.843968,-84.44063039, 538.00,00060
03284500,"KENTUCKY RIVER AT LOCK 8 NEAR CAMP NELSON, KY",37.74535715,-84.5866074, 520.18,00060
03284525,"E HICKMAN CR TRIB AT CHILESBURG RD NR LEXINGTON,KY",37.98841157,-84.4110465, 976.22,00060
03284533,"EAST HICKMAN CR AT TATES CR RD NR EAST HICKMAN, KY",37.9383333,-84.4786111, 884.64,00060
03284552,"WEST HICKMAN CR AT VETERANS PARK NR LEXINGTON, KY",37.95777778,-84.5011111, 881.67,00060
03285000,"DIX RIVER NEAR DANVILLE, KY",37.6420234,-84.6607768, 749.65,00060
03286200,"DIX RIVER AT DIX DAM NEAR BURGIN, KY",37.7931339,-84.7060566, 510.97,00060
03286500,"KENTUCKY RIVER AT LOCK 7 AT HIGHBRIDGE, KY",37.8292447,-84.723835, 503.25,00060
03287000,"KENTUCKY RIVER AT LOCK 6 NEAR SALVISA, KY",37.92563166,-84.8213381, 487.89,00060
03287250,"KENTUCKY RIVER AT LOCK 5 NEAR TYRONE, KY",38.0528805,-84.8311989, 473.22,00060
03287500,"KENTUCKY RIVER AT LOCK 4 AT FRANKFORT, KY",38.2113333,-84.8741111, 461.58,00060
03287590,"N ELKHORN CR AT WINCHESTER RD NR LEXINGTON, KY",38.04006944,-84.4111111, 920.8,00060
03287600,"N ELKHORN CR AT BRYAN STATION RD AT MONTROSE, KY",38.07646608,-84.4132694, 891.54,00060
03288100,"NORTH ELKHORN CREEK AT GEORGETOWN, KY",38.2195187,-84.562998, 784.09,00060
03288110,"ROYAL SPRINGS AT GEORGETOWN, KY",38.20951888,-84.5618868, 797.12,00060
03288180,"CANE RUN CREEK AT CITATION BLVD NR LEXINGTON, KY",38.09166667,-84.50138889, 888.88,00060
03288190,"TRIB TO CANE RUN CR AT NEWTOWN PK NR LEXINGTON, KY",38.1136111,-84.4827778, 889.02,00060
03289000,"SOUTH ELKHORN CREEK AT FORT SPRING, KY",38.0431322,-84.6263318, 834.20,00060
03289193,"WOLF RUN AT OLD FRANKFORT PIKE AT LEXINGTON, KY",38.06674334,-84.5543852, 861.79,00060
03289200,"TOWN BRANCH AT YARNALLTON ROAD AT YARNALLTON, KY",38.103687,-84.5879977, 821.82,00060
03289300,"SOUTH ELKHORN CREEK NEAR MIDWAY, KY",38.1409082,-84.645222, 779.73,00060
03289500,"ELKHORN CREEK NEAR FRANKFORT, KY",38.26868254,-84.8146714, 540.29,00060
03290080,"KENTUCKY RIVER AT LOCK 3 AT GEST, KY",38.4167353,-84.8807829, 445.29,00060
03290500,"KENTUCKY RIVER AT LOCK 2 AT LOCKPORT, KY",38.43895654,-84.9632844, 433.36,00060
03291000,"EAGLE CREEK AT SADIEVILLE, KY",38.38951686,-84.5432759, 756.04,00060
03291500,"EAGLE CREEK AT GLENCOE, KY",38.7064538,-84.8248089, 507.51,00060
03292470,"HARRODS CREEK AT HIGHWAY 329 NR GOSHEN, KY.",38.36117864,-85.57459969, 441.11,00060
03292474,"GOOSE CREEK AT OLD WESTPORT RD NR ST MATTHEWS, KY",38.2759036,-85.606072, 545.32,00060
03292475,"GOOSE CREEK AT US HWY 42 NEAR GLENVIEW ACRES, KY",38.3034027,-85.62801689, 429.48,00060
03292480,"LITTLE GOOSE CREEK NEAR HARRODS CREEK, KY",38.3127635,-85.6261558, 442.85,00060
03292494,"OHIO RIVER AT WATER TOWER AT LOUISVILLE, KY",38.2811812,-85.7021843, 406.68,00060
03292500,"SOUTH FORK BEARGRASS CREEK AT LOUISVILLE, KY",38.2114592,-85.7024613, 444.76,00060
03293000,"M FK BEARGRASS CR AT OLD CANNONS LN AT LOUISVILLE,",38.237293,-85.6646834, 475.76,00060
03293500,"M FK BEARGRASS CR AT LEXINGTON RD AT LOUISVILLE,KY",38.25034895,-85.7166287, 430.50,00060
03293510,"BEARGRASS CREEK AT RIVER ROAD AT LOUISVILLE, KY",38.26590398,-85.7207955, 411.74,00060
03293530,"MUDDY FK AT MOCKINGBIRD VALLEY RD AT LOUISVILLE,KY",38.27645917,-85.693573, 424.05,00060
03294500,"OHIO RIVER AT LOUISVILLE, KY",38.28034736,-85.7991305, 373.18,00060
03294550,"MILL CREEK CUTOFF NEAR LOUISVILLE, KY",38.1775699,-85.8669086, 413.92,00060
03294570,"MILL CREEK AT ORELL ROAD NEAR LOUISVILLE, KY",38.07812588,-85.8899635, 405.51,00060
03295400,"SALT RIVER AT GLENSBORO, KY",38.00201594,-85.0605085, 584.52,00060
03295890,"BRASHEARS CREEK AT TAYLORSVILLE, KY",38.0370083,-85.3407867, 466.23,00060
03297800,"CEDAR CREEK AT HWY 1442 NEAR SHEPHERDSVILLE, KY",37.9911111,-85.6411111, 422.19,00060
03297900,"FLOYDS FORK NEAR PEWEE VALLEY, KY",38.28534776,-85.4674592, 598.90,00060
03298000,"FLOYDS FORK AT FISHERVILLE, KY",38.18840166,-85.460235, 542.04,00060
03298135,"CHENOWETH RUN AT RUCKRIEGAL PARKWAY, KY",38.19479109,-85.557181, 593.74,00060
03298150,"CHENOWETH RUN AT GELHAUS LANE NEAR FERN CREEK, KY",38.16006729,-85.5421797, 532.66,00060
03298200,"FLOYDS FORK NEAR MT WASHINGTON, KY",38.08534216,-85.5549556, 456.84,00060
03298250,"CEDAR CREEK AT THIXTON ROAD NEAR LOUISVILLE, KY",38.0792321,-85.6160683, 549.40,00060
03298300,PENNSLYVANIA RUN AT MT WASHINGTON RD NR LOUISVILLE,38.08756629,-85.642458, 522.70,00060
03298500,"SALT RIVER AT SHEPHERDSVILLE, KY",37.98506585,-85.7174591, 406.11,00060
03298550,"LONG LICK AT CLERMONT, KY",37.92784138,-85.6535688, 461.84,00060
03298940,"ROLLING FORK AT HWY 208 AT CALVARY, KY",37.5125,-85.2611111, 605.38,00060
03299500,"ROLLING FORK AT NEW HAVEN, KY",37.6495063,-85.5974617, 438.85,00060
03300400,"BEECH FORK AT MAUD, KY",37.83283985,-85.2960686, 529.52,00060
03301000,"BEECH FORK AT BARDSTOWN, KY",37.79700569,-85.4807919, 438.66,00060
03301500,"ROLLING FORK NEAR BOSTON, KY",37.7672853,-85.7038488, 400.04,00060
03301900,"FERN CREEK AT OLD BARDSTOWN RD AT LOUISVILLE, KY",38.1756242,-85.615237, 550.25,00060
03301940,"NORTHERN DITCH AT OKOLONA, KY",38.1503466,-85.6935714, 447.00,00060
03302000,"POND CREEK NEAR LOUISVILLE, KY",38.1197916,-85.7957955, 429.76,00060
03302030,"POND CREEK AT PENDLETON ROAD NEAR LOUISVILLE, KY",38.05423677,-85.8716296, 404.22,00060
03302050,"BRIER CREEK AT PENDELTON ROAD NEAR LOUISVILLE, KY",38.04693096,-85.8572681, 436.66,00060
03305000,"GREEN RIVER NEAR MCKINNEY, KY",37.42202127,-84.7502243, 893.12,00060
03306000,"GREEN RIVER NEAR CAMPBELLSVILLE, KY",37.2403413,-85.3471848, 499.55,00060
03307000,"RUSSELL CREEK NEAR COLUMBIA, KY",37.12547797,-85.4040748, 604.72,00060
03308500,"GREEN RIVER AT MUNFORDVILLE, KY",37.26944444,-85.8880556, 451.27,00060
03309000,"GREEN RIVER AT MAMMOTH CAVE, KY",37.18004845,-86.1124757, 409.35,00060
03310000,"NORTH FORK NOLIN RIVER AT HODGENVILLE, KY",37.57805556,-85.7536111, 693.00,00060
03310300,"NOLIN RIVER AT WHITE MILLS, KY",37.56200389,-86.0366333, 589.68,00060
03310400,"BACON CREEK NEAR PRICEVILLE, KY",37.35194444,-85.9661111, 580.39,00060
03313000,"BARREN RIVER NEAR FINNEY, KY",36.89504634,-86.1338731, 399.35,00060
03313700,"WEST FORK DRAKES CREEK NEAR FRANKLIN, KY",36.7233738,-86.5522175, 581.73,00060
03314000,"DRAKES CREEK NEAR ALVATON, KY",36.89531974,-86.380546, 441.60,00060
03314500,"BARREN RIVER AT BOWLING GREEN, KY",37.0028201,-86.432768, 409.16,00060
03315500,"GREEN RIVER AT LOCK 4 AT WOODBURY, KY",37.18226814,-86.62998829, 378.72,00060
03316500,"GREEN RIVER AT PARADISE, KY",37.2639316,-86.9777726, 362.79,00060
03318800,"CANEY CREEK NEAR HORSE BRANCH, KY",37.4639398,-86.6555419, 415.77,00060
03319000,"ROUGH RIVER NEAR DUNDEE, KY",37.5475514,-86.7216546, 392.84,00060
03319600,"ROUGH RIVER AT HARTFORD, KY",37.45310356,-86.9108263, 351.57,00060
03320000,"GREEN RIVER AT LOCK 2 AT CALHOUN, KY",37.533935,-87.2638873, 353.62,00060
03320500,"POND RIVER NEAR APEX, KY",37.1222655,-87.3194431, 384.40,00060
03321350,"SOUTH FORK PANTHER CREEK NEAR WHITESVILLE, KY",37.6189392,-86.88749179, 399.64,00060
03321500,"GREEN RIVER AT LOCK 1 AT SPOTTSVILLE, KY",37.8583774,-87.4097294, 339.56,00060
03381700,"OHIO RIVER AT OLD SHAWNEETOWN, IL-KY",37.6925,-88.1347222, 309.10,00060
03383000,"TRADEWATER RIVER AT OLNEY, KY",37.22393575,-87.7805659, 361.45,00060
03384100,"TRADEWATER RIVER NEAR PROVIDENCE, KY",37.39671307,-87.8450154, 322.17,00060
03400500,"POOR FORK AT CUMBERLAND, KY",36.97398059,-82.99294, 1409.72,00060
03400785,"MARTINS FORK ABOVE SMITH, KY",36.72619838,-83.287958, 1351.19,00060
03400800,"MARTINS FORK NEAR SMITH, KY",36.75230974,-83.2574012, 1258.47,00060
03400986,"MARTIN'S FORK NEAR HARLAN, KY",36.8445329,-83.3235148, 1099.27,00060
03401000,"CUMBERLAND RIVER NEAR HARLAN, KY",36.84675484,-83.3557386, 1138.58,00060
03402900,"CUMBERLAND R AT PINE ST BR AT PINEVILLE, KY",36.7631412,-83.691862, 969.53,00060
03403500,"CUMBERLAND RIVER AT BARBOURVILLE, KY",36.8623097,-83.8874248, 942.49,00060
03403910,"CLEAR FORK AT SAXTON, KY",36.63397105,-84.1115969, 921.43,00060
03404000,"CUMBERLAND RIVER AT WILLIAMSBURG, KY",36.743417,-84.1560449, 891.02,00060
03404500,"CUMBERLAND RIVER AT CUMBERLAND FALLS, KY",36.8373036,-84.3432703, 824.71,00060
03404900,"LYNN CAMP CREEK AT CORBIN, KY",36.9514765,-84.0935427, 1048.48,00060
03406500,"ROCKCASTLE RIVER AT BILLOWS, KY",37.1711952,-84.296047, 802.68,00060
03407500,"BUCK CREEK NEAR SHOPVILLE, KY",37.21063659,-84.4643845, 831.05,00060
03410500,"SOUTH FORK CUMBERLAND RIVER NEAR STEARNS, KY",36.62702209,-84.5332723, 765.36,00060
03413200,"BEAVER CREEK NEAR MONTICELLO, KY",36.79757036,-84.89605849, 805.12,00060
03414078,"CROCUS CREEK NEAR AMANDAVILLE, KY",36.88702778,-85.3302861, 547.98,00060
03414100,"CUMBERLAND RIVER AT BURKESVILLE, KY",36.7867288,-85.3652406, 499.61,00060
03435105,"RED RIVER AT DOT, KY",36.6766583,-86.9520861, 457.67,00060
03437480,"S FK LITTLE RIVER AT HWY 68/80 NR HOPKINSVILLE, KY",36.8497664,-87.3522269, 550.64,00060
03437495,"S FK LITTLE R AT HWY 68 BY-PASS AT HOPKINSVILLE,KY",36.84948934,-87.4288954, 520.00,00060
03610000,"CLARKS RIVER AT MURRAY, KY",36.5928613,-88.3000363, 459.73,00060
03610200,"CLARKS RIVER AT ALMO, KY",36.6917217,-88.273647, 413.35,00060
03611260,"MASSAC CREEK NEAR PADUCAH, KY",37.04144404,-88.7108852, 344.78,00060
07024000,"BAYOU DE CHIEN NEAR CLINTON, KY",36.6286707,-88.963951, 307.39,00060
02489500,"Pearl River near Bogalusa, LA",30.7932614,-89.8209117, 54.64,00060
02491800,"Bogue Chitto at Enon, LA",30.72019444,-90.0835,-0.37,00060
02492000,"Bogue Chitto River near Bush, LA",30.62935636,-89.8972956, 43.31,00060
02492111,"WILSON SLOUGH NEAR WALKIAH BLUFF, MS",30.57027778,-89.8111111,,00060
02492700,"Pearl River at I-10 near Slidell, LA",30.29788889,-89.7022306,0.33,00060
07344450,"Paw Paw Bayou near Greenwood, LA",32.51681896,-93.9724054,170.56,00060
07348000,"Twelvemile Bayou near Dixie, LA",32.6459805,-93.8779585,135.71,00060
07348700,"Bayou Dorcheat near Springhill, LA",32.9945813,-93.39656,173.37,00060
07349450,"Bodcau Bayou near Springhill, LA",33.00402458,-93.5168405, 192,00060
07349860,"Red Chute Bayou at Sligo, LA",32.44737586,-93.5946203, 119.86,00060
07351500,"Cypress Bayou near Keithville, LA",32.3,-93.8277778, 162.63,00060
07351750,"Bayou Pierre near Lake End, LA",31.89460754,-93.3418388,89.72,00060
07352000,"Saline Bayou near Lucky, LA",32.2501631,-92.9765613,152.46,00060
073556009,"Red River 6.5 miles below Black River, LA",31.2194722,-91.7524167,0.00,00060
07364200,"Bayou Bartholomew near Jones, LA",32.9904049,-91.6556779,79.25,00060
07364300,"Chemin-A-Haut Bayou near Beekman, LA",32.9820721,-91.8056818, 82.14,00060
073645001,"Bayou Bartholomew at Hwy 425 nr Beekman, LA",32.87319444,-91.8681667,70.08,00060
07365000,"Byu D'Arbonne nr Dubach, LA",32.68075,-92.6499167,80.42,00060
07366200,"Little Corney Bayou near Lillie, LA",32.9293064,-92.6329305,90.68,00060
07367005,"Ouachita River at West Monroe, LA",32.50027778,-92.1197222, 30.80,00060
07367690,Boeuf River at Ark/La State Line,33.00138889,-91.4380556, 79.75,00060
07367930,"Bayou Bonne Idee east of Oak Ridge, LA",32.6436111,-91.7035556,68.24,00060
07368000,"Boeuf River near Girard, LA",32.48125346,-91.797904, 49.42,00060
07368503,"Big Colewa Bayou at Prince Rd nr Pioneer, LA",32.75458333,-91.5318333,78.79,00060
07369000,"Bayou Lafourche near Crew Lake, LA",32.5,-91.9180556,35.83,00060
07369500,"Tensas River at Tendal, LA",32.43208704,-91.36678139,50.08,00060
07369700,"Bayou Macon nr Kilbourne, LA",32.9932018,-91.262623, 72.86,00060
07370600,"BEAUCOUP CK NR COTTON PLANT, LA",32.10916667,-92.3211111,104.35,00060
07372050,"Dugdemona River near Joyce, LA",31.93694444,-92.6033333,69.13,00060
07372200,"Little River near Rochelle, LA",31.7543363,-92.3445833,24.46,00060
07373000,"Big Creek at Pollock, LA",31.5362873,-92.4084714,76.64,00060
07374000,"Mississippi River at Baton Rouge, LA",30.44566667,-91.1915556, 0.00,00060
07374525,"Mississippi River at Belle Chasse, LA",29.85715084,-89.977847, -6.58,00060
07375000,"Tchefuncte River near Folsom, LA",30.6160223,-90.2486954, 61.13,00060
07375050,"Tchefuncte River near Covington, LA",30.4941111,-90.1702222,-.44,00060
07375175,"Bogue Falaya River at Boston St. at Covington, LA",30.47638889,-90.0894444,0.32,00060
07375230,"Tchefuncte River at Madisonville, LA",30.4040829,-90.1548009,0.11,00060
07375300,"Tangipahoa River near Kentwood, LA",30.93768029,-90.4903728, 179.47,00060
07375450,"Tangipahoa R nr Tickfaw, La.",30.60268909,-90.438978,36.18,00060
07375480,"CHAPPEPEELA CREEK SOUTHEAST OF LORANGER, LA.",30.6065,-90.332,36.69,00060
07375500,"Tangipahoa River at Robert, LA",30.50658047,-90.3617524, 6.60,00060
07375650,"Tangipahoa River near Ponchatoula, LA",30.44369444,-90.3345833,-2.75,00060
07375800,"Tickfaw River at Liverpool, LA",30.93073559,-90.6734317, 203.80,00060
07375960,"Tickfaw River at Montpelier, LA",30.68629707,-90.6431509, 86.88,00060
07376000,"Tickfaw River at Holden, LA",30.5038016,-90.6773163, 18.65,00060
07376300,"Tickfaw River Near Springfield, La.",30.37655556,-90.5511111,-1.58,00060
07376500,"Natalbany River at Baptist, LA",30.50435795,-90.545924, 10.79,00060
07377000,"Amite River near Darlington, LA",30.8890694,-90.8445454, 145.36,00060
07377300,"Amite River at Magnolia, LA",30.5349106,-90.9806579, -1.43,00060
07377500,"Comite River near Olive Branch, LA",30.7565718,-91.0439935, 113.15,00060
07377600,"Comite R. at Pt. Hudson-Pride Rd near Milldale, LA",30.70229538,-91.0512991, 80.00,00060
07378000,"Comite River near Comite, LA",30.512689,-91.0737158, 21.51,00060
07378500,"Amite River near Denham Springs, LA",30.464079,-90.99038, -1.35,00060
07380120,"Amite River at Port Vincent, LA",30.3326939,-90.8520419, -1.36,00060
07380210,"Amite River Diversion south of Whitehall, LA",30.2268611,-90.6880556,-5.67,00060
07380215,"Amite River at Hwy 22 near Maurepas, LA",30.30769444,-90.6087222,-1.38,00060
073802284,"New River Canal east of Sorrento, LA",30.18925,-90.7812778, 0.00,00060
07380238,"Naomi Diversion Canal near Naomi, LA",29.6991111,-89.9888611, -0.84,00060
07380401,"Bayou Lafourche SW of Donaldsonville, LA",30.09658793,-91.0059332, -0.82,00060
07381000,"Bayou Lafourche at Thibodaux, LA",29.7979854,-90.8225932, -1.25,00060
07381235,"GIWW West of Bayou Lafourche at Larose, LA",29.56888889,-90.3852778, -1.06,00060
07381324,"Bayou Grand Caillou at Dulac, LA",29.38299869,-90.7153674, 0.36,00060
07381427,"Bayou Grosse Tete S. of I10 at Grosse Tete, LA",30.4147222,-91.4320833,-3.2,00060
07381429,"Choctaw Bayou at I-10 east of Grosse Tete, LA",30.44380348,-91.3478872,-10.77,00060
07381450,"Lower Grand River at Bayou Sorrel, LA",30.1557222,-91.3313889,-4.17,00060
07381454,"Belle River at Hwy 70 near Pierre Part, LA",29.9091111,-91.2158333,0.14,00060
073814675,"Bayou Boeuf at Railroad Bridge at Amelia, LA",29.66833333,-91.0997222,-1.07,00060
07381482,Old River Outflow Channel below Hydropower Channel,31.06675,-91.6482778, -0.57,00060
07381490,"Atchafalaya River at Simmesport, LA",30.9825,-91.7983333,,00060
07381588,"Intracoastal Waterway southwest of Pierre Part, LA",29.92238889,-91.2393611,1.82,00060
07381590,"Wax Lake Outlet at Calumet, LA",29.69798645,-91.3728855,-1.79,00060
07381600,"Lower Atchafalaya River at Morgan City, LA",29.6928482,-91.2119507, -1.31,00060
07381670,"GIWW at Bayou Sale Ridge near Franklin, LA",29.68083333,-91.4705556, -1.21,00060
07382000,"Bayou Cocodrie near Clearwater, LA",31.00027778,-92.3802778,39.02,00060
07382500,"Bayou Courtableau at Washington, LA",30.61825175,-92.0556741, -1.05,00060
07383500,"Bayou Des Glaises Diversion Ch. at Moreauville, LA",31.0332528,-91.9826414, 23.37,00060
07385450,"Bayou Teche @ Port Barre, LA.",30.55802778,-91.9579444,-0.50,00060
07385500,"BAYOU TECHE @ ARNAUDVILLE, LA",30.3974195,-91.9306728,-1.50,00060
07385700,"Bayou Teche at Keystone L&D nr St. Martinville, LA",30.07103537,-91.8292836, -2.12,00060
07385765,"Bayou Teche at Adeline Bridge near Jeanerette, LA",29.87937163,-91.5862248, 0.00,00060
07386190,"Bayou Fusilier Abv Weir at Arnaudville, La",30.39669444,-91.9317778,6.16,00060
07386655,"Vermillion Rvr N. of I-10 at Lafayette, La",30.27191667,-91.9840556,-2.4,00060
07386700,"Ruth Canal near Ruth, LA",30.2432549,-91.8848389,-1.05,00060
07386880,"Vermilion River at Surrey St. at Lafayette, LA",30.2174229,-91.9928975, -2.74,00060
07386956,"Vermilion River at Hwy 92 at Milton, LA",30.10366667,-92.0798056,-9.29,00060
07386980,"Vermilion River at Perry, LA",29.9511111,-92.1563611,-4.68,00060
08010000,"Bayou Des Cannes near Eunice, LA",30.48288889,-92.4906944,12.97,00060
08010050,"Bayou Des Cannes west of Iota, LA",30.3329722,-92.5427778,-11.18,00060
08010120,"Bayou Mallet at Hwy 91 north of Iota, LA",30.39444444,-92.4976944,4.22,00060
08011000,"Byu Plaquemine Brule nr Crowley, LA",30.23616667,-92.3964167,-2.84,00060
08012000,"Bayou Nezpique near Basile, LA",30.48077778,-92.63175, 3.58,00060
08012150,"Mermentau River At Mermentau, LA",30.19,-92.5905556,-1.29,00060
08012300,"Byu Queue De Tortue @ Riceville, LA",30.08152778,-92.5064722, -4.92,00060
08012400,"Mermentau River @ Lake Arthur, LA",30.07283333,-92.6592778,,00060
08012470,"Bayou Lacassine near Lake Arthur, LA",30.07,-92.8788611, -10.11,00060
08013000,"Calcasieu River nr Glenmora, LA",30.99666667,-92.6736111, 110.05,00060
08013250,"Calcasieu River near Oakdale, LA",30.822275,-92.6846694,90,00060
08013500,"Calcasieu River near Oberlin, LA",30.6404757,-92.8140368, 39.43,00060
08014500,"Ouiska Chitto Creek Near Oberlin, LA",30.69875,-92.8931944, 46.24,00060
08014800,"Bundick Creek near DeRidder, LA",30.81880557,-93.2301619,112.97,00060
08015500,"Calcasieu River near Kinder, LA",30.50255556,-92.9154167,10.93,00060
08023080,"Bayou Grand Cane near Stanley, LA",31.9627248,-93.9411723, 171.84,00060
08023400,"Bayou San Patricio near Benson, LA",31.8751667,-93.65851499,208.64,00060
08025354,"Sabine Rv at Toledo Bd Spillway nr Burkeville, TX",31.1961111,-93.5719444, 0,00060
08025500,"Bayou Toro near Toro, LA",31.30712737,-93.5157295,137.84,00060
08028000,"Bayou Anacoco near Rosepine, LA",30.95297558,-93.3529587,117.28,00060
295124089542100,"Caernarvon Outfall Channel at Caernarvon, LA",29.85355556,-89.9076944, -.46,00060
295501090190400,"Davis Pond Freshwater Diversion near Boutte, LA",29.91694444,-90.3177778, -7.10,00060
01010000,"St. John River at Ninemile Bridge, Maine",46.70055556,-69.7155556,930.63,00060
01010070,"Big Black River near Depot Mtn, Maine",46.89388889,-69.7516667,875.34,00060
01010500,"St. John River at Dickey, Maine",47.11305556,-69.0880556,590.11,00060
01011000,"Allagash River near Allagash, Maine",47.0697222,-69.0794444,604.33,00060
01013500,"Fish River near Fort Kent, Maine",47.2375,-68.58277778,510.64,00060
01014000,"St. John River below Fish R, nr Fort Kent, Maine",47.2833333,-68.58527778,481.60,00060
01015800,"Aroostook River near Masardis, Maine",46.52305556,-68.3716667,530.02,00060
01017000,"Aroostook River at Washburn, Maine",46.7772222,-68.1572222,435.68,00060
01017060,"Hardwood Brook below Glidden Brk nr Caribou, Maine",46.7836111,-67.9891667,486.42,00060
01017290,"Little Madawaska River at Caribou, Maine",46.8886111,-67.945,399.71,00060
01017550,"Williams Brook at Phair, Maine",46.62805556,-67.9530556,572.46,00060
01017960,"Meduxnekeag R above S Br Medux. R nr Houlton, ME",46.105,-67.88138889,347.92,00060
01018009,"Pearce Brook at Route 1 at Houlton, Maine",46.11527778,-67.84027778,356.50,00060
01018035,"Meduxnekeag River at Lowery Rd. nr Houlton, Maine",46.1811111,-67.80388889,285.20,00060
01018500,"St. Croix River at Vanceboro, Maine",45.5683333,-67.4283333,367.07,00060
01019000,"Grand Lake Stream at Grand Lake Stream, Maine",45.1725,-67.76888889,273.58,00060
01021000,"St. Croix River at Baring, Maine",45.1369444,-67.3180556,66.16,00060
01021470,"Libby Brook near Northfield, Maine",44.8008333,-67.725,132.81,00060
01021480,"Old Stream near Wesley, Maine",44.9369444,-67.7361111,164.57,00060
01022500,"Narraguagus River at Cherryfield, Maine",44.60805556,-67.93527778,43.89,00060
01022840,"Otter Creek near Bar Harbor, Maine",44.33277778,-68.2066667,85.14,00060
01027200,"North Branch Penobscot River nr Pittston Farm, ME",45.93527778,-69.9936111,1085.69,00060
01027240,"S. Br. Penobscot River nr Canada Falls Lake, Maine",45.8739222,-69.9950083,1200.30,00060
01029100,E. Br. Penobscot River below Grand Lake Matagamon,46.1343611,-68.7939056,626,00060
01029200,"Seboeis River near Shin Pond, Maine",46.14305556,-68.6336111,511.83,00060
01029500,"East Branch Penobscot River at Grindstone, Maine",45.73027778,-68.5894444,294.10,00060
01030350,Wytopitlock Stream near Wytopitlock Maine,45.7086111,-68.1580556,381.37,00060
01030500,"Mattawamkeag River near Mattawamkeag, Maine",45.5011111,-68.3058333,210.62,00060
01031300,"Piscataquis River at Blanchard, Maine",45.2672222,-69.58388889,563.35,00060
01031450,"Kingsbury Stream at Abbot Village, Maine",45.1844444,-69.4522222,422.35,00060
01031500,"Piscataquis River near Dover-Foxcroft, Maine",45.175,-69.3147222,357.66,00060
01031510,"Black Stream near Dover-Foxcroft, Maine",45.15027778,-69.23638889,403.16,00060
01033000,"Sebec River at Sebec, Maine",45.27,-69.1122222,295.72,00060
01034000,"Piscataquis River at Medford, Maine",45.26055556,-68.8686111,247.87,00060
01034500,"Penobscot River at West Enfield, Maine",45.2361111,-68.65138889,125.41,00060
01036390,"Penobscot River at Eddington, Maine",44.82666667,-68.6966667,6.60,00060
01037000,"Kenduskeag Stream near Bangor, Maine",44.8611111,-68.8316667,69.44,00060
01037380,"Ducktrap River near Lincolnville, Maine",44.32916667,-69.0608333, 135,00060
01038000,"Sheepscot River at North Whitefield, Maine",44.22277778,-69.59388889,100.39,00060
01042500,"Kennebec River at The Forks, Maine",45.3397222,-69.9619444,568.58,00060
01043500,"Dead River near Dead River, Maine",45.22905,-70.20112778,1044.87,00060
01044550,"Spencer Stream near Grand Falls, Maine",45.3136111,-70.2416667,1012.57,00060
01046000,"Austin Stream at Bingham, Maine",45.0644444,-69.8805556,349.35,00060
01046500,"Kennebec River at Bingham, Maine",45.0519444,-69.8855556,329.98,00060
01047000,"Carrabassett River near North Anson, Maine",44.86916667,-69.955,302.84,00060
01047150,"Kennebec River near Madison, Maine",44.77888889,-69.8869444,162.14,00060
01047200,"Sandy River near Madrid, Maine",44.85777778,-70.48527778,915.40,00060
01048000,"Sandy River near Mercer, Maine",44.70805556,-69.9375,195.79,00060
01048220,"East Branch Wesserunsett Stream near Athens, Maine",44.9475,-69.6569444,420.16,00060
01049265,"Kennebec River at North Sidney, Maine",44.4722222,-69.68388889,14.17,00060
01049500,"Cobbosseecontee Stream at Gardiner, Maine",44.22916667,-69.7780556,19.28,00060
01054200,"Wild River at Gilead, Maine",44.39055556,-70.9797222,682.57,00060
01054300,"Ellis River at South Andover, Maine",44.5933333,-70.7330556,619.16,00060
01054500,"Androscoggin River at Rumford, Maine",44.5519444,-70.5441667,419.47,00060
01055000,"Swift River near Roxbury, Maine",44.64277778,-70.58888889,615.27,00060
01055500,"Nezinscot River at Turner Center, Maine",44.26944444,-70.2297222,275.08,00060
01057000,"Little Androscoggin River near South Paris, Maine",44.30388889,-70.5397222,446.18,00060
01059000,"Androscoggin River near Auburn, Maine",44.0722222,-70.2080556,108.61,00060
01060000,"Royal River at Yarmouth, Maine",43.79915,-70.1782694,9.18,00060
01063310,"Stony Brook at East Sebago, Maine",43.85555556,-70.6397222,274.74,00060
01064140,"Presumpscot River near West Falmouth, Maine",43.7245972,-70.3029333,10.54,00060
01066000,"Saco River at Cornish, Maine",43.80805556,-70.7816667,262.92,00060
01067950,"Kennebunk River near Kennebunk, Maine",43.4322222,-70.5533333,54.17,00060
01068910,"Mousam River at Route 4 near Sanford, Maine",43.4183333,-70.7380556,228.60,00060
01069500,"Mousam River near West Kennebunk, Maine",43.4183333,-70.6583333,164.48,00060
01069700,"Branch Brook near Kennebunk, Maine",43.37916667,-70.5833333,41.92,00060
0148471320,"BIRCH BRANCH AT SHOWELL, MD",38.4093333,-75.21238889, -0.84,00060
01485000,"POCOMOKE RIVER NEAR WILLARDS, MD",38.38888889,-75.3244444, 13.15,00060
01485500,"NASSAWANGO CREEK NEAR SNOW HILL, MD",38.22891667,-75.4714444, 11.49,00060
01486000,"MANOKIN BRANCH NEAR PRINCESS ANNE, MD",38.21388889,-75.67138889, 6.20,00060
01490000,"CHICAMACOMICO RIVER NEAR SALEM, MD",38.51166667,-75.8799167, 2.88,00060
01491000,"CHOPTANK RIVER NEAR GREENSBORO, MD",38.99719444,-75.7858056, 2.73,00060
01491500,"TUCKAHOE CREEK NEAR RUTHSBURG, MD",38.96680556,-75.9430556, 9.85,00060
01492500,"SALLIE HARRIS CREEK NEAR CARMICHAEL, MD",38.96488889,-76.1088333, 5.22,00060
01493000,"UNICORN BRANCH NEAR MILLINGTON, MD",39.24994444,-75.8615, 2.78,00060
01493112,"CHESTERVILLE BRANCH NEAR CRUMPTON, MD",39.25705556,-75.94013889, 1.21,00060
01493500,"MORGAN CREEK NEAR KENNEDYVILLE, MD",39.28002778,-76.0145556, 0.97,00060
01495000,"BIG ELK CREEK AT ELK MILLS, MD",39.6675833,-75.8255833, 83.39,00060
01578310,"SUSQUEHANNA RIVER AT CONOWINGO, MD",39.65788889,-76.1744444, 4.16,00060
01578475,"Octoraro Creek near Richardsmere, MD",39.7067746,-76.1152286, 120,00060
01580000,"DEER CREEK AT ROCKS, MD",39.6299722,-76.4033056,249.59,00060
01580520,"DEER CREEK NEAR DARLINGTON, MD",39.61744444,-76.1918611, 46.99,00060
01580700,"SWAN CREEK AT SWAN CREEK, MD",39.52263889,-76.14227778, 21.20,00060
01581500,"BYNUM RUN AT BEL AIR, MD",39.5414722,-76.3301111, 250.08,00060
01581590,"BYNUM RUN NEAR ABINGDON, MD",39.47988889,-76.2804722,32.21,00060
01581649,"JAMES RUN NEAR BELCAMP, MD",39.49219444,-76.2591111, 57.10,00060
01581700,"WINTERS RUN NEAR BENSON, MD",39.51994444,-76.3729722, 188.28,00060
01581750,"WINTERS RUN NEAR BEL AIR, MD",39.51552778,-76.3688333, 179.57,00060
01581752,"PLUMTREE RUN NEAR BEL AIR, MD",39.49627778,-76.3474444, 182.27,00060
0158175320,"WHEEL CREEK NEAR ABINGDON, MD",39.48144444,-76.3404444, 120.63,00060
01581810,"GUNPOWDER FALLS AT HOFFMANVILLE, MD",39.68980556,-76.7814722, 543.60,00060
01581830,"GRAVE RUN NEAR BECKLEYSVILLE, MD",39.65480556,-76.7809167, 525.34,00060
01581870,"GEORGES RUN NEAR BECKLEYSVILLE, MD",39.62569444,-76.7726111, 520.06,00060
01581920,"GUNPOWDER FALLS NEAR PARKTON, MD",39.61905556,-76.6903611, 355.43,00060
01581960,"BEETREE RUN AT BENTLEY SPRINGS, MD",39.67302778,-76.675,486.11,00060
01582000,"LITTLE FALLS AT BLUE MOUNT, MD",39.60425,-76.62052778,302.38,00060
01582500,"GUNPOWDER FALLS AT GLENCOE, MD",39.54969444,-76.6361111, 244.06,00060
01583100,"PINEY RUN AT DOVER, MD",39.5206111,-76.76688889, 375.16,00060
01583500,"WESTERN RUN AT WESTERN RUN, MD",39.51077778,-76.6765, 262.08,00060
01583570,"POND BRANCH AT OREGON RIDGE, MD",39.48030556,-76.6875, 446.02,00060
01583580,"BAISMAN RUN AT BROADMOOR, MD",39.4794722,-76.67802778, 329.33,00060
01583600,"BEAVERDAM RUN AT COCKEYSVILLE, MD",39.4855833,-76.6457222, 239.70,00060
01583800,"LONG QUARTER BRANCH AT LUTHERVILLE, MD",39.4256111,-76.5961944, 243.14,00060
0158397967,"MINEBANK RUN NEAR GLEN ARM, MD",39.4096111,-76.55725,216.25,00060
01584050,"LONG GREEN CREEK AT GLEN ARM, MD",39.45469444,-76.47888889, 243.34,00060
01584500,"LITTLE GUNPOWDER FALLS AT LAUREL BROOK, MD",39.5053611,-76.43177778, 260.62,00060
01585075,"FOSTER BRANCH NEAR JOPPATOWNE, MD",39.40852778,-76.34263889, 0.53,00060
01585090,"WHITEMARSH RUN NEAR FULLERTON, MD",39.3795833,-76.4958056, 118.73,00060
01585100,"WHITEMARSH RUN AT WHITE MARSH, MD",39.37077778,-76.4460556,33.68,00060
01585104,"HONEYGO RUN NEAR WHITE MARSH, MD",39.383,-76.4329722, 19.92,00060
01585200,"WEST BRANCH HERRING RUN AT IDLEWYLDE, MD",39.37363889,-76.5843333,278.16,00060
01585219,"HERRING RUN AT SINCLAIR LANE AT BALTIMORE, MD",39.3179722,-76.55513889, 31.25,00060
01585500,"CRANBERRY BRANCH NEAR WESTMINSTER, MD",39.59269444,-76.96825, 665.88,00060
01586000,"NORTH BRANCH PATAPSCO RIVER AT CEDARHURST, MD",39.503,-76.88438889, 420.01,00060
01586210,"BEAVER RUN NEAR FINKSBURG, MD",39.48944444,-76.9029444, 428.01,00060
01586610,"MORGAN RUN NEAR LOUISVILLE, MD",39.45188889,-76.9553056, 421.98,00060
01589000,"PATAPSCO RIVER AT HOLLOFIELD, MD",39.31030556,-76.7924167, 186.9,00060
01589025,"PATAPSCO RIVER NEAR CATONSVILLE, MD",39.25125,-76.76377778, 66.20,00060
01589035,"PATAPSCO RIVER NEAR ELKRIDGE, MD",39.2273333,-76.723, 8.50,00060
01589100,"EAST BRANCH HERBERT RUN AT ARBUTUS, MD",39.24027778,-76.6920556, 40.17,00060
01589197,"GWYNNS FALLS NEAR DELIGHT, MD",39.44294444,-76.7834167, 533.50,00060
01589230,"RED RUN NEAR OWINGS MILLS, MD",39.4046111,-76.7795972,435.51,00060
01589290,"SCOTTS LEVEL BRANCH AT ROCKDALE, MD",39.3615833,-76.76175, 452.36,00060
01589300,"GWYNNS FALLS AT VILLA NOVA, MD",39.34588889,-76.7331944, 360.61,00060
01589312,"DEAD RUN NEAR CATONSVILLE, MD",39.29588889,-76.7440833, 407.77,00060
01589315,"DEAD RUN AT WOODLAWN, MD",39.31325,-76.7321111, 325.24,00060
01589316,"DEAD RUN TRIBUTARY NEAR WOODLAWN, MD",39.31891667,-76.7506944, 376.32,00060
01589317,"TRIBUTARY TO DEAD RUN TRIBUTARY AT WOODLAWN, MD",39.327,-76.74513889, 400.69,00060
01589320,"DEAD RUN TRIBUTARY AT WOODLAWN, MD",39.31805556,-76.73577778, 331.12,00060
01589330,"DEAD RUN AT FRANKLINTOWN, MD",39.3112222,-76.71663889, 303.79,00060
01589352,"GWYNNS FALLS AT WASHINGTON BLVD AT BALTIMORE, MD",39.27205556,-76.6500833, 6.68,00060
01589440,"JONES FALLS AT SORRENTO, MD",39.39575,-76.66288889, 229.04,00060
01589500,"SAWMILL CREEK AT GLEN BURNIE, MD",39.17,-76.6306111, 25.28,00060
01589795,"SOUTH FORK JABEZ BRANCH AT MILLERSVILLE, MD",39.06825,-76.65152778, 53.61,00060
01591000,"PATUXENT RIVER NEAR UNITY, MD",39.23825,-77.0557222,364.04,00060
01591400,"CATTAIL CREEK NEAR GLENWOOD, MD",39.2559722,-77.0510556, 374.44,00060
01591610,"PATUXENT RIVER BELOW BRIGHTON DAM NEAR BRIGHTON,MD",39.19219444,-77.00438889, 302.98,00060
01591700,"HAWLINGS RIVER NEAR SANDY SPRING, MD",39.17452778,-77.0214167, 302.85,00060
01592500,"PATUXENT RIV NEAR LAUREL, MD",39.1157222,-76.87375, 152.79,00060
01593370,"L PAX RIV TRIB ABOVE WILDE LAKE AT COLUMBIA, MD",39.22577778,-76.8700556, 341.42,00060
01593450,"L Pax Riv Trib above Lake Elkhorn nr Guilford, MD",39.18788889,-76.8307222, 298.89,00060
01593500,"LITTLE PATUXENT RIVER AT GUILFORD, MD",39.16775,-76.85125, 258.56,00060
01594000,"LITTLE PATUXENT RIVER AT SAVAGE, MD",39.13441667,-76.8161667, 122.18,00060
01594440,"PATUXENT RIVER NEAR BOWIE, MD",38.95591667,-76.6936944, 12.32,00060
01594526,"WESTERN BRANCH AT UPPER MARLBORO, MD",38.8142222,-76.7487222, 4.33,00060
01595000,"NORTH BRANCH POTOMAC RIVER AT STEYER, MD",39.30188889,-79.30688889, 2275.56,00060
01595500,"NORTH BRANCH POTOMAC RIVER AT KITZMILLER, MD",39.39388889,-79.1816944,1571.73,00060
01596500,"SAVAGE RIVER NEAR BARTON, MD",39.57005556,-79.1019444, 1603.44,00060
01597500,"SAVAGE RIV BL SAVAGE RIV DAM NEAR BLOOMINGTON, MD",39.50275,-79.1239722, 1275.94,00060
01598500,"NORTH BRANCH POTOMAC RIVER AT LUKE, MD",39.4789722,-79.0637778, 943.68,00060
01599000,"GEORGES CREEK AT FRANKLIN, MD",39.49391667,-79.0446944, 958.18,00060
01601500,"WILLS CREEK NEAR CUMBERLAND, MD",39.6696111,-78.7880278, 640.27,00060
01603000,"NORTH BRANCH POTOMAC RIVER NEAR CUMBERLAND, MD",39.62180556,-78.7734167, 584.57,00060
01609000,"TOWN CREEK NEAR OLDTOWN, MD",39.5532222,-78.555, 547.30,00060
01610000,"POTOMAC RIVER AT PAW PAW, WV",39.5388611,-78.4556111, 487.21,00060
01610155,"SIDELING HILL CREEK NEAR BELLEGROVE, MD",39.64952778,-78.34413889, 439.74,00060
01613000,"POTOMAC RIVER AT HANCOCK, MD",39.69755556,-78.17788889, 383.00,00060
01613095,"TONOLOWAY CREEK NEAR HANCOCK, MD",39.7063611,-78.15275, 398.83,00060
01613525,"LICKING CREEK AT PECTONVILLE, MD",39.67627778,-78.0425278, 399.89,00060
01614500,"CONOCOCHEAGUE CREEK AT FAIRVIEW, MD",39.71638889,-77.8247778, 391.19,00060
01617800,"MARSH RUN AT GRIMES, MD",39.51455556,-77.7772222, 354.07,00060
01619000,"ANTIETAM CREEK NEAR WAYNESBORO, PA",39.71625,-77.60663889, 536.15,00060
01619500,"ANTIETAM CREEK NEAR SHARPSBURG, MD",39.44977778,-77.7301944, 310.40,00060
01637500,"CATOCTIN CREEK NEAR MIDDLETOWN, MD",39.42725,-77.5561667, 376.25,00060
01638500,"POTOMAC RIVER AT POINT OF ROCKS, MD",39.2735833,-77.5431111, 199.91,00060
01639000,"MONOCACY RIVER AT BRIDGEPORT, MD",39.67905556,-77.23452778, 340.18,00060
01639500,"BIG PIPE CREEK AT BRUCEVILLE, MD",39.6123611,-77.2374444, 336.21,00060
01642190,"MONOCACY RIVER AT MONOCACY BLVD AT FREDERICK, MD",39.4435833,-77.38227778, 240.00,00060
01642198,"CARROLL CREEK NEAR FREDERICK, MD",39.43602778,-77.4405833, 315.71,00060
01642199,"CARROLL CREEK ABOVE ROCK CREEK AT FREDERICK, MD",39.42441667,-77.42977778, 291.33,00060
01642600,"LINGANORE CREEK AT LINGANORE RD NEAR FREDERICK, MD",39.4095,-77.36025,237.69,00060
01643000,"MONOCACY RIVER AT JUG BRIDGE NEAR FREDERICK, MD",39.4028333,-77.3660833,231.09,00060
01643395,"SOPER BRANCH AT HYATTSTOWN, MD",39.27530556,-77.3036667, 379.17,00060
01643500,"BENNETT CREEK AT PARK MILLS, MD",39.29413889,-77.4070833, 232.62,00060
01643580,"MONOCACY RIVER NEAR DICKERSON, MD",39.2633972,-77.4357417,198.05,00060
01644371,"LITTLE SENECA CREEK TRIBUTARY NEAR CLARKSBURG, MD",39.2314722,-77.2556944, 497.53,00060
01644372,"LITTLE SENECA CREEK TRIBUTARY AT BRINK, MD",39.2227222,-77.2493611, 489.10,00060
01644375,"LITTLE SENECA CREEK TRIBUTARY NEAR GERMANTOWN, MD",39.19938889,-77.2753611, 424.56,00060
01644380,"CABIN BRANCH NEAR BOYDS, MD",39.2066111,-77.2885833, 393.45,00060
01644388,"TENMILE CREEK NEAR CLARKSBURG, MD",39.22338889,-77.31225, 426.05,00060
01644390,"TENMILE CREEK NEAR BOYDS, MD",39.216,-77.3164167, 404.43,00060
01645000,"SENECA CREEK AT DAWSONVILLE, MD",39.1280833,-77.33577778, 213.31,00060
01646500,"POTOMAC RIVER NEAR WASH, DC LITTLE FALLS PUMP STA",38.94977778,-77.12763889, 37.20,00060
01647850,"TURKEY BRANCH NEAR ROCKVILLE, MD",39.0684722,-77.08175, 260.19,00060
01649150,"PAINT BRANCH TRIBUTARY NEAR COLESVILLE, MD",39.08838889,-76.9895833, 366.30,00060
01649190,"PAINT BRANCH NEAR COLLEGE PARK, MD",39.0333611,-76.96402778, 150.57,00060
01649500,"NORTHEAST BRANCH ANACOSTIA RIVER AT RIVERDALE, MD",38.96025,-76.9259722,11.55,00060
01650500,"NORTHWEST BRANCH ANACOSTIA RIVER NR COLESVILLE, MD",39.06552778,-77.0293611,264.05,00060
01650800,"SLIGO CREEK NEAR TAKOMA PARK, MD",38.9862222,-77.0048611, 161.27,00060
01651003,"NORTHWEST BRANCH ANACOSTIA RIVER AT BRENTWOOD, MD",38.9489722,-76.9562222,5,00060
01651730,"BEAVERDAM CREEK NEAR CHEVERLY, MD",38.91630556,-76.9343056, 0.0,00060
01653600,"PISCATAWAY CREEK AT PISCATAWAY, MD",38.70577778,-76.9661944, 7.63,00060
01658000,"MATTAWOMAN CREEK NEAR POMONKEY, MD",38.59613889,-77.05602778, 39.76,00060
01660920,"ZEKIAH SWAMP RUN NEAR NEWTOWN, MD",38.4905833,-76.9270833, 34.05,00060
01661050,"ST CLEMENTS CREEK NEAR CLEMENTS, MD",38.33330556,-76.725, 5.45,00060
01661500,"ST MARYS RIVER AT GREAT MILLS, MD",38.24175,-76.5036667, 6.86,00060
03075500,"YOUGHIOGHENY RIVER NEAR OAKLAND, MD",39.4215833,-79.42363889, 2353.14,00060
03075590,"YOUGHIOGHENY RIVER NEAR SWALLOW FALLS PARK, MD",39.49255556,-79.4120278,2284,00060
03075825,"NORTH GLADE RUN NEAR SWANTON, MD",39.5070833,-79.2516667, 2460.41,00060
03075850,"ARROWHEAD RUN AT THAYERVILLE, MD",39.50275,-79.3271944, 2461.88,00060
03075905,"Cherry Creek at State Park Road near McHenry, MD",39.538,-79.3157778, 2465.0,00060
03076100,"YOUGHIOGHENY RIVER NEAR MCHENRY, MD",39.52580556,-79.41075, 2017.47,00060
03076500,"YOUGHIOGHENY RIVER AT FRIENDSVILLE, MD",39.6536111,-79.4083056,1486.81,00060
03076600,"BEAR CREEK AT FRIENDSVILLE, MD",39.65613889,-79.3941111, 1550.83,00060
03078000,"CASSELMAN RIVER AT GRANTSVILLE, MD",39.70219444,-79.13638889, 2088.56,00060
01094400,"NORTH NASHUA RIVER AT FITCHBURG, MA",42.57620079,-71.7881285, 394.13,00060
01094500,"NORTH NASHUA RIVER NEAR LEOMINSTER, MA",42.49506389,-71.7219333, 265,00060
01095220,"STILLWATER RIVER NEAR STERLING, MA",42.41080875,-71.7911516, 399.28,00060
01095375,"QUINAPOXET RIVER AT CANADA MILLS NEAR HOLDEN, MA",42.37286967,-71.8281279, 545,00060
01095434,"GATES BROOK NEAR WEST BOYLSTON, MA",42.36453675,-71.775349, 395,00060
01095503,"NASHUA RIVER, WATER STREET BRIDGE, AT CLINTON, MA",42.41944444,-71.6661111, 250,00060
01096000,"SQUANNACOOK RIVER NEAR WEST GROTON, MA",42.63425619,-71.6578479, 243.50,00060
01096500,"NASHUA RIVER AT EAST PEPPERELL, MA",42.66758945,-71.57506809, 168.28,00060
01097000,"ASSABET RIVER AT MAYNARD, MA",42.432038,-71.4497848,146,00060
01097300,"NASHOBA BROOK NEAR ACTON, MA",42.51259289,-71.40422829, 154.19,00060
01098500,"COCHITUATE BK BL LAKE COCHITUATE AT FRAMINGHAM, MA",42.31514167,-71.3838083, 130,00060
01098530,"SUDBURY RIVER AT SAXONVILLE, MA",42.3253732,-71.3975605, 109.78,00060
01099500,"CONCORD R BELOW R MEADOW BROOK, AT LOWELL, MA",42.6367581,-71.3020047, 66.60,00060
01100000,"MERRIMACK RIVER BL CONCORD RIVER AT LOWELL, MA",42.64592464,-71.2983937, 4.37,00060
01100568,"SHAWSHEEN RIVER AT HANSCOM FIELD NEAR BEDFORD, MA",42.46703909,-71.2722795, 114.19,00060
0110057120,"ELM BROOK AT ROUTE 2A NEAR LINCOLN, MA",42.4528333,-71.3043056, 142.4,00060
0110057380,"HARTWELL BROOK AT BEDFORD, MA",42.4813333,-71.2696667, 103.7,00060
01100580,"SPRING BROOK NEAR BEDFORD, MA",42.494261,-71.2558902, 99.1,00060
01100600,"SHAWSHEEN RIVER NEAR WILMINGTON, MA",42.5681488,-71.2147792, 79.61,00060
01100627,"SHAWSHEEN RIVER AT BALMORAL STREET AT ANDOVER, MA",42.6714806,-71.1492239, 34.20,00060
011006988,"MERRIMACK RIVER AT BATES BRIDGE NEAR HAVERHILL, MA",42.7636083,-71.0331722,0,00060
01101000,"PARKER RIVER AT BYFIELD, MA",42.75286948,-70.9456096, 22.68,00060
01101500,"IPSWICH RIVER AT SOUTH MIDDLETON, MA",42.56953869,-71.0269974, 44.16,00060
01102000,"IPSWICH RIVER NEAR IPSWICH, MA",42.6598157,-70.8936622, 19.83,00060
01102345,"SAUGUS RIVER AT SAUGUS IRONWORKS AT SAUGUS, MA",42.4695404,-71.0069954, 14.20,00060
01102500,"ABERJONA RIVER AT WINCHESTER, MA",42.4474568,-71.1380816, -0.80,00060
01103025,"ALEWIFE BROOK NEAR ARLINGTON, MA",42.40704077,-71.1339422, 0.00,00060
01103280,"CHARLES RIVER AT MEDWAY, MA",42.1398197,-71.3895032, 174.23,00060
01103455,"TROUT BROOK AT DOVER, MA",42.25398645,-71.29339017, 104.23,00060
01103500,"CHARLES RIVER AT DOVER, MA",42.256209,-71.2600558, 88.98,00060
01104000,"MOTHER BROOK AT DEDHAM, MA",42.2550985,-71.1642196, -0.76,00060
01104200,"CHARLES RIVER AT WELLESLEY, MA",42.3164861,-71.227833, 67.12,00060
01104370,"STONY BROOK AT VILES STREET, NEAR WESTON, MA",42.38555556,-71.2894444, 129.21,00060
01104405,"HOBBS BROOK AT MILL ST NR LINCOLN, MA",42.436484,-71.2695014, 175,00060
01104410,"CAMBRIDGE RES., UNNAMED TRIB 1, NR LEXINGTON, MA",42.43648406,-71.2642235, 175,00060
01104415,"CAMBRIDGE RES., UNNAMED TRIB 2, NR LEXINGTON, MA",42.43592855,-71.2600567, 174.20,00060
01104420,"CAMBRIDGE RES., UNNAMED TRIB 3, NR LEXINGTON, MA",42.4198177,-71.2575565, 179.20,00060
01104430,"HOBBS BK BELOW CAMBRIDGE RES NR KENDALL GREEN, MA",42.3981512,-71.2733903, 149.20,00060
01104453,STONY BROOK UNNAMED TRIB 2 NR WESTON STATION,42.37138889,-71.27527778,,00060
01104455,"STONY BROOK, UNNAMED TRIBUTARY 1, NEAR WALTHAM, MA",42.37259606,-71.27033448, 84.20,00060
01104460,"STONY BROOK AT RT 20 AT WALTHAM, MA",42.368985,-71.2706123, 89.20,00060
01104475,"STONY BROOK RES., UNNAMED TRIB 1, NEAR WESTON, MA",42.3545408,-71.2681121, 99.20,00060
01104480,"STONY BROOK RESERVOIR AT DAM NEAR WALTHAM, MA",42.3556519,-71.2650565, 42.14,00060
01104500,"CHARLES RIVER AT WALTHAM, MA",42.37231857,-71.2336668, 19.21,00060
01104501,"BEAVER BROOK, LINDEN STREET, AT WALTHAM, MA",42.3786972,-71.2223722, 35,00060
01105000,"NEPONSET RIVER AT NORWOOD, MA",42.1775987,-71.2008863, 43.25,00060
01105500,"EAST BRANCH NEPONSET RIVER AT CANTON, MA",42.15454356,-71.1458842, 79.40,00060
011055525,"PONKAPOAG BRK UPSTREAM RT 138,NR CANTON, MA",42.19027778,-71.1144444, 148,00060
01105554,"NEPONSET RIVER AT GREENLODGE ST NEAR CANTON, MA",42.2092655,-71.1458851, 39.21,00060
011055566,"NEPONSET RIVER AT MILTON VILLAGE, MA",42.2709321,-71.06838369, 0.00,00060
01105583,"MONATIQUOT RIVER AT EAST BRAINTREE, MA",42.22093308,-70.9781026, 4.20,00060
01105585,"TOWN BROOK AT QUINCY, MA",42.24787726,-70.9972703, 4.19,00060
01105600,"OLD SWAMP RIVER NEAR SOUTH WEYMOUTH, MA",42.1903779,-70.9447679, 69.21,00060
01105606,"WHITMANS POND, WHITMANS POND DAM AT E. WEYMOUTH,MA",42.2108333,-70.9294444, -6.67,00060
01105608,"WHITMANS POND FISH LADDER AT EAST WEYMOUTH, MA",42.21305556,-70.92638889, -6.67,00060
01105638,"WEIR RIVER AT LEAVITT STREET AT HINGHAM, MA",42.2348226,-70.8719892, 14.19,00060
01105730,"INDIAN HEAD RIVER AT HANOVER, MA",42.1006571,-70.8225415, 2.35,00060
01105870,"JONES RIVER AT KINGSTON, MA",41.9909362,-70.7336491, 3.94,00060
01105880,"HERRING RIVER AT NORTH HARWICH, MA",41.70011074,-70.1069625, 9.12,00060
0110588332,"MARSTONS MILLS RV, DS OUT. OF BOG, MARS. MILLS, MA",41.66710556,-70.42362778, 82,00060
0110588340,"SANTUIT RIVER AT OLD KINGS ROAD AT SANTUIT, MA",41.62747588,-70.4505591,,00060
0110588364,"QUASHNET R. 0.6 MI DS OF JOHNS POND NR MASHPEE, MA",41.6331643,-70.5047501,,00060
011058837,"QUASHNET RIVER AT WAQUOIT VILLAGE, MA",41.59233175,-70.50780579, 0.00,00060
01105917,"MATTAPOISETT RIVER NEAR MATTAPOISETT, MA",41.66260446,-70.8383696, 9.17,00060
01105933,"PASKAMANSET RIVER NEAR SOUTH DARTMOUTH, MA",41.58538185,-70.9903171, 9.20,00060
01108000,"TAUNTON RIVER NEAR BRIDGEWATER, MA",41.9339903,-70.9564307, 8.79,00060
01108410,"MILL RIVER AT SPRING STREET AT TAUNTON, MA",41.8998232,-71.0894897, 14.19,00060
01109000,"WADING RIVER NEAR NORTON, MA",41.94760015,-71.1767155, 54.35,00060
01109060,"THREEMILE RIVER AT NORTH DIGHTON, MA",41.8662122,-71.12282369, 10.57,00060
01109070,"SEGREGANSET RIVER NEAR DIGHTON, MA",41.840379,-71.142824, 29.18,00060
01109730,"BLACKSTONE RIVER, W. MAIN ST., AT MILLBURY, MA",42.1889835,-71.7650702, 379.35,00060
01110000,"QUINSIGAMOND RIVER AT NORTH GRAFTON, MA",42.230372,-71.7109023, 334.32,00060
01111212,"BLACKSTONE RIVER, RT 122 BRIDGE NEAR UXBRIDGE, MA",42.05481959,-71.6164542, 198.12,00060
01111230,"BLACKSTONE RIVER AT MILLVILLE, MA",42.0228757,-71.5722859,,00060
01123360,"QUINEBAUG R BL E BRIMFIELD DAM AT FISKDALE, MA",42.108375,-72.1261306, 612.84,00060
01123600,"QUINEBAUG R BL WESTVILLE DAM NR SOUTHBRIDGE, MA",42.08261944,-72.0583806, 510.64,00060
01125000,"FRENCH RIVER AT WEBSTER, MA",42.0509298,-71.8842387, 406.00,00060
01161280,"CONNECTICUT RIVER NEAR NORTHFIELD, MA",42.6833333,-72.4719444, 170.00,00060
01162000,"MILLERS RIVER NEAR WINCHENDON, MA",42.6842527,-72.08341388, 825.92,00060
01162500,"PRIEST BROOK NEAR WINCHENDON, MA",42.6825859,-72.1150812, 848.95,00060
01163200,"OTTER RIVER AT OTTER RIVER, MA",42.58842124,-72.04091198, 899.33,00060
01165150,"MILLERS RIVER AT ATHOL, MASS.",42.59258697,-72.23925,,00060
01166500,"MILLERS RIVER AT ERVING, MA",42.5975862,-72.43786449, 379.48,00060
01168250,"COLD RIVER AT FLORIDA, MA",42.66669444,-73.0301667, 1539.6,00060
01168500,"DEERFIELD RIVER AT CHARLEMONT, MA",42.626,-72.8541944, 516.84,00060
01169000,"NORTH RIVER AT SHATTUCKVILLE, MA",42.63841775,-72.7250922, 457.86,00060
01169900,"SOUTH RIVER NEAR CONWAY, MA",42.5420303,-72.69370179, 459.45,00060
01170000,"DEERFIELD RIVER NEAR WEST DEERFIELD, MA",42.53591957,-72.65342328, 154.46,00060
01170100,"GREEN RIVER NEAR COLRAIN, MA",42.70341695,-72.67064738, 434.51,00060
01170500,"CONNECTICUT RIVER AT MONTAGUE CITY, MA",42.5802222,-72.5745, 99.32,00060
01171000,"AVERY BROOK NR WHATELY, MA",42.44990946,-72.6935489, 675,00060
01171100,"WEST BROOK NR WHATELY, MA",42.4143661,-72.6287562, 151,00060
01171500,"MILL RIVER AT NORTHAMPTON, MA",42.31897839,-72.6650907, 169.34,00060
01172010,"CONNECTICUT R AT I-391 BRIDGE AT HOLYOKE, MA",42.19146944,-72.6093111, 32.42,00060
01172500,"WARE RIVER NEAR BARRE, MA",42.42509025,-72.0245212, 744.33,00060
01173000,"WARE RIVER AT INTAKE WORKS NEAR BARRE, MA",42.39120167,-72.0650774, 631.28,00060
01173180,"WARE RIVER AT BARRE PLAINS, MA",42.38009065,-72.1142451, 574,00060
01173500,"WARE RIVER AT GIBBS CROSSING, MA",42.2362038,-72.27258047, 379.15,00060
01174500,"EAST BRANCH SWIFT RIVER NEAR HARDWICK, MA",42.3934237,-72.2384148, 504.06,00060
01174565,"WEST BRANCH SWIFT RIVER NEAR SHUTESBURY, MA",42.45508906,-72.3817516, 539.44,00060
01175500,"SWIFT RIVER AT WEST WARE, MA",42.2678699,-72.3325824, 364.54,00060
01175670,"SEVENMILE RIVER NEAR SPENCER, MA",42.26481407,-72.0042418, 629.40,00060
01176000,"QUABOAG RIVER AT WEST BRIMFIELD, MA",42.18231566,-72.263691, 389.36,00060
01177000,"CHICOPEE RIVER AT INDIAN ORCHARD, MA",42.16064906,-72.5139756, 124.31,00060
01179500,"WESTFIELD RIVER AT KNIGHTVILLE, MA",42.28786655,-72.8642636, 460.62,00060
01181000,"WEST BRANCH WESTFIELD RIVER AT HUNTINGTON, MA",42.23731169,-72.895654, 382.94,00060
01183500,"WESTFIELD RIVER NEAR WESTFIELD, MA",42.1067602,-72.698981, 97.52,00060
01185500,"WEST BRANCH FARMINGTON RIVER NEAR NEW BOSTON, MA",42.0788611,-73.0728833, 757.60,00060
01197000,"EAST BRANCH HOUSATONIC RIVER AT COLTSVILLE, MA",42.4695833,-73.1973333, 993,00060
01197145,"HOUSATONIC RIVER AT LENOXDALE, MA",42.34288889,-73.2451667,926.34,00060
01197500,"HOUSATONIC RIVER NEAR GREAT BARRINGTON, MA",42.23191667,-73.3546667, 682.41,00060
01198000,"GREEN RIVER NEAR GREAT BARRINGTON, MA",42.1929083,-73.3912306, 689.35,00060
01198125,"HOUSATONIC RIVER NEAR ASHLEY FALLS, MA",42.07470689,-73.333427,635.65,00060
01331500,"HOOSIC RIVER AT ADAMS, MA",42.61109077,-73.12397168, 827.8,00060
01332500,"HOOSIC RIVER NEAR WILLIAMSTOWN, MA",42.70025695,-73.1589722, 615.6,00060
01333000,"GREEN RIVER AT WILLIAMSTOWN, MA",42.70886815,-73.1967511, 610.6,00060
04001000,"WASHINGTON CREEK AT WINDIGO, MI",47.9212792,-89.1459197,604.00,00060
04031000,"BLACK RIVER NEAR BESSEMER, MI",46.5113361,-90.0746179, 1154.23,00060
04033000,"MIDDLE BRANCH ONTONAGON RIVER NEAR PAULDING, MI",46.3568916,-89.0765285, 1485.59,00060
04036000,"WEST BRANCH ONTONAGON RIVER NEAR BERGLAND, MI",46.5874471,-89.5418197, 1290.79,00060
04037500,"CISCO BRANCH ONTONAGON R AT CISCO LAKE OUTLET, MI",46.25330556,-89.4524722, 1672.65,00060
04040000,"ONTONAGON RIVER NEAR ROCKLAND, MI",46.7207742,-89.207086, 638.66,00060
04040500,"STURGEON RIVER NEAR SIDNAW, MI",46.58410589,-88.5759697, 1214.52,00060
04041500,"STURGEON RIVER NEAR ALSTON, MI",46.7258333,-88.6624167, 709.69,00060
04043016,"PILGRIM RIVER AT PARADISE RD NR DODGEVILLE, MI",47.0840943,-88.5506792,600.00,00060
04043050,"TRAP ROCK RIVER NEAR LAKE LINDEN, MI",47.22853637,-88.3853928, 621.71,00060
04043097,"FALLS RIVER NEAR L'ANSE, MI",46.7346552,-88.4431868,862.91,00060
04043150,"SILVER RIVER NEAR L'ANSE, MI",46.80409698,-88.3170724,615.93,00060
04043238,"SALMON TROUT RIVER NEAR BIG BAY, MI",46.78214818,-87.8776299,1100.99,00060
04043244,"EAST BRANCH SALMON TROUT RIVER NEAR DODGE CITY, MI",46.7857589,-87.8523522,1025.10,00060
04044003,"DEAD RIVER AT MARQUETTE, MI",46.5716944,-87.4103611, 598.02,00060
04044724,"AU TRAIN RIVER AT FOREST LAKE, MI",46.34077908,-86.8501514,638.56,00060
04044755,"MINERS RIVER NR MUNISING, MI",46.48772616,-86.5407188,618.34,00060
04045500,"TAHQUAMENON RIVER NEAR PARADISE, MI",46.5745833,-85.26963889, 698.17,00060
04046000,"BLACK RIVER NEAR GARNET, MI",46.11780556,-85.3660556, 629.64,00060
04056500,"MANISTIQUE RIVER NEAR MANISTIQUE, MI",46.03052857,-86.161249, 608.42,00060
04057510,"STURGEON RIVER NEAR NAHMA JUNCTION, MI",45.9430235,-86.7056997, 611.01,00060
04057800,"MIDDLE BRANCH ESCANABA RIVER AT HUMBOLDT, MI",46.49910267,-87.8865238, 1521.37,00060
04057813,"GREENWOOD DIVERSION NEAR GREENWOOD, MI",46.43438238,-87.7695795, 1454.72,00060
04057814,"GREENWOOD RELEASE NEAR GREENWOOD, MI",46.4393822,-87.7979128, 1473.91,00060
04058100,"MIDDLE BRANCH ESCANABA RIVER NR PRINCETON, MI",46.3171649,-87.5020817, 1103.02,00060
04058200,"SCHWEITZER CREEK NEAR PALMER, MI",46.41104987,-87.6243028, 1268.45,00060
04059000,"ESCANABA RIVER AT CORNELL, MI",45.90891667,-87.2135278, 749.36,00060
04059034,"ESCANABA RIVER NEAR WELLS, MI",45.80607766,-87.0976366,,00060
04059500,"FORD RIVER NEAR HYDE, MI",45.7549674,-87.2020793, 681.71,00060
04059750,"CEDAR RIVER AT COUNTY ROAD 366 NR CEDAR RIVER, MI",45.52388889,-87.395,602.31,00060
04060500,"IRON RIVER AT CASPIAN, MI",46.05856639,-88.627354, 1438.70,00060
04060993,"BRULE RIVER AT US HIGHWAY 2 NEAR FLORENCE, WI",45.96078737,-88.3159663,1229.96,00060
04061500,"PAINT RIVER AT CRYSTAL FALLS, MI",46.1057841,-88.3348576, 1306.1,00060
04062000,"PAINT RIVER NEAR ALPHA, MI",46.0110635,-88.2584682,1257.92,00060
04062500,"MICHIGAMME RIVER NEAR CRYSTAL FALLS, MI",46.113838,-88.2159687,1291.78,00060
04063522,"MENOMINEE RIVER AT US HWY-2 NEAR IRON MOUNTAIN, MI",45.86606566,-88.074573,1051.32,00060
04065650,"STURGEON RIVER AT US HWY-2 AT LORETTO, MI",45.77607029,-87.82845849,838.74,00060
04065722,"MENOMINEE RIVER NEAR VULCAN, MI",45.7366265,-87.86345709,794.73,00060
04066030,"MENOMINEE RIVER AT WHITE RAPIDS DAM NEAR BANAT, MI",45.4819444,-87.8022222, 679.65,00060
04066800,"MENOMINEE RIVER AT KOSS, MI",45.38719517,-87.7020585,655.36,00060
04096015,"GALIEN RIVER NEAR SAWYER, MI",41.87365438,-86.5750216, 600.52,00060
04096405,"ST. JOSEPH RIVER AT BURLINGTON, MI",42.1031014,-85.0799764,900.30,00060
04096515,"SOUTH BRANCH HOG CREEK NEAR ALLEN, MI",41.94865859,-84.8277403,1004.29,00060
04097500,"ST. JOSEPH RIVER AT THREE RIVERS, MI",41.94032575,-85.6327707, 780.88,00060
040975299,"PRAIRIE RIVER AT US 12 NEAR BURR OAK, MI",41.83638889,-85.2708333,867.06,00060
04097540,"PRAIRIE RIVER NEAR NOTTAWA, MI",41.88838304,-85.409428,839.35,00060
0409754132,"SPRING CREEK AT RAMBADT ROAD NEAR CENTREVILLE, MI",41.9431051,-85.4880439,811.38,00060
04098980,"MILL CREEK AT QUAKER STREET NEAR MOTTVILLE, MI",41.83060445,-85.74304939,785.65,00060
04099000,"ST. JOSEPH RIVER AT MOTTVILLE, MI",41.80088279,-85.7561047, 754.85,00060
04101500,"ST. JOSEPH RIVER AT NILES, MI",41.8292138,-86.2597325, 632.57,00060
041015313,"OSBORN DRAIN AT DEWEY LAKE ST NR GLENWOOD, MI",42.05587699,-86.0689021,731.10,00060
04101535,"DOWAGIAC RIVER AT STATE HWY 51 NEAR DOWAGIAC, MI",42.02777778,-86.1075,718.92,00060
04101590,"DOWAGIAC CREEK AT DUTCH SETTLEMENT RD NR DOWAGIAC,",41.9836111,-86.0027778,821.50,00060
04101800,"DOWAGIAC RIVER AT SUMNERVILLE, MI",41.9133797,-86.2130676, 692.04,00060
04102148,"SOUTH BRANCH PAW PAW RIVER NEAR PAW PAW, MI",42.2005953,-85.9014021,720.76,00060
04102500,"PAW PAW RIVER AT RIVERSIDE, MI",42.18642675,-86.3689124, 588.32,00060
04102700,"SOUTH BRANCH BLACK RIVER NEAR BANGOR, MI",42.35420009,-86.1875265,596.22,00060
04102776,"MIDDLE BRANCH BLACK RIVER NEAR SOUTH HAVEN, MI",42.4325306,-86.2069742, 590,00060
04103490,"RICE CREEK AT MONROE STREET AT MARSHALL, MI",42.2664309,-84.9585922,879.73,00060
04103500,"KALAMAZOO RIVER AT MARSHALL, MI",42.2647643,-84.96387, 876.65,00060
041035285,"DICKINSON CREEK NEAR CERESCO, MI",42.29143066,-85.1130435,848.50,00060
04104945,"WANADOGA CREEK NEAR BATTLE CREEK, MI",42.3964281,-85.13166, 826.64,00060
04105000,"BATTLE CREEK AT BATTLE CREEK, MI",42.33142969,-85.1536025, 822.81,00060
04105500,"KALAMAZOO RIVER NEAR BATTLE CREEK, MI",42.32392989,-85.1974929, 799.13,00060
04105700,"AUGUSTA CREEK NEAR AUGUSTA, MI",42.3533734,-85.3538894,811.78,00060
04106000,"KALAMAZOO RIVER AT COMSTOCK, MI",42.28559716,-85.513893,755.60,00060
04106320,"WEST FORK PORTAGE CREEK NEAR OSHTEMO, MI",42.23531839,-85.6483389, 868.43,00060
04106400,"WEST FORK PORTAGE CREEK AT KALAMAZOO, MI",42.2444854,-85.6144495, 857.66,00060
04106500,"PORTAGE CREEK AT KALAMAZOO, MI",42.2742075,-85.5763942, 760.85,00060
04107850,"KALAMAZOO RIVER NEAR ALLEGAN, MI",42.48225575,-85.798355,638.05,00060
04108600,"RABBIT RIVER NEAR HOPKINS, MI",42.6422537,-85.7219681,697.52,00060
04108660,"KALAMAZOO RIVER AT NEW RICHMOND, MI",42.65085976,-86.106703, 570.94,00060
04108800,"MACATAWA RIVER AT STATE ROAD NEAR ZEELAND, MI",42.77919167,-86.0183722, 585.22,00060
04108862,"PIGEON RIVER AT 120TH AVENUE NR OLIVE CENTER, MI",42.93279984,-86.08198959,602.35,00060
04109000,"GRAND RIVER AT JACKSON, MI",42.28364676,-84.4088483, 899.61,00060
04111000,"GRAND RIVER NEAR EATON RAPIDS, MI",42.5347305,-84.62297, 852.32,00060
04111379,"RED CEDAR RIVER NEAR WILLIAMSTON, MI",42.6830899,-84.2191329, 858.78,00060
04112000,"SLOAN CREEK NEAR WILLIAMSTON, MI",42.67586828,-84.3638605, 861.54,00060
04112500,"RED CEDAR RIVER AT EAST LANSING, MI",42.7272571,-84.4780317, 823.96,00060
04112850,"SYCAMORE CREEK AT HOLT ROAD NEAR HOLT, MI",42.6403134,-84.4827533, 844.89,00060
04113000,"GRAND RIVER AT LANSING, MI",42.75059039,-84.555257, 804.92,00060
04114000,"GRAND RIVER AT PORTLAND, MI",42.85642289,-84.9122182, 704.52,00060
04114498,"LOOKING GLASS RIVER NEAR EAGLE, MI",42.82809018,-84.7594339,750.01,00060
04115000,"MAPLE RIVER AT MAPLE RAPIDS, MI",43.10975485,-84.6930521, 642.09,00060
04115265,"FISH CREEK NEAR CRYSTAL, MI",43.2497545,-84.9811245,790.07,00060
04116000,"GRAND RIVER AT IONIA, MI",42.971977,-85.0691725, 614.63,00060
04117004,"QUAKER BROOK AT STATE HWY M-66 NEAR NASHVILLE, MI",42.5672584,-85.0949975, 817.9,00060
04117500,"THORNAPPLE RIVER NEAR HASTINGS, MI",42.6158688,-85.2363933, 786.31,00060
04118000,"THORNAPPLE RIVER NEAR CALEDONIA, MI",42.8111429,-85.4833523, 675.89,00060
04118500,"ROGUE RIVER NEAR ROCKFORD, MI",43.0822491,-85.5908648, 624.36,00060
04119000,"GRAND RIVER AT GRAND RAPIDS, MI",42.963082,-85.6772533, 585.24,00060
04119055,"PLASTER CREEK AT 28TH STREET AT GRAND RAPIDS, MI",42.91280557,-85.650584, 640.11,00060
04119070,"GRAND RIVER AT STATE HWY M-11 AT GRANDVILLE, MI",42.9153038,-85.7672555, 579.99,00060
04119160,"BUCK CREEK AT WILSON AVENUE AT GRANDVILLE, MI",42.9025263,-85.7628105,599.08,00060
04119400,"GRAND RIVER NEAR EASTMANVILLE, MI",43.0241884,-86.0264354, 569.09,00060
04121300,"CLAM RIVER AT VOGEL CENTER, MI",44.2005692,-85.0528147,1123.08,00060
04121494,"CHIPPEWA CREEK AT 90TH AVENUE NEAR EVART, MI",43.9258333,-85.2666667, 1037.11,00060
04121500,"MUSKEGON RIVER AT EVART, MI",43.8991863,-85.2553192, 977.35,00060
04121507,"TWIN CREEK AT EIGHT MILE ROAD NEAR EVART, MI",43.92944444,-85.2933333, 1069.00,00060
04121650,"MUSKEGON RIVER AT BIG RAPIDS, MI",43.693634,-85.4675442, 886,00060
04121944,"LITTLE MUSKEGON RIVER NEAR OAK GROVE, MI",43.43085818,-85.5955989,747.12,00060
04121970,"MUSKEGON RIVER NEAR CROTON, MI",43.43474558,-85.6653239, 675.21,00060
04122001,"MUSKEGON RIVER AT BRIDGE STREET AT NEWAYGO, MI",43.41694444,-85.8083333, 621.69,00060
04122025,"MUSKEGON RIVER AT BRIDGETON, MI",43.34724097,-85.9394978, 598.12,00060
04122100,"BEAR CREEK NEAR MUSKEGON, MI",43.2886254,-86.2228378, 589.56,00060
04122200,"WHITE RIVER NEAR WHITEHALL, MI",43.46417856,-86.2325668, 593.81,00060
04122500,"PERE MARQUETTE RIVER AT SCOTTVILLE, MI",43.9450063,-86.2786896, 597.47,00060
04124000,"MANISTEE RIVER NEAR SHERMAN, MI",44.43639239,-85.6986792, 803.99,00060
04124200,"MANISTEE RIVER NEAR MESICK, MI",44.3630596,-85.820905, 731.95,00060
04124500,"EAST BRANCH PINE RIVER NEAR TUSTIN, MI",44.102511,-85.5172766, 1077.35,00060
04125460,"PINE RIVER AT HIGH SCHOOL BRIDGE NR HOXEYVILLE, MI",44.19334009,-85.7697863,817.48,00060
04125550,"MANISTEE RIVER NEAR WELLSTON, MI",44.25944459,-85.9416248,618.67,00060
04126740,"PLATTE RIVER AT HONOR, MI",44.6680551,-86.0348123, 589.43,00060
04126970,"BOARDMAN R ABOVE BROWN BRIDGE ROAD NR MAYFIELD, MI",44.65667,-85.436731,817.58,00060
04127200,"BOARDMAN RIVER AT BEITNER RD NR TRAVERSE CITY, MI",44.67527949,-85.6309068,665.43,00060
041275685,"CLAM LAKE OUTLET TO TORCH LAKE NR ALDEN,MI",44.94250278,-85.2836,574.28,00060
04127570,"TORCH RIVER AT COUNTY ROAD 593 AT TORCH RIVER, MI",44.8504,-85.3275222,591,00060
04127800,"JORDAN RIVER NEAR EAST JORDAN, MI",45.10111787,-85.0972788, 596.12,00060
04127885,"ST. MARYS RIVER AT SAULT STE. MARIE, ONTARIO",46.4983333,-84.3152778,,00060
04127917,"PINE RIVER NEAR RUDYARD, MI",46.19055556,-84.6122222,604.42,00060
04127997,"STURGEON RIVER AT WOLVERINE, MI",45.27445746,-84.6000315,763.33,00060
04128990,"PIGEON RIVER NEAR VANDERBILT, MI",45.156124,-84.4675226, 908.73,00060
04133501,"THUNDER BAY RIVER AT HERRON ROAD NEAR BOLTON, MI",45.1241787,-83.63554,659.88,00060
04135700,"SOUTH BRANCH AU SABLE RIVER NEAR LUZERNE, MI",44.61473849,-84.455575,1059.26,00060
04136000,"AU SABLE RIVER NEAR RED OAK, MI",44.6769593,-84.2925146,984.21,00060
04136500,"AU SABLE RIVER AT MIO, MI",44.66001385,-84.1311167, 929.15,00060
04136900,"AU SABLE RIVER NEAR MC KINLEY, MI",44.61277537,-83.8376616,824.48,00060
04137005,"AU SABLE RIVER NEAR CURTISVILLE, MI",44.56084749,-83.802764, 777.54,00060
04137500,"AU SABLE RIVER NEAR AU SABLE, MI",44.43640447,-83.4338609, 583.36,00060
04137680,"PINE RIVER AT KINGS CORNER RD NR OSCODA, MI",44.51166408,-83.4068134,580.46,00060
04137716,"VAN ETTEN CREEK AT HWY F-41 AT OSCODA, MI",44.44067778,-83.34156389,570.34,00060
041377255,"AU SABLE RIVER NR US23 AT OSCODA, MI",44.4170611,-83.3307472,565.52,00060
04138030,"E BR AU GRES R AT E ANDREWS RD NR ALABASTER, MI",44.1435833,-83.5856278,601,00060
04138536,"AU GRES RIVER AT S MACKINAW RD NR AU GRES, MI",44.080225,-83.6858611,585,00060
04142000,"RIFLE RIVER NEAR STERLING, MI",44.0725203,-84.0199939, 648.95,00060
04143220,"PINE RIVER AT PINE RIVER RD NR STANDISH, MI",43.9830861,-83.8636167,581,00060
04144032,"THREEMILE CREEK AT PRIOR ROAD NEAR DURAND, MI",42.88169789,-83.9846833, 793.77,00060
04144500,"SHIAWASSEE RIVER AT OWOSSO, MI",43.01502685,-84.17997, 706.76,00060
04145000,"SHIAWASSEE RIVER NEAR FERGUS, MI",43.2547478,-84.1055324,584.94,00060
04145785,"SWAN CREEK AT FROST ROAD NEAR FROST, MI",43.4522487,-84.1202582,579.14,00060
04146000,"FARMERS CREEK NEAR LAPEER, MI",43.0447494,-83.33716779, 805.33,00060
04146063,"SOUTH BRANCH FLINT RIVER NEAR COLUMBIAVILLE,MI",43.1594706,-83.3507814,763.00,00060
04147500,"FLINT RIVER NEAR OTISVILLE, MI",43.11113726,-83.5193965, 720.89,00060
04148140,"KEARSLEY CREEK NEAR DAVISON, MI",43.0336381,-83.5813417, 746.89,00060
041482663,"ALGER CREEK AT HILL ROAD NEAR SWARTZ CREEK, MI",42.9419733,-83.8460698, 761.5,00060
04148295,"SWARTZ CREEK AT CLAUDE AVENUE AT FLINT, MI",42.9858609,-83.7388461, 728.2,00060
04148500,"FLINT RIVER NEAR FLINT, MI",43.03891625,-83.771626, 678.29,00060
04149000,"FLINT RIVER NEAR FOSTERS, MI",43.30833635,-83.9535014,575.72,00060
04150500,"CASS RIVER AT CASS CITY, MI",43.5841674,-83.175974, 697.48,00060
04150800,"CASS RIVER AT WAHJAMEGA, MI",43.45057745,-83.4413428, 632.24,00060
04151500,"CASS RIVER AT FRANKENMUTH, MI",43.3278021,-83.7480196, 583.29,00060
04152049,"TITTABAWASSEE RIVER AT SECORD DAM NR GLADWIN, MI",44.04113225,-84.3422276,698.51,00060
04152238,"SOUTH BRANCH TOBACCO RIVER NEAR BEAVERTON, MI",43.8669691,-84.545289, 709.40,00060
04152500,"TOBACCO RIVER AT GLIDDEN ROAD AT BEAVERTON, MI",43.8794687,-84.4738977, 682.73,00060
04153300,"TITTABAWASSEE RIVER AT SANFORD, MI",43.6769719,-84.382499,589.01,00060
04153500,"SALT RIVER NEAR NORTH BRADLEY, MI",43.7030836,-84.4711157,611.32,00060
04153725,"CHIPPEWA RIVER AT DREW RD NR DREW, MI",43.66128889,-85.0300556,892.24,00060
04153905,N BR CHIPPEWA RIVER MERIDIAN RD NR MT PLEASANT MI,43.59268056,-84.847925,772.48,00060
04154000,"CHIPPEWA RIVER NEAR MOUNT PLEASANT, MI",43.62614048,-84.70778969, 709.87,00060
04154512,CHIPPEWA RIVER AT S HOMER RD NR MIDLAND,43.6011083,-84.3305472,592.56,00060
04154612,"WOLF CREEK AT PINE GROVE ROAD NEAR VESTABURG, MI",43.4230869,-84.9502956,859.86,00060
04155500,"PINE RIVER NEAR MIDLAND, MI",43.56447276,-84.3691619, 623.44,00060
04156000,"TITTABAWASSEE RIVER AT MIDLAND, MI",43.59530477,-84.2355439, 579.47,00060
04157005,"SAGINAW RIVER AT HOLLAND AVENUE AT SAGINAW, MI",43.4219699,-83.951918, 565.79,00060
04157060,"SAGINAW RIVER AT MIDLAND STREET AT BAY CITY, MI",43.60194444,-83.8922222,578,00060
04159005,"PIGEON RIVER AT LIMERICK ROAD NEAR CASEVILLE, MI",43.91722158,-83.2431979,588,00060
04159046,"PINNEBOG RIVER AT KINDE RD NEAR PINNEBOG, MI",43.9352583,-83.1267472,592,00060
041590774,"WILLOW CREEK AT MOELLER ROAD NR REDMAN, MI",43.9583333,-82.845,652.98,00060
04159130,"ST. CLAIR RIVER AT PORT HURON, MI",42.98697429,-82.4246369,,00060
04159492,"BLACK RIVER NEAR JEDDO, MI",43.15086,-82.6246474, 651.58,00060
04159900,"MILL CREEK NEAR AVOCA, MI",43.0544713,-82.734649, 710.92,00060
04160600,"BELLE RIVER AT MEMPHIS, MI",42.9008622,-82.7690914, 705.29,00060
04161000,"CLINTON RIVER AT AUBURN HILLS, MI",42.63336646,-83.2243782, 846.10,00060
04161540,"PAINT CREEK AT ROCHESTER, MI",42.68836558,-83.1429886, 754.66,00060
04161820,"CLINTON RIVER AT STERLING HEIGHTS, MI",42.6144781,-83.02659329,600.06,00060
04163400,"PLUM BROOK AT UTICA, MI",42.60142277,-83.0713165, 617.27,00060
04164000,"CLINTON RIVER NEAR FRASER, MI",42.57781225,-82.951589, 577.21,00060
04164100,"EAST POND CREEK AT ROMEO, MI",42.82252996,-83.0202102, 773.97,00060
04164300,"EAST BRANCH COON CREEK AT ARMADA, MI",42.84586297,-82.8849278,732.78,00060
04164500,"NORTH BRANCH CLINTON RIVER NEAR MT. CLEMENS, MI",42.62920008,-82.8888104, 575.84,00060
04164800,"MIDDLE BRANCH CLINTON RIVER AT MACOMB, MI",42.7064207,-82.959094, 602.59,00060
04165500,"CLINTON RIVER AT MORAVIAN DRIVE AT MT. CLEMENS, MI",42.5958674,-82.90881, 570.10,00060
04165710,"DETROIT RIVER AT FORT WAYNE AT DETROIT, MI",42.2980939,-83.0926997,,00060
04166000,"RIVER ROUGE AT BIRMINGHAM, MI",42.5458678,-83.2235418, 715.54,00060
04166100,"RIVER ROUGE AT SOUTHFIELD, MI",42.44750765,-83.29736958, 609.51,00060
04166300,"UPPER RIVER ROUGE AT FARMINGTON, MI",42.46447955,-83.369655, 690.37,00060
04166500,"RIVER ROUGE AT DETROIT, MI",42.3730923,-83.2546513, 583.64,00060
04167000,"MIDDLE RIVER ROUGE NEAR GARDEN CITY, MI",42.34809259,-83.31159728, 600.46,00060
04168400,"LOWER RIVER ROUGE AT DEARBORN, MI",42.30837099,-83.2527063, 579.99,00060
04168580,"ECORSE RIVER AT DEARBORN HEIGHTS, MI",42.2694826,-83.28965169,606.08,00060
04168660,"FRANK AND POET DRAIN AT KING RD AT TRENTON, MI",42.15531879,-83.2060377,575.74,00060
04172000,"HURON RIVER NEAR HAMBURG, MI",42.4653119,-83.799943, 849.67,00060
04173500,"MILL CREEK NEAR DEXTER, MI",42.30031476,-83.8982774,848.68,00060
04174040,"HURON RIVER AT ZEEB RD AT SCIO, MI",42.3237472,-83.8406333,811.48,00060
04174490,"ALLEN CREEK AT MOUTH AT ANN ARBOR, MI",42.2897222,-83.7461111,761.19,00060
04174500,"HURON RIVER AT ANN ARBOR, MI",42.28698238,-83.7338296, 744.40,00060
04174518,"MALLETTS CREEK AT ANN ARBOR, MI",42.2647606,-83.688273,746.82,00060
04175600,"RIVER RAISIN NEAR MANCHESTER, MI",42.1680947,-84.0760575,893.59,00060
04175748,S BRANCH RIVER RAISIN AT BENNER HWAY NR CADMUS MI,41.8579611,-84.1596944,798.79,00060
04176000,"RIVER RAISIN NEAR ADRIAN, MI",41.9047691,-83.98077629, 692.73,00060
04176063,"NILE DITCH AT ARNOLD HWY NR JASPER, MI",41.7776111,-84.03688889,706.65,00060
04176356,"SALINE RIVER AT AUSTIN ROAD NEAR BRIDGEWATER, MI",42.1611214,-83.84433309,796.80,00060
04176400,"SALINE RIVER NEAR SALINE, MI",42.13031915,-83.7757737, 702.70,00060
04176500,"RIVER RAISIN NEAR MONROE, MI",41.9606008,-83.53104619, 615.82,00060
04176617,"MUDDY CREEK AT BELLETERRE RD NR ERIE, MI",41.82532407,-83.4657669,586.13,00060
04177080,"E BR ST JOSEPH R AT TERRITORIAL RD NR WALDRON, MI",41.70945895,-84.4907444,868.63,00060
041843678,"LIME CREEK AT RANGER HIGHWAY NEAR MORENCI, MI",41.75497778,-84.25168889,760.43,00060
04010500,PIGEON RIVER AT MIDDLE FALLS NR GRAND PORTAGE MN,48.01222239,-89.616204, 787.05,00060
04010510,GRAND PORTAGE RIVER AT GRAND PORTAGE MN,47.9634982,-89.6834233,598.45,00060
04015330,"KNIFE RIVER NEAR TWO HARBORS, MN",46.94688005,-91.7924013,616.37,00060
04015438,"ST. LOUIS RIVER NEAR SKIBO, MN",47.4811111,-92.04, 1500,00060
04021520,"STONEY BROOK AT PINE DRIVE NEAR BROOKSTON, MN",46.78166667,-92.6366667, 1278.11,00060
04024000,"ST. LOUIS RIVER AT SCANLON, MN",46.7032765,-92.4188018, 1101.08,00060
05030500,"OTTER TAIL RIVER NEAR ELIZABETH, MN",46.3694039,-96.0175556, 1255.66,00060
05046000,"OTTER TAIL RIVER BL ORWELL D NR FERGUS FALLS, MN",46.2143495,-96.1841473, 1032.10,00060
05046475,"OTTER TAIL RIVER DIVERSION AT BRECKENRIDGE, MN",46.27724167,-96.5821111,939.89,00060
05049000,"MUSTINKA RIVER ABOVE WHEATON, MN",45.820794,-96.4906218, 900.14,00060
05051300,"BOIS DE SIOUX RIVER NEAR DORAN, MN",46.1521813,-96.5792389, 944.23,00060
05061000,"BUFFALO RIVER NEAR HAWLEY, MN",46.84995979,-96.3295093,1112.92,00060
05061500,"SOUTH BRANCH BUFFALO RIVER AT SABIN, MN",46.7755175,-96.6281318,903.33,00060
05062000,"BUFFALO RIVER NEAR DILWORTH, MN",46.9610736,-96.661465, 879.48,00060
05062130,"RED RIVER OF THE NORTH NEAR GEORGETOWN, MN",47.0926944,-96.8170556,832.25,00060
05062500,"WILD RICE RIVER AT TWIN VALLEY, MN",47.26555556,-96.2475,1010.90,00060
05063398,"S. BR. WILD RICE RIVER AT CO. RD. 27 NR FELTON, MN",47.1133333,-96.3858333,955.85,00060
05064000,"WILD RICE RIVER AT HENDRUM, MN",47.26802728,-96.7975783,837.71,00060
05067500,"MARSH RIVER NEAR SHELLY, MN",47.41247148,-96.764244,842.02,00060
05069000,"SAND HILL RIVER AT CLIMAX, MN",47.61191807,-96.8147998,820.91,00060
05074500,"RED LAKE RIVER NEAR RED LAKE, MN",47.9574572,-95.2766714, 1100.25,00060
05075000,"RED LAKE RIVER AT HIGH LANDING NR GOODRIDGE, MN",48.04857277,-95.8086296,1142.07,00060
05076000,"THIEF RIVER NEAR THIEF RIVER FALLS, MN",48.1855249,-96.1700335, 1113.58,00060
05078000,"CLEARWATER RIVER AT PLUMMER, MN",47.9232974,-96.0464226,1099.28,00060
05078230,"LOST RIVER AT OKLEE, MN",47.84301627,-95.8586369,1127.09,00060
05078500,"CLEARWATER RIVER AT RED LAKE FALLS, MN",47.88620556,-96.2765806, 944.77,00060
05079000,"RED LAKE RIVER AT CROOKSTON, MN",47.77552716,-96.6095101,834.00,00060
05080000,"RED LAKE RIVER AT FISHER, MN",47.8002519,-96.8089627,798.85,00060
05085450,"SNAKE RIVER ABOVE WARREN, MN",48.2097222,-96.7180556,800.51,00060
05087500,"MIDDLE RIVER AT ARGYLE, MN",48.3402552,-96.8164502,829.94,00060
05094000,"SOUTH BRANCH TWO RIVERS AT LAKE BRONSON, MN",48.7324786,-96.6675444,929.78,00060
05104500,"ROSEAU RIVER BELOW SOUTH FORK NEAR MALUNG, MN",48.79470197,-95.7424885, 1031.18,00060
05106000,"SPRAGUE CREEK NEAR SPRAGUE, MANITOBA, CANADA",48.99248859,-95.6621992,1040.17,00060
05107500,"ROSEAU RIVER AT ROSS, MN",48.9102603,-95.9219402,1019.95,00060
05112000,"ROSEAU RIVER BELOW STATE DITCH 51 NR CARIBOU, MN",48.98164829,-96.4630804,1003.73,00060
05124480,"KAWISHIWI RIVER NEAR ELY, MN",47.9226749,-91.535126,1438.23,00060
05125000,"SOUTH KAWISHIWI RIVER NEAR ELY, MN",47.83990347,-91.69541879, 1423.61,00060
05126210,"SOUTH KAWISHIWI R ABV WHITE IRON LAKE NR ELY, MN",47.84185,-91.7990339,,00060
05127500,"BASSWOOD RIVER NEAR WINTON, MN",48.0823937,-91.6526237,1298.11,00060
05128400,"SAND RIVER NEAR BRITT, MN",47.631035,-92.5568459,1240.70,00060
05129115,"VERMILION RIVER NR CRANE LAKE, MN",48.2646282,-92.5659935, 1159.88,00060
05129290,"GOLD PORTAGE OUTLET FROM KABETOGAMA LK NR RAY,MN",48.5243635,-93.0748688, 1100.52,00060
05129515,"RAINY R AT BOAT LANDING BLW INTERNATIONAL FALLS,MN",48.5922222,-93.4466667, 1059.91,00060
05131500,"LITTLE FORK RIVER AT LITTLEFORK, MN",48.39577636,-93.5493266, 1085.02,00060
05132000,"BIG FORK RIVER AT BIG FALLS, MN",48.1957849,-93.8071245,1145.77,00060
05133500,"RAINY RIVER AT MANITOU RAPIDS, MN",48.6344009,-93.913228,1063.66,00060
05134200,"RAPID RIVER NEAR BAUDETTE, MN",48.53608068,-94.562716,1095.28,00060
05137500,"RAINY RIVER NEAR BOAT LANDING AT WHEELERS POINT,MN",48.83027778,-94.705, 1055.19,00060
05200510,"MISSISSIPPI RIVER NEAR BEMIDJI, MN",47.48328559,-94.7280436, 1314.34,00060
05207600,"MISSISSIPPI RIVER AT WILLOW BEACH AT BALL CLUB, MN",47.3022222,-93.9013889,1270.80,00060
05211000,"MISSISSIPPI RIVER AT GRAND RAPIDS, MN",47.23216599,-93.5302144,1242.84,00060
05212700,"PRAIRIE RIVER NEAR TACONITE, MN",47.3888277,-93.380757,1296.36,00060
05227500,"MISSISSIPPI RIVER AT AITKIN, MN",46.5405128,-93.7074712,1183.02,00060
05227530,"MISSISSIPPI RIVER DIVERSION NEAR AITKIN, MN",46.59166667,-93.6869444,1182.63,00060
05242300,"MISSISSIPPI RIVER AT BRAINERD, MN",46.377744,-94.1833279,1147.65,00060
05243725,"STRAIGHT RIVER NEAR PARK RAPIDS, MN",46.87495909,-95.0658552,1399.58,00060
05244000,"CROW WING RIVER AT NIMROD, MN",46.64023789,-94.8791839,1313.06,00060
05245100,"LONG PRAIRIE RIVER AT LONG PRAIRIE, MN",45.97496449,-94.8658552, 1282.52,00060
05247500,"CROW WING RIVER NEAR PILLAGER, MN",46.304967,-94.3775036, 1151.06,00060
05267000,"MISSISSIPPI RIVER NEAR ROYALTON, MN",45.8260765,-94.3552782, 1019.19,00060
05270500,"SAUK RIVER NEAR ST. CLOUD, MN",45.55968715,-94.2336033, 1035.26,00060
05270700,"MISSISSIPPI RIVER AT ST. CLOUD, MN",45.5471875,-94.145822, 958.88,00060
05275000,"ELK RIVER NEAR BIG LAKE, MN",45.3338537,-93.6669098, 900.04,00060
05280000,"CROW RIVER AT ROCKFORD, MN",45.0866297,-93.734132, 893.62,00060
05283500,"MISSISSIPPI RIVER AT US HWY 169 AT CHAMPLIN, MN",45.19163166,-93.394676, 826.06,00060
05286000,"RUM RIVER NEAR ST. FRANCIS, MN",45.32774267,-93.3724537, 861.13,00060
05287890,"ELM CREEK NR CHAMPLIN, MN",45.1632981,-93.4366212, 848.69,00060
05288475,"COON CREEK AT 131 STREET IN COON RAPIDS, MN",45.20829845,-93.334119, 0.00,00060
05288487,"SAND CREEK AT XEON STREET IN COON RAPIDS, MN",45.183854,-93.2968955, 844.29,00060
05288490,"COON CREEK AT VALE STREET IN COON RAPIDS, MN",45.14636988,-93.2919236,,00060
05288500,"MISSISSIPPI RIVER AT HWY 610 IN BROOKLYN PARK, MN",45.12880126,-93.2992726, 804.74,00060
05288580,"RICE CREEK BLW OLD HWY. 8 IN MOUNDS VIEW, MN",45.0933333,-93.195, 860.64,00060
05288705,"SHINGLE CREEK AT QUEEN AVE IN MINNEAPOLIS, MN",45.04996508,-93.3102274, 825.85,00060
05289800,"MINNEHAHA CREEK AT HIAWATHA AVE. IN MINNEAPOLIS,MN",44.91552097,-93.2127224, 790.64,00060
05292000,"MINNESOTA RIVER AT ORTONVILLE, MN",45.29552046,-96.4442231, 959.15,00060
05292704,"NORTH FORK YELLOW BANK RIVER NEAR ODESSA, MN",45.18913155,-96.415332, 1020.00,00060
05293000,"YELLOW BANK RIVER NEAR ODESSA, MN",45.2269094,-96.353665, 954.09,00060
05294000,"POMME DE TERRE RIVER AT APPLETON, MN",45.2027393,-96.0225455, 978.63,00060
05300000,"LAC QUI PARLE RIVER NEAR LAC QUI PARLE, MN",44.99523647,-95.9197542, 947.26,00060
05301000,"MINNESOTA RIVER NEAR LAC QUI PARLE, MN",45.0213472,-95.8683648, 900.54,00060
05304500,"CHIPPEWA RIVER NEAR MILAN, MN",45.108292,-95.7989224, 960.21,00060
05305000,"CHIPPEWA RIVER (TW) NEAR WATSON, MN",45.02106855,-95.7905848, 900.66,00060
05311000,"MINNESOTA RIVER AT MONTEVIDEO, MN",44.9332903,-95.7336374, 871.82,00060
05311150,"MINNESOTA RIVER AT HWY 212 IN GRANITE FALLS, MN",44.80555556,-95.5441667, 0.00,00060
05313500,"YELLOW MEDICINE RIVER NEAR GRANITE FALLS, MN",44.71516667,-95.5441111, 984.47,00060
05315000,"REDWOOD RIVER NEAR MARSHALL, MN",44.43016667,-95.8295556, 1173.84,00060
05316500,"REDWOOD RIVER NEAR REDWOOD FALLS, MN",44.5235701,-95.1724992, 972.93,00060
05316580,"MINNESOTA RIVER AT MORTON, MN",44.5460717,-94.9963838, 805.27,00060
05316770,"MINNESOTA RIVER AT NEW ULM, MN",44.29694444,-94.4336111, 0.00,00060
05317000,"COTTONWOOD RIVER NEAR NEW ULM, MN",44.28939167,-94.4386056, 820,00060
05317200,"LITTLE COTTONWOOD RIVER NEAR COURTLAND, MN",44.2463534,-94.3388558, 788.46,00060
05319500,"WATONWAN RIVER NEAR GARDEN CITY, MN",44.04635215,-94.1955144, 905.27,00060
05320000,"BLUE EARTH RIVER NEAR RAPIDAN, MN",44.09552035,-94.1094019, 807.92,00060
05320500,"LE SUEUR RIVER NEAR RAPIDAN, MN",44.10968777,-94.0419002, 775.88,00060
05325000,"MINNESOTA RIVER AT MANKATO, MN",44.1688553,-94.0032886, 748.00,00060
05327000,"HIGH ISLAND CREEK NEAR HENDERSON, MN",44.5719079,-93.9219113, 728.64,00060
05330000,"MINNESOTA RIVER NEAR JORDAN, MN",44.69301845,-93.641902, 690.08,00060
05331000,"MISSISSIPPI RIVER AT ST. PAUL, MN",44.9444444,-93.0881111, 683.77,00060
05331580,"MISSISSIPPI RIVER BELOW L&D 2 AT HASTINGS, MN",44.7458333,-92.8477778, 667.88,00060
05336700,"KETTLE RIVER BELOW SANDSTONE, MN",46.1055048,-92.8640899, 931.81,00060
05338500,"SNAKE RIVER NEAR PINE CITY, MN",45.84162199,-92.9335412, 919.90,00060
05341550,"ST. CROIX RIVER AT STILLWATER, MN",45.05607806,-92.8040963, -0.58,00060
05345000,"VERMILLION RIVER NEAR EMPIRE, MN",44.66663318,-93.0549358, 852.23,00060
05353800,"STRAIGHT RIVER NEAR FARIBAULT, MN",44.2580192,-93.2310473, 1035.2,00060
05354500,"CANNON RIVER AT CO. HWY. 29 BELOW FARIBAULT, MN",44.3597222,-93.2566667, 927.34,00060
05355024,CANNON RIVER AT NORTHFIELD MN,44.4585833,-93.1596667, 0.00,00060
05355092,"CANNON RIVER AT 9TH ST. BRIDGE IN CANNON FALLS, MN",44.5169722,-92.9120278, 773.57,00060
05355200,"CANNON RIVER AT WELCH, MN",44.5638559,-92.7321429, 699.66,00060
05355250,"MISSISSIPPI RIVER AT RED WING, MN",44.56530556,-92.5424444, 664.82,00060
05372995,"SOUTH FORK ZUMBRO RIVER AT ROCHESTER, MN",44.061631,-92.4662889, 949.07,00060
05378500,"MISSISSIPPI RIVER AT WINONA, MN",44.0555186,-91.6376487, 639.50,00060
05383950,"ROOT RIVER NEAR PILOT MOUND, MN",43.7846858,-92.0301573, 849.01,00060
05385000,"ROOT RIVER NEAR HOUSTON, MN",43.76857719,-91.5698654, 667.02,00060
05385500,"SOUTH FORK ROOT RIVER NEAR HOUSTON, MN",43.73857768,-91.5640317, 680.55,00060
05457000,"CEDAR RIVER NEAR AUSTIN, MN",43.63718529,-92.9746369, 1162.08,00060
05475350,"DES MOINES RIVER ABOVE WINDOM, MN",43.89023529,-95.1611041, 1333.20,00060
05476000,"DES MOINES RIVER AT JACKSON, MN",43.62081429,-94.985131, 1292.07,00060
02429900,"BIG BROWN CREEK NR BOONEVILLE, MS",34.6247222,-88.445, 326.56,00060
02429980,"POLLARD MILL BRANCH AT PADEN, MS",34.65388889,-88.24888889, 436.30,00060
02430085,"RED BUD CREEK NR MOORES MILL, MS",34.46666667,-88.2836111, 360.36,00060
02430161,"TENN-TOM WATERWAY BL MONTGOMERY L&D NR FULTON, MS",34.46244444,-88.3683056,,00060
02430615,"MUD CREEK NR FAIRVIEW, MS",34.3925,-88.355, 313,00060
02430626,"TENN-TOM WATERWAY BL RANKIN L&D NR FULTON, MS",34.3603611,-88.4087778,,00060
02430680,"TWENTYMILE CREEK NR GUNTOWN, MS",34.45277778,-88.5772222, 280.00,00060
02430880,"CUMMINGS CREEK NR FULTON, MS",34.30444444,-88.3711111,291.61,00060
02431000,"TOMBIGBEE RIVER NR FULTON, MS",34.265,-88.4452778,243.16,00060
02431011,"TENN-TOM WATERWAY BL FULTON L&D NR FULTON, MS",34.2549722,-88.4241667,,00060
02432500,"BULL MOUNTAIN CREEK AT TREMONT, MS",34.23916667,-88.2716667,321.73,00060
02433151,"TENN-TOM WATERWAY BL WILKINS L&D NR SMITHVILLE, MS",34.063,-88.428,,00060
02433496,"TENN-TOM WATERWAY BL AMORY L&D AT AMORY, MS",34.00944444,-88.49138889,,00060
02433500,"TOMBIGBEE RIVER AT BIGBEE, MS",34.01138889,-88.5136111,190.39,00060
02435020,"TOWN CREEK AT EASON BOULEVARD AT TUPELO, MS",34.23555556,-88.6958333,233.52,00060
02436500,"TOWN CREEK NR NETTLETON, MS",34.05916667,-88.6280556,194.07,00060
02437000,"TOMBIGBEE RIVER NR AMORY, MS",33.98555556,-88.5511111,178.85,00060
02437100,"TOMBIGBEE RIVER AT ABERDEEN LOCK AND DAM, MS",33.83,-88.52, 150,00060
02439400,"BUTTAHATCHEE RIVER NR ABERDEEN, MS",33.79,-88.3152778, 221,00060
02440500,"CHUQUATONCHEE CREEK NR WEST POINT, MS",33.6072222,-88.7091667, 170.00,00060
02441300,"CATALPA CREEK AT MAYHEW, MS",33.48138889,-88.6286111, 173.02,00060
02441390,"TOMBIGBEE RIVER AT STENNIS LOCK AND DAM, MS",33.5175,-88.4894444, 100,00060
02443000,"LUXAPALLILA CREEK AT STEENS, MS",33.56027778,-88.3152778, 179.45,00060
02443500,"LUXAPALLILA CREEK NR COLUMBUS, MS",33.51416667,-88.3952778,142.31,00060
02448000,"NOXUBEE RIVER AT MACON, MS",33.0723611,-88.5587778, 136.9,00060
02467200,"SUCARNOOCHEE RIVER NR PORTERVILLE, MS",32.6986111,-88.485, 175,00060
02472000,"LEAF RIVER NR COLLINS, MS",31.70694444,-89.4069444,196.77,00060
02472500,"BOUIE CREEK NR HATTIESBURG, MS",31.42583333,-89.4147222,159.65,00060
02472850,"OKATOMA CREEK AT SANFORD, MS",31.48916667,-89.4333333, 183.33,00060
02472980,"BOUIE RIVER AT GLENDALE AVENUE AT HATTIESBURG, MS",31.34925,-89.306,117.64,00060
02473000,"LEAF RIVER AT HATTIESBURG, MS",31.34305556,-89.2802778,117.77,00060
02473460,"TALLAHALA CREEK AT WALDRUP, MS",31.9661111,-89.115,289.84,00060
02473500,"TALLAHALA CREEK AT LAUREL, MS",31.68083333,-89.1155556,200.71,00060
02473850,"TALLAHOMA CREEK TRIBUTARY AT LAKE COMO, MS",31.96194444,-89.2052778,,00060
02474500,"TALLAHALA CREEK NR RUNNELSTOWN, MS",31.33277778,-89.1125,104.18,00060
02474560,"LEAF RIVER NR NEW AUGUSTA, MS",31.22166667,-89.0530556,71.47,00060
02474600,"BOGUE HOMO NR RICHTON, MS",31.4036111,-89.0216667,116.06,00060
02475000,"LEAF RIVER NR MCLAIN, MS",31.10741389,-88.8083222,41.83,00060
02475500,"CHUNKY RIVER NR CHUNKY, MS",32.3261111,-88.9091667,269.11,00060
02476500,"SOWASHEE CREEK AT MERIDIAN, MS",32.36777778,-88.6772222,299.98,00060
02476600,"OKATIBBEE CREEK AT ARUNDEL, MS",32.29833333,-88.7536111,258.94,00060
02477000,"CHICKASAWHAY RIVER AT ENTERPRISE, MS",32.17583333,-88.8197222,207.64,00060
02477045,"CHICKASAWHAY RIVER AT QUITMAN, MS",32.04240686,-88.7442142,172.34,00060
02477500,"CHICKASAWHAY RIVER NR WAYNESBORO, MS",31.68254959,-88.68351,119.32,00060
02478500,"CHICKASAWHAY RIVER AT LEAKESVILLE, MS",31.1486111,-88.5480556,50.49,00060
02479000,"PASCAGOULA RIVER AT MERRILL, MS",30.97805556,-88.7269444,25.87,00060
02479130,"BLACK CREEK NR BROOKLYN, MS",31.05194444,-89.2041667,127.68,00060
02479155,"CYPRESS CREEK NR JANICE, MS",31.02527778,-89.0166667, 103,00060
02479160,"BLACK CREEK NR WIGGINS, MS",30.85333333,-88.9136111, 48.54,00060
02479300,"RED CREEK AT VESTRY, MS",30.7361111,-88.7811111,19.26,00060
02479310,"PASCAGOULA RIVER AT GRAHAM FERRY, MS",30.61055556,-88.64138889,-.37,00060
02479560,ESCATAWPA RIVER NEAR AGRICOLA MS,30.8118552,-88.4586274, 46.00,00060
0248018020,"ESCATAWPA RIVER AT I-10 NR ORANGE GROVE, MS",30.4586111,-88.45138889, 0.0,00060
02480345,"TCHOUTACABOUFFA RIVER TRIB NEAR WHITE PLAINS, MS",30.5910972,-88.9068417, 38,00060
02481000,"BILOXI RIVER AT WORTHAM, MS",30.5586111,-89.1219444,18.4,00060
02481510,"WOLF RIVER NR LANDON, MS",30.4836111,-89.2744444, 14.34,00060
02481660,"JOURDAN RIVER NR BAY ST LOUIS, MS",30.3872222,-89.4413889, 0.00,00060
02481880,"PEARL RIVER AT BURNSIDE, MS",32.84138889,-89.0977778,374.97,00060
02482000,"PEARL RIVER AT EDINBURG, MS",32.79888889,-89.335,341.54,00060
02482470,"LOBUTCHA CREEK AT RENFROE, MS",32.8622222,-89.4433333, 354.28,00060
02482550,"PEARL RIVER NR CARTHAGE, MS",32.7072222,-89.5263889, 315.19,00060
02483000,"TUSCOLAMETA CREEK AT WALNUT GROVE, MS",32.58833333,-89.465,322.71,00060
02483001,"SOUTH CANAL TUSCOLAMETA CREEK NR WALNUT GROVE, MS",32.5736111,-89.4686111, 322.70,00060
02483500,"PEARL RIVER NR LENA, MS",32.6672222,-89.6461111,299.79,00060
02484000,"YOCKANOOKANY RIVER NR KOSCIUSKO, MS",33.0322222,-89.5777778,374.23,00060
02484500,"YOCKANOOKANY RIVER NR OFAHOMA, MS",32.7061111,-89.6719444, 305.04,00060
02484600,"COFFEE BOGUE AT LUDLOW, MS",32.57388889,-89.7297222, 310.76,00060
02484650,"PEARL RIVER AT RATLIFF`S FERRY NR RATLIFF, MS",32.59416667,-89.8405556, 0.00,00060
02484760,"FANNEGUSHA CREEK NR SAND HILL, MS",32.50555556,-89.8127778, 304.52,00060
02485498,"PELAHATCHIE CREEK AT STATE HWY 25 NR FANNIN, MS",32.38805556,-89.9552778,,00060
02485650,"PURPLE CREEK AT JACKSON, MS",32.37888889,-90.1211111,264.76,00060
02485700,"HANGING MOSS CREEK NR JACKSON, MS",32.365,-90.1447222,259.77,00060
02485735,"PEARL RIVER AT HWY 25 AT JACKSON, MS",32.33153417,-90.1292532, 233.39,00060
02486000,"PEARL RIVER AT JACKSON, MS",32.28138889,-90.1788889, 233.39,00060
02486100,"LYNCH CREEK AT JACKSON, MS",32.2847222,-90.215,261.51,00060
02486900,"PEARL RIVER NEAR HOPEWELL, MS",31.95527778,-90.1900278,,00060
02487500,"STRONG RIVER AT D`LO, MS",31.97777778,-89.8975, 259.10,00060
02488000,"PEARL RIVER AT ROCKPORT, MS",31.79083333,-90.1425, 180.19,00060
02488500,"PEARL RIVER NR MONTICELLO, MS",31.55333333,-90.0880556,158.20,00060
02488700,"WHITESAND CREEK NR OAKVALE, MS",31.47055556,-89.9736111, 182.20,00060
02489000,"PEARL RIVER NR COLUMBIA, MS",31.23777778,-89.8469444, 115.81,00060
02490500,"BOGUE CHITTO NR TYLERTOWN, MS",31.17694444,-90.2794444,226.92,00060
02492110,"EAST PEARL RIVER AB WILSON SL AT WALKIAH BLUFF, MS",30.57166667,-89.8061111, 0.00,00060
02492343,"EAST HOBOLOCHITTO CREEK NR CAESAR, MS",30.57416667,-89.5947222,61.6,00060
02492360,"WEST HOBOLOCHITTO CREEK NR MCNEILL, MS",30.6622222,-89.6861111,55.58,00060
02492620,"PEARL RIVER AT NSTL STATION, MS",30.352416,-89.6458927,0.00,00060
03592718,"LITTLE YELLOW CREEK EAST NR BURNSVILLE, MS",34.83555556,-88.2880556, 429.51,00060
07029270,"HATCHIE RIVER NR WALNUT, MS",34.94175668,-88.7875557,379.83,00060
07268000,"LITTLE TALLAHATCHIE RIVER AT ETTA, MS",34.4825,-89.2244444,273,00060
07273100,"HOTOPHA CREEK NR BATESVILLE, MS",34.36388889,-89.8786111, 195.45,00060
07274000,"YOCONA RIVER NR OXFORD, MS",34.2733333,-89.5213889,267.16,00060
07274251,"TOWN CREEK AT WATER VALLEY, MS",34.1475,-89.6333333, 276.00,00060
07274252,"OTOUCALOFA CREEK CANAL NR WATER VALLEY, MS",34.14416667,-89.6525, 250.95,00060
07275530,"PETERS (LONG) CREEK NR POPE, MS",34.21388889,-89.9819444, 183,00060
07275900,"COLDWATER RIVER NR OLIVE BRANCH, MS",34.9075,-89.7533333,280.17,00060
07276000,"COLDWATER RIVER NR LEWISBURG, MS",34.84093038,-89.8256429,244.61,00060
07277700,"HICKAHALA CREEK NR SENATOBIA, MS",34.63194444,-89.9244444, 233.02,00060
07277730,"SENATOBIA CREEK NR SENATOBIA, MS",34.61666667,-89.9413889, 233.80,00060
07280400,"TILLATOBA CREEK AT CHARLESTON, MS",34.0,-90.065, 151.02,00060
07281600,"TALLAHATCHIE RIVER AT MONEY, MS",33.65138889,-90.2111111,98.74,00060
07281960,"YALOBUSHA RIVER AT VARDAMAN, MS",33.8661111,-89.1730556, 267.42,00060
07282000,"YALOBUSHA R AND TOPASHAW C CA AT CALHOUN CITY, MS",33.8386111,-89.3155556,225.94,00060
07283000,"SKUNA RIVER AT BRUCE, MS",33.9736111,-89.3477778,228.85,00060
07285400,"BATUPAN BOGUE AT GRENADA, MS",33.77400485,-89.7875859,161.95,00060
07285500,"YALOBUSHA RIVER AT GRENADA, MS",33.78777778,-89.8097222,152.14,00060
07287150,"ABIACA CREEK NR SEVEN PINES, MS",33.34,-90.1513889, 134.28,00060
07287400,"BLACK CREEK AT LEXINGTON, MS",33.10527778,-90.0533333, 171.14,00060
07287404,"HARLAND CREEK NR HOWARD, MS",33.10179419,-90.1734194, 133,00060
07287715,"MILL CREEK TRIBUTARY NEAR FRIARS POINT, MS",34.38169444,-90.55625, 171,00060
07288000,"BIG SUNFLOWER RIVER AT CLARKSDALE, MS",34.19733086,-90.575099,130.85,00060
07288048,"RICHIES BAYOU AT SHERARD, MS",34.2092222,-90.7001944,,00060
07288068,"HARRIS BAYOU AT PALMER RD EAST OF ALLIGATOR, MS",34.07475,-90.6249444,126.79,00060
07288150,"HUSHPUCKENA RIVER AT HUSHPUCKENA, MS",34.0093333,-90.7560833,125,00060
07288280,"BIG SUNFLOWER RIVER NR MERIGOLD, MS",33.8325,-90.67,99.99,00060
07288500,"BIG SUNFLOWER RIVER AT SUNFLOWER, MS",33.5473557,-90.5431579, 92.03,00060
07288521,"PORTER BAYOU AT STEPHENSVILLE, MS",33.54825,-90.6723611,94.1,00060
07288650,"BOGUE PHALIA NR LELAND, MS",33.39666667,-90.8477778,86.10,00060
07288955,"YAZOO RIVER BL STEELE BAYOU NR LONG LAKE, MS",32.44416667,-90.9141667, 0.00,00060
07289000,"MISSISSIPPI RIVER AT VICKSBURG, MS",32.315,-90.9058333, 46.22,00060
07289350,"BIG BLACK RIVER AT WEST, MS",33.19444444,-89.7711111, 249.74,00060
07289730,"BIG BLACK RIVER NR BENTONIA, MS",32.60305556,-90.3638889, 130.18,00060
07290000,"BIG BLACK RIVER NR BOVINA, MS",32.34777778,-90.6969444,85.07,00060
07290650,"BAYOU PIERRE NR WILLOWS, MS",32.0186111,-90.8783333, 82.32,00060
07290830,"LITTLE CREEK NR FAYETTE, MS",31.67527778,-91.0694444,,00060
07291000,"HOMOCHITTO RIVER AT EDDICETON, MS",31.50305556,-90.7775,211.69,00060
07292500,"HOMOCHITTO RIVER AT ROSETTA, MS",31.3247222,-91.1094444, 94.39,00060
07295000,"BUFFALO RIVER NR WOODVILLE, MS",31.22694444,-91.2955556, 94.52,00060
07375280,"TANGIPAHOA RIVER AT OSYKA, MS",31.0122222,-90.4611111, 215.00,00060
301141089320300,"EAST PEARL RIVER AT CSX RAILROAD NR CLAIBORNE, MS",30.1947222,-89.5341667,-0.34,00060
330304090210100,"BEE LAKE TRIBUTARY NO 1 NR THORNTON, MS",33.0511111,-90.3502778, 96.,00060
330339091022000,"LK WASHINGTON TRIB NO 2 NR MARATHON, MS",33.06083333,-91.0388889,,00060
330548091055100,"LK WASHINGTON TRIB AT STEIN RD NR CHATHAM, MS",33.09666667,-91.0975,,00060
333601090450000,"PORTER BAYOU NEAR SHAW, MS",33.60052778,-90.7500833,,00060
341404090385600,"OVERCUP SLOUGH TRIBUTARY NO 1 NEAR FARRELL, MS",34.23444444,-90.6488889,,00060
341550090391300,"OVERCUP SLOUGH TRIBUTARY NO 2 NEAR FARRELL, MS",34.26388889,-90.6536111,,00060
05490600,"Des Moines River at St. Francisville, MO",40.4624083,-91.5669639, 491.73,00060
05495000,"Fox River at Wayland, MO",40.39241667,-91.5978889,501.53,00060
05496000,"Wyaconda River above Canton, MO",40.1421111,-91.5656944,515.75,00060
05497150,"North Fabius River near Ewing, MO",40.01890278,-91.6223417,506.51,00060
05498150,"Middle Fabius River near Ewing, MO",40.028933,-91.7057179,522.02,00060
05498700,"South Fabius River above Newark, MO",40.0061111,-92.0269444,647.51,00060
05500000,"South Fabius River near Taylor, MO",39.8974722,-91.5802778,482.45,00060
05501000,"North River at Palmyra, MO",39.817,-91.5460278,473.73,00060
05502000,"Bear Creek at Hannibal, MO",39.67825,-91.4096111,508.47,00060
05502300,"North Fork Salt River at Hagers Grove, MO",39.82988889,-92.2304444, 702.26,00060
05502500,"North Fork Salt River near Shelbina, MO",39.74127778,-92.0410278,664.28,00060
05503800,"Crooked Creek near Paris, MO",39.5848333,-91.9935, 650,00060
05504800,"South Fork Salt River above Santa Fe, MO",39.3261111,-91.8341667, 644.41,00060
05506100,"Long Branch near Santa Fe, MO",39.3561111,-91.8341667, 624.59,00060
05506350,"Middle Fork Salt River near Holliday, MO",39.5241111,-92.12775, 648.67,00060
05506800,"Elk Fork Salt River near Madison, MO",39.4348333,-92.1677778,690.19,00060
05507600,"Lick Creek at Perry, MO",39.43138889,-91.6766667,624.66,00060
05507800,"Salt River near Center, MO",39.57405556,-91.5723056,500.00,00060
05508000,"Salt River near New London, MO",39.6125,-91.4073611,476.93,00060
05508805,"Spencer Creek below Plum Creek near Frankford, MO",39.5206111,-91.3434444,484.97,00060
05514500,"Cuivre River near Troy, MO",39.01130556,-90.97775,450.00,00060
05514840,"Dardenne Creek at O'Fallon, MO",38.7403611,-90.6950556, 461.98,00060
05514860,"Dardenne Creek at Old Town St. Peters, MO",38.80294444,-90.6282222, 425.39,00060
06813000,"Tarkio River at Fairfax, MO",40.33941667,-95.4068333,871.55,00060
06817500,"Nodaway River near Burlington Junction, MO",40.44491667,-95.0903056,890.32,00060
06817700,"Nodaway River near Graham, MO",40.20252778,-95.0695833,852.26,00060
06818000,"Missouri River at St. Joseph, MO",39.75325,-94.8568333, 789.27,00060
06819500,"One Hundred and Two River at Maryville, MO",40.3455,-94.8323611,954.55,00060
06819550,"Mozingo Creek near Pickering, MO",40.4311111,-94.7722222,1049.35,00060
06820410,"One Hundred Two River near Bolckow, MO",40.1135833,-94.8376111,906.25,00060
06820500,"Platte River near Agency, MO",39.68802778,-94.7026111, 808.31,00060
06821080,"Little Platte River near Plattsburg, MO",39.56777778,-94.407,872.19,00060
06821150,"Little Platte River at Smithville, MO",39.38805536,-94.5791215, 778.38,00060
06821190,"Platte River at Sharps Station, MO",39.4009722,-94.7268333,753.98,00060
06821250,"Missouri River above Parkville, MO",39.19165278,-94.7698417, 724,00060
06893000,"Missouri River at Kansas City, MO",39.1117222,-94.5881389, 706.68,00060
06893150,"Blue River at Blue Ridge Blvd Ext in KC, MO",38.88941667,-94.5806667, 800.38,00060
06893400,"Indian Creek at 103rd St in Kansas City, MO",38.9419722,-94.6045, 722.61,00060
06893500,"Blue River at Kansas City, MO",38.957,-94.5588889, 754.39,00060
06893557,"Brush Creek at Ward Parkway in Kansas City, MO",39.0330833,-94.6053889, 800.48,00060
06893562,"Brush Creek at Rockhill Road in Kansas City, MO",39.03925,-94.5787222, 800.14,00060
06893578,"Blue River at Stadium Drive in Kansas City, MO",39.0583384,-94.5118983, 718.41,00060
06893590,"Blue River at 12th Street in Kansas City, MO",39.09691667,-94.4910278, 714.84,00060
06893620,"Rock Creek at Kentucky Road in Independence, MO",39.11194444,-94.4722222,723.35,00060
06893750,"Little Blue River at Grandview, MO",38.8683333,-94.5208333,911.43,00060
06893820,Little Blue R. at Lees Summit Rd in Independence,39.0173611,-94.3872778,747.91,00060
06893830,"Adair Creek at Independence, MO",39.03777778,-94.3633333,745.40,00060
06893890,"East Fork Little Blue River near Blue Springs, MO",39.02556175,-94.3438385,751.71,00060
06893940,"Crackerneck Creek at Selsa Rd. in Independence, MO",39.05613595,-94.3449535, 749,00060
06893970,"Spring Branch Ck at Holke Rd in Independence, MO",39.08416667,-94.3372222,738.32,00060
06894000,"Little Blue River near Lake City, MO",39.1005609,-94.3005038, 719.86,00060
06894200,"Fishing River above Mosby, MO",39.33166957,-94.3368922,748.17,00060
06894650,"Missouri River at Napoleon, MO",39.1336111,-94.0638889, 680.14,00060
06895000,"Crooked River near Richmond, MO",39.33266389,-93.98,707.18,00060
06895500,"Missouri River at Waverly, MO",39.2150194,-93.5152118, 646.17,00060
06896000,"Wakenda Creek at Carrollton, MO",39.34325,-93.4855361, 644.59,00060
06896400,"East Fork Grand River at Albany, MO",40.2486111,-94.3602778,824.41,00060
06896900,"Grand River near Pattonsburg, MO",40.0261111,-94.1272222, 740.22,00060
06897000,"East Fork Big Creek near Bethany, MO",40.2972222,-94.0262222,856.79,00060
06897500,"Grand River near Gallatin, MO",39.9269517,-93.9427225, 707.71,00060
06899500,"Thompson River at Trenton, MO",40.06930556,-93.6380278, 710.29,00060
06899700,"Shoal Creek near Braymer, MO",39.69913889,-93.7958056,714.40,00060
06899900,"Medicine Creek at Lucerne, MO",40.45444444,-93.2863889,870.02,00060
06900050,"Medicine Creek near Laredo, MO",40.0266111,-93.4362222,733.78,00060
06900800,"Grand River near Fountain Grove, MO",39.6922222,-93.3252778, 637.90,00060
06901205,"East Locust Creek near Boynton, MO",40.25888889,-93.0833333,849.82,00060
06901500,"Locust Creek near Linneus, MO",39.89594444,-93.2365278,693.05,00060
06902000,"Grand River near Sumner, MO",39.64002778,-93.2736944,631.35,00060
06904500,"Chariton River at Novinger, MO",40.2343333,-92.6863889,737.88,00060
06904650,"Spring Creek at Stahl, MO",40.28388889,-92.7919444, 782.33,00060
06905500,"Chariton River near Prairie Hill, MO",39.53994444,-92.79075, 632.66,00060
06906000,"Mussel Fork near Musselfork, MO",39.52352778,-92.9496389,640.28,00060
06906150,"Long Branch Creek near Atlanta, MO",39.89730556,-92.49325,815.13,00060
06906200,"East Fork Little Chariton River near Macon, MO",39.75144444,-92.5189444, 741.50,00060
06906300,"East Fork Little Chariton R. near Huntsville, MO",39.45491667,-92.5685, 655.86,00060
06906500,"Missouri River at Glasgow, MO",39.2222512,-92.848798, 586.65,00060
06906800,"Lamine River near Otterville, MO",38.70225,-92.9788333,652.69,00060
06907700,"Blackwater River at Valley City, MO",38.87001315,-93.6221588,652.31,00060
06908000,"Blackwater River at Blue Lick, MO",38.99224236,-93.1968713,594.57,00060
06909000,"Missouri River at Boonville, MO",38.980306,-92.7454638, 565.58,00060
06909500,"Moniteau Creek near Fayette, MO",39.1208333,-92.5672222,608.12,00060
06909950,"Petite Saline Creek at Hwy U nr Boonville, M0",38.9172222,-92.7041667,584.02,00060
06910230,"Hinkson Creek at Columbia, MO",38.92775,-92.3399444,582.87,00060
06910450,"Missouri River at Jefferson City, MO",38.5871111,-92.1786389, 520.18,00060
06910750,"Moreau River near Jefferson City, MO",38.52902778,-92.1920278, 543.69,00060
06917060,"Little Osage River at Horton, MO",37.99480556,-94.3693056,700.17,00060
06917560,"Marmaton River near Richards, MO",37.8647222,-94.5822222,745.89,00060
06917630,East Drywood Creek at Prairie State Park,37.5353611,-94.5580833,866.79,00060
06918060,"Marmaton River near Nevada, MO",37.86202778,-94.39925, 729.23,00060
06918070,"Osage River above Schell City, MO",38.0558611,-94.1454167,700.28,00060
06918250,"Osage River at Taberville, MO",38.00388889,-93.9947222, 697.31,00060
06918440,"Sac River near Dadeville, MO",37.44313889,-93.6848889,869.89,00060
06918460,"Turnback Creek above Greenfield, MO",37.4023611,-93.8020278,870.60,00060
06918493,"South Fork Dry Sac River near Springfield, MO",37.26638889,-93.2494722, 1178.68,00060
06918740,"Little Sac River near Morrisville, MO",37.4828611,-93.4856389,880.32,00060
06919020,"Sac River at Hwy J below Stockton, MO",37.73588889,-93.7796944,750.52,00060
06919500,"Cedar Creek near Pleasant View, MO",37.83405556,-93.8754722,740.26,00060
06919900,"Sac River near Caplinger Mills, MO",37.8698333,-93.8031667, 721.10,00060
06920520,"Weaubleau Creek near Weaubleau, MO",37.89549167,-93.5147611,835.22,00060
06921070,"Pomme de Terre River near Polk, MO",37.68266667,-93.3703333,873.05,00060
06921200,"Lindley Creek near Polk, MO",37.7504722,-93.2661944,884.63,00060
06921350,"Pomme de Terre River near Hermitage, MO",37.90605556,-93.3289167, 749.87,00060
06921500,"Pomme de Terre River at Hermitage, MO",37.9458333,-93.3095556,727.18,00060
06921590,"South Grand River at Archie, MO",38.49158056,-94.3442444, 767.35,00060
06921600,"South Grand River at Urich, MO",38.45223976,-94.0043859, 716.88,00060
06921720,"Big Creek near Blairstown, MO",38.55497778,-93.9653528,734.56,00060
06923250,"Niangua River at Windyville, MO",37.68430556,-92.9246389,903.22,00060
06923940,"Niangua River ab Lake Niangua nr Macks Creek, MO",37.8633333,-92.8980556,738.24,00060
06923950,"Niangua River at Tunnel Dam near Macks Creek, MO",37.93694444,-92.8513611, 692.07,00060
06925250,"Little Niangua River near Macks Creek, MO",37.9347222,-93.0669444,803.72,00060
06926000,"Osage River near Bagnell, MO",38.1907222,-92.6071389,549.14,00060
06926080,"Osage River at Tuscumbia, MO",38.23253889,-92.4586111, 540.79,00060
06926290,"Tavern Creek below St. Elizabeth, MO",38.27777778,-92.2333333,551.75,00060
06926510,"Osage River below St. Thomas, MO",38.42144444,-92.20825,525.58,00060
06927000,"Maries River at Westphalia, MO",38.43180556,-91.9886111, 542.75,00060
06927240,"Auxvasse Creek near Reform, MO",38.76,-91.8402778,514.28,00060
06928000,"Gasconade River near Hazelgreen, MO",37.75913889,-92.4520278,845.04,00060
06928300,"Roubidoux Creek above Fort Leonard Wood, MO",37.6010833,-92.2338056,962.73,00060
06928420,Roubidoux Creek at Polla Rd bl Ft. Leonard Wood,37.79194444,-92.1833333, 784.78,00060
06930000,"Big Piney River near Big Piney, MO",37.66563889,-92.0499167,801.30,00060
06930060,"Big Piney below Fort Leonard Wood, MO",37.76025,-92.0579722,753.19,00060
06932000,"Little Piney Creek at Newburg, MO",37.90952778,-91.9033333,693.56,00060
06933500,"Gasconade River at Jerome, MO",37.92991667,-91.9773333,657.82,00060
06934000,"Gasconade River near Rich Fountain, MO",38.38880556,-91.8198889,553.75,00060
06934500,"Missouri River at Hermann, MO",38.70980556,-91.4385, 481.50,00060
06935450,"Missouri River at Washington, MO",38.5597222,-91.0075, 457.27,00060
06935550,"Missouri River near Labadie, MO",38.5658333,-90.8391667, 447.42,00060
06935755,"Bonhomme Creek near Ellisville, MO",38.60975,-90.6725,567.81,00060
06935770,"Bonhomme Creek near Clarkson Valley, MO",38.65844444,-90.6185,448.72,00060
06935830,"Caulks Creek at Chesterfield, MO",38.65466667,-90.5948889,451.41,00060
06935850,"Creve Coeur Creek at Chesterfield, MO",38.6464083,-90.5268889,484.87,00060
06935890,"Creve Coeur Creek near Creve Coeur, MO",38.6828611,-90.4878889,449.07,00060
06935955,"Fee Fee Creek near Bridgeton, MO",38.72791667,-90.4475833,451.66,00060
06935965,"Missouri River at St. Charles, MO",38.78719444,-90.4718056, 413.47,00060
06935980,"Cowmire Creek at Bridgeton, MO",38.76427778,-90.4327833,464.22,00060
06935997,"Mill Creek near Florissant, MO",38.8489722,-90.2859444,431.96,00060
06936475,"Coldwater Creek near Black Jack, MO",38.81794444,-90.2511667,457.83,00060
06936530,"Spanish Lake Trib. nr Black Jack, MO",38.7979722,-90.21425,502.10,00060
07001910,"Watkins Creek near Bellefontaine Neighbors, MO",38.7787222,-90.2329167,481.23,00060
07005000,"Maline Creek at Bellefontaine Neighbors, MO",38.73675,-90.2261111,409.92,00060
07010000,"Mississippi River at St. Louis, MO",38.629,-90.1797778, 379.58,00060
07010022,"River Des Peres near University City, MO",38.66855556,-90.3235556,491.76,00060
07010030,"River Des Peres Tributary at Pagedale, MO",38.6768333,-90.3148333,504.28,00060
07010035,"Engelholm Creek near Wellston, MO",38.6831111,-90.3024722,521.67,00060
07010038,"River Des Peres at Macklind Ave, St Louis, MO",38.622,-90.2761389,423.69,00060
07010040,"Denny Creek at Ladue, MO",38.64305278,-90.4034639,502.28,00060
07010055,"Deer Creek at Litzinger Road at Ladue, MO",38.6223722,-90.3751639,458.25,00060
07010061,"Two Mile Creek at Ladue, MO",38.62075,-90.3849167,470.26,00060
07010070,"Sebago Creek near Rock Hill, MO",38.61497778,-90.37615,463.71,00060
07010075,"Deer Creek at Ladue, MO",38.6162361,-90.3641361,448.16,00060
07010082,"Black Creek near Brentwood, MO",38.6167083,-90.3373361,431.00,00060
07010086,"Deer Creek at Maplewood, MO",38.6009722,-90.3262778,415.29,00060
07010088,"River Des Peres at Shrewsbury, MO",38.5866111,-90.3135278,404.18,00060
07010090,"MacKenzie Creek near Shrewsbury, MO",38.5768333,-90.3236389,424.71,00060
07010094,"Grammond Creek near Wilbur Park, MO",38.56452778,-90.3093611,421.59,00060
07010097,"River Des Peres at St. Louis, MO",38.55925,-90.2832778,390.63,00060
07010180,"Gravois Creek near Mehlville, MO",38.527,-90.2998889,421.72,00060
07010208,"Martigney Creek near Arnold, MO",38.4912222,-90.293,407.42,00060
07010350,"Meramec River at Cook Station, MO",37.8291472,-91.4374833, 864.67,00060
07013000,"Meramec River near Steelville, MO",37.9984722,-91.3609444, 681.66,00060
07014000,"Huzzah Creek near Steelville, MO",37.97477778,-91.2040278, 665.04,00060
07014500,"Meramec River near Sullivan, MO",38.15852778,-91.1084722,582.16,00060
07015720,"Bourbeuse River near High Gate, MO",38.14691667,-91.5808889,802.25,00060
07016500,"Bourbeuse River at Union, MO",38.44413889,-90.9954722,488.63,00060
07017020,"Meramec River at Pacific, MO",38.46694444,-90.7348889,432.30,00060
07017200,"Big River at Irondale, MO",37.83,-90.6908889,753.32,00060
07017260,"Big River below Desloge, MO",37.88930278,-90.5101583, 649.88,00060
07017610,"Big River below Bonne Terre, MO",37.96525,-90.5745,604.27,00060
07018100,"Big River near Richwoods, MO",38.1596111,-90.7060556,522.53,00060
07018500,"Big River at Byrnesville, MO",38.3917222,-90.6378056,433.70,00060
07019000,"Meramec River near Eureka, MO",38.50513889,-90.5901667,403.61,00060
07019072,"Keifer Creek near Ballwin, MO",38.55569444,-90.5512778, 438.65,00060
07019090,"Williams Creek near Peerless Park, MO",38.53441667,-90.5141389,411.48,00060
07019120,"Fishpot Creek at Valley Park, MO",38.5533611,-90.5119167,421.60,00060
07019130,"Meramec River at Valley Park, MO",38.5466111,-90.4850278, 391.22,00060
07019150,"Grand Glaize Creek near Manchester, MO",38.5928611,-90.4929444,452.02,00060
07019175,"Sugar Creek at Kirkwood, MO",38.5787222,-90.4648889,420.83,00060
07019185,"Grand Glaize Creek near Valley Park, MO",38.5685833,-90.47125,416.87,00060
07019195,"Yarnell Creek at Fenton, MO",38.5271111,-90.4471111,404.75,00060
07019220,"Fenton Creek near Fenton, MO",38.51194444,-90.4453056,415.82,00060
07019317,"Mattese Creek near Mattese, MO",38.48177778,-90.3419444,413.29,00060
07019500,"Joachim Creek at De Soto, MO",38.12666667,-90.5563889, 491.9,00060
07020550,"South Fork Saline Creek near Perryville, MO",37.73694444,-89.9283333,444.60,00060
07021000,"Castor River at Zalma, MO",37.14663889,-90.0755, 350.49,00060
07024175,"Mississippi River at New Madrid, MO",36.5826111,-89.5479167,255.63,00060
07034000,"St. Francis River near Roselle, MO",37.5961222,-90.4986472, 684.99,00060
07035000,"Little St. Francis River at Fredericktown, MO",37.55936667,-90.3129139,678.22,00060
07035800,"St. Francis River near Mill Creek, MO",37.50241667,-90.4578889,556.19,00060
07036100,"St. Francis River near Saco, MO",37.3845,-90.4738611,471.84,00060
07037300,"Big Creek at Sam A Baker State Park, MO",37.26027778,-90.5060278, 406.18,00060
07037500,"St. Francis River near Patterson, MO",37.19452778,-90.5033056,370.27,00060
07039500,"St. Francis River at Wappapello, MO",36.9281111,-90.2652778, 314.56,00060
07040000,"St. Francis River at Fisk, MO",36.7806101,-90.2028801, 307.46,00060
07043500,"Little River Ditch No. 1 near Morehouse, MO",36.83452778,-89.7300556,280.29,00060
07050152,Roaring River at Roaring River State Park,36.5809722,-93.8336944,1015.21,00060
07050690,"Pearson Creek near Springfield, MO",37.17794444,-93.1983889, 1169.02,00060
07050700,"James River near Springfield, MO",37.1499722,-93.2033889, 1143.60,00060
07052000,"Wilson Creek at Springfield, MO",37.1869722,-93.3313333, 1201.17,00060
07052100,"Wilson Creek near Springfield, MO",37.16852778,-93.3702778, 1150.05,00060
07052120,"South Creek near Springfield, MO",37.15363889,-93.3627778, 1146.46,00060
07052152,"Wilson Creek near Brookline, MO",37.14713889,-93.3754722, 1123.66,00060
07052250,"James River near Boaz, MO",37.0065833,-93.3646667, 1035.63,00060
07052345,"Finley Creek below Riverdale, MO",36.97488889,-93.3278889,1037.51,00060
07052500,"James River at Galena, MO",36.80538889,-93.4615833, 921.72,00060
07052820,"Flat Creek below Jenkins, MO",36.75075,-93.6187778,967.77,00060
07053690,"Turkey Creek near Hollister, MO",36.58277778,-93.2102778,780.22,00060
07053810,"Bull Creek near Walnut Shade, MO",36.71775,-93.2068056, 712.40,00060
07054080,"Beaver Creek at Bradleyville, MO",36.77963889,-92.9072778, 802.76,00060
07054288,"Little North Fork River at Thornfield, MO",36.70666667,-92.6608333,754.64,00060
07057500,"North Fork River near Tecumseh, MO",36.62302778,-92.2481389,585.13,00060
07058000,"Bryant Creek near Tecumseh, MO",36.6272222,-92.3060556, 573.56,00060
07061270,"East Fork Black River near Lesterville, MO",37.55255556,-90.8424444,825.16,00060
07061290,E. Fk. Black R. bl Lower Taum Sauk Reservoir,37.4936111,-90.8383333,702.17,00060
07061500,"Black River near Annapolis, MO",37.33813889,-90.78875,569.73,00060
07061600,"Black River below Annapolis, MO",37.32519444,-90.7646667, 555.31,00060
07061900,"Logan Creek at Ellington, MO",37.2474722,-90.9654722, 639.59,00060
07062500,"Black River at Leeper, MO",37.0587222,-90.687,416.27,00060
07062575,"Black River above Williamsville, MO",36.9725,-90.5969444,380.39,00060
07063000,"Black River at Poplar Bluff, MO",36.75975,-90.3878333,317.47,00060
07064440,"Current River at Montauk State Park, MO",37.44791667,-91.6713611,894.42,00060
07064533,"Current River above Akers, MO",37.37569444,-91.5528056,768.26,00060
07065200,"Jacks Fork near Mountain View, MO",37.05652778,-91.6680278,836.06,00060
07065495,"Jacks Fork at Alley Spring, MO",37.14816667,-91.4430833,656.95,00060
07066000,"Jacks Fork at Eminence, MO",37.1540833,-91.3581667,616.18,00060
07067000,"Current River at Van Buren, MO",36.99138889,-91.0135, 443.01,00060
07068000,"Current River at Doniphan, MO",36.6215,-90.8463889, 321.42,00060
07068510,"Little Black River below Fairdealing, MO",36.63152778,-90.5755833, 293.96,00060
07071500,"Eleven Point River near Bardley, MO",36.64869444,-91.2008333, 411.25,00060
07185700,"Spring River at La Russell, MO",37.15027778,-94.0613889,1014.74,00060
07185765,"Spring River at Carthage, MO",37.18863889,-94.3259167,920.44,00060
07185910,"North Fork Spring River near Purcell, MO",37.25888889,-94.435,908.94,00060
07186000,"Spring River near Waco, MO",37.2456111,-94.5664167, 833.56,00060
07186480,"Center Creek near Smithfield, MO",37.1556146,-94.6030068, 820,00060
07187000,"Shoal Creek above Joplin, MO",37.0205833,-94.51375, 884.32,00060
07188653,"Big Sugar Creek near Powell, MO",36.6158611,-94.1822222,965.39,00060
07188838,"Little Sugar Creek near Pineville, MO",36.58405556,-94.3729722,847.77,00060
07188885,"Indian Creek near Lanagan, MO",36.59927778,-94.4496389,830.71,00060
07189000,"Elk River near Tiff City, Mo",36.63146127,-94.5868886, 750.89,00060
07189100,"Buffalo Creek at Tiff City, MO",36.67080556,-94.604,781.86,00060
05014500,Swiftcurrent Creek at Many Glacier MT,48.7988333,-113.6567306, 4876.78,00060
05017500,St. Mary River near Babb MT,48.83303718,-113.4206533, 4468.13,00060
05018500,St. Mary Canal at St. Mary Crossing near Babb MT,48.94696667,-113.3753306, 4450,00060
06006000,"Red Rock Cr ab Lakes, nr Lakeview, MT",44.61579167,-111.6256694,6673,00060
06012500,Red Rock R bl Lima Reservoir nr Monida MT,44.65588056,-112.3712222, 6530,00060
06016000,Beaverhead River at Barretts MT,45.11612778,-112.7504944, 5268.17,00060
06017000,Beaverhead River at Dillon MT,45.2183833,-112.6553333, 5100,00060
06018500,Beaverhead River near Twin Bridges MT,45.38338889,-112.4528306, 4809.15,00060
06019500,"Ruby River above reservoir near Alder, MT",45.1923194,-112.1428167, 5400,00060
06020600,"Ruby River below reservoir near Alder, MT",45.2418694,-112.1112389, 5286.6,00060
06023000,Ruby River near Twin Bridges MT,45.50691389,-112.3308889, 4670,00060
06023100,"Beaverhead River at Twin Bridges, MT",45.54688889,-112.338111, 4620,00060
06024450,Big Hole River bl Big Lake Cr at Wisdom MT,45.61796667,-113.4569417, 6040,00060
06024540,Big Hole River bl Mudd Cr nr Wisdom MT,45.80754167,-113.3132694, 5880,00060
06024580,Big Hole River near Wise River MT,45.8508222,-113.068361, 5700,00060
06025250,Big Hole River at Maiden Rock nr Divide MT,45.7012694,-112.7359694, 5300,00060
06025500,Big Hole River near Melrose MT,45.52658056,-112.701725, 5032.87,00060
06026210,Big Hole River near Glen MT,45.4400944,-112.5560917, 4850,00060
06026420,"Big Hole R bl Hamilton Ditch nr Twin Bridges, MT",45.5500222,-112.360675, 4630,00060
06026500,Jefferson River near Twin Bridges MT,45.6132833,-112.3293972, 4560,00060
06027600,"Jefferson River at Parsons Bdg nr Silver Star, MT",45.74750278,-112.1872278, 4420,00060
06033000,"Boulder River near Boulder, MT",46.21103056,-112.09165,4815.57,00060
06035000,Willow Creek near Harrison MT,45.7230583,-111.741025, 4750,00060
06036650,Jefferson River near Three Forks MT,45.8971361,-111.5956722,4079.50,00060
06037500,"Madison River near West Yellowstone, MT",44.6570722,-111.0679639, 6650,00060
06038500,Madison River bl Hebgen Lake nr Grayling MT,44.86639167,-111.3387806, 6448.47,00060
06038800,Madison River at Kirby Ranch nr Cameron MT,44.88865556,-111.580886,5872.92,00060
06040000,Madison River near Cameron MT,45.2331333,-111.7516333,5145.23,00060
06040800,Madison River ab powerplant nr McAllister MT,45.4865944,-111.6338583, 4690,00060
06041000,Madison River bl Ennis Lake nr McAllister MT,45.49023056,-111.6345056, 4689.03,00060
06043120,"Gallatin River above Deer Creek, near Big Sky, MT",45.29727778,-111.2113917, 5875,00060
06043500,"Gallatin River near Gallatin Gateway, MT",45.4973,-111.2707083, 5167.67,00060
06048650,E Gallatin R ab Water Reclamation Fa nr Bozeman MT,45.72566667,-111.0661944, 4625,00060
06050000,Hyalite C at Hyalite R S nr Bozeman MT,45.56332778,-111.0718889, 5539.6,00060
06052500,Gallatin River at Logan MT,45.8862472,-111.4420083, 4086.42,00060
06054500,Missouri River at Toston MT,46.1465722,-111.4202778, 3905.68,00060
06061500,Prickly Pear Creek near Clancy MT,46.5190972,-111.946786,4070.30,00060
06062500,Tenmile Creek near Rimini MT,46.5238972,-112.2566472, 4850,00060
06063000,Tenmile Creek near Helena MT,46.60500556,-112.0882639, 3953.21,00060
06065500,Missouri River bl Hauser Dam near Helena MT,46.76619167,-111.8887944, 3580,00060
06066500,Missouri River bl Holter Dam nr Wolf Cr MT,46.99473889,-112.0106667, 3464.11,00060
06071300,Little Prickly Pear Cr at Wolf Cr MT,47.0054361,-112.070311, 3547.38,00060
06073500,Dearborn River near Craig MT,47.199025,-112.0959056, 3800,00060
06074000,Missouri River at Cascade MT,47.2694861,-111.6952306, 3337.8,00060
06076690,Smith River near Ft Logan MT,46.7958,-111.1785556, 4400,00060
06077200,Smith River bl Eagle Cr nr Fort Logan MT,46.82798056,-111.1922389, 4350,00060
06077500,Smith River near Eden MT,47.18929167,-111.3862389, 3520,00060
06078200,Missouri River near Ulm MT,47.43496667,-111.3884444, 3313.27,00060
06078500,North Fork Sun River near Augusta MT,47.6398611,-112.8593333,4783.84,00060
06079000,South Fork Sun River near Augusta MT,47.6286083,-112.865761, 4730,00060
06080900,Sun River bl Diversion Dam nr Augusta MT,47.61850556,-112.6920556,4363.27,00060
06082200,Sun River bl Willow Cr nr Augusta MT,47.5471361,-112.3674306,3960.23,00060
06085800,Sun River at Simms MT,47.50162778,-111.9319139,3551.08,00060
06088500,Muddy Creek at Vaughn MT,47.56126667,-111.5417694, 003330,00060
06089000,Sun River near Vaughn MT,47.52577778,-111.511036, 3340.02,00060
06090300,Missouri River near Great Falls MT,47.5844444,-111.0605806, 2807.21,00060
06090500,Belt Creek near Monarch MT,47.2085944,-110.9317472, 0003980,00060
06090800,Missouri River at Fort Benton MT,47.8169111,-110.6661417, 2614.05,00060
06091700,Two Medicine River bl South Fork nr Browning MT,48.42695278,-112.9899833, 4180,00060
06092020,"Two Medicine River ab Badger Cr, nr Piegan, MT",48.5077222,-112.6122694, 3796,00060
06093200,Badger Cr bl Four Horns Canal nr Browning MT,48.36945,-112.8017806, 4140,00060
06094900,"Birch Cr bl Heart Butte Road, nr Heart Butte, MT",48.24466667,-112.6979167,4281,00060
06098120,"Birch Creek at Bullhead Bridge, nr Valier, MT",48.39110278,-112.319661, 3503,00060
06098800,"Cut Bank Cr ab Gillam Coulee, nr Sundance, MT",48.67847778,-112.5940056, 3835,00060
06099000,Cut Bank Creek at Cut Bank MT,48.63340278,-112.3464806, 3561.42,00060
06099500,Marias River near Shelby MT,48.4271972,-111.889836, 3087.72,00060
06101200,"Willow Creek near Galata, MT",48.44865556,-111.3453056,3026,00060
06101500,Marias River near Chester MT,48.3059611,-111.0805278, 2814.03,00060
06102050,Marias River near Loma MT,47.94590278,-110.5808389, 2570,00060
06102500,Teton River bl South Fork nr Choteau MT,47.8830833,-112.6119833,4779.85,00060
06108800,Teton River at Loma MT,47.9327194,-110.5144333, 2560,00060
06109500,Missouri River at Virgelle MT,48.0037833,-110.2588222, 2507.5,00060
06110020,Judith River above Carr Creek near Utica MT,46.9177222,-110.1889444, 4678,00060
06111800,Big Spring Cr at R&B Trading Post nr Lewistown MT,47.0878333,-109.4575, 3843,00060
06114700,"Judith River nr mouth, nr Winifred MT",47.6651583,-109.6520139, 2502,00060
06115200,Missouri River near Landusky MT,47.63143056,-108.6877444, 2239.96,00060
06119200,"South Fork Musselshell River at Martinsdale, MT",46.4623194,-110.3185028, 4783,00060
06119600,"Musselshell River nr Martinsdale, MT",46.4769583,-110.2489667,4659.40,00060
06120500,Musselshell River at Harlowton MT,46.4288,-109.8411944,4165.88,00060
06123030,Musselshell River ab Mud Cr nr Shawmut MT,46.31899167,-109.4605472, 3790,00060
06125600,Musselshell River ab Big Coulee Creek at Lavina MT,46.28905556,-108.9376111,3419.65,00060
06126500,Musselshell River near Roundup MT,46.4277194,-108.5701028,3188.54,00060
06127500,Musselshell River at Musselshell MT,46.522425,-108.1088722, 2984.72,00060
06130000,Flatwillow Creek near Mosby MT,46.9286611,-107.9328417, 2563,00060
06130500,Musselshell River at Mosby MT,46.99469167,-107.8891639, 2493.9,00060
06131200,Nelson Creek near Van Norman MT,47.5365944,-106.1534528, 2300,00060
06133500,N F Milk River ab St. Mary canal nr Browning MT,48.96352778,-113.0623556, 4240,00060
06135000,Milk River at Eastern Crossing of Int Bndry,48.9748194,-110.4217778, 2660.00,00060
06137570,"Boxelder Creek near Rocky Boy, MT",48.2988333,-109.8354167,3234,00060
06137575,"Boxelder Creek at Box Elder, MT",48.31035278,-110.019575, 2672,00060
06138580,"Big Sandy Cr ab Spring Coulee, nr Laredo, MT",48.45269167,-109.9208278,2562,00060
06139500,Big Sandy Creek near Havre MT,48.52671389,-109.8415778, 2510,00060
06139800,"West Fork Beaver Creek nr Rocky Boy, MT",48.1761472,-109.6421333,4642,00060
06139850,"Beaver Creek ab Elk Creek, nr Rocky Boy, MT",48.17931667,-109.6435694,4619,00060
06139900,Beaver Cr at Res Bndry nr Rocky Boy MT,48.22408056,-109.6522667,4171,00060
06140500,Milk River at Havre MT,48.5636861,-109.6959556, 2465.24,00060
06142400,Clear Creek near Chinook MT,48.5788694,-109.3911306, 2470,00060
06151500,Battle Creek near Chinook MT,48.64949167,-109.2316944, 2410,00060
06153800,"Milk River at Merrill Rd, nr Harlem, MT",48.52430556,-108.8551667,2353,00060
06154100,Milk River near Harlem MT,48.48964167,-108.75895, 2319.4,00060
06154390,Peoples Creek near Cleveland MT,48.26360447,-108.8707183,,00060
06154400,Peoples Creek near Hays MT,48.2237333,-108.7140528, 2714.1,00060
06154410,"Little Peoples Creek near Hays, MT",47.9649333,-108.6559611,3789,00060
06154430,"Lodge Pole Creek at Lodge Pole, MT",48.0310972,-108.5326111,3411,00060
06155030,Milk River near Dodson MT,48.40277778,-108.2940944, 2250,00060
06155500,Milk River at Malta MT,48.3621944,-107.876375,2246,00060
06164510,Milk River at Juneberg Bridge nr Saco MT,48.50920278,-107.2187556, 2130,00060
06164623,Little Warm Cr Tributary nr Lodge Pole MT,47.99523889,-108.3200528, 2910.87,00060
06166000,Beaver Cr bl Guston Coulee nr Saco MT,48.3567833,-107.5821861, 2215,00060
06167500,Beaver Creek near Hinsdale MT,48.4203111,-107.1711389, 2130,00060
06169500,Rock Creek bl Horse Creek nr int'l boundary,48.969375,-106.8398417, 2530,00060
06172310,Milk River at Tampico MT,48.30790556,-106.8223167, 2110,00060
06174500,Milk River at Nashua MT,48.13005278,-106.3643139, 2027.75,00060
06177000,Missouri River near Wolf Point MT,48.067325,-105.5330972, 1958.57,00060
06177500,Redwater River at Circle MT,47.4139722,-105.5756444, 2394.32,00060
06178000,Poplar River at international boundary,48.9902861,-105.6969083, 2460,00060
06181000,Poplar River near Poplar MT,48.11791667,-105.1928167, 1943,00060
06183450,Big Muddy Creek near Antelope MT,48.6728972,-104.5120861, 2000,00060
06185110,Big Muddy Creek nr mouth nr Culbertson MT,48.16448056,-104.6295194, 1896.5,00060
06185500,Missouri River near Culbertson MT,48.1235,-104.4733,1885.08,00060
06187915,Soda Butte Cr at Park Bndry at Silver Gate,45.00283056,-110.0018722, 7340,00060
06191000,"Gardner River near Mammoth, YNP",44.9923444,-110.690975, 5623.97,00060
06191500,Yellowstone River at Corwin Springs MT,45.1121194,-110.7936667, 5079.09,00060
06192500,"Yellowstone River near Livingston, MT",45.5972111,-110.5664972, 4542.49,00060
06195600,Shields River nr Livingston MT,45.7383611,-110.4794694, 4420,00060
06197800,"East Boulder River bl Dry Fork Cr nr Mcleod, MT",45.5123333,-110.0877222, 6152,00060
06200000,Boulder River at Big Timber MT,45.8337944,-109.9387056, 4056.3,00060
06204050,West Rosebud Creek near Roscoe MT,45.24323889,-109.7313028, 6535.6,00060
06204070,W Rosebud Cr at Emerald Lk Campground nr Roscoe,45.25438735,-109.6998945,6340,00060
06205000,"Stillwater River near Absarokee, MT",45.53674167,-109.4220556, 3957,00060
06207500,Clarks Fork Yellowstone River nr Belfry MT,45.0099111,-109.0653667, 3986.24,00060
06208500,Clarks Fork Yellowstone River at Edgar MT,45.46571389,-108.8441056, 3460,00060
06208790,White Horse Canal near Silesia MT,45.5163372,-108.8315328,,00060
06209500,Rock Creek near Red Lodge MT,45.0861472,-109.3291889, 6400,00060
06211000,Red Lodge Cr ab Cooney Re nr Boyd MT,45.43785,-109.2533111, 4248,00060
06211500,Willow Creek near Boyd MT,45.4221472,-109.2305306, 4260,00060
06214500,Yellowstone River at Billings MT,45.8001194,-108.4680306, 3081.36,00060
06286490,Big Horn Canal near St. Xavier MT,45.3163485,-107.9184433, 3081.61,00060
06287000,Bighorn R bl Yellowtail Afterbay Dam nr St. Xavier,45.31690278,-107.9188889,3100,00060
06287800,"Bighorn River at bridge, at St. Xavier, MT",45.46075278,-107.7493283, 3030,00060
06288400,"Bighorn River at Two Leggins Bridge, near Hardin",45.6440863,-107.6582164,2937,00060
06289000,Little Bighorn River at State Line nr Wyola MT,45.0071111,-107.6154083, 4350,00060
06293890,Agency Canal Tailwaste near Hardin MT,45.7305341,-107.567306, 2890,00060
06294000,Little Bighorn River near Hardin MT,45.7356861,-107.5574694, 2882.29,00060
06294500,Bighorn River ab Tullock Cr nr Bighorn MT,46.1244722,-107.4687917,2702.36,00060
06295000,Yellowstone River at Forsyth MT,46.2666361,-106.6913028, 2504.62,00060
06295113,Rosebud C at Reservation Bndry nr Kirby MT,45.36116667,-106.9903556, 3780,00060
06295220,Rosebud C Bel Lame Deer C nr Lame Deer MT,45.67582545,-106.700309, 3160,00060
06306300,Tongue River at State Line nr Decker MT,45.0091361,-106.8359444,3431.00,00060
06307500,Tongue River at Tongue R Dam nr Decker MT,45.141275,-106.7713556, 3344.4,00060
06307616,Tongue R at Birney Day School Br nr Birney MT,45.41160556,-106.4573528, 3060,00060
06307662,"Tongue River at Ashland, MT",45.59775,-106.2749444,2903,00060
06307830,Tongue R bl Brandenberg bridge nr Ashland MT,45.8403861,-106.2234333, 2760,00060
06308500,"Tongue River at Miles City, MT",46.3845944,-105.8455222, 2351.40,00060
06309000,"Yellowstone River at Miles City, MT",46.4207722,-105.8600333, 2333.3,00060
06324500,Powder River at Moorhead MT,45.0571972,-105.8783778, 3350.60,00060
06326500,Powder River near Locate MT,46.4294361,-105.3103306, 2384.7,00060
06327450,Cains Coulee at Glendive MT,47.09420556,-104.7132667,2061.11,00060
06327500,"Yellowstone River at Glendive, MT",47.10588889,-104.7184306,2001.43,00060
06328495,Yellowstone River Fish Bypass Channel nr Intake MT,47.2637222,-104.5396667,2000,00060
06329500,Yellowstone River near Sidney MT,47.67741389,-104.1554111,1882.87,00060
12301250,"Tobacco River at Eureka, MT",48.8779472,-115.054461, 2555.12,00060
12301933,Kootenai River bl Libby Dam nr Libby MT,48.40066389,-115.3187194, 2100,00060
12302055,Fisher River near Libby MT,48.35560278,-115.31465, 2134.1,00060
12303500,Lake Creek at Troy MT,48.4468611,-115.877136, 1900,00060
12304500,Yaak River near Troy MT,48.5617222,-115.9701583, 1839,00060
12323233,"Blacktail Creek above Grove Gulch, at Butte, MT",45.9912694,-112.5273583, 5457,00060
12323242,"Silver Bow Creek at Montana Street, at Butte, MT",45.99572778,-112.538761, 5449,00060
12323250,"Silver Bow Cr bl Blacktail Cr, at Butte, MT",45.996575,-112.5634889, 5409.47,00060
12323600,Silver Bow Creek at Opportunity MT,46.1077583,-112.8052833, 4912,00060
12323670,"Mill Creek nr Anaconda, MT",46.0829722,-112.9171889, 5470,00060
12323700,"Mill Creek at Opportunity, MT",46.11437778,-112.819775, 04940,00060
12323710,"Willow Creek nr Anaconda, MT",46.0645111,-112.8935306, 5190,00060
12323720,"Willow Creek at Opportunity, MT",46.10716389,-112.810611, 4930,00060
12323750,Silver Bow Creek at Warm Springs MT,46.1794972,-112.780561, 4787.95,00060
12323760,Warm Springs Creek near Anaconda MT,46.13366667,-112.9031528, 5150,00060
12323770,Warm Springs Creek at Warm Springs MT,46.180375,-112.7850778, 4810.00,00060
12323800,Clark Fork near Galen MT,46.20824167,-112.76735, 4749,00060
12323840,Lost Creek near Anaconda MT,46.161325,-112.8937972, 5100,00060
12323850,"Lost Creek near Galen, MT",46.2185722,-112.7741667, 4750,00060
12324200,Clark Fork at Deer Lodge MT,46.39765,-112.7425389, 4502.2,00060
12324400,Clark Fork ab Little Blackfoot R nr Garrison MT,46.5109111,-112.789686, 4350,00060
12324590,Little Blackfoot River near Garrison MT,46.5194833,-112.7931722,4347.73,00060
12324680,Clark Fork at Goldcreek MT,46.58998889,-112.9287139, 4172.8,00060
12325500,Flint Creek near Southern Cross MT,46.23266667,-113.2998722, 5630,00060
12329500,Flint Creek at Maxville MT,46.4637583,-113.2402778, 4828.38,00060
12330000,Boulder Creek at Maxville MT,46.47165278,-113.2357694, 4750,00060
12331500,Flint Creek near Drummond MT,46.62872778,-113.1506917, 4017.27,00060
12331800,Clark Fork near Drummond MT,46.71191389,-113.3307806, 3810,00060
12332000,Middle Fork Rock Cr nr Philipsburg MT,46.1845694,-113.5015694, 5444.08,00060
12334510,Rock Creek near Clinton MT,46.7223361,-113.683061, 3519.46,00060
12334550,Clark Fork at Turah Bridge nr Bonner MT,46.8259111,-113.8140306, 3320,00060
12335100,Blackfoot R ab Nevada Cr nr Helmville MT,46.9187944,-113.014986, 4255.36,00060
12335500,"Nevada Cr ab reservoir, nr Helmville, MT",46.77777778,-112.767786, 4640,00060
12338300,NF Blackfoot R ab Dry Gulch nr Ovando MT,46.9794944,-113.092186,4070.84,00060
12340000,Blackfoot River near Bonner MT,46.8994111,-113.7563194, 3344.76,00060
12340500,Clark Fork above Missoula MT,46.87676389,-113.9321194, 3198.30,00060
12342500,West Fork Bitterroot River nr Conner MT,45.72482778,-114.2822944, 4581.4,00060
12344000,Bitterroot River near Darby MT,45.97205,-114.1412333, 3942.14,00060
12350250,Bitterroot River at Bell Crossing nr Victor MT,46.4432,-114.1237667, 3330,00060
12352500,Bitterroot River near Missoula MT,46.83173889,-114.054861, 3110,00060
12353000,Clark Fork below Missoula MT,46.8686333,-114.1277472, 3083.88,00060
12354000,"St. Regis River near St. Regis, MT",47.2967111,-115.122625, 2645,00060
12354500,Clark Fork at St. Regis MT,47.30163889,-115.0868694, 2600.37,00060
12355500,N F Flathead River nr Columbia Falls MT,48.4957972,-114.1267639, 3145.59,00060
12358500,M F Flathead River near West Glacier MT,48.49551667,-114.0102083, 3128.72,00060
12359800,S F Flathead R ab Twin C nr Hungry Horse MT,47.9790972,-113.5606833, 3575,00060
12362500,S F Flathead River nr Columbia Falls MT,48.35657778,-114.0378583, 3040,00060
12363000,Flathead River at Columbia Falls MT,48.3618111,-114.18495, 2981.54,00060
12363500,"Flathead River near Kalispell, MT",48.2211361,-114.241886,2911,00060
12365700,"Stillwater River at Lawrence Park, at Kalispell",48.21725,-114.313736, 2940,00060
12366000,Whitefish River near Kalispell MT,48.3201861,-114.2785944, 2969.83,00060
12370000,"Swan River near Bigfork, MT",48.02423056,-113.9788194, 3062.6,00060
12372000,Flathead River near Polson MT,47.6802861,-114.2467278, 2692.7,00060
12377150,Mission Creek ab reservoir nr St. Ignatius MT,47.32019167,-113.9878917, 3460,00060
12381400,South Fork Jocko River near Arlee MT,47.19555,-113.850736, 3970,00060
12388700,Flathead River at Perma MT,47.36679167,-114.585, 2469.3,00060
12389000,Clark Fork near Plains MT,47.4292,-114.8565333, 2449.11,00060
12389500,Thompson River near Thompson Falls MT,47.5918583,-115.229536, 2429.97,00060
12390700,Prospect Creek at Thompson Falls MT,47.5860611,-115.3551, 2382.4,00060
463138110580001,NF Smith R ab conf nr White Sulphur Springs,46.52708889,-110.9666306, 4922,00060
480608115242901,"Libby Wetland Site bl Schrieber Lake nr Libby, MT",48.1022259,-115.4089188, 3020,00060
06453600,"Ponca Creek at Verdel, Nebr.",42.8108611,-98.1753972,1233.42,00060
06461500,"Niobrara River near Sparks, Nebr.",42.90207778,-100.3625278,2288.68,00060
06463500,"Long Pine Creek near Riverview, Nebr.",42.6896361,-99.6794472,1988.12,00060
06463720,"Niobrara River at Mariaville, Nebr.",42.78055556,-99.3397222, 1797,00060
06465500,"Niobrara River near Verdel, Nebr.",42.7397222,-98.2227778, 1312.12,00060
06466400,"Bazile Creek at Center, Nebr",42.61573056,-97.8780722,1353.44,00060
06466470,"Howe Creek below Walker Draw near Center, Nebr.",42.67321667,-97.8538611, 1361,00060
06466500,"Bazile Creek near Niobrara, Nebr.",42.7322222,-97.9225, 1243.32,00060
06478522,"Bow Creek near Wynot, Nebr.",42.76527778,-97.1725667, 1165,00060
06486000,"Missouri River at Sioux City, IA",42.48619444,-96.4130833, 1057.42,00060
06600900,"South Omaha Creek at Walthill, Nebr.",42.14805556,-96.4833333, 1183.00,00060
06601000,"Omaha Creek at Homer, Nebr.",42.32166667,-96.4877778, 1080.45,00060
06610000,"Missouri River at Omaha, NE",41.25905556,-95.92325, 948.97,00060
06610720,"Big Papillion Creek near Bennington, Nebr.",41.37888889,-96.1825, 1070.16,00060
06610732,"Big Papillion Creek at Fort Street at Omaha, Nebr.",41.30666465,-96.1041852, 1028.66,00060
06610750,"Little Papillion Creek at Irvington, Nebr.",41.31055556,-96.0475, 1056.27,00060
06610765,"Little Papillion Cr at Ak-Sar-Ben at Omaha, Nebr.",41.24527778,-96.0202778, 1001.76,00060
06610770,"Big Papillion Creek at Q Street at Omaha, Nebr.",41.20541556,-96.0166826, 970.48,00060
06610785,"West Papillion Creek at Millard, Nebr.",41.2073611,-96.1276111, 1022.82,00060
06610788,"South Papillion Creek at Chalco, Nebr.",41.18055556,-96.1391667, 1020.84,00060
06610793,"West Papillion Creek at Papillion, Nebr.",41.15575,-96.0430556, 980.32,00060
06610795,"Papillion Creek at Fort Crook, Nebr.",41.1178333,-95.9376667, 945.77,00060
06680500,"North Platte River at Scottsbluff, Nebr.",41.84994444,-103.6755556, 3863.32,00060
06762500,"Lodgepole Creek at Bushnell, Nebr.",41.22777778,-103.8930556, 4843.31,00060
06764880,"South Platte River at Roscoe, Nebr.",41.1261111,-101.5766667, 3150,00060
06767970,"Platte R, J2 Outflow and S Ch, near Overton, Nebr.",40.67683889,-99.5679556,2300.29,00060
06768000,"Platte River near Overton, Nebr.",40.6825,-99.5405556, 2295.83,00060
06768020,"Spring Creek near Overton, Nebr.",40.70723067,-99.5598289, 2307.11,00060
06768025,"Platte R,So-Ch,Cottonwood Ranch nr Overton, Nebr.",40.67888889,-99.4891667, 2278.34,00060
06768035,"Platte R Mid-Ch, Cottonwood Ranch nr Elm Cr, Nebr.",40.6855652,-99.439268, 2261.92,00060
06769000,"Buffalo Creek near Overton, Nebr.",40.7344535,-99.505937, 2297.45,00060
06769525,"Elm Creek near Elm Creek, Nebr.",40.7288988,-99.3989885, 2268.23,00060
06770200,"Platte River near Kearney, Nebr.",40.65805556,-99.0861111, 2134.11,00060
06770500,"Platte River near Grand Island, Nebr.",40.8744567,-98.2820044, 1829.90,00060
06772100,"Wood River at Grand Island, Nebr.",40.8747222,-98.3783333, 1850.27,00060
06772775,"Warm Slough near Central City, Nebr.",41.0908333,-98.0777778, 1718.18,00060
06772898,"Silver Creek, at Mile 4 near Silver Creek, Nebr.",41.2972222,-97.7138889, 1556,00060
06773500,"Prairie Creek near Silver Creek, Nebr.",41.328903,-97.6753296, 1550,00060
06774000,"Platte River near Duncan, Nebr.",41.3683333,-97.4952778, 1476.82,00060
06775500,"Middle Loup River at Dunning, Nebr.",41.83091667,-100.0995278, 2605.22,00060
06775900,"Dismal River near Thedford, Nebr.",41.7786111,-100.5252778, 2798.18,00060
06777495,"Middle Loup River near Gates, Nebr.",41.6629861,-99.6355972, 2406,00060
06781600,"South Loup River at Arnold, Nebr.",41.42277778,-100.2033778, 2686.22,00060
06781900,"South Loup River at Pressey WMA near Oconto, Nebr.",41.19278056,-99.7086083, 2376.50,00060
06784000,"South Loup River at Saint Michael, Nebr.",41.0325,-98.7405556,1920.04,00060
06785000,"Middle Loup River at Saint Paul, Nebr.",41.2035,-98.4461111, 1776.61,00060
06785500,"North Loup River at Brewster, Nebr.",41.94166667,-99.8602778, 2469.04,00060
06786000,"North Loup River at Taylor, Nebr.",41.77694444,-99.3791667, 2249.04,00060
06790500,"North Loup River near Saint Paul, Nebr.",41.26334596,-98.449236, 1759.29,00060
06792500,"Loup River Power Canal near Genoa, Nebr.",41.40916667,-97.7936111, 1566.26,00060
06793000,"Loup River near Genoa, Nebr.",41.4186111,-97.7236111, 1540.13,00060
06794000,"Beaver Creek at Genoa, Nebr.",41.4414021,-97.7347745, 1542.13,00060
06794650,"Clear Creek 1.75 mile W of Polk County line, Nebr.",41.35194444,-97.4033333, 1460,00060
06795500,"Shell Creek near Columbus, Nebr.",41.52596389,-97.2815972,1420.79,00060
06796000,"Platte River at North Bend, Nebr.",41.45317778,-96.7753944,1262.80,00060
06796500,"Platte River near Leshara, Nebr.",41.32,-96.4038889, 1144.47,00060
06797500,"Elkhorn River at Ewing, Nebr.",42.26844444,-98.3393611, 1836.24,00060
06799000,"Elkhorn River at Norfolk, Nebr.",42.00377778,-97.4260278, 1500.95,00060
06799100,"North Fork Elkhorn River near Pierce, Nebr.",42.1485,-97.4785278, 1542.88,00060
06799315,"Elkhorn River at Pilger, Nebr.",41.99527778,-97.0580556, 1388.41,00060
06799350,"Elkhorn River at West Point, Nebr.",41.8394441,-96.7275324, 1291.26,00060
06799445,"Logan Creek at Wakefield, Nebr.",42.2769448,-96.8619862, 1351.21,00060
06799500,"Logan Creek near Uehling, Nebr.",41.71277778,-96.5219444, 1209.15,00060
06800000,"Maple Creek near Nickerson, Nebr.",41.56116667,-96.5408333, 1211.62,00060
06800500,"Elkhorn River at Waterloo, Nebr.",41.2933333,-96.2838889, 1105.19,00060
06801000,"Platte River near Ashland, Nebr",41.06225556,-96.3245139,1040.27,00060
06803000,"Salt Creek at Roca, Nebr.",40.65777778,-96.6655556, 1192.50,00060
06803080,"Salt Creek at Pioneers Boulevard at Lincoln, Nebr.",40.77027778,-96.7188889, 1132.70,00060
06803093,"Haines Branch at SW 56th St at Lincoln, Nebr.",40.7675026,-96.796965, 1164.48,00060
06803170,"Middle Creek at SW 63rd St at Lincoln, Nebr.",40.81080556,-96.8060833, 1153.91,00060
06803300,"Antelope Creek at 27th Street at Lincoln, Nebr.",40.80494444,-96.6850833, 1148.82,00060
06803420,"North Oak Creek near Touhy, Nebr.",41.13331667,-96.8724194,1327.67,00060
06803430,"North Oak Creek at Valparaiso, Nebr.",41.07491667,-96.8383889, 1266,00060
06803486,"Oak Creek at Air Park Road at Lincoln, Nebr.",40.85527778,-96.7794444, 1142.86,00060
06803495,"Salt Creek at Fairgrounds at Lincoln, Nebr.",40.8386111,-96.6913889,1109.50,00060
06803500,"Salt Creek at 27th Street at Lincoln, Nebr.",40.84666667,-96.6816667, 1113.90,00060
06803502,"Deadmans Run at 38th Street at Lincoln, Nebr.",40.83536389,-96.6655583, 1126.10,00060
06803510,"Little Salt Creek near Lincoln, Nebr.",40.89305556,-96.6816667, 1114.73,00060
06803513,"Salt Creek at 70th Street at Lincoln, Nebr.",40.8861114,-96.6241795, 1095.85,00060
06803520,"Stevens Creek near Lincoln, Nebr.",40.85716667,-96.5951278,1112.50,00060
06803530,"Rock Creek near Ceresco, Nebr.",41.0158333,-96.5441667, 1104.18,00060
06803555,"Salt Creek at Greenwood, Nebr.",40.96555556,-96.4544444, 1066.14,00060
06804000,"Wahoo Creek at Ithaca, Nebr.",41.1475,-96.5377778, 1110.48,00060
06804700,"Wahoo Creek at Ashland, Nebr.",41.0536111,-96.3677778, 1048.77,00060
06805500,"Platte River at Louisville, Nebr",41.01497778,-96.1575,1007.34,00060
06806500,"Weeping Water Creek at Union, Nebr.",40.79416667,-95.9113889, 926.72,00060
06807000,"Missouri River at Nebraska City, NE",40.68180556,-95.8470833, 905.61,00060
06810070,"Missouri River at Brownville, NE",40.39819444,-95.6536667, 859.95,00060
06811500,"Little Nemaha River at Auburn, Nebr.",40.39277778,-95.8127778, 889.87,00060
06813500,"Missouri River at Rulo, NE",40.05205556,-95.42175, 838.16,00060
06814500,"North Fork Big Nemaha River at Humboldt, Nebr.",40.15694485,-95.9447206, 941.44,00060
06815000,"Big Nemaha River at Falls City, Nebr.",40.0355577,-95.5960957, 858.24,00060
06821500,"Arikaree River nr Haigler, Nebr.",40.0178611,-101.9963056,3272.22,00060
06823000,North Fork Republican River at Colorado-Nebraska,40.06943516,-102.0512979, 3336.09,00060
06823500,"Buffalo Creek near Haigler, Nebr.",40.03944444,-101.8666667, 3189.00,00060
06824000,"Rock Creek at Parks, Nebr.",40.0422222,-101.7280556, 3093.35,00060
06824500,"Republican River at Benkelman, Nebr.",40.03444444,-101.5427778, 2975.34,00060
06827500,"South Fork Republican River near Benkelman, Nebr.",40.01027778,-101.5419444, 2989.91,00060
06828500,"Republican River at Stratton, Nebr.",40.14055556,-101.2297222, 2775.49,00060
06834000,"Frenchman Creek at Palisade, Nebr.",40.35166667,-101.1236111, 2743.49,00060
06835500,"Frenchman Creek at Culbertson, Nebr.",40.2347215,-100.8782139, 2583.44,00060
06836500,"Driftwood Creek near McCook, Nebr.",40.14583655,-100.6732083, 2502.78,00060
06837000,"Republican River at McCook, Nebr.",40.18777778,-100.6186111, 2456.37,00060
06838000,"Red Willow Creek near Red Willow, Nebr.",40.2347222,-100.5008333, 2398.64,00060
06843500,"Republican River at Cambridge, Nebr.",40.28444444,-100.1436111, 2239.07,00060
06844500,"Republican River near Orleans, Nebr.",40.13166667,-99.5025, 1972.57,00060
06847000,"Beaver Creek near Beaver City, Nebr.",40.1200068,-99.8934566, 2164.84,00060
06847500,"Sappa Creek near Stamford, Nebr.",40.1183333,-99.5169444, 1966.53,00060
06852500,Courtland Canal at Nebraska-Kansas Stateline,40.0041807,-98.1322678, 1612.46,00060
06853020,"Republican River at Guide Rock, Nebr.",40.06416667,-98.3308333, 1616.15,00060
06880800,"West Fork Big Blue River near Dorchester, Nebr.",40.7311177,-97.1775413, 1403.48,00060
06881000,"Big Blue River near Crete, Nebr.",40.59666667,-96.9605556, 1311.70,00060
06881380,"Turkey Creek near DeWitt, Nebr.",40.3669833,-96.8894694,1255.03,00060
06882000,"Big Blue River at Barneston, Nebr.",40.0447222,-96.5872222, 1162.20,00060
06883000,"Little Blue River near Deweese, Nebr.",40.3325,-98.0669444, 1630.67,00060
06883530,"Little Blue River at County Line nr Deshler, Nebr.",40.21502778,-97.8206222, 1528,00060
06884000,"Little Blue River near Fairbury, Nebr.",40.1464722,-97.2007222, 1298.25,00060
09415510,"PRESTON BIG SPRG NR PRESTON, NV",38.9333333,-115.08,5715.16,00060
09415558,"HOT CK NR SUNNYSIDE, NV",38.37944444,-115.1516667,5214.46,00060
09415645,"ASH SPGS CK BLW DIV AT HWY 93 AT ASH SPGS, NV",37.46,-115.195, 3579.75,00060
09415900,"MUDDY SPGS AT LDS FARM NR MOAPA, NV",36.72163699,-114.7155502, 1770.,00060
09415908,"PEDERSON E SPGS NR MOAPA, NV",36.70936389,-114.7157139, 1807.7,00060
09415910,"PEDERSON SPGS NR MOAPA, NV",36.70958056,-114.7159722, 1810.99,00060
09415915,"WARM SPGS W INFLOW NR MOAPA, NV",36.71051944,-114.7146056, 1804,00060
09415920,"WARM SPGS W NR MOAPA, NV",36.7111833,-114.7136639, 1771,00060
09415927,"WARM SPGS CONFL AT IVERSON FLUME NR MOAPA, NV",36.7113333,-114.7096667, 1780.,00060
09416000,"MUDDY RV NR MOAPA, NV",36.7110817,-114.6952715, 1710.00,00060
09417500,"MEADOW VALLEY WASH AT EAGLE CYN NR URSINE, NV",38.0041285,-114.206927,5653.91,00060
09418500,"MEADOW VALLEY WASH NR CALIENTE, NV",37.55837778,-114.5630556, 4200.00,00060
09418700,"MEADOW VALLEY WASH NR ROX, NV",36.8382,-114.6580556,1855,00060
09419000,"MUDDY RV NR GLENDALE, NV",36.64302844,-114.5397075,1463.76,00060
09419530,"VIRGIN RV BLW CONF OF MUDDY RV NR OVERTON, NV",36.4475583,-114.3529139, 1093.,00060
09419625,"CORN CK SPGS AT NATIONAL FISH & WILDLIFE HDQRS, NV",36.43884444,-115.3581194,2927.49,00060
09419659,SLOAN CHANNEL TRIB AT LAS VEGAS BLVD NR N LV,36.22864167,-115.0742806,1839.96,00060
09419665,"SLOAN CHANNEL AT CHARLESTON BLVD NR LAS VEGAS, NV",36.1596948,-115.0452761,1710.72,00060
094196781,"FLAMINGO WASH AT NELLIS BLVD NR LAS VEGAS, NV",36.14302819,-115.0655537,1712.72,00060
094196783,"LV WASH BLW FLAMINGO WASH CONFL NR LAS VEGAS, NV",36.13969527,-115.0477755,1681.04,00060
094196784,"LAS VEGAS WASH AT VEGAS VALLEY DR NR LAS VEGAS, NV",36.13191667,-115.0356667,1669.93,00060
09419679,"LAS VEGAS WASTEWAY NR E LAS VEGAS, NV",36.10805,-115.0219944, 1636.87,00060
09419696,"DUCK CK AT BROADBENT BLVD AT E LAS VEGAS, NV",36.09080799,-115.0238843,1602.32,00060
09419698,"LV WASH BLW DUCK CK CONF NR HENDERSON, NV",36.09152507,-115.0000505, 1556.38,00060
09419700,"LAS VEGAS WASH AT PABCO RD NR HENDERSON, NV",36.08747539,-114.9858276, 1530.10,00060
09419740,"C-1 CHANNEL NR WARM SPGS RD AT HENDERSON, NV",36.044699,-114.9591584,1852.27,00060
09419745,"C-1 CHANNEL ABV MOUTH NR HENDERSON, NV",36.085,-114.9683333,1518.84,00060
09419747,"LV WASH ABV BOSTICK WEIR NR HENDERSON, NV",36.08978889,-114.972225, 1504.79,00060
09419749,"LV WASH ABV HOMESTEAD WEIR NR HENDERSON, NV",36.09420556,-114.9551833, 1467.54,00060
09419753,"LV WASH ABV THREE KIDS WASH BLW HENDERSON, NV",36.100375,-114.9433194, 1401.87,00060
09419756,LAS VEGAS WASH OVERFLOW AT LAKE LAS VEGAS INLET,36.10247588,-114.934437,1392.12,00060
09419800,"LV WASH BLW LAKE LAS VEGAS NR BOULDER CITY, NV",36.12219816,-114.904992,1249.45,00060
09423000,"COLORADO RIVER BELOW DAVIS DAM, AZ-NV",35.19166556,-114.5721876, 490.,00060
10243260,"LEHMAN CK NR BAKER, NV",39.0116129,-114.2144392,6687.97,00060
10243700,"CLEVE CK NR ELY, NV",39.21657778,-114.5296389,6191.76,00060
10244950,"STEPTOE CK NR ELY, NV",39.20153889,-114.689161,7360.92,00060
10245100,"GEYSER CK AT SPGS ORIFICE NR MINERVA, NV",38.68,-114.6666667,6470.63,00060
10245960,"COILS CK ABV HORSE CK NR EUREKA, NV",39.76977778,-116.4644444, 6405,00060
10245970,"ROBERTS CK NR EUREKA, NV",39.78977778,-116.3009444, 6743,00060
10245980,"SLOUGH CK AT DEVILS GATE NR EUREKA, NV",39.57330556,-116.0767222, 6004,00060
10246835,"BIG WARM SPGS NR DUCKWATER, NV",38.95019444,-115.7032778, 5600.,00060
10246846,"L CURRANT CK NR CURRANT, NV",38.84715919,-115.367526, 6700.00,00060
10247200,"BIG CK NR WARM SPGS, NV",38.18688086,-115.755869, 5630.,00060
10249280,"KINGSTON CK BLW COUGAR CYN NR AUSTIN, NV",39.2124291,-117.1134216,6449.44,00060
10249300,"S TWIN RV NR ROUND MOUNTAIN, NV",38.8874302,-117.2453673, 6400,00060
10293200,"E WALKER RV AT MORGAN BRIDGE NR WICHMAN CYN, NV",38.548,-118.950061,5093,00060
10293500,"E WALKER RV ABV STROSNIDER DITCH NR MASON, NV",38.81371389,-119.0479917, 4574.10,00060
10295000,"E WALKER RV NR MASON, NV",38.8774,-119.1442806, 4463,00060
10297010,"TOPAZ CANAL BLW TOPAZ LAKE NR TOPAZ, CA",38.69555556,-119.5080556, 5006,00060
10297500,"W WALKER RV AT HOYE BRG NR WELLINGTON, NV",38.72806389,-119.427861, 4980.00,00060
10300000,"W WALKER RV NR HUDSON, NV",38.8096366,-119.227377, 4650.00,00060
10300600,"WALKER RV AT SNYDER LN NR MASON, NV",38.92125,-119.1915833, 4426.,00060
10301115,"WALKER RVR BLW YERINGTON WEIR NR YERINGTON, NV",39.02041667,-119.1560556, 4390,00060
10301300,WALKER RV BLW MASON VLY WMA AT RR XING NR WABUSKA,39.12816667,-119.1166944, 4300.,00060
10301500,"WALKER RV NR WABUSKA, NV",39.1524611,-119.0988889, 4300.00,00060
10301600,"WALKER RV ABV WEBER RES NR SCHURZ, NV",39.1032533,-118.929317, 4215.00,00060
10301720,"WALKER RV AT PT SITE BLW WEBER RES NR SCHURZ, NV",39.0338091,-118.8623696, 4170.,00060
10301742,"CANAL NO 2 ABV LITTLE DAM NR SCHURZ, NV",39.0140869,-118.8609803, 4160.,00060
10301745,"WALKER RV ABV LITTLE DAM NR SCHURZ, NV",39.01353135,-118.8609803, 4160.,00060
10301755,"CANAL NO 1 BLW LITTLE DAM NR SCHURZ, NV",39.01242024,-118.861258, 4160.,00060
10302002,"WALKER RV AT LATERAL 2-A SIPHON NR SCHURZ, NV",38.94019785,-118.8037557, 4105.,00060
10302025,"WALKER RV NR MOUTH AT WALKER LAKE, NV",38.79103038,-118.727085, 3940.,00060
10309000,"E FK CARSON RV NR GARDNERVILLE, NV",38.84519444,-119.7060833, 5036.,00060
10309010,"E FK CARSON RV NR DRESSLERVILLE, NV",38.88013889,-119.6918056, 4896,00060
10309035,"INDIAN CK ABV MOUTH NR GARDNERVILLE,NV",38.87901944,-119.702711, 4910.,00060
10309050,"PINE NUT CK NR GARDNERVILLE, NV",38.85894444,-119.5685833, 6354,00060
10310500,"CLEAR CK NR CARSON CITY, NV",39.11324216,-119.7982365, 5000.,00060
10311000,"CARSON RV NR CARSON CITY, NV",39.10768747,-119.7132334, 4620.48,00060
10311100,"KINGS CYN CK NR CARSON CITY, NV",39.15379796,-119.8079599, 5180.,00060
10311200,"ASH CYN CK NR CARSON CITY, NV",39.17629816,-119.805738, 5080.,00060
10311300,"EAGLE VALLEY CK AT CARSON CITY, NV",39.165275,-119.722225, 4620.,00060
10311400,"CARSON RV AT DEER RUN RD NR CARSON CITY, NV",39.18137778,-119.6948694,4576.32,00060
10311700,"CARSON RV AT DAYTON, NV",39.23779444,-119.5878583, 4350.,00060
10311750,"CARSON R ABV SIXMILE CYN CK BLW DAYTON, NV",39.28091667,-119.5251389, 4295,00060
10312000,"CARSON RV NR FORT CHURCHILL, NV",39.29166667,-119.311111, 4180.00,00060
10312150,"CARSON RV BLW LAHONTAN RESERVOIR NR FALLON, NV",39.4639361,-119.0462583, 4040.,00060
10312275,"CARSON RV AT TARZYN RD NR FALLON, NV",39.55880594,-118.7259842, 3920.00,00060
10313900,"HANKS CK AT MARYS RV RANCH RD NR DEETH, NV",41.4778611,-115.2866389, 5860,00060
10315500,"MARYS RV ABV HOT SPGS CK NR DEETH, NV",41.2526961,-115.2564468, 5504.,00060
10316500,"LAMOILLE CK NR LAMOILLE, NV",40.69076057,-115.477003, 6240.,00060
10317480,"BEAVER CK ABV CONF N FK HUMBOLDT RV NR HALLECK, NV",41.3297222,-115.5719444, 5596,00060
10317500,"N FK HUMBOLDT RV AT DEVILS GATE NR HALLECK, NV",41.17875278,-115.492575, 5370.00,00060
10318500,"HUMBOLDT RV NR ELKO, NV",40.93655556,-115.6241667, 5142.32,00060
10319900,"S FK HUMBOLDT RV ABV TENMILE CK NR ELKO, NV",40.6274972,-115.7305222, 5275,00060
10320000,"S FK HUMBOLDT RV ABV DIXIE CK NR ELKO, NV",40.6849236,-115.8134002, 5140.00,00060
10320100,"DIXIE CK ABV S F HUMBOLDT RV NR ELKO, NV",40.6582566,-115.8545124, 5207,00060
10321000,"HUMBOLDT RV NR CARLIN, NV",40.72769715,-116.009242, 4935.6,00060
10321590,"SUSIE CK AT CARLIN, NV",40.72602928,-116.0778547, 4910.6,00060
10321925,"SIMON CK AT HWY 766 NR CARLIN, NV",40.84316667,-116.2245222, 5150.,00060
10321940,"MAGGIE CK ABV MAGGIE CK CYN NR CARLIN, NV",40.8249142,-116.2234155, 5125.0,00060
10321950,"MAGGIE CK AT MAGGIE CR CYN NR CARLIN, NV",40.80324824,-116.2000813, 5095.,00060
10322000,"MAGGIE CK AT CARLIN, NV",40.71624444,-116.093575, 4896.9,00060
10322150,"MARYS CK AT CARLIN, NV",40.710473,-116.1259112, 4912.0,00060
10322500,"HUMBOLDT RV AT PALISADE, NV",40.60741747,-116.2017444, 4829.2,00060
10322505,"HORSE CK AT HORSE CYN NR GARDEN GATE PASS, NV",40.11555556,-116.5034444, 6165,00060
103225055,"WILLOW CK AT ALLISON RANCH NR GARDEN GATE PASS, NV",40.171,-116.4866944, 6478,00060
10322510,"TONKIN SPG OUTFLOW ABV DENAY CK NR EUREKA, NV",39.90480556,-116.4125278, 6490,00060
10322535,"HENDERSON CK BLW VINNINI CK NR EUREKA, NV",39.869,-116.1669444, 6424,00060
10322555,"PETE HANSON CK ABV HENDERSON CK NR EUREKA, NV",39.89030556,-116.3782778, 6914,00060
10322800,"PINE CK AT MODARELLI MINE RD NR HAY RANCH, NV",40.38125,-116.1251389, 5163.5,00060
10323000,"PINE CK NR PALISADE, NV",40.5947972,-116.1732694,4858.51,00060
10323425,"HUMBOLDT RV AT OLD US 40 BRG AT DUNPHY, NV",40.7054675,-116.5309216, 4619.9,00060
10324500,"ROCK CK NR BATTLE MOUNTAIN, NV",40.83040556,-116.5883417, 4665.9,00060
10324700,"BOULDER CK NR DUNPHY, NV",40.95491015,-116.4400903, 5018.0,00060
10325000,"HUMBOLDT RV AT BATTLE MOUNTAIN, NV",40.6676885,-116.9312118, 4492.9,00060
10327500,"HUMBOLDT RV AT COMUS, NV",40.99212549,-117.3176168, 4363.3,00060
10328450,"N FK L HUMBOLDT RV NR PARADISE VALLEY, NV",41.48527778,-117.131111,4672,00060
10328475,"S FK L HUMBOLDT RV NR PARADISE VALLEY, NV",41.44805556,-117.088611,4683,00060
10328500,L HUMBOLDT RV BLW CHIMNEY DM NR PARADISE VALLEY NV,41.3933333,-117.1813889,4585,00060
10329000,"L HUMBOLDT RV NR PARADISE VALLEY, NV",41.4158222,-117.373511, 4464.4,00060
10329500,"MARTIN CK NR PARADISE VALLEY, NV",41.5346175,-117.4179047, 4648.9,00060
10333000,"HUMBOLDT RV NR IMLAY, NV",40.6924048,-118.204312, 4133.2,00060
10335000,"HUMBOLDT RV NR RYE PATCH, NV",40.4674063,-118.3076469, 4067.7,00060
10336698,"THIRD CK NR CRYSTAL BAY, NV",39.24046325,-119.9465774,6237.59,00060
10336700,"INCLINE CK NR CRYSTAL BAY, NV",39.2401855,-119.9449106,6251.00,00060
10336715,"MARLETTE CK NR CARSON CITY, NV",39.17213045,-119.907963, 7760.00,00060
10336730,"GLENBROOK CK AT GLENBROOK, NV",39.08740806,-119.9399057, 6240.,00060
10347310,"DOG CK AT VERDI, NV",39.5243537,-119.9954782, 4900.,00060
10347460,"TRUCKEE RV NR MOGUL, NV",39.50713218,-119.931864, 4691,00060
10347600,"HUNTER CK NR RENO, NV",39.4951111,-119.8945, 4880.,00060
10348000,"TRUCKEE RV AT RENO, NV",39.53018865,-119.7954684,4448.04,00060
10348036,"TRUCKEE RV AT GLENDALE AVE NR SPARKS, NV",39.5258333,-119.7766389, 4433,00060
10348200,"TRUCKEE RV NR SPARKS, NV",39.51761667,-119.7416444,4386.03,00060
10348245,"N TRUCKEE DRAIN AT SPANISH SPRINGS RD NR SPARK, NV",39.56879988,-119.7265766, 4410.,00060
10348295,"N TRUCKEE DRAIN NR BIG FISH DR NR SPARKS, NV",39.5315833,-119.7149722, 4394,00060
10348460,"FRANKTOWN CK NR CARSON CITY, NV",39.20227778,-119.8710833, 7470.,00060
10348505,"FRANKTOWN CK AT OLD US 395 NR FRANKTOWN, NV",39.27406389,-119.8413528,5077,00060
10348520,"OPHIR CK NR STEAMBOAT, NV",39.29082778,-119.8309167, 5116,00060
10348550,"DAVIS CK AT DAVIS CK CMPGRD RD NR WASHOE CITY, NV",39.3034222,-119.8281667, 5100.,00060
10348570,"WINTERS CK BLW US ALT 395 NR WASHOE CITY, NV",39.31238889,-119.8232083, 5095,00060
10348801,STEAMBOAT CK AT WASHOE LK DAM AT NEW WASHOE CITY,39.3298333,-119.8019167,5043,00060
10348850,"GALENA CK AT GALENA CK STATE PARK, NV",39.35435414,-119.8585225, 6320.00,00060
10348995,"GALENA CK BLW GALENA CK BRDG AT PLEASANT VLY, NV",39.3490833,-119.7900556,4913,00060
10349300,"STEAMBOAT CK AT STEAMBOAT, NV",39.3771333,-119.7436583, 4600.00,00060
10349700,"WHITES CK NR STEAMBOAT, NV",39.38527778,-119.8344444,5888,00060
10349770,"WHITES CK AT OLD VIRGINIA RD NR RENO, NV",39.42413889,-119.7547778,4512,00060
10349849,"STEAMBOAT CK AT SHORT LN AT RENO, NV",39.4657449,-119.7285199, 4415.00,00060
10349980,"STEAMBOAT CK AT CLEANWATER WAY NR RENO, NV",39.5129672,-119.712409, 4375.00,00060
10350000,"TRUCKEE RV AT VISTA, NV",39.5204672,-119.7010198, 4371.16,00060
10350340,"TRUCKEE RV NR TRACY, NV",39.55657878,-119.5532362,4254.84,00060
10351300,"TRUCKEE CANAL NR WADSWORTH, NV",39.6126902,-119.2971146, 4200.,00060
10351400,"TRUCKEE CANAL NR HAZEN, NV",39.5038035,-119.0451614, 4166.53,00060
10351600,"TRUCKEE RV BLW DERBY DAM NR WADSWORTH, NV",39.58463448,-119.4412872,4185.53,00060
10351650,"TRUCKEE RV AT WADSWORTH, NV",39.63213447,-119.2832254, 4039.00,00060
10351700,"TRUCKEE RV NR NIXON, NV",39.7773722,-119.3375222, 3940.00,00060
10352500,"MCDERMITT CK NR MCDERMITT, NV",41.9665572,-117.831812, 4545.00,00060
103530001,QUINN RV BLW CONFL E FK S FK QUINN NR MC DERMITT,41.974,-117.5956944, 4770,00060
13105000,SALMON FALLS CREEK NR SAN JACINTO NV,41.9447222,-114.688611,5105.52,00060
13161500,"BRUNEAU RV AT ROWLAND, NV",41.9332368,-115.6745268, 4500.00,00060
13162225,"JARBIDGE RV BLW JARBIDGE, NV",41.8904614,-115.4286816, 6050.,00060
13174500,"OWYHEE RV NR GOLD CK, NV",41.68879428,-115.8448067, 6118.75,00060
13175100,"OWYHEE RV NR MOUNTAIN CITY, NV",41.8604583,-115.9892597, 5560.,00060
362605114163001,"BEAR PAW POPPY SPRING OUTFLOW NR LAKE MEAD, NV",36.43478056,-114.275111, 1638,00060
362734114124201,"RED ROCK SPRINGS OUTFLOW NR LAKE MEAD, NV",36.45948889,-114.2117806, 1873,00060
01052500,"Diamond River near Wentworth Location, NH",44.8775,-71.0575,1258.84,00060
01053500,"Androscoggin River at Errol, NH",44.7825,-71.1286111,1226.59,00060
01053600,Androscoggin River below Bog Brook at Cambridge NH,44.6661111,-71.18138889,1172.70,00060
01054000,"Androscoggin River near Gorham, NH",44.4358333,-71.19027778,832.67,00060
01054114,"Peabody River at Gorham, New Hampshire",44.38131944,-71.1706556,794.41,00060
010642505,"SACO RIVER AT RIVER STREET, AT BARTLETT, NH",44.08388889,-71.2855556, 660.49,00060
01064500,"Saco River near Conway, NH",43.9908333,-71.0905556,417.83,00060
01064801,"BEARCAMP RIVER AT SOUTH TAMWORTH, NH",43.83007396,-71.2878488, 492.91,00060
01072800,"COCHECO RIVER NEAR ROCHESTER, NH",43.26841527,-70.9736739, 118.77,00060
01072870,"ISINGLASS R AT ROCHESTER NECK RD, NR DOVER, NH",43.23480487,-70.9564507, 107.80,00060
01073000,"OYSTER RIVER NEAR DURHAM, NH",43.1486955,-70.9650603, 64.58,00060
01073319,"LAMPREY RIVER AT LANGFORD ROAD, AT RAYMOND, NH",43.04138889,-71.2016667, 182.49,00060
01073500,"LAMPREY RIVER NEAR NEWMARKET, NH",43.10258558,-70.952559, 37.55,00060
010735562,"EXETER RIVER AT ODELL ROAD, NEAR SANDOWN, NH",42.94897557,-71.16478279, 175.65,00060
01073587,"EXETER RIVER AT HAIGH ROAD, NEAR BRENTWOOD, NH",42.9845316,-71.038392, 59.52,00060
01073785,"WINNICUT RIVER AT GREENLAND, NR PORTSMOUTH, NH",43.0358333,-70.8475, 5.28,00060
01074520,"EAST BRANCH PEMIGEWASSET RIVER AT LINCOLN, NH",44.0475669,-71.6598029, 820.72,00060
01075000,"PEMIGEWASSET RIVER AT WOODSTOCK, NH",43.9761792,-71.6795244, 616.10,00060
01076000,"BAKER RIVER NEAR RUMNEY, NH",43.79562647,-71.8453594, 496.94,00060
01076500,"PEMIGEWASSET RIVER AT PLYMOUTH, NH",43.7592388,-71.6856337, 456.66,00060
01077400,"COCKERMOUTH RIVER BELOW HARDY BROOK, AT GROTON, NH",43.70388889,-71.8333333, 608.42,00060
01078000,"SMITH RIVER NEAR BRISTOL, NH",43.56646307,-71.747857, 449.42,00060
01081000,"WINNIPESAUKEE RIVER AT TILTON, NH",43.44174376,-71.5875752, 441.40,00060
01081500,"MERRIMACK RIVER AT FRANKLIN JUNCTION, NH",43.42285456,-71.6528543, 250.58,00060
01082000,"CONTOOCOOK RIVER AT PETERBOROUGH, NH",42.8625837,-71.95924609, 731.25,00060
01085000,"CONTOOCOOK RIVER NEAR HENNIKER, NH",43.1520237,-71.85730149, 469.70,00060
01085500,"CONTOOCOOK R BL HOPKINTON DAM AT W HOPKINTON, NH",43.1928569,-71.7472995, 355.15,00060
01086000,"WARNER RIVER AT DAVISVILLE, NH",43.25091159,-71.7322996, 379.37,00060
01087000,"BLACKWATER RIVER NEAR WEBSTER, NH",43.2970225,-71.6945212, 431.17,00060
01089500,"SUNCOOK RIVER AT NORTH CHICHESTER, NH",43.25674759,-71.36951248, 328.78,00060
01089925,"SUNCOOK RIVER AT NH 28, NEAR SUNCOOK, NH",43.15980438,-71.4059011, 0.00,00060
01091000,"SOUTH BRANCH PISCATAQUOG RIVER NEAR GOFFSTOWN, NH",43.01480519,-71.64146129, 308.28,00060
01091500,"PISCATAQUOG RIVER NEAR GOFFSTOWN, NH",43.01675,-71.5506252, 173.98,00060
01092000,"MERRIMACK R NR GOFFS FALLS, BELOW MANCHESTER, NH",42.9481405,-71.4634002, 108.58,00060
01093852,"SOUHEGAN RIVER (SITE WLR-1) NEAR MILFORD, NH",42.8425858,-71.7067399, 264.32,00060
01094000,"SOUHEGAN RIVER AT MERRIMACK, NH",42.8575865,-71.5061785, 159.88,00060
010965852,"BEAVER BROOK AT NORTH PELHAM, NH",42.78286636,-71.35367448, 148.55,00060
01100505,"SPICKET RIVER AT NORTH SALEM, NH",42.8492547,-71.2150607, 185.82,00060
01100561,"SPICKET RIVER NEAR METHUEN, MA",42.7431456,-71.208393, 100.14,00060
01129200,"CONNECTICUT R BELOW INDIAN STREAM NR PITTSBURG, NH",45.04032368,-71.4439704, 1150.96,00060
01129500,"CONNECTICUT RIVER AT NORTH STRATFORD, NH",44.74977166,-71.63120018, 879.80,00060
01130000,"UPPER AMMONOOSUC RIVER NEAR GROVETON, NH",44.62505316,-71.4689721, 916.43,00060
01131500,"CONNECTICUT RIVER NEAR DALTON, NH",44.4100591,-71.7206438, 799.44,00060
01137500,"AMMONOOSUC RIVER AT BETHLEHEM JUNCTION, NH",44.2686741,-71.6303617, 1180.48,00060
01137940,"AMMONOOSUC RIVER BELOW LISBON DAM, AT LISBON, NH",44.2125,-71.9141667, 555,00060
01144500,"CONNECTICUT RIVER AT WEST LEBANON, NH",43.64618187,-72.3123134, 321.11,00060
01152010,"SUGAR RIVER 0.2 MI BELOW NH 11, AT SUNAPEE, NH",43.3864634,-72.0911969, 992.33,00060
01152500,"SUGAR RIVER AT WEST CLAREMONT, NH",43.38757327,-72.36203409, 358.42,00060
01154500,"CONNECTICUT RIVER AT NORTH WALPOLE, NH",43.12618905,-72.4367549, 217.53,00060
01154950,"COLD RIVER AT HIGH STREET, AT ALSTEAD, NH",43.14944444,-72.3616667, 452.00,00060
01157000,"ASHUELOT RIVER NEAR GILSUM, NH",43.03924586,-72.2700858, 772.40,00060
01158000,"ASHUELOT RIVER BELOW SURRY MT DAM, NEAR KEENE, NH",42.9948023,-72.31119719, 479.61,00060
01158110,"ASHUELOT RIVER ABOVE THE BRANCH, AT KEENE, NH",42.9192478,-72.279252, 394.03,00060
01160350,"ASHUELOT RIVER AT WEST SWANZEY, NH",42.87147076,-72.3281415, 441.95,00060
01161000,"ASHUELOT RIVER AT HINSDALE, NH",42.78591586,-72.4861996, 200.84,00060
01367715,Wallkill R at Scott Road at Franklin NJ,41.1333333,-74.5786111,,00060
01377000,Hackensack River at Rivervale NJ,40.99916667,-73.9891667, 22.51,00060
01377370,Pascack Brook at Park Ridge NJ,41.03666667,-74.0391667, 129.9,00060
01377500,Pascack Brook at Westwood NJ,40.99277778,-74.0211111, 28.62,00060
01378500,Hackensack River at New Milford NJ,40.9483333,-74.0266667, 6.25,00060
01379000,Passaic River near Millington NJ,40.68,-74.52888889, 215.60,00060
01379500,Passaic River near Chatham NJ,40.7261111,-74.3897222, 193.51,00060
01379530,Canoe Brook near Summit NJ,40.74444444,-74.3536111, 159.64,00060
01379700,Rockaway River at Berkshire Valley NJ,40.9308333,-74.5947222, 682.8,00060
01379773,Green Pond Brook at Picatinny Arsenal NJ,40.96,-74.5397222, 712.54,00060
01379780,Green Pond Bk blw Picatinny Lk at Picatinny Ars NJ,40.94944444,-74.5572222, 694.91,00060
01379845,Rockaway River at Warren Street at Dover NJ,40.8861111,-74.56, 561.83,00060
01380100,Beaver Brook at Rockaway NJ,40.9022222,-74.50138889, 510,00060
01380450,Rockaway River at Main Street at Boonton NJ,40.9075,-74.4191667, 479.00,00060
01381000,Rockaway River below Reservoir at Boonton NJ,40.89694444,-74.3947222, 195.68,00060
01381400,Whippany River near Morristown NJ,40.8122222,-74.5119444,311.76,00060
01381500,Whippany River at Morristown NJ,40.8072222,-74.4569444, 260.01,00060
01381800,Whippany River near Pine Brook NJ,40.845,-74.3472222, 162,00060
01381900,Passaic River at Pine Brook NJ,40.8625,-74.3216667, 149.26,00060
01382210,Pequannock River at Oak Ridge NJ,41.0397222,-74.5016667,783.53,00060
01382385,Pequannock River at Green Pond Junction NJ,41.0247222,-74.4083333, 610,00060
01382500,Pequannock River at Macopin Intake Dam NJ,41.0183333,-74.4011111, 549.17,00060
01382800,Pequannock River at Riverdale NJ,40.9986111,-74.2980556, 187.90,00060
01383500,Wanaque River at Awosting NJ,41.16027778,-74.3336111, 601.32,00060
01384500,Ringwood Creek near Wanaque NJ,41.1272222,-74.2658333, 292.67,00060
01386000,West Brook near Wanaque NJ,41.0736111,-74.3116667, 326.79,00060
01387000,Wanaque River at Wanaque NJ,41.04416667,-74.2930556, 210.00,00060
01387500,Ramapo River near Mahwah NJ,41.09805556,-74.16277778, 253.10,00060
01387905,Ramapo River at West Oakland Avenue at Oakland NJ,41.0275,-74.25, 200.00,00060
01388000,Ramapo River at Pompton Lakes NJ,40.99194444,-74.28, 171.35,00060
01388500,Pompton River at Pompton Plains NJ,40.9697222,-74.2819444, 160.00,00060
01389010,Passaic River at I-80 at Singac NJ,40.89444444,-74.2661111, 155.0,00060
01389500,Passaic River at Little Falls NJ,40.8847222,-74.2261111, 120.00,00060
01389550,Peckman River at Little Falls NJ,40.87194444,-74.2222222, 165.69,00060
01389890,Passaic River at Dundee Dam at Clifton NJ,40.8858333,-74.1283333, 24.52,00060
01390450,Saddle River at Upper Saddle River NJ,41.0586111,-74.0955556, 185.16,00060
01390500,Saddle River at Ridgewood NJ,40.985,-74.0905556, 71.74,00060
01391000,Hohokus Brook at Ho-Ho-Kus NJ,40.99777778,-74.1119444, 120.09,00060
01391102,Saddle River below Hohokus Brook at Paramus NJ,40.95527778,-74.0997222,48.07,00060
01391500,Saddle River at Lodi NJ,40.89027778,-74.0805556, 25.00,00060
01392500,Second River at Belleville NJ,40.78805556,-74.1716667, 62.60,00060
01393450,Elizabeth River at Ursino Lake at Elizabeth NJ,40.675,-74.2219444, 0.00,00060
01394500,Rahway River near Springfield NJ,40.6875,-74.3116667, 66.17,00060
01395000,Rahway River at Rahway NJ,40.61888889,-74.2833333, 8.77,00060
01396000,Robinsons Branch at Rahway NJ,40.6058333,-74.2997222, 19.99,00060
01396001,Robinsons Branch at Maple Ave at Rahway NJ,40.6072222,-74.2941667, 11.30,00060
01396190,South Branch Raritan River at Four Bridges NJ,40.8061111,-74.7405556, 564.00,00060
01396500,South Branch Raritan River near High Bridge NJ,40.67777778,-74.8791667, 282.10,00060
01396582,Spruce Run at Main Street at Glen Gardner NJ,40.69138889,-74.9369444, 379.10,00060
01396660,Mulhockaway Creek at Van Syckel NJ,40.6475,-74.96888889, 280.25,00060
01396800,Spruce Run at Clinton NJ,40.64,-74.9155556, 193.50,00060
01397000,South Branch Raritan River at Stanton NJ,40.5722222,-74.8680556, 125.01,00060
01398000,Neshanic River at Reaville NJ,40.4733333,-74.82777778, 109.46,00060
01398107,Holland Brook at Readington NJ,40.5583333,-74.73, 77.65,00060
01398500,North Branch Raritan River near Far Hills NJ,40.7083333,-74.6361111, 224.49,00060
01399100,Middle Brook at Burnt Mills NJ,40.64944444,-74.6816667, 95,00060
01399190,Lamington (Black) River at Succasunna NJ,40.85055556,-74.6341667, 692.92,00060
01399200,Lamington (Black) River near Ironia NJ,40.83527778,-74.6441667, 687.27,00060
01399500,Lamington (Black) River near Pottersville NJ,40.7275,-74.73027778, 284.14,00060
01399670,South B Rockaway Creek at Whitehouse Station NJ,40.61944444,-74.7736111, 121.5,00060
01400000,North Branch Raritan River near Raritan NJ,40.57055556,-74.6791667, 50.43,00060
01400500,Raritan River at Manville NJ,40.55555556,-74.58277778, 20.61,00060
01401000,Stony Brook at Princeton NJ,40.33305556,-74.6819444, 62.23,00060
01401301,Millstone River at Carnegie Lake at Princeton NJ,40.3697222,-74.6205556, 50.00,00060
01401650,Pike Run at Belle Mead NJ,40.46805556,-74.64888889, 58.85,00060
01402000,Millstone River at Blackwells Mills NJ,40.475,-74.5758333, 26.97,00060
01402630,Royce Brook at Hamilton Road near Manville NJ,40.5061111,-74.6230556, 41.18,00060
01403060,Raritan River below Calco Dam at Bound Brook NJ,40.5511111,-74.5483333, 0.00,00060
01403150,West Branch Middle Brook near Martinsville NJ,40.6122222,-74.5908333, 240.48,00060
01403400,Green Brook at Seeley Mills NJ,40.6661111,-74.40388889, 184.44,00060
01403500,Green Brook at Plainfield NJ,40.615,-74.4316667, 70.37,00060
01403535,East Br Stony Brook at Best Lake at Watchung NJ,40.64,-74.44777778, 193.87,00060
01403540,Stony Brook at Watchung NJ,40.63638889,-74.45138889, 162.24,00060
01403900,Bound Brook at Middlesex NJ,40.585,-74.50777778, 26.52,00060
01405030,Lawrence Brook at Westons Mills NJ,40.48305556,-74.41277778, 0.00,00060
01405400,Manalapan Brook at Spotswood NJ,40.38944444,-74.3905556, 0.00,00060
01406050,Deep Run at Old Bridge NJ,40.415,-74.34888889, 1.3,00060
01407290,Big Brook near Marlboro NJ,40.3197222,-74.2141667, 80,00060
01407500,Swimming River near Red Bank NJ,40.3197222,-74.1155556, 30.00,00060
01407705,Shark River near Neptune City NJ,40.1986111,-74.07, 7.05,00060
01407760,Jumping Brook near Neptune City NJ,40.2033333,-74.0658333, 13.76,00060
01408000,Manasquan River at Squankum NJ,40.16138889,-74.1547222, 18.82,00060
01408029,Manasquan River near Allenwood NJ,40.14666667,-74.1222222, 0.00,00060
01408120,North Branch Metedeconk River near Lakewood NJ,40.09166667,-74.1525, 3.89,00060
01408150,South Branch Metedeconk River near Lakewood NJ,40.0858333,-74.1855556, 23.0,00060
01408500,Toms River near Toms River NJ,39.98638889,-74.2233333, 8.10,00060
01408900,Cedar Creek at Western Blvd near Lanoka Harbor NJ,39.87916667,-74.1905556, 1.81,00060
01409280,Westecunk Creek at Stafford Forge NJ,39.66666667,-74.32027778, 6.36,00060
01409400,Mullica River near Batsto NJ,39.67444444,-74.665, 11.93,00060
01409810,West Branch Wading River near Jenkins NJ,39.68805556,-74.5480556, 10.17,00060
01410000,Oswego River at Harrisville NJ,39.66394444,-74.5234444, 4.62,00060
01410150,East Branch Bass River near New Gretna NJ,39.62305556,-74.44138889, 1.10,00060
01410784,Great Egg Harbor R near Sicklerville NJ,39.7336111,-74.9511111, 120,00060
01410820,Great Egg Harbor River near Blue Anchor NJ,39.66916667,-74.9133333, 89.46,00060
01411000,Great Egg Harbor River at Folsom NJ,39.5947222,-74.8516667, 53.32,00060
01411300,Tuckahoe River at Head of River NJ,39.30694444,-74.8205556, 0.00,00060
01411500,Maurice River at Norma NJ,39.49555556,-75.0769444, 46.94,00060
01412000,Menantico Creek near Millville NJ,39.41916667,-74.9658333, 36.63,00060
01412080,Manumuskin River at Cumberland NJ,39.37305556,-74.9447222,,00060
01412800,Cohansey River at Seeley NJ,39.4725,-75.2555556, 26.90,00060
01440000,Flat Brook near Flatbrookville NJ,41.1061111,-74.9525, 347.73,00060
01440200,Delaware River near Delaware Water Gap Pa,41.0133333,-75.0861111, 293.64,00060
01443280,East Branch Paulins Kill near Lafayette NJ,41.07638889,-74.69527778, 555.40,00060
01443500,Paulins Kill at Blairstown NJ,40.9808333,-74.9533333, 335.86,00060
01443900,Yards Creek near Blairstown NJ,40.98055556,-75.0391667, 606.8,00060
01445000,Pequest River at Huntsville NJ,40.9808333,-74.77638889, 553.81,00060
01445500,Pequest River at Pequest NJ,40.83055556,-74.97777778, 398.78,00060
01446000,Beaver Brook near Belvidere NJ,40.8433333,-75.04638889, 303.36,00060
01446500,Delaware River at Belvidere NJ,40.82638889,-75.0825, 226.43,00060
01455290,Pohatcong Crk at Creek Rd nr Carpentersville NJ,40.6354722,-75.16863889, 164.10,00060
01455500,Musconetcong River at outlet of Lake Hopatcong NJ,40.9172222,-74.6655556, 904.99,00060
01457000,Musconetcong River near Bloomsbury NJ,40.6722222,-75.0608333, 274.83,00060
01457500,Delaware River at Riegelsville NJ,40.5947222,-75.1897222, 125.12,00060
01460378,D&R Ca feeder US of gate at Washington Crossing NJ,40.29638889,-74.8666667,,00060
01460440,Delaware and Raritan Canal at Port Mercer NJ,40.30444444,-74.685, 0.00,00060
01460500,Delaware and Raritan Canal at Kingston NJ,40.3736111,-74.6183333, 40,00060
01460860,Lockatong Creek at Route 12 at Baptistown NJ,40.51694444,-74.9916667, 480,00060
01463500,Delaware River at Trenton NJ,40.22166667,-74.7780556, 0.00,00060
01463620,Assunpink Creek near Clarksville NJ,40.2697222,-74.6719444, 49.28,00060
01463740,Shabakunk C at Sylva Lake Dam at Ewingville NJ,40.2711111,-74.7733333, 86,00060
01464000,Assunpink Creek at Trenton NJ,40.22416667,-74.7491667, 24.76,00060
01464290,Crosswicks Ck at Hockamik Rd near Cookstown NJ,40.0361111,-74.5361111,,00060
01464500,Crosswicks Creek at Extonville NJ,40.1372222,-74.6, 24.94,00060
01465850,South Branch Rancocas Creek at Vincentown NJ,39.94,-74.7630556, 13.17,00060
0146587310,Haynes C at Tuckerton Rd at Lake Pine NJ,39.8677222,-74.84175,,00060
01465880,Southwest Branch Rancocas Creek at Medford NJ,39.89527778,-74.8236111, 18.38,00060
01466500,McDonalds Branch in Byrne State Forest NJ,39.885,-74.50527778, 117.73,00060
01466900,Greenwood Branch at New Lisbon NJ,39.9561111,-74.62777778, 34.18,00060
01467000,North Branch Rancocas Creek at Pemberton NJ,39.97,-74.6844444, 31.19,00060
01467024,Rancocas Creek at Bridgeboro NJ,40.02916667,-74.9316667,,00060
01467081,South Branch Pennsauken Creek at Cherry Hill NJ,39.94166667,-75.0011111, 8.12,00060
01467150,Cooper River at Haddonfield NJ,39.90305556,-75.02138889, 9.29,00060
01475001,Mantua Creek at East Holly Avenue at Pitman NJ,39.73888889,-75.1144444, 55.66,00060
01477070,Raccoon Creek at Wrights Mill NJ,39.6861111,-75.1844444, 85,00060
01477120,Raccoon Creek near Swedesboro NJ,39.74055556,-75.2591667, 0.00,00060
01482500,Salem River at Woodstown NJ,39.64388889,-75.33027778, 29.49,00060
07202500,"EAGLE TAIL DITCH NR MAXWELL, NM",36.64864167,-104.5591556,6110,00060
07203000,"VERMEJO RIVER NEAR DAWSON, NM",36.68102778,-104.7863944, 6378,00060
07206000,"CIMARRON RIVER BELOW EAGLE NEST DAM, NM",36.532125,-105.2281444,8080,00060
07207000,"CIMARRON RIVER NEAR CIMARRON, NM",36.5198333,-104.9786111, 6602.93,00060
07207500,"PONIL CREEK NEAR CIMARRON, NM",36.57369444,-104.9468056, 6630.00,00060
07208500,"RAYADO CREEK NEAR CIMARRON, NM",36.37234444,-104.9692889,6720,00060
07211500,"CANADIAN RIVER NEAR TAYLOR SPRINGS, NM",36.29756944,-104.4954722,5638.01,00060
07214470,"SIERRA DITCH NEAR CHACON, NM",36.1833333,-105.4063889, 10400,00060
07214670,"CANONCITO DITCH NEAR HOLMAN, NM",36.05002778,-105.4575,,00060
07214680,"LA SIERRA DITCH NEAR HOLMAN, NM",36.05026667,-105.454575, 9400.,00060
07215500,"MORA RIVER AT LA CUEVA, NM",35.94511667,-105.2557333,7012.70,00060
07216500,"MORA RIVER NEAR GOLONDRINAS, NM",35.8908722,-105.1636194,6750,00060
07218000,"COYOTE CREEK NEAR GOLONDRINAS, NM",35.9165222,-105.1640833,6785.22,00060
07221500,"CANADIAN RIVER NEAR SANCHEZ, NM",35.6548333,-104.3786111,4423.30,00060
07222500,"CONCHAS RIVER AT VARIADERO, NM",35.40282567,-104.4435938, 4430.00,00060
07226500,"UTE CREEK NEAR LOGAN, NM",35.43852778,-103.5257944,3811.16,00060
07227000,"CANADIAN RIVER AT LOGAN, NM",35.35,-103.3997222,3659.39,00060
07227100,"REVUELTO CREEK NEAR LOGAN, NM",35.3443861,-103.3896056,3668.65,00060
08252500,"COSTILLA CREEK ABOVE COSTILLA DAM, NM",36.8983611,-105.2546667, 9454.00,00060
08253000,"CASIAS CREEK NEAR COSTILLA, NM",36.89685556,-105.2604583,9437,00060
08253500,"SANTISTEVAN CREEK NEAR COSTILLA, NM",36.88416667,-105.2811111, 9520.00,00060
08254000,"COSTILLA CREEK BELOW COSTILLA DAM, NM",36.87280556,-105.2836667, 9300.00,00060
08255500,"COSTILLA CREEK NEAR COSTILLA, NM",36.9668611,-105.5071111,7936,00060
08261000,"COSTILLA CREEK NEAR GARCIA, CO",36.98902778,-105.5324583, 7821.00,00060
08263500,"RIO GRANDE NEAR CERRO, NM",36.74001667,-105.6834417,7110,00060
08265000,"RED RIVER NEAR QUESTA, NM",36.7033111,-105.5684306, 7451.92,00060
08266820,"RED RIVER BELOW FISH HATCHERY, NEAR QUESTA, NM",36.68283889,-105.6541222, 7105,00060
08267500,"RIO HONDO NEAR VALDEZ, NM",36.5417972,-105.5565222,7650,00060
08269000,"RIO PUEBLO DE TAOS NEAR TAOS, NM",36.44126944,-105.51065,7380,00060
08271000,"RIO LUCERO NEAR ARROYO SECO, NM",36.50828889,-105.5309639, 8051.44,00060
08275500,"RIO GRANDE DEL RANCHO NEAR TALPA, NM",36.29946944,-105.5826, 7240.00,00060
08276300,"RIO PUEBLO DE TAOS BELOW LOS CORDOVAS, NM",36.3793333,-105.6678333,6650,00060
08276500,"RIO GRANDE BLW TAOS JUNCTION BRIDGE NEAR TAOS, NM",36.3200333,-105.7544444, 6050.30,00060
08277470,"RIO PUEBLO NR PENASCO, NM",36.16846667,-105.6027889, 7760,00060
08279000,"EMBUDO CREEK AT DIXON, NM",36.21085556,-105.9136306, 5858.60,00060
08279500,"RIO GRANDE AT EMBUDO, NM",36.20555556,-105.9639722, 5789.14,00060
08281400,"RIO CHAMA ABOVE CHAMA, NM",36.93495625,-106.5552122, 8024,00060
08282300,"RIO BRAZOS AT FISHTAIL ROAD NR TIERRA AMARILLA, NM",36.7379333,-106.4707722, 7735,00060
08284100,"RIO CHAMA NEAR LA PUENTE, NM",36.6626583,-106.6333667,7083,00060
08285500,"RIO CHAMA BELOW EL VADO DAM, NM",36.5803833,-106.7247667, 6696.12,00060
08286500,"RIO CHAMA ABOVE ABIQUIU RESERVOIR, NM",36.3188222,-106.5995306,6280,00060
08287000,"RIO CHAMA BELOW ABIQUIU DAM, NM",36.2372222,-106.4174167,6040,00060
08289000,"RIO OJO CALIENTE AT LA MADERA, NM",36.34974167,-106.0441861, 6358.84,00060
08290000,"RIO CHAMA NEAR CHAMITA, NM",36.07355556,-106.1116944, 5653.61,00060
08291000,"SANTA CRUZ RIVER NEAR CUNDIYO, NM",35.9647222,-105.9047222, 6460.00,00060
08294195,"RIO NAMBE ABOVE NAMBE FALLS DAM NEAR NAMBE, NM",35.85005556,-105.8944444, 6885,00060
08294210,"RIO NAMBE BELOW NAMBE FALLS DAM NEAR NAMBE, NM",35.8461111,-105.9097222,6540,00060
08302500,"TESUQUE CREEK ABOVE DIVERSIONS NEAR SANTA FE, NM",35.73955556,-105.9049528,7112,00060
08308050,"RIO TESUQUE BELOW DIVERSIONS NEAR SANTA FE, NM",35.77151667,-105.9412, 6640,00060
08313000,"RIO GRANDE AT OTOWI BRIDGE, NM",35.8745,-106.1424444, 5491.66,00060
08313350,"RITO DE LOS FRIJOLES IN BANDELIER NAT MON, NM",35.77638889,-106.2683333, 6140.00,00060
08313500,"COCHITI EAST SIDE MAIN CANAL AT COCHITI, NM",35.617,-106.3241667,5237.02,00060
08314000,"SILE MAIN CANAL (AT HEAD) AT COCHITI, NM",35.6195,-106.3246944,5246.09,00060
08315480,"SANTA FE RIVER ABOVE MCCLURE RES, NR SANTA FE, NM",35.68891667,-105.8228333, 7920,00060
08316000,"SANTA FE RIVER NEAR SANTA FE, NM",35.68644444,-105.8436111,7720,00060
08317200,"SANTA FE RIVER ABOVE COCHITI LAKE, NM",35.5472222,-106.2288889,5512.57,00060
08317400,"RIO GRANDE BELOW COCHITI DAM, NM",35.618,-106.3239444, 5229.01,00060
08317950,"GALISTEO CREEK BELOW GALISTEO DAM, NM",35.46465278,-106.2133889,5458.24,00060
08319000,"RIO GRANDE AT SAN FELIPE, NM",35.4445833,-106.4398333, 5115.73,00060
08324000,"JEMEZ RIVER NEAR JEMEZ, NM",35.6619833,-106.7434389,5622,00060
08328950,"JEMEZ RIVER OUTLET BELOW JEMEZ CANYON DAM, NM",35.39475884,-106.545305, 5162,00060
08329000,"JEMEZ RIVER BELOW JEMEZ CANYON DAM, NM",35.39041667,-106.5346111, 5095.60,00060
08329700,"CAMPUS WASH AT ALBUQUERQUE, NM",35.09388889,-106.6236111,5104.10,00060
08329720,"EMBUDO ARROYO AT ALBUQUERQUE, NM",35.1022222,-106.4925,5930.02,00060
08329835,"N. FLOODWAY CHANNEL AT ALBUQUERQUE, NM",35.1175,-106.6116667,5083.18,00060
08329840,"HAHN ARROYO IN ALBUQUERQUE, NM",35.12587778,-106.5903028,5176.92,00060
08329870,"BEAR ARROYO AT JEFFERSON ST AT ALBQ, NM",35.1508333,-106.5977778,5126.38,00060
08329884,NORTH PINO ARROYO OUTFALL,35.16744444,-106.605,5069.12,00060
08329900,"NORTH FLOODWAY CHANNEL NEAR ALAMEDA, NM",35.19805556,-106.5997222,5018.53,00060
08329918,"RIO GRANDE AT ALAMEDA BRIDGE AT ALAMEDA, NM",35.1977222,-106.6427778,4984.18,00060
08329928,"RIO GRANDE NR ALAMEDA, NM",35.182,-106.6519444,4985.80,00060
083299377,SAN ANTONIO ARROYO AT RIO GRANDE CONFLUENCE IN ABQ,35.13638889,-106.6897222,4979.19,00060
08330000,"RIO GRANDE AT ALBUQUERQUE, NM",35.08916667,-106.6806944,4948.92,00060
08330200,"SAN JOSE DRAIN AT WOODWARD RD AT ALBQ., NM",35.04888889,-106.6486111,4929.93,00060
08330492,"TIJERAS ARROYO AT COYOTE SPRINGS RD NR CARNUEL, NM",35.0599861,-106.4445722,5850,00060
08330600,"TIJERAS ARROYO NR ALBUQUERQUE, NM",35.00194444,-106.6575,4950.54,00060
08330775,"SOUTH DIV CHANNEL ABV TIJERAS ARROYO NR ALBQ., NM",35.00277778,-106.6572222,4951.78,00060
08330830,"RIO GRANDE AT VALLE DE ORO, NM",34.9833333,-106.6865556,4908.08,00060
08330875,"RIO GRANDE AT ISLETA LAKES NR ISLETA, NM",34.94666667,-106.6802778,4895.69,00060
08331160,"RIO GRANDE NEAR BOSQUE FARMS, NM",34.87055556,-106.72, 4860,00060
08331510,"RIO GRANDE AT STATE HWY 346 NEAR BOSQUE, NM",34.545,-106.7630556,4749.85,00060
08332010,"RIO GRANDE FLOODWAY NEAR BERNARDO, NM",34.41701204,-106.8005832, 4711.04,00060
08343500,"RIO SAN JOSE AT ACOMA PUEBLO, NM",35.0744111,-107.7511139, 6272.80,00060
08353000,"RIO PUERCO NEAR BERNARDO, NM",34.41027778,-106.8544444, 4721.92,00060
08354900,"RIO GRANDE FLOODWAY AT SAN ACACIA, NM",34.25638889,-106.8908333, 4643.06,00060
08355050,"RIO GRANDE AT BRIDGE NEAR ESCONDIDA, NM",34.1208333,-106.8869444,4619,00060
08355490,"RIO GRANDE ABOVE US HWY 380 NR SAN ANTONIO, NM",33.92666667,-106.8511667,4520.50,00060
08357050,"ELMENDORF WASTE DITCH TO LFCC NR SAN ANTONIO, NM",33.8637333,-106.85505,4520.01,00060
08358300,"RIO GRANDE CONVEYANCE CHANNEL AT SAN MARCIAL, NM",33.68766667,-106.9926111,4455.58,00060
08358400,"RIO GRANDE FLOODWAY AT SAN MARCIAL, NM",33.6790833,-106.997, 4456.61,00060
08359500,"RIO GRANDE AT NARROWS IN ELEPHANT BUTTE RES., NM",33.38618184,-107.1630872,4387.42,00060
08361000,"RIO GRANDE BELOW ELEPHANT BUTTE DAM, NM",33.1485111,-107.2067833, 4243.22,00060
08377900,"RIO MORA NEAR TERRERO, NM",35.77711389,-105.6580278,7890,00060
08378500,"PECOS RIVER NEAR PECOS, NM",35.70835,-105.6827028, 7502.94,00060
08379500,"PECOS RIVER NEAR ANTON CHICO, NM",35.17866944,-105.1088028,5130,00060
08380500,"GALLINAS CREEK NEAR MONTEZUMA, NM",35.65199444,-105.3188306,6880,00060
08382000,"GALLINAS RIVER NEAR LOURDES, NM",35.46890278,-105.1614417,5928,00060
08382500,"GALLINAS R NR COLONIAS, NM",35.1819611,-104.9002667,4940,00060
08382600,"PECOS R ABV CANON DEL UTA NR COLONIAS, NM",35.09138889,-104.8005556, 4800,00060
08382650,"PECOS RIVER ABOVE SANTA ROSA LAKE, NM",35.05944444,-104.7611111,4759.97,00060
08382830,"PECOS RIVER BELOW SANTA ROSA DAM, NM",35.02416667,-104.6888889, 4640,00060
08383500,"PECOS RIVER NEAR PUERTO DE LUNA, NM",34.7300833,-104.5249111, 4311.34,00060
08384500,"PECOS RIVER BELOW SUMNER DAM, NM",34.60405556,-104.3879167,4145.27,00060
08385000,"FORT SUMNER MAIN CANAL NEAR FORT SUMNER, NM",34.50827778,-104.2783611,4036.10,00060
08385503,"SAND GATE DIV FROM FT SUMNER CANAL AT FT SUMNER,NM",34.4758333,-104.2583333,4015.58,00060
08385522,"PECOS RIVER BELOW TAIBAN CREEK NEAR FORT SUMNER,NM",34.3322222,-104.1811111,3907.13,00060
08385630,"PECOS RIVER NEAR DUNLAP, NM",34.0633333,-104.3066667,3750.78,00060
08386000,"PECOS RIVER NEAR ACME, NM",33.57185556,-104.3736028,3512.88,00060
08386505,"RIO RUIDOSO AT RUIDOSO, NM",33.33653056,-105.7263083,7163.91,00060
08387000,"RIO RUIDOSO AT HOLLYWOOD, NM",33.32669167,-105.6253333,6421.78,00060
08387550,"NORTH FORK EAGLE CREEK NEAR ALTO, NM",33.4095472,-105.7407639, 7900,00060
08387575,"SOUTH FORK EAGLE CREEK NEAR ALTO, NM",33.3924083,-105.7246806, 7630,00060
08387600,"EAGLE CREEK BELOW SOUTH FORK NEAR ALTO, NM",33.39285278,-105.7233444, 7600.00,00060
08389055,"RIO BONITO NEAR LINCOLN, NM",33.52133,-105.4705567,5978,00060
08390500,"RIO HONDO AT DIAMOND A RANCH NR ROSWELL, NM",33.34916667,-104.8516667,4187.24,00060
08390800,"RIO HONDO BLW DIAMOND A DAM NR ROSWELL, NM",33.29986944,-104.721675,3951.42,00060
08393300,"ROCKY ARROYO BLW ROCKY DAM, NM",33.26621246,-104.7021947,3939.16,00060
08393610,"RIO HONDO NEAR ROSWELL, NM",33.408775,-104.4717167,3496.41,00060
08394500,"RIO FELIX AT OLD HWY BRD NR HAGERMAN, NM",33.1251075,-104.3449634,3413.85,00060
08395500,"PECOS RIVER NEAR LAKE ARTHUR, NM",32.98863056,-104.3239556, 3328.68,00060
08396500,"PECOS RIVER NEAR ARTESIA, NM",32.8408611,-104.3238333, 3293.52,00060
08397600,"RIO PENASCO NEAR DUNKEN, NM",32.88152778,-105.1780556,5236.53,00060
08397620,"RIO PENASCO NEAR HOPE, NM",32.8367722,-105.0694222,4851.56,00060
08398500,"RIO PENASCO AT DAYTON, NM",32.7434472,-104.4141306,3387.04,00060
08399500,"PECOS RIVER (KAISER CHANNEL) NEAR LAKEWOOD, NM",32.689375,-104.2992194, 3257.26,00060
08400000,"FOURMILE DRAW NR LAKEWOOD, NM",32.67268889,-104.3689694,3305,00060
08401200,"SOUTH SEVEN RIVERS NR LAKEWOOD, NM",32.5886111,-104.4213889,3276.98,00060
08401500,"PECOS RIVER BELOW BRANTLEY DAM NEAR CARLSBAD, NM",32.54318889,-104.3711,3192.76,00060
08401900,"ROCKY ARROYO AT HWY BRD NR CARLSBAD, NM",32.50608056,-104.3749889,3249.16,00060
08402000,"PECOS R AT DAMSITE 3 NR CARLSBAD, NM",32.51122778,-104.3332889,3172.83,00060
08403500,"CARLSBAD MAIN CANAL AT HEAD NEAR CARLSBAD, NM",32.49039444,-104.2527278,3141.50,00060
08404000,"PECOS RIVER BELOW AVALON DAM, NM",32.48085556,-104.2629806,3113.47,00060
08405105,"DARK CANYON DRAW NEAR WHITES CITY, NM",32.29043056,-104.3491667,3434.19,00060
08405150,"DARK CANYON AT CARLSBAD, NM",32.40333333,-104.2294444,3089.75,00060
08405200,"PECOS RIVER BELOW DARK CANYON AT CARLSBAD, NM",32.409275,-104.2149722,3074.79,00060
08405350,"BLACK RIVER BELOW BLUE SPRINGS NR WHITES CITY, NM",32.1818722,-104.2588944,3208.14,00060
08405400,"BLACK RIVER AT HARKEY CROSSING NR MALAGA, NM",32.2359472,-104.1966472,3127.61,00060
08405450,"BLUE SPRINGS ABOVE DIVERSIONS NR WHITES CITY, NM",32.18458889,-104.2844972,3296.21,00060
08405500,"BLACK RIVER ABOVE MALAGA, NM",32.22908889,-104.1518528,3071.17,00060
08406000,"BLACK RIVER AT MALAGA, NM",32.24086667,-104.0646861,2915.84,00060
08406500,"PECOS RIVER NEAR MALAGA, NM",32.20754167,-104.023875,2895.87,00060
08407000,"PECOS RIVER AT PIERCE CANYON CROSSING, NM",32.18853056,-103.9793861,2890.43,00060
08407500,"PECOS RIVER AT RED BLUFF, NM",32.07519167,-104.0394361,2851.64,00060
08408500,"DELAWARE RIVER NR RED BLUFF, NM",32.02314167,-104.0544556,2902.06,00060
08477110,"MIMBRES RIVER AT MIMBRES, NM",32.854675,-107.9737889,5898.57,00060
08480595,"SALT CREEK NEAR TULAROSA, NM",33.27555556,-106.3972222, 4050,00060
08481500,"TULAROSA CREEK NEAR BENT, NM",33.14488889,-105.8979028,5450,00060
09355500,"SAN JUAN RIVER NEAR ARCHULETA, NM",36.80188889,-107.6986389,5657.65,00060
09357000,"SAN JUAN RIVER AT BLOOMFIELD, NM",36.699675,-107.9814417,5409.84,00060
09357700,SAN JUAN R AT BOLACK RANCH BRDG NR FARMINGTON NM,36.7078861,-108.1504806,5281.00,00060
09364010,"ANIMAS RIVER BELOW AZTEC, NM",36.81836667,-108.0229944,5551.46,00060
09364200,"ANIMAS RIVER AT PENNY LANE NEAR FLORA VISTA, NM",36.78364167,-108.1024111,5440.81,00060
09364500,"ANIMAS RIVER AT FARMINGTON, NM",36.7225,-108.20175,5272.63,00060
09365000,"SAN JUAN RIVER AT FARMINGTON, NM",36.72301667,-108.2255889,5233.61,00060
09367000,"LA PLATA RIVER AT LA PLATA, NM",36.93091667,-108.1846389,5735.38,00060
09367500,"LA PLATA RIVER NEAR FARMINGTON, NM",36.737575,-108.2503361,5212.30,00060
09367540,"SAN JUAN R NR FRUITLAND, NM",36.74028769,-108.403147,5087.06,00060
09367580,"HOGBACK CANAL NEAR WATERFLOW, NM",36.74641667,-108.5379722, 5018,00060
09367958,"CHACO RIVER NR SHIPROCK, NM",36.7663611,-108.6425,4919,00060
09368000,"SAN JUAN RIVER AT SHIPROCK, NM",36.77666667,-108.6830556, 4890,00060
093710009,"MANCOS RIVER NR FOUR CORNERS, CO",36.9823611,-108.9655,4677,00060
09386900,"RIO NUTRIA NEAR RAMAH, NM",35.28255278,-108.552975,6860,00060
09386950,"ZUNI RIVER ABV BLACK ROCK RESERVOIR, NM",35.10027778,-108.7516667,6480,00060
09430010,"WEST FORK GILA RIVER AT GILA CLIFF DWELLINGS, NM",33.22919444,-108.26525, 5697,00060
09430020,"W FORK GILA R BLW MDL FORK NR GILA HOT SPRINGS, NM",33.2218611,-108.2419722, 5653,00060
09430030,"GILA RIVER NR GILA HOT SPRINGS, NM",33.1797222,-108.2062778, 5556,00060
09430500,"GILA RIVER NEAR GILA, NM",33.06150278,-108.5373861, 4654.80,00060
09430600,"MOGOLLON CREEK NEAR CLIFF, NM",33.16666667,-108.6497222,5410.03,00060
09431500,"GILA RIVER NEAR REDROCK, NM",32.72694444,-108.6755556,4090,00060
09432000,"GILA RIVER BELOW BLUE CREEK, NEAR VIRDEN, NM",32.64630833,-108.8468472,3877.27,00060
09442681,"SAN FRANCISCO RIVER AT RESERVE, NM",33.71710556,-108.7572194, 5756.37,00060
09444000,"SAN FRANCISCO RIVER NEAR GLENWOOD, NM",33.24716667,-108.88,4553.81,00060
334334106544910,UNIT40 OUTFLOW,33.7260972,-106.9137306,4487.89,00060
334606106531010,NAWCA AT WILDLIFE CROSSING,33.7683333,-106.8861111,4495.58,00060
01200000,"TENMILE RIVER NEAR GAYLORDSVILLE, CT",41.65876389,-73.5286833, 304,00060
01302020,BRONX RIVER AT NY BOTANICAL GARDEN AT BRONX NY,40.86230556,-73.87438889, 49.86,00060
01302050,ALLEY CREEK NEAR OAKLAND GARDENS NY,40.7558333,-73.7458333,,00060
01303000,MILL NECK CREEK AT MILL NECK NY,40.88741667,-73.5631944, 6.49,00060
01303500,COLD SPRING BROOK AT COLD SPRING HARBOR NY,40.85716667,-73.4635556, 5.38,00060
01304500,PECONIC RIVER AT RIVERHEAD NY,40.91369444,-72.6869444, 6.54,00060
01305000,CARMANS RIVER AT YAPHANK NY,40.83016667,-72.90613889, 17.95,00060
01305500,SWAN RIVER AT EAST PATCHOGUE NY,40.76725,-72.9938333, 2.84,00060
01306460,CONNETQUOT BK NR CENTRAL ISLIP NY,40.77227778,-73.1586667, 15.10,00060
01308500,CARLLS RIVER AT BABYLON NY,40.7089722,-73.3288056, 10.63,00060
01309500,MASSAPEQUA CREEK AT MASSAPEQUA NY,40.689,-73.45538889, 18.31,00060
01309950,BELLMORE CREEK NEAR BELLMORE NY,40.67866667,-73.5158611,,00060
01309990,BELLMORE CREEK TRIBUTARY AT BELLMORE NY,40.6801111,-73.513, 16.96,00060
01310500,EAST MEADOW BROOK AT FREEPORT NY,40.66563889,-73.5700833, 10.45,00060
01311500,VALLEY STREAM AT VALLEY STREAM NY,40.66380556,-73.70452778, 6.30,00060
01311810,CONSELYEAS POND TRIBUTARY AT ROSEDALE NY,40.66205556,-73.7433056,,00060
01312000,HUDSON RIVER NEAR NEWCOMB NY,43.96602778,-74.13138889, 1550.04,00060
01315000,INDIAN RIVER NEAR INDIAN LAKE NY,43.7565,-74.2670556, 1603.94,00060
01315226,VANDERWHACKER BROOK TRIB 1 NEAR BOREAS RIVER NY,43.9485,-73.9883611,,00060
01315227,VANDERWHACKER BROOK TRIB 2 NEAR BOREAS RIVER NY,43.94819444,-73.9901111, 1910,00060
01315500,HUDSON RIVER AT NORTH CREEK NY,43.7008611,-73.9831944, 987.26,00060
01318500,HUDSON RIVER AT HADLEY NY,43.31905556,-73.8443056, 563.68,00060
01321000,SACANDAGA RIVER NEAR HOPE NY,43.3534722,-74.2684722, 880.74,00060
01325000,SACANDAGA RIVER AT STEWARTS BRIDGE NR HADLEY NY,43.3113611,-73.8672222, 581.28,00060
01327500,GLENS FALLS FEEDER AT DUNHAM BASIN NY,43.30425,-73.5465, 138.56,00060
01327750,HUDSON RIVER AT FORT EDWARD NY,43.26938889,-73.5958333, 99.13,00060
01329490,BATTEN KILL BELOW MILL AT BATTENVILLE NY,43.10866667,-73.4224167, 372.62,00060
01330000,GLOWEGEE CREEK AT WEST MILTON NY,43.03080556,-73.9275833, 407.22,00060
01334500,HOOSIC RIVER NEAR EAGLE BRIDGE NY,42.9385833,-73.3769444, 354.79,00060
01335754,HUDSON RIVER ABOVE LOCK 1 NEAR WATERFORD NY,42.82916667,-73.6661111, 0.00,00060
01335755,HUDSON RIVER AT LOCK 1 NEAR WATERFORD NY,42.8239664,-73.6620622,,00060
01336000,MOHAWK RIVER BELOW DELTA DAM NEAR ROME NY,43.26444444,-75.43638889, 472.34,00060
01337005,NINEMILE CREEK NEAR STITTVILLE NY,43.2078611,-75.3057222,,00060
01338000,ORISKANY CREEK NEAR ORISKANY NY,43.14277778,-75.3378056, 428.13,00060
01339060,SAUQUOIT CREEK AT WHITESBORO NY,43.11144444,-75.294, 419.98,00060
01342602,MOHAWK RIVER NEAR UTICA NY,43.09369444,-75.1579167, 386.02,00060
01342682,MOYER CREEK NEAR FRANKFORT NY,43.02694444,-75.1043056, 592.00,00060
01342730,STEELE CREEK AT ILION NY,43.0065833,-75.0416667, 426.52,00060
01342743,FULMER CREEK NEAR MOHAWK NY,42.9852222,-74.9904444, 533.14,00060
01343060,WEST CANADA CREEK NEAR WILMURT NY,43.3661111,-74.95777778, 1257.60,00060
01343403,BLACK CREEK NEAR GRAY NY,43.28277778,-74.9591944, 1224.74,00060
01344795,CINCINNATI CREEK AT BARNEVELD NY,43.27038889,-75.18425,,00060
01346000,WEST CANADA CREEK AT KAST BRIDGE NY,43.06852778,-74.98827778, 438.46,00060
01347000,MOHAWK RIVER NEAR LITTLE FALLS NY,43.0147222,-74.7794444, 308.18,00060
01348000,EAST CANADA CREEK AT EAST CREEK NY,43.01666667,-74.7408333, 335.16,00060
01349000,OTSQUAGO CREEK AT FORT PLAIN NY,42.92925,-74.63288889, 321.44,00060
01349150,CANAJOHARIE CREEK NEAR CANAJOHARIE NY,42.87627778,-74.6028611, 635.23,00060
01349527,MOHAWK R ABOVE STATE HIGHWAY 30A AT FONDA NY,42.95044444,-74.371, 257.39,00060
01349700,EAST KILL NEAR JEWETT CENTER NY,42.24916667,-74.30277778, 1451.65,00060
01349705,SCHOHARIE CREEK NEAR LEXINGTON NY,42.23694444,-74.34027778, 1339.23,00060
01349711,WEST KILL BELOW HUNTER BROOK NEAR SPRUCETON NY,42.18505556,-74.2771111, 2038.89,00060
01349810,WEST KILL NEAR WEST KILL NY,42.23027778,-74.3930556, 1370.67,00060
01349950,BATAVIA KILL AT RED FALLS NEAR PRATTSVILLE NY,42.3083333,-74.39, 1268.54,00060
01350000,SCHOHARIE CREEK AT PRATTSVILLE NY,42.31944444,-74.4366667, 1131.13,00060
01350035,BEAR KILL NEAR PRATTSVILLE NY,42.33805556,-74.4516667, 1156.77,00060
01350080,MANOR KILL AT WEST CONESVILLE NEAR GILBOA NY,42.37694444,-74.4130556, 1254.63,00060
01350101,SCHOHARIE CREEK AT GILBOA NY,42.3972222,-74.4505556, 938.97,00060
01350120,PLATTER KILL AT GILBOA NY,42.4067222,-74.44813889, 1044.69,00060
01350140,MINE KILL NEAR NORTH BLENHEIM NY,42.42888889,-74.4730556, 1060.13,00060
01350180,SCHOHARIE CREEK AT NORTH BLENHEIM NY,42.4658333,-74.4622222, 793.92,00060
01350212,SCHOHARIE CREEK NEAR NORTH BLENHEIM NY,42.47263889,-74.44113889, 766.54,00060
01350355,SCHOHARIE CREEK AT BREAKABEEN NY,42.53763889,-74.41025, 686.18,00060
01350480,LITTLE SCHOHARIE CREEK NEAR MIDDLEBURGH NY,42.58127778,-74.3174444, 784.76,00060
01350500,SCHOHARIE CREEK AT MIDDLEBURGH NY,42.5995,-74.3363611, 612.48,00060
01351200,FOX CREEK NEAR SCHOHARIE NY,42.67305556,-74.25388889, 649.76,00060
01351298,COBLESKILL CREEK AT S GRAND ST AT COBLESKILL NY,42.67255556,-74.4819167, 879.82,00060
01351500,SCHOHARIE CREEK AT BURTONSVILLE NY,42.80002778,-74.26277778, 507.44,00060
01354083,MOHAWK RIVER AT AMSTERDAM NY,42.934,-74.1918611, 234.50,00060
01354500,MOHAWK RIVER AT FREEMAN'S BRIDGE AT SCHENECTADY NY,42.83052778,-73.93075, 199.46,00060
01357500,MOHAWK RIVER AT COHOES NY,42.78538889,-73.70777778, 48.47,00060
01358000,HUDSON RIVER AT GREEN ISLAND NY,42.7522222,-73.68888889, -0.92,00060
01359135,PATROON CREEK AT ALBANY NY,42.66344444,-73.7448611, 24.90,00060
01359528,NORMANS KILL AT ALBANY NY,42.63363889,-73.80427778, 85.86,00060
01360640,VALATIE KILL NEAR NASSAU NY,42.5523611,-73.5905833, 429.88,00060
01361000,KINDERHOOK CREEK AT ROSSMAN NY,42.33105556,-73.7444444, 24.33,00060
0136219503,ESOPUS CREEK BELOW LOST CLOVE RD AT BIG INDIAN NY,42.09788889,-74.4490833, 1225.27,00060
013621955,BIRCH CREEK AT BIG INDIAN NY,42.10888889,-74.4519444, 1227.42,00060
01362200,ESOPUS CREEK AT ALLABEN NY,42.11694444,-74.38027778, 996.98,00060
01362230,DIVERSION FROM SCHOHARIE RESERVOIR NY,42.1145,-74.3635556, 964.39,00060
01362232,BROADSTREET HOLLOW BROOK AT HWY28 AT ALLABEN NY,42.11255556,-74.3586944,,00060
01362297,PANTHER KILL AT WOODLAND VALLEY RD NR PHOENICIA NY,42.0728611,-74.3357222,922,00060
0136230002,WOODLAND CREEK ABOVE MOUTH AT PHOENICIA NY,42.0797222,-74.3345833, 870.52,00060
01362322,MYRTLE BROOK AT STATE HWY 214 AT EDGEWOOD NY,42.1336111,-74.23152778, 1530,00060
01362336,STONY CLOVE CR AT JANSSEN RD AT LANESVILLE NY,42.12794444,-74.26325,1274.26,00060
01362342,HOLLOW TREE BROOK AT LANESVILLE NY,42.14175,-74.2648611, 1476.46,00060
01362357,WARNER CREEK NEAR CHICHESTER NY,42.09616667,-74.2904167, 1119.95,00060
01362368,OX CLOVE NEAR MOUTH AT CHICHESTER NY,42.10477778,-74.3095556,,00060
01362370,STONY CLOVE CREEK BLW OX CLOVE AT CHICHESTER NY,42.10202778,-74.31088889, 947.52,00060
01362487,BEAVER KILL AT MOUNT TREMPER NY,42.046758,-74.2768136, 700,00060
01362497,LITTLE BEAVER KILL AT BEECHFORD NEAR MT TREMPER NY,42.01944444,-74.26638889, 658.36,00060
01362500,ESOPUS CREEK AT COLDBROOK NY,42.0144722,-74.2701944, 621.17,00060
01363382,BUSH KILL BLW MALTBY HOLLOW BK AT WEST SHOKAN NY,41.96555556,-74.2930556, 682.34,00060
01363556,ESOPUS CREEK NEAR LOMONTVILLE NY,41.8793333,-74.1453611, 190.96,00060
01364500,ESOPUS CREEK AT MOUNT MARION NY,42.03777778,-73.9719444, 39.36,00060
01365000,RONDOUT CREEK NEAR LOWES CORNERS NY,41.86638889,-74.4872222, 874.68,00060
01365100,CANNONSVILLE RES DIV CHANNEL NR GRAHAMSVILLE NY,41.8521111,-74.51302778, 833.89,00060
01365500,CHESTNUT CREEK AT GRAHAMSVILLE NY,41.845,-74.5394444, 878.31,00060
01365505,NEVERSINK RES DIVERSION CHANNEL AT GRAHAMSVILLE NY,41.84555556,-74.5360833,,00060
01365550,CHESTNUT CREEK AT MOUTH AT GRAHAMSVILLE NY,41.8490833,-74.5318333, 841.33,00060
01367500,RONDOUT CREEK AT ROSENDALE NY,41.8430833,-74.0861111, 31.94,00060
01368050,WALLKILL RIVER AT OIL CITY ROAD NEAR UNIONVILLE NY,41.2878333,-74.5343333, 373.43,00060
01370520,WALLKILL RIVER AT PHILLIPSBURG NY,41.43838889,-74.3659444, 348.33,00060
01371500,WALLKILL RIVER AT GARDINER NY,41.68613889,-74.16527778, 183.70,00060
01372500,WAPPINGER CREEK NEAR WAPPINGERS FALLS NY,41.65305556,-73.8725, 114.37,00060
0137449480,EAST BRANCH CROTON RIVER NEAR PUTNAM LAKE NY,41.44725,-73.5560833, 414.81,00060
01374505,EAST BRANCH CROTON RIVER AT BREWSTER NY,41.3945833,-73.6074722, 315.74,00060
01374531,EAST BRANCH CROTON RIVER NEAR CROTON FALLS NY,41.37338889,-73.6395833, 270.50,00060
01374559,WEST BRANCH CROTON RIVER AT RICHARDSVILLE NY,41.4704722,-73.7595833, 586.60,00060
01374581,W BR CROTON RIVER BELOW DAM NEAR KENT CLIFFS NY,41.44994444,-73.7361111, 528.53,00060
01374598,HORSE POUND BROOK NEAR LAKE CARMEL NY,41.4758611,-73.6894722, 532.61,00060
0137462010,WEST BRANCH CROTON RIVER NEAR CARMEL NY,41.41180556,-73.69375, 446.96,00060
01374701,WEST BRANCH CROTON RIVER NEAR CROTON FALLS NY,41.358,-73.6679722, 205.48,00060
01374781,TITICUS RIVER BELOW JUNE ROAD AT SALEM CENTER NY,41.3273611,-73.5914722, 331.84,00060
01374821,TITICUS RIVER AT PURDYS STATION NY,41.3271111,-73.65563889, 199.49,00060
01374890,CROSS RIVER NEAR CROSS RIVER NY,41.2602222,-73.6018611, 333.72,00060
01374901,CROSS RIVER AT KATONAH NY,41.26605556,-73.6660833, 203.26,00060
01374930,MUSCOOT RIVER AT BALDWIN PLACE NY,41.33813889,-73.7686944, 498.21,00060
01374941,MUSCOOT RIVER BELOW DAM AT AMAWALK NY,41.2876111,-73.75363889, 313.93,00060
01375000,CROTON R AT NEW CROTON DAM NR CROTON-ON-HUDSON NY,41.22502778,-73.85888889, 43.12,00060
01376534,RICHMOND CREEK AT LIGHTHOUSE AVE AT RICHMOND NY,40.5737222,-74.1413056,,00060
01376558,LEMON CREEK AT AMBOY ROAD AT PLEASANT PLAINS NY,40.52541667,-74.20938889,,00060
01376800,HACKENSACK RIVER AT WEST NYACK NY,41.09555556,-73.96388889, 52.53,00060
01387095,RAMAPO R AT MARY H HARRIMAN MEM PK AT HARRIMAN NY,41.31155556,-74.1469722, 522.23,00060
01387400,RAMAPO RIVER AT RAMAPO NY,41.14027778,-74.1686111, 295.78,00060
01387420,RAMAPO RIVER AT SUFFERN NY,41.1183333,-74.16027778, 263.29,00060
01387450,Mahwah River near Suffern NY,41.1411111,-74.1161111, 321.57,00060
01413088,EAST BRANCH DELAWARE RIVER AT ROXBURY NY,42.29380556,-74.5591944, 1478.33,00060
01413398,BUSH KILL NEAR ARKVILLE NY,42.1508333,-74.60138889, 1370.79,00060
01413408,DRY BROOK AT ARKVILLE,42.14666667,-74.6233333, 1335.67,00060
01413500,EAST BRANCH DELAWARE RIVER AT MARGARETVILLE NY,42.1447222,-74.6536111, 1301.67,00060
01414000,PLATTE KILL AT DUNRAVEN NY,42.13305556,-74.6955556, 1293.75,00060
01414500,MILL BROOK NEAR DUNRAVEN NY,42.1061111,-74.7305556, 1297.18,00060
01415000,TREMPER KILL NEAR ANDES NY,42.12,-74.8186111, 1285.20,00060
01415460,TERRY CLOVE KILL NEAR DE LANCEY NY,42.1471111,-74.9052222, 1419.53,00060
01417000,EAST BRANCH DELAWARE RIVER AT DOWNSVILLE NY,42.07502778,-74.97627778, 1093.67,00060
01417500,EAST BRANCH DELAWARE RIVER AT HARVARD NY,42.0245833,-75.11927778, 1006.86,00060
01419500,WILLOWEMOC CREEK NR LIVINGSTON MANOR NY,41.9033333,-74.81277778, 1433.14,00060
01420500,BEAVER KILL AT COOKS FALLS NY,41.94641667,-74.9796667, 1153.66,00060
01421000,EAST BRANCH DELAWARE RIVER AT FISHS EDDY NY,41.97327778,-75.1747222, 955.47,00060
01421610,WEST BRANCH DELAWARE RIVER AT HOBART NY,42.37138889,-74.66888889, 1621.88,00060
01421618,TOWN BROOK SOUTHEAST OF HOBART NY,42.3611111,-74.6622222, 1658.43,00060
01421900,WEST BRANCH DELAWARE RIVER UPSTREAM FROM DELHI NY,42.28027778,-74.9072222, 1350.34,00060
01422500,LITTLE DELAWARE RIVER NEAR DELHI NY,42.25238889,-74.9010556, 1384.77,00060
01422747,EAST BROOK EAST OF WALTON NY,42.17266667,-75.1219167, 1219.09,00060
01422779,WEST BROOK AT AUSTIN LINCOLN PARK AT WALTON NY,42.17738889,-75.1289167, 1219.31,00060
01423000,WEST BRANCH DELAWARE RIVER AT WALTON NY,42.1661111,-75.14002778, 1187.77,00060
0142400103,TROUT CREEK NEAR TROUT CREEK NY,42.1735833,-75.2794444, 1158.87,00060
01425000,WEST BRANCH DELAWARE RIVER AT STILESVILLE NY,42.07491667,-75.3958056, 991.68,00060
01425805,OQUAGA CREEK AT MCCLURE NY,42.04869444,-75.4851944, 1064.51,00060
01426500,WEST BRANCH DELAWARE RIVER AT HALE EDDY NY,42.00302778,-75.38352778, 945.98,00060
01427500,CALLICOON CREEK AT CALLICOON NY,41.76055556,-75.04838889, 759.30,00060
01428000,TENMILE RIVER AT TUSTEN NY,41.56377778,-75.01438889, 711.28,00060
01428500,DELAWARE R ABOVE LACKAWAXEN R NEAR BARRYVILLE NY,41.50875,-74.9860556, 599.51,00060
01432900,MONGAUP RIVER AT MONGAUP VALLEY NY,41.66805556,-74.7805556, 1068.40,00060
01433005,MONGAUP R BELOW SWINGING BRIDGE RESERVOIR NY,41.56727778,-74.78327778, 936.26,00060
01433500,MONGAUP RIVER NEAR MONGAUP NY,41.4612222,-74.75877778, 623.49,00060
0143400680,E BR NEVERSINK R NORTHEAST OF DENNING NY,41.96694444,-74.4480556, 2140.70,00060
01434017,EAST BRANCH NEVERSINK RIVER NEAR CLARYVILLE NY,41.92527778,-74.54027778, 1727.44,00060
01434021,W BR NEVERSINK R AT WINNISOOK L NR FROST VALLEY NY,42.0111111,-74.4144444, 2675.00,00060
01434025,BISCUIT BK ABOVE PIGEON BK AT FROST VALLEY NY,41.9960833,-74.5002222, 2057.25,00060
01434498,WEST BRANCH NEVERSINK RIVER AT CLARYVILLE NY,41.92041667,-74.57438889, 1615.82,00060
01435000,NEVERSINK RIVER NEAR CLARYVILLE NY,41.88994444,-74.5898056, 1521.67,00060
01436000,NEVERSINK RIVER AT NEVERSINK NY,41.82,-74.6355556, 1253.99,00060
01436655,SHELDRAKE STREAM AT THOMPSONVILLE NY,41.66780556,-74.62302778, 1114.51,00060
01436690,NEVERSINK RIVER AT BRIDGEVILLE NY,41.63805556,-74.61688889, 1055.56,00060
01437100,GUMAER BROOK NEAR WURTSBORO NY,41.59594444,-74.4681944, 563.67,00060
01437349,BASHER KILL BLW BASHAKILL MARSH AT WESTBROOKVILLE,41.49963889,-74.5522222, 493.40,00060
01437500,NEVERSINK RIVER AT GODEFFROY NY,41.4413611,-74.60188889, 458.86,00060
01500000,OULEOUT CREEK AT EAST SIDNEY NY,42.33313889,-75.2343056, 1085.82,00060
01500500,SUSQUEHANNA RIVER AT UNADILLA NY,42.3215,-75.31638889, 995.71,00060
01502500,UNADILLA RIVER AT ROCKDALE NY,42.37777778,-75.4061111, 991.95,00060
01502632,SUSQUEHANNA RIVER AT BAINBRIDGE NY,42.2918333,-75.47677778, 956.14,00060
01502731,SUSQUEHANNA RIVER AT WINDSOR NY,42.07405556,-75.6369444, 899.53,00060
01503000,SUSQUEHANNA RIVER AT CONKLIN NY,42.03555556,-75.80227778, 840.36,00060
01505000,CHENANGO RIVER AT SHERBURNE NY,42.6786111,-75.5105556, 1036.86,00060
01505810,CHENANGO RIVER AT OXFORD NY,42.44166667,-75.59638889, 949.44,00060
01507000,CHENANGO RIVER AT GREENE NY,42.32444444,-75.77125, 891.98,00060
01509000,TIOUGHNIOGA RIVER AT CORTLAND NY,42.60266667,-76.15938889, 1084.46,00060
01510000,OTSELIC RIVER AT CINCINNATUS NY,42.5411111,-75.8997222, 1031.11,00060
01512500,CHENANGO RIVER NEAR CHENANGO FORKS NY,42.21805556,-75.84813889, 871.18,00060
01513500,SUSQUEHANNA RIVER AT VESTAL NY,42.09166667,-76.05652778, 798.72,00060
01513831,SUSQUEHANNA RIVER AT OWEGO NY,42.09613889,-76.2656944, 776.09,00060
01514000,OWEGO CREEK NEAR OWEGO NY,42.12916667,-76.2705556, 819.43,00060
01520500,TIOGA RIVER AT LINDLEY NY,42.0287222,-77.1321944, 963.91,00060
01521500,CANISTEO RIVER AT ARKPORT NY,42.3958333,-77.71138889, 1202.66,00060
01523500,CANACADEA CREEK NEAR HORNELL NY,42.3348611,-77.6826667, 1185.09,00060
01524500,CANISTEO RIVER BELOW CANACADEA CREEK AT HORNELL NY,42.3134722,-77.6510833, 1130.88,00060
01525500,CANISTEO RIVER AT WEST CAMERON NY,42.2224722,-77.41752778, 1037.47,00060
01525981,TUSCARORA CREEK ABOVE SOUTH ADDISON NY,42.0722222,-77.29888889, 1078.45,00060
01526500,TIOGA RIVER NEAR ERWINS NY,42.1211111,-77.1291667, 930.82,00060
01527500,COHOCTON RIVER AT AVOCA NY,42.41105556,-77.4263611, 1182.31,00060
01529500,COHOCTON RIVER NEAR CAMPBELL NY,42.2525,-77.2166667, 1013.89,00060
01529950,CHEMUNG RIVER AT CORNING NY,42.14641667,-77.0575, 899.46,00060
01530332,CHEMUNG RIVER AT ELMIRA NY,42.08638889,-76.8011111, 833.04,00060
01531000,CHEMUNG RIVER AT CHEMUNG NY,42.0022222,-76.6347222, 778.66,00060
03010820,ALLEGHENY RIVER AT OLEAN NY,42.0723611,-78.4508611, 1399.50,00060
03011020,ALLEGHENY RIVER AT SALAMANCA NY,42.1568333,-78.7155556, 1357.49,00060
03014500,CHADAKOIN RIVER AT FALCONER NY,42.11263889,-79.20363889, 1255.88,00060
04213319,CHAUTAUQUA CREEK BELOW WESTFIELD NY,42.33080556,-79.5899167, 611.62,00060
04213376,CANADAWAY CREEK AT FREDONIA NY,42.45063889,-79.3504444, 637.01,00060
04213394,SILVER CREEK AT US ROUTE 20 AT SILVER CREEK NY,42.54391667,-79.1646667, 576.85,00060
04213401,WALNUT CREEK AT US ROUTE 20 AT SILVER CREEK NY,42.5383611,-79.1689722, 587.55,00060
04213500,CATTARAUGUS CREEK AT GOWANDA NY,42.46344444,-78.9345278, 738.36,00060
04213508,THATCHER BROOK AT GOWANDA NY,42.45352778,-78.9415556, 785.39,00060
04214060,BIG SISTER CREEK AT EVANS CENTER NY,42.65713889,-79.0355, 591.72,00060
0421422210,EIGHTEENMILE CREEK AT HAMBURG NY,42.70655556,-78.84925, 741.37,00060
04214231,S BR EIGHTEENMILE CR AT BLEY RD AT EDEN VALLEY,42.68027778,-78.8786944, 734.14,00060
04214500,BUFFALO CREEK AT GARDENVILLE NY,42.8546111,-78.7564167, 603.11,00060
04215000,CAYUGA CREEK NEAR LANCASTER NY,42.8900833,-78.6449444, 671.51,00060
04215500,CAZENOVIA CREEK AT EBENEZER NY,42.82952778,-78.7750278, 603.80,00060
04216418,TONAWANDA CREEK AT ATTICA NY,42.86469444,-78.2834167, 954.10,00060
04217000,TONAWANDA CREEK AT BATAVIA NY,42.99713889,-78.1881667, 875.84,00060
04218000,TONAWANDA CREEK AT RAPIDS NY,43.0935,-78.6361667, 570.70,00060
04218518,ELLICOTT CREEK BELOW WILLIAMSVILLE NY,42.97794444,-78.7636944, 585.95,00060
04218601,ERIE (BARGE) C ABV HALLS WASTE WEIR AT LOCKPORT NY,43.17469444,-78.6890556, 502.10,00060
04218700,ERIE(BARGE)CANAL(W OF GENESEE R)AT ROCHESTER NY,43.1256111,-77.6501111, 494.41,00060
04219000,ERIE (BARGE) CANAL AT LOCK 30 AT MACEDON NY,43.07177778,-77.2969722, 447.00,00060
04219767,EIGHTEENMILE CREEK AT NEWFANE NY,43.25255556,-78.6978611, 332.33,00060
04219768,EIGHTEENMILE CREEK AT BURT NY,43.31380556,-78.7154167, 244.48,00060
04219915,JOHNSON CREEK AT KUCKVILLE NY,43.3608333,-78.2645278, 235.45,00060
04220045,OAK ORCHARD CREEK NEAR SHELBY NY,43.17430556,-78.38638889, 598.22,00060
0422016550,OAK ORCHARD CREEK NEAR KENYONVILLE NY,43.301,-78.3104444, 327.43,00060
0422018610,OAK ORCHARD CREEK AT THE BRIDGES NY,43.35330556,-78.1930556, 229.39,00060
04220223,SANDY CREEK AT NORTH HAMLIN NY,43.3390833,-77.9152222, 252.67,00060
0422026250,NORTHRUP CREEK AT NORTH GREECE NY,43.2538611,-77.7420833, 305.23,00060
0422027430,ROUND POND CREEK AT STRAUB ROAD AT GREECE NY,43.19805556,-77.7108611, 435.23,00060
04221000,GENESEE RIVER AT WELLSVILLE NY,42.1222222,-77.9572222, 1469.51,00060
04223000,GENESEE RIVER AT PORTAGEVILLE NY,42.57019444,-78.0419722, 1079.72,00060
04224775,CANASERAGA CREEK ABOVE DANSVILLE NY,42.5358611,-77.7039444, 711.83,00060
04226000,KESHEQUA CR AT CRAIG COLONY AT SONYEA NY,42.6824722,-77.8286944, 581.76,00060
04227000,CANASERAGA CREEK AT SHAKERS CROSSING NY,42.73605556,-77.8414167, 544.97,00060
04227500,GENESEE RIVER NEAR MOUNT MORRIS NY,42.76666667,-77.83888889, 539.57,00060
04227995,CONESUS CREEK NEAR LAKEVILLE NY,42.85416667,-77.71527778, 806.35,00060
04228500,GENESEE RIVER AT AVON NY,42.9227222,-77.7574167, 499.56,00060
04229500,HONEOYE CREEK AT HONEOYE FALLS NY,42.9572222,-77.58888889, 607.79,00060
04230380,OATKA CREEK AT WARSAW NY,42.74266667,-78.1376111, 986.66,00060
04230500,OATKA CREEK AT GARBUTT NY,43.01,-77.79138889, 560.15,00060
04230650,GENESEE R AT BALLANTYNE BRIDGE NEAR MORTIMER NY,43.09294444,-77.6808333, 499.33,00060
04231000,BLACK CREEK AT CHURCHVILLE NY,43.10055556,-77.8822222, 551.30,00060
04231401,RED CREEK BELOW CO HWY 85 AT MORTIMER NY,43.09352778,-77.6507222, 507.30,00060
04231600,"GENESEE RIVER AT FORD STREET BRIDGE, ROCHESTER NY",43.1417222,-77.6163056, 498.40,00060
04232034,IRONDEQUOIT CR AT RAILROAD MILLS NEAR FISHERS NY,43.0278333,-77.4787222, 443.50,00060
04232050,ALLEN CREEK NEAR ROCHESTER NY,43.12802778,-77.527, 375.67,00060
0423205010,IRONDEQUOIT CR ABOVE BLOSSOM RD NEAR ROCHESTER NY,43.145,-77.5119444, 247.51,00060
04232053,MILL CREEK NEAR WEBSTER NY,43.25769444,-77.4468611, 254.73,00060
04232200,CATHARINE CR AT MONTOUR FALLS NY,42.32827778,-76.8439167, 473.40,00060
0423245850,SUGAR CREEK AT COUNTY HOUSE ROAD AT GUYANOGA NY,42.62769444,-77.1589167, 745.70,00060
04232482,KEUKA LAKE OUTLET AT DRESDEN NY,42.6803333,-76.95388889, 444.85,00060
04232730,SENECA RIVER NEAR SENECA FALLS NY,42.93888889,-76.7611111, 376.25,00060
04233255,CAYUGA INLET AT ITHACA NY,42.4272222,-76.5216667, 379.29,00060
04233300,SIXMILE CREEK AT BETHEL GROVE NY,42.40263889,-76.4355833, 759.26,00060
04234000,FALL CREEK NEAR ITHACA NY,42.4533333,-76.47277778, 794.52,00060
0423401815,SALMON CREEK NEAR LUDLOWVILLE NY,42.5526111,-76.5338333, 418.00,00060
0423406130,SENECA RIVER AT FREE BRIDGE CORNERS NY,42.96292674,-76.7368961, 367.00,00060
04234254,GANARGUA CREEK AT MACEDON NY,43.0674722,-77.2982222, 446.37,00060
04234398,WEST RIVER AT MIDDLESEX NY,42.70466667,-77.2759167, 709.12,00060
04235000,CANANDAIGUA OUTLET AT CHAPIN NY,42.9182222,-77.23277778, 670.92,00060
04235250,FLINT CREEK AT PHELPS NY,42.95777778,-77.0680556, 522.60,00060
0423527080,CLYDE RIVER (ERIE CANAL) AT CLYDE NY,43.0825833,-76.87752778, 370.00,00060
04235299,OWASCO INLET BELOW AURORA STREET AT MORAVIA NY,42.7115833,-76.434, 716.73,00060
04235440,"OWASCO OUTLET AT GENESEE ST., AUBURN NY",42.93238889,-76.5635556, 659.92,00060
04235600,SENECA RIVER (ERIE CANAL) NEAR PORT BYRON NY,43.0786111,-76.6455556, 369.00,00060
04235890,GROUT BROOK NEAR FAIR HAVEN NY,42.74202778,-76.2653611, 970.24,00060
04236800,SKANEATELES CREEK NEAR SKANEATELES JUNCTION NY,43.01488889,-76.47225, 561.37,00060
04237496,SENECA RIVER NEAR BALDWINSVILLE NY,43.1623333,-76.3626944, 370.00,00060
04239000,"ONONDAGA CREEK AT DORWIN AVENUE, SYRACUSE NY",42.9833333,-76.1508333, 413.61,00060
04240010,"ONONDAGA CREEK AT SPENCER STREET, SYRACUSE NY",43.05744444,-76.162, 361.56,00060
04242500,EAST BRANCH FISH CREEK AT TABERG NY,43.3011111,-75.6214722, 484.57,00060
04242640,FISH CREEK AT BECKS GROVE NY,43.25825,-75.61302778, 368.97,00060
04243500,ONEIDA CREEK AT ONEIDA NY,43.09755556,-75.6394167, 408.71,00060
04243783,COWASELON CREEK AT STATE ROUTE 13 AT CANASTOTA NY,43.0956111,-75.7512222, 386.85,00060
04244000,CHITTENANGO CREEK NEAR CHITTENANGO NY,43.02305556,-75.8586111, 489.16,00060
04245840,SCRIBA CREEK NEAR CONSTANTIA NY,43.25980556,-76.00277778, 401.49,00060
04247000,ONEIDA RIVER NEAR EUCLID NY,43.2053611,-76.21777778, 359.41,00060
04247055,OSWEGO RIVER NEAR PHOENIX NY,43.21116667,-76.2871111, 359.41,00060
04249000,"OSWEGO RIVER AT LOCK 7, OSWEGO NY",43.45166667,-76.50527778, 244.47,00060
04249200,NORTH BRANCH SALMON RIVER AT REDFIELD NY,43.5423611,-75.8139722, 948.45,00060
04250200,SALMON RIVER AT PINEVILLE NY,43.53119444,-76.0376944, 475.35,00060
04250750,SANDY CREEK NEAR ADAMS NY,43.81369444,-76.0744444, 523.26,00060
04252500,BLACK RIVER NEAR BOONVILLE NY,43.5116111,-75.30677778, 934.46,00060
04253294,"BUCK CREEK, SOUTH TRIBUTARY, NEAR INLET NY",43.74188889,-74.7109167, 1940,00060
04253295,"BUCK CREEK, NORTH TRIBUTARY, NEAR INLET NY",43.74369444,-74.7132222, 1980,00060
04253296,BUCK CREEK NEAR INLET NY,43.74402778,-74.7216667, 1850,00060
04256000,INDEPENDENCE RIVER AT DONNATTSBURG NY,43.74680556,-75.3334444, 972.40,00060
04258000,BEAVER RIVER AT CROGHAN NY,43.89716667,-75.40427778, 805.87,00060
04260500,BLACK RIVER AT WATERTOWN NY,43.9858333,-75.9246111, 374.09,00060
04262000,OSWEGATCHIE RIVER NEAR OSWEGATCHIE NY,44.22255556,-75.0743056, 1016.14,00060
04262500,WEST BRANCH OSWEGATCHIE RIVER NEAR HARRISVILLE NY,44.18555556,-75.3308333, 737.97,00060
04263000,OSWEGATCHIE RIVER NEAR HEUVELTON NY,44.5994444,-75.37888889, 287.68,00060
04265432,GRASS RIVER AT CHASE MILLS NY,44.84652778,-75.0784444, 225.59,00060
04266500,RAQUETTE RIVER AT PIERCEFIELD NY,44.23466667,-74.5716667, 1502.00,00060
04267500,RAQUETTE RIVER AT SOUTH COLTON NY,44.5098333,-74.8836111, 881.78,00060
04268000,RAQUETTE RIVER AT RAYMONDVILLE NY,44.83888889,-74.97888889, 182.94,00060
04268800,WEST BRANCH ST. REGIS RIVER NEAR PARISHVILLE NY,44.59875,-74.7372222, 969.24,00060
04269000,ST. REGIS RIVER AT BRASHER CENTER NY,44.8637222,-74.7786944, 216.83,00060
04270200,LITTLE SALMON RIVER AT BOMBAY NY,44.94,-74.5569444, 173.56,00060
04271500,GREAT CHAZY RIVER AT PERRY MILLS NY,44.9996111,-73.5020833, 164.44,00060
04271815,LITTLE CHAZY RIVER NEAR CHAZY NY,44.9022222,-73.415, 105.83,00060
04273500,SARANAC RIVER AT PLATTSBURGH NY,44.68166667,-73.4711111, 155.40,00060
04273700,SALMON RIVER AT SOUTH PLATTSBURGH NY,44.64016667,-73.49488889, 220.45,00060
04273800,LITTLE AUSABLE RIVER NEAR VALCOUR NY,44.59427778,-73.4963333, 235.28,00060
04274000,W BR AUSABLE R NR LAKE PLACID NY,44.3109722,-73.9156944, 1620.68,00060
04274185,WHITE BROOK NEAR WILMINGTON NY,44.392,-73.85738889,1867,00060
04275000,EAST BRANCH AUSABLE RIVER AT AU SABLE FORKS NY,44.43738889,-73.6809722, 544.90,00060
04275500,AUSABLE RIVER NEAR AU SABLE FORKS NY,44.45175,-73.6426667, 505.37,00060
04276500,BOQUET RIVER AT WILLSBORO NY,44.3583333,-73.3944444, 149.93,00060
04280450,METTAWEE RIVER NEAR MIDDLE GRANVILLE NY,43.46394444,-73.2845, 315.35,00060
0204382800,"PASQUOTANK RIVER NEAR SOUTH MILLS, NC",36.42138889,-76.3425, -5.50,00060
02053200,"POTECASI CREEK NEAR UNION, NC",36.3708333,-77.0255556, 2.4,00060
02053500,"AHOSKIE CREEK AT AHOSKIE, NC",36.28027778,-76.9994444, 16.3,00060
02068500,"DAN RIVER NEAR FRANCISCO, NC",36.515,-80.3030556, 831.4,00060
02069000,"DAN RIVER AT PINE HALL, NC",36.31930349,-80.0500424, 563.3,00060
02070500,"MAYO RIVER NEAR PRICE, NC",36.53388889,-79.99138889, 689.3,00060
02071000,"DAN RIVER NEAR WENTWORTH, NC",36.4125,-79.8261111, 512.3,00060
02074000,"SMITH RIVER AT EDEN, NC",36.52555556,-79.7655556, 538.8,00060
02077200,"HYCO CREEK NEAR LEASBURG, NC",36.39777778,-79.1966667, 399.3,00060
02077303,"HYCO R BL ABAY D NR MCGEHEES MILL, NC",36.5227222,-78.9970556, 341.97,00060
02077670,"MAYO CR NR BETHEL HILL, NC",36.5408333,-78.8719444, 337.9,00060
02080500,"ROANOKE RIVER AT ROANOKE RAPIDS, NC",36.46,-77.6336111, 42.8,00060
02081022,"ROANOKE RIVER NEAR OAK CITY, NC",36.0136111,-77.21527778, -1.1,00060
02081054,"ROANOKE RIVER AT WILLIAMSTON, NC",35.8597222,-77.04027778, -4.0,00060
0208111310,"CASHIE RIVER AT SR1257 NEAR WINDSOR, NC",36.04777778,-76.9841667, 3.0,00060
02081500,"TAR RIVER NEAR TAR RIVER, NC",36.19416667,-78.5830556, 286.34,00060
02081747,"TAR R AT US 401 AT LOUISBURG, NC",36.09305556,-78.2961111, 175.6,00060
02081942,"TAR RIVER AT NC-581 NEAR SPRING HOPE, NC",35.8820861,-78.08953889, 128.6,00060
0208250410,"TAR RIVER BELOW DAM NEAR LANGLEY CROSSROADS, NC",35.89987728,-77.88414888, 92.6,00060
02082585,"TAR RIVER AT NC 97 AT ROCKY MOUNT, NC",35.9547222,-77.7872222, 52.81,00060
02082950,"LITTLE FISHING CREEK NEAR WHITE OAK, NC",36.1833333,-77.8761111, 115.6,00060
02083000,"FISHING CREEK NEAR ENFIELD, NC",36.15055556,-77.6930556, 73.2,00060
02083500,"TAR RIVER AT TARBORO, NC",35.89444444,-77.5330556, 9.20,00060
02084000,"TAR RIVER AT GREENVILLE, NC",35.61666667,-77.37277778, -3.54,00060
02084557,"VAN SWAMP NEAR HOKE, NC",35.7308333,-76.7461111, 11.8,00060
02085000,"ENO RIVER AT HILLSBOROUGH, NC",36.0711111,-79.0955556, 486.7,00060
02085070,"ENO RIVER NEAR DURHAM, NC",36.0722222,-78.9077778, 269.92,00060
0208521324,"LITTLE RIVER AT SR1461 NEAR ORANGE FACTORY, NC",36.14166667,-78.9191667, 382.69,00060
0208524090,"MOUNTAIN CREEK AT SR1617 NR BAHAMA, NC",36.1497222,-78.8966667, 360.02,00060
0208524975,"LITTLE R BL LITTLE R TRIB AT FAIRNTOSH, NC",36.1133333,-78.8597222, 263.6,00060
02085500,"FLAT RIVER AT BAHAMA, NC",36.18277778,-78.87888889, 345.8,00060
02086500,"FLAT RIVER AT DAM NEAR BAHAMA, NC",36.1486111,-78.82888889, 255.7,00060
02086624,"KNAP OF REEDS CREEK NEAR BUTNER, NC",36.12792215,-78.7983389, 254.56,00060
0208675010,"ELLERBE CREEK AT CLUB BOULEVARD AT DURHAM, NC",36.01938889,-78.8947778, 294.8,00060
02086799,"GOOSE CREEK AT CAMDEN AVENUE AT DURHAM, NC",36.02455,-78.8605694,,00060
02086849,"ELLERBE CREEK NEAR GORMAN, NC",36.05931106,-78.8325065, 252.81,00060
02087183,"NEUSE RIVER NEAR FALLS, NC",35.94,-78.5808333, 198.4,00060
0208726005,"CRABTREE CR AT EBENEZER CHURCH RD NR RALEIGH, NC",35.84527778,-78.7244444, 223.9,00060
02087275,"CRABTREE CREEK AT HWY 70 AT RALEIGH, NC",35.83805556,-78.6741667, 202.9,00060
02087324,"CRABTREE CREEK AT US 1 AT RALEIGH, NC",35.8111111,-78.6108333, 182.36,00060
0208732534,"PIGEON HOUSE CR AT CAMERON VILLAGE AT RALEIGH, NC",35.7875,-78.6547222, 304.44,00060
0208732593,"PIGEON HOUSE CREEK AT FENTON STREET AT RALEIGH, NC",35.8029583,-78.6202528, 191.7,00060
0208732885,"MARSH CREEK NEAR NEW HOPE, NC",35.81694444,-78.5930556, 194.9,00060
02087337,"WALNUT CREEK AT BUCK JONES ROAD AT RALEIGH, NC",35.77295,-78.7369528, 368.5,00060
0208734210,"WALNUT CREEK AT TRAILWOOD DRIVE AT RALEIGH, NC",35.76838889,-78.691, 275.1,00060
0208734795,"WALNUT CREEK AT SOUTH WILMINGTON ST AT RALEIGH, NC",35.75688889,-78.6406111, 219.8,00060
0208735012,"ROCKY BRANCH BELOW PULLEN ROAD AT RALEIGH, NC",35.78,-78.66638889, 308.61,00060
02087359,"WALNUT CREEK AT SUNNYBROOK DRIVE NR RALEIGH, NC",35.7583333,-78.5830556, 182.24,00060
02087500,"NEUSE RIVER NEAR CLAYTON, NC",35.6472222,-78.4052778, 127.5,00060
02087570,"NEUSE RIVER AT SMITHFIELD, NC",35.5125,-78.3494444, 98.3,00060
02087580,"SWIFT CREEK NEAR APEX, NC",35.71888889,-78.7522222, 291.37,00060
0208758850,"SWIFT CREEK NEAR MCCULLARS CROSSROADS, NC",35.6936111,-78.6922222, 250.4,00060
0208773375,"SWIFT CREEK AT SR1555 NEAR CLAYTON, NC",35.575,-78.4986111, 153.8,00060
02088000,"MIDDLE CREEK NEAR CLAYTON, NC",35.5708333,-78.5905556, 183.8,00060
02088383,"LITTLE RIVER NEAR ZEBULON, NC",35.82194444,-78.3522222, 230.7,00060
02088500,"LITTLE RIVER NEAR PRINCETON, NC",35.51138889,-78.1602778, 106.8,00060
02089000,"NEUSE RIVER NEAR GOLDSBORO, NC",35.3375,-77.9975, 41.9,00060
02089500,"NEUSE RIVER AT KINSTON, NC",35.25777778,-77.5855556, 9.7,00060
02090380,"CONTENTNEA CREEK NEAR LUCAMA, NC",35.6911111,-78.1097222, 115.8,00060
02090504,"CONTENTNEA CREEK NR BLACK CREEK, NC",35.66849178,-77.90887268, 60.1,00060
02091000,"NAHUNTA SWAMP NEAR SHINE, NC",35.48888889,-77.8061111, 49.7,00060
02091500,"CONTENTNEA CREEK AT HOOKERTON, NC",35.42888889,-77.5825, 14.13,00060
02091814,"NEUSE RIVER NEAR FORT BARNWELL, NC",35.31388889,-77.30277778, -1.4,00060
0209205053,"SWIFT CREEK AT HWY 43 NR STREETS FERRY, NC",35.2308333,-77.11388889, -1.10,00060
02092500,"TRENT RIVER NEAR TRENTON, NC",35.06416667,-77.46138889, 18.0,00060
02092554,"TRENT R AT POLLOCKSVILLE, NC",35.01,-77.21888889, -1.1,00060
02093000,"NEW RIVER NEAR GUM BRANCH, NC",34.84916667,-77.5194444, -1.4,00060
02093800,"REEDY FORK NEAR OAK RIDGE, NC",36.1725,-79.9527778, 770.7,00060
02093877,"BRUSH CREEK AT MUIRFIELD RD AT GREENSBORO, NC",36.12805556,-79.92388889, 778.7,00060
0209399200,"HORSEPEN CREEK AT US 220 NR GREENSBORO, NC",36.13777778,-79.86, 740.20,00060
02094500,"REEDY FORK NEAR GIBSONVILLE, NC",36.17305556,-79.6141667, 626.0,00060
02094659,"SOUTH BUFFALO CREEK NR POMONA, NC",36.04944444,-79.8552778, 771.84,00060
02094770,"SOUTH BUFFALO CREEK AT US 220 AT GREENSBORO, NC",36.03805556,-79.7997222, 721.27,00060
02094775,"RYAN CREEK BELOW US 220 AT GREENSBORO, NC",36.0311111,-79.7961111, 725.6,00060
02095000,"SOUTH BUFFALO CR NEAR GREENSBORO, NC",36.06,-79.7258333, 689.60,00060
02095181,"N BUFFALO CR AT WESTOVER TERRACE AT GREENSBORO, NC",36.07916667,-79.8127778, 734.6,00060
02095271,"NORTH BUFFALO CREEK AT CHURCH ST AT GREENSBORO, NC",36.09777778,-79.7825, 717.00,00060
02095500,"NORTH BUFFALO CREEK NEAR GREENSBORO, NC",36.12055556,-79.7080556, 677.3,00060
0209553650,"BUFFALO CREEK AT SR2819 NR MCLEANSVILLE, NC",36.12805556,-79.6616667, 647.49,00060
02096500,"HAW RIVER AT HAW RIVER, NC",36.0872222,-79.3661111, 470.8,00060
02096846,"CANE CREEK NEAR ORANGE GROVE, NC",35.9872222,-79.2061111, 507.69,00060
02096960,"HAW RIVER NEAR BYNUM, NC",35.76527778,-79.1358333, 282.51,00060
0209722970,"SANDY CREEK AT CORNWALLIS RD NEAR DURHAM, NC",35.9832222,-78.9568056, 266.0,00060
0209725960,"THIRD FORK CREEK AT M.L. KING PARKWAY AT DURHAM,NC",35.95118056,-78.9269417, 267.6,00060
02097280,"THIRD FORK CR AT WOODCROFT PARKWAY NR BLANDS, NC",35.92263889,-78.9524167, 236.6,00060
02097314,"NEW HOPE CREEK NEAR BLANDS, NC",35.885,-78.9652778, 214.37,00060
0209734440,"BOLIN CREEK AT VILLAGE DRIVE AT CHAPEL HILL, NC",35.92230556,-79.066, 333.94,00060
02097386,"BOOKER CREEK AT SR 1751 NEAR CHAPEL HILL, NC",35.9419972,-79.0490333, 369.2,00060
0209741955,"NORTHEAST CREEK AT SR1100 NR GENLEE, NC",35.8722222,-78.9130556, 228,00060
02097464,"MORGAN CREEK NEAR WHITE CROSS, NC",35.9236111,-79.115, 408.9,00060
02097517,"MORGAN CREEK NEAR CHAPEL HILL, NC",35.8933333,-79.0197222, 238.2,00060
0209782609,"WHITE OAK CR AT MOUTH NEAR GREEN LEVEL, NC",35.76027778,-78.9202778, 236.4,00060
02098206,"HAW RIVER NEAR MONCURE, NC",35.6322222,-79.06, 155.4,00060
02099000,"EAST FORK DEEP RIVER NEAR HIGH POINT, NC",36.0372222,-79.9455556, 759.1,00060
02100500,"DEEP RIVER AT RAMSEUR, NC",35.72638889,-79.6555556, 417.80,00060
0210166029,"ROCKY R AT SR1300 NR CRUTCHFIELD CROSSROADS, NC",35.80694444,-79.5275, 611.09,00060
02101726,"ROCKY R AT US 64 NEAR SILER CITY, NC",35.73514055,-79.4230754, 482.9,00060
02101800,"TICK CREEK NEAR MOUNT VERNON SPRINGS, NC",35.6597222,-79.4016667, 446.65,00060
02102000,"DEEP RIVER AT MONCURE, NC",35.62694444,-79.1161111, 184.5,00060
02102192,"BUCKHORN CREEK NR CORINTH, NC",35.5597222,-78.9736111, 153.7,00060
02102500,"CAPE FEAR RIVER AT LILLINGTON, NC",35.4061111,-78.8133333, 103.63,00060
02102907,"LITTLE RIVER NEAR MOUNT PLEASANT, NC",35.1924083,-79.1839556, 182.7,00060
02102908,"FLAT CREEK NEAR INVERNESS, NC",35.18277778,-79.1775, 190.4,00060
02103000,"LITTLE RIVER AT MANCHESTER, NC",35.1933333,-78.9855556, 122.83,00060
0210307880,"TANK CREEK AT REILLY ROAD AT FORT BRAGG, NC",35.1807111,-79.0015194, 171.9,00060
02103770,"CROSS CREEK AT LANGDON STREET AT FAYETTEVILLE, NC",35.07980556,-78.8882222,,00060
0210382325,"CROSS CREEK AT BLUE STREET AT FAYETTEVILLE, NC",35.06456389,-78.8906778, 81.7,00060
0210398250,BLOUNTS CREEK AT WINSLOW STREET AT FAYETTEVILLE NC,35.04430278,-78.8901611, 84.8,00060
02104000,"CAPE FEAR RIVER AT FAYETTEVILLE, NC",35.0497222,-78.85638889, 19.64,00060
02104220,"ROCKFISH CREEK AT RAEFORD, NC",34.9997222,-79.2147222, 170.30,00060
02105500,"CAPE FEAR R AT WILM O HUSKE LOCK NR TARHEEL, NC",34.83555556,-78.8236111, 28.07,00060
02105769,"CAPE FEAR R AT LOCK 1 NR KELLY, NC",34.40444444,-78.2936111, -4.0,00060
02106500,"BLACK RIVER NEAR TOMAHAWK, NC",34.755,-78.2886111, 23.79,00060
02108000,"NORTHEAST CAPE FEAR RIVER NEAR CHINQUAPIN, NC",34.82888889,-77.8322222, 16.3,00060
02108566,"NORTHEAST CAPE FEAR R NR BURGAW, NC",34.5983333,-77.8752778, -0.97,00060
02109500,"WACCAMAW RIVER AT FREELAND, NC",34.095,-78.5483333, 14.46,00060
02111000,"YADKIN RIVER AT PATTERSON, NC",35.9908333,-81.5583333, 1211.30,00060
02111180,"ELK CREEK AT ELKVILLE, NC",36.07138889,-81.4030556, 1081.78,00060
0211139110,"YADKIN RIVER BL W KERR SCOTT DAM NEAR BUCK, NC",36.1361111,-81.2233333, 961.67,00060
02111500,"REDDIES RIVER AT NORTH WILKESBORO, NC",36.175,-81.16888889, 978.08,00060
02112000,"YADKIN RIVER AT WILKESBORO, NC",36.1525,-81.1455556, 941.75,00060
02112250,"YADKIN RIVER AT ELKIN, NC",36.24103889,-80.8491, 865.68,00060
02113850,"ARARAT RIVER AT ARARAT, NC",36.40438889,-80.5616944, 880.62,00060
02114450,"LITTLE YADKIN RIVER AT DALTON, NC",36.29916667,-80.4147222, 814.11,00060
02115360,"YADKIN RIVER AT ENON, NC",36.1328861,-80.445275, 701.40,00060
02116500,"YADKIN RIVER AT YADKIN COLLEGE, NC",35.85666667,-80.3869444, 637.85,00060
02118000,"SOUTH YADKIN RIVER NEAR MOCKSVILLE, NC",35.845,-80.65888889, 662.90,00060
02118500,"HUNTING CREEK NEAR HARMONY, NC",36.00055556,-80.7455556, 734.18,00060
02120780,"SECOND CREEK NEAR BARBER, NC",35.7176083,-80.596075, 642.53,00060
02121500,"ABBOTTS CREEK AT LEXINGTON, NC",35.80694444,-80.2347222, 618.26,00060
02123500,"UWHARRIE RIVER NEAR ELDORADO, NC",35.43147778,-80.01663889, 302.76,00060
02123629,"LITTLE MOUNTAIN CREEK AT NC HWY 740 AT BADIN, NC",35.4006083,-80.1228806, 456.23,00060
0212378405,"PEE DEE R AT HWY731 BL LK TILLERY NR NORWOOD, NC",35.20066667,-80.0618056, 197.94,00060
0212393300,"W. BR ROCKY R B MTH OF S PRONG R NR CORNELIUS, NC",35.46777778,-80.7902778, 635.88,00060
02124080,"CLARKE CREEK NEAR HARRISBURG, NC",35.41416667,-80.7519444, 608.30,00060
0212414900,"MALLARD CR BL STONY CR NR HARRISBURG, NC",35.33277778,-80.7158333, 568.40,00060
0212419274,"CODDLE CR AT SR 1612 NEAR DAVIDSON, NC",35.50388889,-80.73638889, 655.12,00060
02124269,"BACK CR AT SR1173 NEAR HARRISBURG, NC",35.30916667,-80.6736111, 591.13,00060
0212427947,"REEDY CREEK AT SR 2803 NR CHARLOTTE, NC",35.25634444,-80.7006944, 635.45,00060
0212430293,"REEDY CREEK BELOW I-485 NR PINE RIDGE, NC",35.2586111,-80.6627778, 595.73,00060
0212430653,"MCKEE CREEK AT SR2804 NR WILGROVE, NC",35.25388889,-80.6480556, 597.09,00060
0212433550,"ROCKY R AB IRISH BUFFALO CR NR ROCKY RIVER, NC",35.32166667,-80.5408333, 494.26,00060
0212466000,"CLEAR CREEK AT SR3181 NR MINT HILL, NC",35.2083333,-80.58, 559.49,00060
0212467451,"GOOSE CR AT SR1524 NEAR INDIAN TRAIL, NC",35.13152778,-80.63225, 596.58,00060
0212467595,"GOOSE CREEK AT SR1525 NR INDIAN TRAIL, NC",35.125,-80.6027778, 549.82,00060
02126000,"ROCKY RIVER NEAR NORWOOD, NC",35.1569972,-80.1657722, 202.02,00060
02128000,"LITTLE RIVER NEAR STAR, NC",35.3872222,-79.83138889, 408.15,00060
02129000,"PEE DEE R NR ROCKINGHAM, NC",34.9458333,-79.8697222, 119.52,00060
02132320,"BIG SHOE HEEL CREEK NR LAURINBURG, NC",34.75055556,-79.3866667, 161.1,00060
02133500,"DROWNING CREEK NEAR HOFFMAN, NC",35.0611111,-79.49388889, 269.13,00060
02133624,"LUMBER RIVER NEAR MAXTON, NC",34.77277778,-79.3319444, 171.80,00060
02134170,"LUMBER RIVER AT LUMBERTON, NC",34.62027778,-79.0111111, 97.49,00060
02134480,"BIG SWAMP NR TAR HEEL, NC",34.71027778,-78.83638889, 99.2,00060
02134500,"LUMBER RIVER AT BOARDMAN, NC",34.4425,-78.9602778, 71.13,00060
02137727,"CATAWBA R NR PLEASANT GARDENS, NC",35.6858333,-82.0602778, 1233.81,00060
02138500,"LINVILLE RIVER NEAR NEBO, NC",35.79555556,-81.8911111, 1202.99,00060
02138520,"CATAWBA R AT SR1223 BL LK JAMES NR BRIDGEWATER, NC",35.74125,-81.8352528, 1056.68,00060
02138816,"OLD CATAWBA R BL CATAWBA DAM NEAR BRIDGEWATER, NC",35.7344861,-81.887375, 1078.90,00060
02140991,"JOHNS RIVER AT ARNEYS STORE, NC",35.8336111,-81.7119444, 1002.90,00060
0214183365,"UPPER LITTLE R AT SR1740 AT PETRA MILLS, NC",35.842025,-81.3613778, 981.61,00060
0214192500,"MIDDLE LITTLE R AT MORETZ DAM NR BETHLEHEM, NC",35.8447361,-81.2794972, 946.83,00060
0214196125,"CATAWBA RIVER AT NC HIGHWAY 16 NR MILLERSVILLE, NC",35.8218972,-81.1903833, 836.28,00060
02142000,"LOWER LITTLE RIVER NR ALL HEALING SPRINGS, NC",35.94555556,-81.2369444, 1072.89,00060
0214244102,"CATAWBA RIVER BL LOOKOUT SHOALS DAM NR SHARON, NC",35.75719444,-81.08915, 747.60,00060
02142654,"MCDOWELL CREEK NR HUNTERSVILLE, NC",35.40694444,-80.8905556, 659.47,00060
0214265808,"TORRENCE CR AT BRADFORD HILL LN NR HUNTERSVLLE, NC",35.4036111,-80.8827778, 663.89,00060
0214265828,"MCDOWELL CR TRIB AT SR2131 NR HICKS CROSSROADS, NC",35.40178889,-80.9175194, 662.96,00060
0214266000,"MCDOWELL CREEK NR CHARLOTTE, NC CSW10",35.38971389,-80.921, 644.56,00060
0214266080,"GAR CREEK AT SR2074 NR CROFT, NC",35.36138889,-80.8975, 658.61,00060
0214269560,"KILLIAN CREEK NEAR MARIPOSA, NC",35.43416667,-81.03, 642.20,00060
02142900,"LONG CREEK NEAR PAW CREEK, NC",35.3286111,-80.9097222, 647.69,00060
02142914,"GUM BRANCH NEAR THRIFT, NC",35.29944444,-80.94638889, 630.77,00060
0214291555,"LONG CREEK NR RHYNE, NC",35.30055556,-80.9727778, 612.45,00060
0214295600,"PAW CR AT WILKINSON BLVD NR CHARLOTTE, NC",35.24027778,-80.9744444, 568.36,00060
0214297160,"BEAVERDAM CREEK AB WINDY GAP ROAD NR SHOPTON, NC",35.1697222,-80.9877778, 567.71,00060
02143000,"HENRY FORK NEAR HENRY RIVER, NC",35.68444444,-81.4033333, 890.11,00060
02143040,"JACOB FORK AT RAMSEY, NC",35.59055556,-81.5669444, 1102.62,00060
02143500,"INDIAN CREEK NEAR LABORATORY, NC",35.42055556,-81.2652778, 741.62,00060
02144000,"LONG CREEK NEAR BESSEMER CITY, NC",35.30638889,-81.2347222, 705.86,00060
02145000,"SOUTH FORK CATAWBA RIVER AT LOWELL, NC",35.28527778,-81.1011111, 602.28,00060
02145268,"DUHARTS CREEK AT SR 2439 NEAR CRAMERTON, NC",35.2475,-81.0976722, 634.89,00060
02146211,"IRWIN CR AT STATESVILLE AVE AT CHARLOTTE, NC",35.26194444,-80.8369444, 656.04,00060
0214627970,"STEWART CREEK AT STATE ST AT CHARLOTTE, NC",35.24027778,-80.8683333, 630.54,00060
02146285,"STEWART CREEK AT WEST MOREHEAD ST AT CHARLOTTE, NC",35.2283333,-80.8691667, 617.43,00060
02146300,"IRWIN CREEK NEAR CHARLOTTE, NC",35.19777778,-80.9044444, 590.84,00060
02146315,"TAGGART CREEK AT WEST BOULEVARD NR CHARLOTTE, NC",35.20666667,-80.9219444, 604.39,00060
02146348,"COFFEY CREEK NR CHARLOTTE, NC",35.1458333,-80.9269444, 565.84,00060
02146381,"SUGAR CREEK AT NC 51 NEAR PINEVILLE, NC",35.0908333,-80.8994444, 521.15,00060
02146409,"LTL SUGAR CR AT MEDICAL CENTER DR AT CHARLOTTE, NC",35.2036111,-80.8369444, 612.82,00060
0214642825,"BRIAR CREEK NEAR CHARLOTTE, NC",35.2361111,-80.7711111, 672.00,00060
0214643820,"EDWARDS BRANCH AT SHEFFIELD DR AT CHARLOTTE, NC",35.2033333,-80.7722222, 685.18,00060
0214645022,"BRIAR CR ABOVE COLONY RD AT CHARLOTTE, NC",35.17527778,-80.8308333, 598.02,00060
02146470,"LITTLE HOPE CR AT SENECA PLACE AT CHARLOTTE, NC",35.16444444,-80.8530556, 597.32,00060
02146507,"LITTLE SUGAR C AT ARCHDALE DR AT CHARLOTTE, NC",35.14805556,-80.8577778, 563.69,00060
02146530,"LITTLE SUGAR CREEK AT PINEVILLE, NC",35.08527778,-80.8822222, 532.05,00060
0214655255,"MCALPINE CREEK AT SR3150 NR IDLEWILD, NC",35.1758333,-80.7191667, 613.19,00060
02146562,"CAMPBELL CREEK NR CHARLOTTE, NC",35.18666667,-80.7366667, 663.92,00060
0214657975,"IRVINS CREEK AT SR3168 NR CHARLOTTE, NC",35.1586111,-80.7133333, 612.56,00060
02146600,"MCALPINE CR AT SARDIS ROAD NEAR CHARLOTTE, NC",35.13777778,-80.7675, 552.36,00060
02146670,"FOUR MILE CREEK NEAR PINEVILLE, NC",35.07694444,-80.8225, 528.69,00060
02146700,"MCMULLEN CR AT SHARON VIEW RD NEAR CHARLOTTE, NC",35.1408333,-80.82, 592.31,00060
02146750,"MCALPINE CR BELOW MCMULLEN CR NR PINEVILLE, NC",35.0664972,-80.86985, 515.31,00060
0214678175,"STEELE CREEK AT SR1441 NR PINEVILLE, NC",35.105,-80.9536111, 561.83,00060
0214685800,"SIX MILE CREEK NEAR PINEVILLE, NC",35.01035556,-80.8285417, 560.33,00060
02149000,"COVE CREEK NEAR LAKE LURE, NC",35.4233333,-82.1116667, 815.28,00060
02150495,"SECOND BROAD RIVER NR LOGAN, NC",35.40444444,-81.8725, 820.37,00060
02151500,"BROAD RIVER NEAR BOILING SPRINGS, NC",35.2108333,-81.6975, 638.33,00060
02152100,"FIRST BROAD RIVER NEAR CASAR, NC",35.4929722,-81.6822778, 899.20,00060
02152474,"FIRST BROAD RIVER AT LAWNDALE, NC",35.41527778,-81.5616667, 772.61,00060
0215329875,"BUFFALO CREEK BL MOSS LAKE DAM NR OAK GROVE, NC",35.2753611,-81.45595,648.33,00060
03161000,"SOUTH FORK NEW RIVER NEAR JEFFERSON, NC",36.3933333,-81.4069444, 2656.80,00060
03439000,"FRENCH BROAD RIVER AT ROSMAN, NC",35.1433333,-82.8247222, 2173.96,00060
03441000,"DAVIDSON RIVER NEAR BREVARD, NC",35.27305556,-82.7058333, 2115.24,00060
03443000,"FRENCH BROAD RIVER AT BLANTYRE, NC",35.29916667,-82.62388889, 2060.12,00060
03446000,"MILLS RIVER NEAR MILLS RIVER, NC",35.39805556,-82.595, 2088.39,00060
0344632850,"MUD CREEK AT SECONDARY ROAD 1503 NEAR BALFOUR, NC",35.335,-82.4636111, 2060.98,00060
03447687,"FRENCH BROAD RIVER NEAR FLETCHER, NC",35.42916667,-82.5525, 2032.76,00060
0344878100,"HOMINY CREEK NR WEST ASHEVILLE, NC",35.56138889,-82.5969444, 1975.32,00060
0344894205,"NORTH FORK SWANNANOA RIVER NEAR WALKERTOWN, NC",35.68569444,-82.3324167, 2640.34,00060
03450000,"BEETREE CREEK NEAR SWANNANOA, NC",35.65305556,-82.4052778, 2693.13,00060
03451000,"SWANNANOA RIVER AT BILTMORE, NC",35.5683333,-82.5447222, 1976.37,00060
03451500,"FRENCH BROAD RIVER AT ASHEVILLE, NC",35.60888889,-82.5780556, 1949.93,00060
03453000,"IVY RIVER NEAR MARSHALL, NC",35.7697222,-82.6208333, 1700.21,00060
03453500,"FRENCH BROAD RIVER AT MARSHALL, NC",35.78638889,-82.6608333, 1646.46,00060
03454500,"FRENCH BROAD RIVER AT HOT SPRINGS, NC",35.88991667,-82.821, 1311.10,00060
03455500,"W F PIGEON R ABOVE LAKE LOGAN NR HAZELWOOD, NC",35.3961111,-82.9375, 2976.24,00060
0345577330,"WEST FORK PIGEON RIVER NEAR RETREAT, NC",35.42666667,-82.9197222, 2837.53,00060
03456100,"WEST FORK PIGEON RIVER AT BETHEL, NC",35.46388889,-82.9, 2667.85,00060
03456500,"EAST FORK PIGEON RIVER NEAR CANTON, NC",35.46166667,-82.8697222, 2674.41,00060
03456991,"PIGEON RIVER NEAR CANTON, NC",35.52194444,-82.8480556, 2581.60,00060
03459500,"PIGEON RIVER NEAR HEPCO, NC",35.635,-82.99, 2335.81,00060
03460000,"CATALOOCHEE CREEK NEAR CATALOOCHEE, NC",35.6672222,-83.0727778, 2457.30,00060
03460795,"PIGEON R BL POWER PLANT NR WATERVILLE, NC",35.7836111,-83.1119444, 1352.96,00060
03463300,"SOUTH TOE RIVER NEAR CELO, NC",35.83138889,-82.1841667, 2656.52,00060
03479000,"WATAUGA RIVER NEAR SUGAR GROVE, NC",36.23916667,-81.8222222, 2607.68,00060
0347927162,"BUCKEYE CR ABOVE BUCKEYE LAKE NEAR CANNON GAP, NC",36.21742778,-81.9081222, 3399.36,00060
0347927164,"BUCKEYE CR BELOW BUCKEYE LAKE NEAR CANNON GAP, NC",36.2200083,-81.9076056, 3339.21,00060
03500000,"LITTLE TENNESSEE RIVER NEAR PRENTISS, NC",35.15,-83.3797222, 2008.24,00060
0350011450,"CARTOOGECHAYE CREEK AT SR 1148 NEAR FRANKLIN, NC",35.15776944,-83.4243694, 2043.13,00060
03503000,"LITTLE TENNESSEE RIVER AT NEEDMORE, NC",35.33638889,-83.5269444, 1760.90,00060
03504000,"NANTAHALA RIVER NEAR RAINBOW SPRINGS, NC",35.1275,-83.6186111, 3073.07,00060
03505550,"NANTAHALA RIVER NEAR HEWITT, NC",35.305,-83.6522222, 1876.35,00060
03508050,"TUCKASEGEE RIVER AT SR 1172 NR CULLOWHEE, NC",35.28777778,-83.14388889, 2111.45,00060
03510577,"TUCKASEGEE RIVER AT BARKER'S CREEK, NC",35.38444444,-83.2916667, 1880.25,00060
03512000,"OCONALUFTEE RIVER AT BIRDTOWN, NC",35.46138889,-83.3536111, 1843.25,00060
03513000,"TUCKASEGEE RIVER AT BRYSON CITY, NC",35.4275,-83.4469444, 1714.32,00060
0351706800,"CHEOAH RIVER NR BEARPEN GAP NR TAPOCO, NC",35.4383333,-83.91888889, 1271.70,00060
03550000,"VALLEY RIVER AT TOMOTLA, NC",35.13888889,-83.9805556, 1556.39,00060
05051500,"RED RIVER OF THE NORTH AT WAHPETON, ND",46.26607,-96.5986848,943.89,00060
0505152130,"RED RIVER OF THE NORTH AT ENLOE, ND",46.49888889,-96.7388889,888.88,00060
05051522,"RED RIVER OF THE NORTH AT HICKSON, ND",46.65968548,-96.7959154,877.77,00060
05051600,"WILD RICE RIVER NR RUTLAND, ND",46.0221855,-97.511485,1198.82,00060
05052000,"WILD RICE RIVER NEAR MANTADOR, ND",46.17245926,-97.0106403,951.14,00060
05052500,"ANTELOPE CREEK AT DWIGHT, ND",46.31134769,-96.7345217,906.73,00060
05053000,"WILD RICE RIVER NR ABERCROMBIE, ND",46.4705168,-96.7823018,898.88,00060
05053500,"WILD RICE RIVER NR ST BENEDICT, ND",46.7169444,-96.8205556,863.55,00060
05054000,"RED RIVER OF THE NORTH AT FARGO, ND",46.861075,-96.7836924,862.70,00060
05054500,"SHEYENNE RIVER ABOVE HARVEY, ND",47.7027775,-99.9490145,1548.86,00060
05055300,"SHEYENNE R AB DEVILS LK STATE OUTLET NR FLORA, ND",47.90777778,-99.4155556,1416.04,00060
05055400,"SHEYENNE R BL DEVILS LK STATE OUTLET NR BREMEN, ND",47.82138889,-99.2761111,1399.85,00060
05056000,"SHEYENNE RIVER NR WARWICK, ND",47.8055534,-98.7162172,1377.32,00060
05056060,"MAUVAIS COULEE TRIB NO. 3 NR CANDO, ND",48.4575008,-99.2243037,1453.73,00060
05056100,"MAUVAIS COULEE NR CANDO, ND",48.4480588,-99.1026354,1446.24,00060
05056200,"EDMORE COULEE NR EDMORE, ND",48.33667157,-98.6603958,1401.25,00060
05056215,"EDMORE COULEE TRIB NR WEBSTER, ND",48.2663928,-98.6809499,1397.61,00060
05056239,"STARKWEATHER COULEE NR WEBSTER, ND",48.3205591,-98.9406851,1449.15,00060
05056340,"LITTLE COULEE NR LEEDS, ND",48.2433322,-99.3729125,1426.01,00060
05056678,"TOLNA COULEE NEAR TOLNA, ND",47.8608333,-98.4944444,1424.15,00060
05056770,"SHEYENNE RIVER AT CO RD 20 NR. KLOTEN, ND",47.6868222,-98.1304194,1288.37,00060
05057000,"SHEYENNE RIVER NR COOPERSTOWN, ND",47.43277097,-98.0275954,1272.83,00060
05057200,"BALDHILL CREEK NR DAZEY, ND",47.2291562,-98.1248189,1316.39,00060
05058000,"SHEYENNE RIVER BELOW BALDHILL DAM, ND",47.0338718,-98.0837077,1201.29,00060
05058500,"SHEYENNE RIVER AT VALLEY CITY, ND",46.91555556,-98.0105556,1200.58,00060
05058700,"SHEYENNE RIVER AT LISBON, ND",46.4469123,-97.6792652,1067.37,00060
05058980,"SHEYENNE RIVER ON GOL ROAD NEAR KINDRED, ND",46.60305556,-97.0322222,901.04,00060
05059000,"SHEYENNE RIVER NEAR KINDRED, ND",46.63163288,-97.000643,926.37,00060
05059300,"SHEYENNE R AB SHEYENNE R DIVERSION NR HORACE, ND",46.74638889,-96.9269444,890.55,00060
05059310,"SHEYENNE RIVER DIVERSION NR HORACE, ND",46.7516335,-96.9261978,890.55,00060
05059480,"SHEYENNE RIVER DIVERSION AT WEST FARGO, ND",46.8910787,-96.916751,877.72,00060
05059500,"SHEYENNE RIVER AT WEST FARGO, ND",46.8910784,-96.9070286,877.49,00060
05059600,"MAPLE RIVER NR HOPE, ND",47.32498855,-97.7906537,1297.75,00060
05059700,"MAPLE RIVER NR ENDERLIN, ND",46.6216388,-97.5739851,1057.59,00060
05059715,"MAPLE RIVER ABOVE MAPLE RIVER DAM NR SHELDON, ND",46.6848611,-97.4584167,975.54,00060
05060000,"MAPLE RIVER NR MAPLETON, ND",46.8660826,-97.106477,887.49,00060
05060100,"MAPLE RIVER BL MAPLETON, ND",46.9052487,-97.052587,881.15,00060
05060400,"SHEYENNE RIVER AT HARWOOD, ND",46.97746739,-96.8917491,800.93,00060
05060500,"RUSH RIVER AT AMENIA, ND",47.0166413,-97.214254,931.25,00060
05064500,"RED RIVER OF THE NORTH AT HALSTAD, MN",47.351918,-96.843691,827.27,00060
05065500,"GOOSE RIVER NEAR PORTLAND, ND",47.5377646,-97.453424,961.71,00060
05066500,"GOOSE RIVER AT HILLSBORO, ND",47.40942385,-97.0611974,880.45,00060
05070000,"RED RIVER OF THE NORTH NEAR THOMPSON, ND",47.7588646,-96.9439684,779.79,00060
05082500,"RED RIVER OF THE NORTH AT GRAND FORKS, ND",47.9269234,-97.0292435,780.00,00060
05082625,"TURTLE RIVER AT TURTLE R STATE PARK NR ARVILLA, ND",47.9319336,-97.5145305,959.18,00060
05084000,"FOREST RIVER NR FORDVILLE, ND",48.1972148,-97.7306431,1036.29,00060
05085000,"FOREST RIVER AT MINTO, ND",48.286099,-97.3700763,808.03,00060
05089995,"PARK RIVER DIVERSION AT GRAFTON,ND",48.4351944,-97.4152222,788.14,00060
05090000,"PARK RIVER AT GRAFTON, ND",48.4247108,-97.412023,812.07,00060
05092000,"RED RIVER OF THE NORTH AT DRAYTON, ND",48.5722064,-97.1475697,756.06,00060
05099400,"LITTLE SOUTH PEMBINA RIVER NR WALHALLA, ND",48.86527259,-98.0059317,1101.71,00060
05099600,"PEMBINA RIVER AT WALHALLA, ND",48.9133284,-97.9170369,934.34,00060
05100000,"PEMBINA RIVER AT NECHE, ND",48.9897138,-97.5570221,810.84,00060
05101000,"TONGUE RIVER AT AKRA, ND",48.77832786,-97.746759,931.09,00060
05113600,"LONG CREEK NEAR NOONAN, ND",48.98106266,-103.076709,1845.04,00060
05114000,"SOURIS RIVER NEAR SHERWOOD, ND",48.98995719,-101.9583348,1605.00,00060
05116000,"SOURIS RIVER NR FOXHOLM, ND",48.3722357,-101.5054414,1562.04,00060
05116150,"DES LACS RIVER NEAR KENMARE, ND",48.58967728,-101.9974985, 1778.47,00060
05116500,"DES LACS RIVER AT FOXHOLM, ND",48.37056947,-101.5701633,1634.06,00060
05117500,"SOURIS RIVER ABOVE MINOT, ND",48.2457899,-101.371361,1546.88,00060
05119410,"BONNES COULEE NEAR VELVA, ND",48.058342,-100.9504287, 1509,00060
05120000,"SOURIS RIVER NR VERENDRYE, ND",48.15972928,-100.7295863,1466.23,00060
05120500,"WINTERING RIVER NEAR KARLSRUHE, ND",48.1382932,-100.5399409,1501.40,00060
05122000,"SOURIS RIVER NR BANTRY, ND",48.50555109,-100.4348534,1428.95,00060
05123400,"WILLOW CREEK NEAR WILLOW CITY, ND",48.5877399,-100.4416083,1431.83,00060
05123510,"DEEP RIVER NEAR UPHAM, ND",48.58412696,-100.8627348,1427.26,00060
05124000,"SOURIS RIVER NR WESTHOPE, ND",48.9964079,-100.9584889,1403.80,00060
06331000,"LITTLE MUDDY RIVER BL COW CREEK NR WILLISTON, ND",48.2844683,-103.5729718,1864.66,00060
06331680,"TOBACCO GARDEN CREEK NEAR WATFORD CITY, ND",47.99244695,-103.1664229,1871.87,00060
06332000,"WHITE EARTH RIVER AT WHITE EARTH, ND",48.37555556,-102.7672222,2072.05,00060
06332190,"WHITE EARTH RIVER ABOVE MOUTH NEAR MANITOU, ND",48.21188056,-102.7797361,1901.30,00060
06332515,"BEAR DEN CREEK NEAR MANDAREE, ND",47.78717057,-102.7686286,1949.14,00060
06332523,"E. FORK SHELL CREEK NR PARSHALL, ND",47.94862396,-102.214893,1882.79,00060
06332770,"DEEPWATER CREEK AT MOUTH NR RAUB, ND",47.73778499,-102.1076687,1843.20,00060
06335500,"LITTLE MISSOURI RIVER AT MARMARTH, ND",46.29777778,-103.9175,2688.11,00060
06335750,"DEEP CREEK NEAR AMIDON, ND",46.57638889,-103.5580556,2450.26,00060
06336000,"LITTLE MISSOURI RIVER AT MEDORA, ND",46.9180722,-103.5303444,2246.62,00060
06336600,"BEAVER CREEK NR TROTTERS, ND",47.16307028,-103.9927057,2373.85,00060
06337000,"LITTLE MISSOURI RIVER NR WATFORD CITY, ND",47.59140556,-103.2526667,1922.60,00060
06337200,"CHERRY CREEK ON STATE HIGHWAY 23 NEAR SCHAFER, ND",47.8051944,-103.1759944,1985.26,00060
06339100,"KNIFE RIVER AT MANNING, ND",47.2361259,-102.7699074,2158.03,00060
06339200,"CROOKED CREEK NEAR EMERSON, ND",47.1825833,-102.6044444,2062.74,00060
06339500,"KNIFE RIVER NEAR GOLDEN VALLEY, ND",47.1543948,-102.0599856,1848.73,00060
06340000,"SPRING CREEK AT ZAP, ND",47.2861188,-101.925726,1820.77,00060
06340010,"KNIFE RIVER NEAR BEULAH, ND",47.25388889,-101.7855556,1702.14,00060
06340500,"KNIFE RIVER AT HAZEN, ND",47.2852816,-101.6221093,1713.54,00060
06342260,"SQUARE BUTTE CREEK BELOW CENTER, ND",47.05749409,-101.1957001,1865.55,00060
06342450,"BURNT CREEK NEAR BISMARCK, ND",46.91495565,-100.813828,1690.40,00060
06342500,"MISSOURI RIVER AT BISMARCK, ND",46.81416667,-100.8213889,1619.64,00060
06343000,"HEART RIVER NR SOUTH HEART, ND",46.86556675,-102.9485116,2431.32,00060
06344600,"GREEN RIVER NEAR NEW HRADEC, ND",47.0277231,-103.0533527,2505.41,00060
06345500,"HEART RIVER NR RICHARDTON, ND",46.74555556,-102.3083333,2155.25,00060
06345780,"HEART R AB LAKE TSCHIDA NR GLEN ULLIN, ND",46.6569506,-102.0793279,2075.01,00060
06347000,"ANTELOPE CREEK NR CARSON, ND",46.5452839,-101.6454228,1961.38,00060
06347500,"BIG MUDDY CREEK NEAR ALMONT, ND",46.69444606,-101.4673665,1866.03,00060
06348300,"HEART RIVER AT STARK BRIDGE NEAR JUDSON, ND",46.7033333,-101.2136111,1721.30,00060
06348500,"SWEETBRIAR CREEK NEAR JUDSON, ND",46.85106476,-101.2532875,1887.68,00060
06349000,"HEART RIVER NR MANDAN, ND",46.8338827,-100.9745789,1639.47,00060
06349500,"APPLE CREEK NR MENOKEN, ND",46.79443787,-100.6573459,1639.92,00060
06349600,"HAY CREEK AT MAIN AVENUE AT BISMARCK, ND",46.80717809,-100.734102,1647.20,00060
06350000,"CANNONBALL RIVER AT REGENT, ND",46.42667116,-102.5518303,2424.49,00060
06351200,"CANNONBALL RIVER NEAR RALEIGH, ND",46.12689745,-101.3332835,1854.61,00060
06352000,"CEDAR CREEK NR HAYNES, ND",46.15528136,-102.4757133,2472.19,00060
06353000,"CEDAR CREEK NR RALEIGH, ND",46.09166988,-101.333742,1882.73,00060
06354000,"CANNONBALL RIVER AT BREIEN, ND",46.3761111,-100.9344444,1675.02,00060
06354050,"CANNONBALL RIVER AT SOLEN, ND",46.39055556,-100.7998333,1600.68,00060
06354480,"SOUTH BRANCH BEAVER CREEK NEAR ZEELAND, ND",46.11388889,-99.8369444,1963.88,00060
06354580,"BEAVER CREEK BELOW LINTON, ND",46.2685687,-100.2526914,1683.56,00060
06354815,"PORCUPINE CREEK NEAR FORT YATES, ND",46.19328885,-100.751875,1625.74,00060
06354890,"NORTH FORK GRAND RIVER ABOVE BOWMAN-HALEY LAKE, ND",45.9524438,-103.3069613,2734.64,00060
06354980,"SPRING CREEK NEAR HALEY, ND",46.0177216,-103.2919615,2734.37,00060
06468170,"JAMES RIVER NR GRACE CITY, ND",47.5580525,-98.862885,1458.63,00060
06468250,"JAMES RIVER ABOVE ARROWWOOD LAKE NR KENSAL, ND",47.3997189,-98.7976057,1438.74,00060
06469400,"PIPESTEM CREEK NEAR PINGREE, ND",47.1674635,-98.9690423,1501.90,00060
06469500,"PIPESTEM CREEK NEAR BUCHANAN, ND",47.0663814,-98.918998,1468.18,00060
06470000,"JAMES RIVER AT JAMESTOWN, ND",46.8897222,-98.6816667,1374.46,00060
06470500,"JAMES RIVER AT LAMOURE, ND",46.35552489,-98.3045433,1291.07,00060
06470800,"BEAR CREEK NEAR OAKES, ND",46.22524359,-98.0717809,1292.41,00060
06470878,JAMES RIVER AT ND-SD STATE LINE,45.9363579,-98.1742692,1200.88,00060
06471200,MAPLE RIVER AT ND-SD STATE LINE,45.93886156,-98.4526004,1364.89,00060
03086500,Mahoning River at Alliance OH,40.93283615,-81.0945413, 1034.79,00060
03090500,Mahoning River bl Berlin Dam nr Berlin Center OH,41.0483912,-81.0012032, 957.72,00060
03091500,Mahoning River at Pricetown OH,41.1314461,-80.9712018, 904.77,00060
03092090,West Branch Mahoning River near Ravenna OH,41.16144549,-81.1970453, 1011.17,00060
03092460,West Branch Mahoning River at Wayland OH,41.15700127,-81.0717621, 925.83,00060
03093000,Eagle Creek at Phalanx Station OH,41.26116735,-80.9542569, 887.19,00060
03094000,Mahoning River at Leavittsburg OH,41.23922335,-80.880642, 870.67,00060
03094704,Mosquito Creek near Greene Center OH,41.48305556,-80.7461111, 913.99,00060
03095500,Mosquito Creek bl Mosquito Ck Dam nr Cortland OH,41.29977898,-80.7584141, 873.34,00060
03098600,Mahoning River above West Ave at Youngstown OH,41.10527778,-80.6655556, 823.51,00060
03098700,Crab Creek at Youngstown OH,41.11172469,-80.6353523, 836.20,00060
03099500,Mahoning River at Lowellville OH,41.03672598,-80.5361815, 796.57,00060
03102950,Pymatuning Creek at Kinsman OH,41.44283235,-80.58812999, 906.49,00060
03109500,Little Beaver Creek near East Liverpool OH,40.6758974,-80.5406244, 702.38,00060
03110000,Yellow Creek near Hammondsville OH,40.53784235,-80.7250777, 692.93,00060
03111500,Short Creek near Dillonvale OH,40.19340427,-80.7342482, 673.54,00060
03111548,Wheeling Creek below Blaine OH,40.0670164,-80.8084198, 698.57,00060
03113990,Captina Creek at S.R. 148 at Armstrongs Mills OH,39.9067395,-80.9359288, 756.09,00060
03114306,"OHIO RIVER ABOVE SARDIS, OH",39.63027778,-80.8747222, 589.28,00060
03115400,Little Muskingum River at Bloomfield OH,39.5631294,-81.2037236, 645.34,00060
03115644,East Fork Duck Creek near Harrietsville OH,39.6128833,-81.371975, 647.56,00060
03115712,West Fork Duck Creek at Macksburg OH,39.63160556,-81.4608333, 659.32,00060
03115786,Duck Creek below Whipple OH,39.50888889,-81.4230556, 610.75,00060
03115917,Tuscarawas River above Barberton OH,41.02,-81.5602778, 953.16,00060
03116000,Tuscarawas River at Clinton OH,40.9278334,-81.6326245, 931.57,00060
03116077,Chippewa Creek at Miller Rd at Sterling OH,40.96638889,-81.8505556, 954.94,00060
03116196,Chippewa Creek above Easton OH,40.95805556,-81.7630556,933.68,00060
03117000,Tuscarawas River at Massillon OH,40.7875,-81.5230556, 911.40,00060
03117500,Sandy Creek at Waynesburg OH,40.6725609,-81.2598308, 953.48,00060
03118000,Middle Branch Nimishillen Creek at Canton OH,40.84144709,-81.3537229, 1046.12,00060
03118500,Nimishillen Creek at North Industry OH,40.7497222,-81.3694444, 980.05,00060
03120500,McGuire Creek near Leesville OH,40.47034258,-81.196493, 914.50,00060
03121500,Indian Fork bl Atwood Dam near New Cumberland OH,40.52534188,-81.2881642, 884,00060
03122500,Tuscarawas River below Dover Dam near Dover OH,40.5297862,-81.4298369, 861.51,00060
03124000,Sugar Creek bl Beach City Dam near Beach City OH,40.6356165,-81.5528993, 928,00060
03124500,Sugar Creek at Strasburg OH,40.5875624,-81.523175, 893.79,00060
03124800,Tuscarawas River at New Philadelphia OH,40.4808984,-81.4481707, 849.26,00060
03125338,Stillwater Creek above Piedmont Lake OH,40.08416667,-81.1272222, 918.06,00060
03125900,Boggs Fork at Piedmont OH,40.19451235,-81.2095508, 873.37,00060
03126000,Stillwater Creek at Piedmont OH,40.1947901,-81.2153844, 871.32,00060
03126910,Brushy Fork near Tippecanoe OH,40.2661111,-81.2841667, 846.14,00060
03127000,Stillwater Creek at Tippecanoe OH,40.2703451,-81.2903866, 848.24,00060
03128500,Little Stillwater Creek bl Tappan Dam at Tappan OH,40.3570105,-81.2301062, 860.80,00060
03129000,Tuscarawas River at Newcomerstown OH,40.2614593,-81.6090097, 779.36,00060
03129197,Black Fork Mohican River at Shelby OH,40.8811111,-82.6597222, 1065.3,00060
03130000,Black Fork below Charles Mill Dam near Mifflin OH,40.7378353,-82.36321869, 981.56,00060
03130647,Touby Run at W 6th St at Mansfield OH,40.76527778,-82.5180556,1143.94,00060
03131122,Rocky Fork at Lucas OH,40.7036111,-82.4144444, 1044.46,00060
03131500,Black Fork at Loudonville OH,40.63589367,-82.2393259, 929.16,00060
03131965,Cedar Fork above Bellville OH,40.61777778,-82.5897222, 1154.33,00060
03131982,Clear Fork Mohican River at Bellville OH,40.6233333,-82.5111111, 1110.08,00060
03133500,Clear Fork bl Pleasant Hill Dam nr Perrysville OH,40.6203379,-82.3243284, 967,00060
03135000,Lake Fork bl Mohicanville Dam near Mohicanville OH,40.72339156,-82.1548767, 930,00060
03136500,Kokosing River at Mount Vernon OH,40.4056175,-82.4998854, 980.64,00060
03138500,Walhonding River below Mohawk Dam at Nellie OH,40.34145696,-82.0654213, 790,00060
03139000,Killbuck Creek at Killbuck OH,40.48145387,-81.985979, 787.19,00060
03140000,Mill Creek near Coshocton OH,40.36284598,-81.8623563, 781.16,00060
03140500,Muskingum River near Coshocton OH,40.24840465,-81.872909, 724.17,00060
03141500,Seneca Fork bl Senecaville Dam near Senecaville OH,39.92451624,-81.4378966, 798.72,00060
03141870,Leatherwood Creek near Kipling OH,39.99007179,-81.4956758, 795.05,00060
03142000,Wills Creek at Cambridge OH,40.01451644,-81.5870674, 771.63,00060
03143500,Wills Creek bl Wills Creek Dam at Wills Creek OH,40.15951555,-81.8473527, 717,00060
03144000,Wakatomika Creek near Frazeysburg OH,40.1197222,-82.13638889,735.46,00060
03144500,Muskingum River at Dresden OH,40.12034687,-81.9995802, 692.31,00060
03144816,South Fork Licking River at Kirkersville OH,39.9636111,-82.5986111, 912.14,00060
03145000,South Fork Licking River near Hebron OH,39.988675,-82.47487789, 855.34,00060
03145173,South Fork Licking River at Heath OH,40.0375,-82.4133333, 800.00,00060
03145483,Raccoon Creek near Granville OH,40.06888889,-82.5516667, 901.46,00060
03145534,Raccoon Cr. bl. Wilson Street at Newark OH,40.0525,-82.41138889, 800.02,00060
03146000,North Fork Licking River at Utica OH,40.22978675,-82.454881, 929.48,00060
03146277,North Fork Licking River at Newark OH,40.0872222,-82.4108333, 827.26,00060
03146402,N. Fk. Licking River at E. Main St. at Newark OH,40.05944444,-82.39638889, 794.69,00060
03146405,"North Fork Licking River at Ohio Street, Newark OH",40.05388889,-82.3922222, 790.45,00060
03146500,Licking River near Newark OH,40.05923245,-82.3395948, 778.28,00060
03147500,Licking River bl Dillon Dam near Dillon Falls OH,39.98840049,-82.0804166, 700,00060
03149500,Salt Creek near Chandlersville OH,39.9086814,-81.8604105, 677.76,00060
03150000,Muskingum River at McConnelsville OH,39.6450711,-81.8498578, 649.62,00060
03150500,Muskingum River at Beverly OH,39.5450731,-81.6404066, 592.63,00060
03156400,Hocking River at Lancaster OH,39.70673098,-82.6007184,796.17,00060
03157000,Clear Creek near Rockbridge OH,39.5883982,-82.5784946, 755.97,00060
03157500,Hocking River at Enterprise OH,39.5650661,-82.4746008, 723.19,00060
03159500,Hocking River at Athens OH,39.32896188,-82.0876439, 610.78,00060
03159540,Shade River near Chester OH,39.06368935,-81.8818024, 576.28,00060
03202000,Raccoon Creek at Adamsville OH,38.8736111,-82.3558333, 569.33,00060
03205470,Symmes Creek at Aid OH,38.59619126,-82.495157, 559.40,00060
03216070,"OHIO RIVER AT IRONTON, OH",38.53205556,-82.6859444, 480.41,00060
03217424,Scioto River at Kenton OH,40.64444444,-83.6136111,942.40,00060
03217500,Scioto River at La Rue OH,40.57194444,-83.3841667, 909.69,00060
03219500,Scioto River near Prospect OH,40.4195042,-83.1971372, 886.06,00060
03219781,Mill Creek above Marysville OH,40.25694444,-83.39,975.23,00060
03220000,Mill Creek near Bellepoint OH,40.24839457,-83.1738026, 864.24,00060
03221000,Scioto River below O'Shaughnessy Dam nr Dublin OH,40.14339564,-83.1204664, 773.88,00060
03221646,Scioto River at 5th Ave at Columbus OH,39.98916667,-83.0677778, 703.46,00060
03223000,Olentangy River at Claridon OH,40.58283738,-82.9887969, 961.72,00060
03223425,Whetstone Creek at Mt Gilead OH,40.5489487,-82.8212902, 1073.49,00060
03225500,Olentangy River near Delaware OH,40.35506096,-83.0671318, 877.67,00060
03226800,Olentangy River near Worthington OH,40.110341,-83.0318515, 742.36,00060
03227107,Olentangy River at J H Herrick Dr at Columbus OH,39.99777778,-83.0236111, 0,00060
03227500,Scioto River at Columbus OH,39.9095084,-83.0090724, 679.18,00060
03228300,Big Walnut Creek at Sunbury OH,40.2361735,-82.8512892, 938.09,00060
03228500,Big Walnut Creek at Central College OH,40.1036745,-82.8840675, 814.28,00060
03228689,Blacklick Creek near Pickerington OH,39.92888889,-82.7925,807.64,00060
03228750,Alum Creek near Kilbourne OH,40.35672806,-82.9215704, 900.15,00060
03228805,Alum Creek at Africa OH,40.18228495,-82.9615711, 822.00,00060
03229000,Alum Creek at Columbus OH,39.94506415,-82.9410138, 733.69,00060
03229500,Big Walnut Creek at Rees OH,39.85673038,-82.9571255, 697.62,00060
03229610,Scioto River near Commercial Point OH,39.77422977,-83.0076834, 654.67,00060
03229796,Walnut Creek at Ashville OH,39.71089625,-82.96295889, 665.58,00060
03230310,Little Darby Creek at West Jefferson OH,39.9511729,-83.26936009, 878.96,00060
03230427,Clover Groff Ditch below Alton OH,39.94444444,-83.1761111,888.15,00060
03230450,Hellbranch Run near Harrisburg OH,39.8478333,-83.1573333, 811.50,00060
03230500,Big Darby Creek at Darbyville OH,39.7006176,-83.110187, 713.17,00060
03230700,Scioto River at Circleville OH,39.60145128,-82.9551804, 642.51,00060
03230800,Deer Creek at Mount Sterling OH,39.7150611,-83.2571369, 835.47,00060
03230900,Deer Creek near Pancoastburg OH,39.6206174,-83.2129682, 767.18,00060
03231000,Deer Creek at Williamsport OH,39.58589537,-83.122687, 718.02,00060
03231500,Scioto River at Chillicothe OH,39.34145297,-82.9710126, 593.57,00060
03232000,Paint Creek near Greenfield OH,39.3792304,-83.3754706, 843.79,00060
03232470,Paint Creek near Bainbridge OH,39.25228728,-83.3493577, 746,00060
03232500,Rocky Fork near Barretts Mills OH,39.21839888,-83.3854695, 770.24,00060
03234000,Paint Creek near Bourneville OH,39.2636763,-83.16685208, 665.07,00060
03234300,Paint Creek at Chillicothe OH,39.3203421,-82.9782349, 587.25,00060
03234500,Scioto River at Higby OH,39.21228934,-82.8637854, 566.01,00060
03237020,Scioto River at Piketon OH,39.07006954,-83.0196224, 530.90,00060
03237280,Upper Twin Creek at McGaw OH,38.64368745,-83.21573648, 541.88,00060
03237500,Ohio Brush Creek near West Union OH,38.8036838,-83.4210226, 510.19,00060
03238495,White Oak Creek above Georgetown OH,38.9197222,-83.9283333, 782.51,00060
03240000,Little Miami River near Oldtown OH,39.74839296,-83.9313196, 816.08,00060
03241500,Massies Creek at Wilberforce OH,39.72238889,-83.8823056, 865.03,00060
03244936,O'Bannon Creek near Loveland OH,39.2647812,-84.2327142, 599.61,00060
03245500,Little Miami River at Milford OH,39.17144887,-84.2979933, 493.63,00060
03246500,East Fork Little Miami River at Williamsburg OH,39.05256455,-84.0504885, 783.27,00060
03247500,East Fork Little Miami River at Perintown OH,39.13700548,-84.2379918, 506.46,00060
03255349,Mill Creek at East Sharon Rd at Sharonville OH,39.26944444,-84.4319444, 556.73,00060
03255420,Mill Creek at Evendale OH,39.2545024,-84.4257749, 550.72,00060
03255500,Mill Creek at Reading OH,39.2206139,-84.4468864, 525.49,00060
03259000,Mill Creek at Carthage OH,39.2019722,-84.4712778, 505.61,00060
03260706,Bokengehalas Creek at De Graff OH,40.31116317,-83.9124371, 976.60,00060
03261500,Great Miami River at Sidney OH,40.2869942,-84.149943, 923.68,00060
03261950,Loramie Creek near Newport OH,40.30699246,-84.3838383, 925.95,00060
03262000,Loramie Creek at Lockington OH,40.21449409,-84.2441116, 875.22,00060
03262500,Great Miami River at Piqua OH,40.1508844,-84.2288333, 843.08,00060
03262700,Great Miami River at Troy OH,40.03055556,-84.1872222,808.09,00060
03263000,Great Miami River at Taylorsville OH,39.87450176,-84.16188479, 759.21,00060
03264000,Greenville Creek near Bradford OH,40.1022723,-84.4299498, 948.38,00060
03265000,Stillwater River at Pleasant Hill OH,40.05782925,-84.3560589, 845.85,00060
03266000,Stillwater River at Englewood OH,39.87033349,-84.2860557, 771.20,00060
03266560,Mad River at West Liberty OH - 03266560,40.25227718,-83.749655, 1077.29,00060
03267000,Mad River near Urbana OH,40.1075575,-83.7990978, 984.32,00060
03267900,Mad River at St Paris Pike at Eagle City OH,39.9642265,-83.8315962, 903.93,00060
03269500,Mad River near Springfield OH,39.92311527,-83.8702081, 881.09,00060
03269817,Mad River at State Route 235 near Fairborn OH,39.84311438,-84.0504914,801,00060
03270000,Mad River near Dayton OH,39.79728106,-84.088548, 776.26,00060
03270500,Great Miami River at Dayton OH,39.7653365,-84.1974405, 699.15,00060
03271000,Wolf Creek at Dayton OH,39.76672525,-84.2366086, 739.21,00060
03271300,Holes Creek near Kettering OH,39.6542259,-84.1957722, 784.43,00060
03271500,Great Miami River at Miamisburg OH,39.6445028,-84.2896639, 677.82,00060
03271620,Great Miami River at Franklin OH,39.563114,-84.3049408, 657.46,00060
03272000,Twin Creek near Germantown OH,39.6378342,-84.403834, 723.21,00060
03272100,Great Miami River at Middletown OH,39.5198861,-84.4126778, 625.08,00060
03272700,Sevenmile Creek at Camden OH,39.6292196,-84.6443964, 818.45,00060
03274000,Great Miami River at Hamilton OH,39.3911674,-84.572169, 499.19,00060
03322485,Beaver Creek near Celina OH,40.5347222,-84.57638889, 845.00,00060
04177000,"Ottawa River at University of Toledo, Toledo OH",41.65968056,-83.6125472, 575.31,00060
04177266,"WEST BRANCH ST. JOSEPH RIVER NR NETTLE LAKE, OH",41.68334819,-84.6699172, 895.55,00060
04178000,St Joseph River near Newville IN,41.38560609,-84.8016259, 794.75,00060
04180988,St. Marys River at Rockford OH,40.69476968,-84.6466254, 787.39,00060
04181049,St Marys River at Walcot Street at Willshire OH,40.74888889,-84.7891667, 774.33,00060
04183500,Maumee River at Antwerp OH,41.19893889,-84.7444033, 689.8,00060
04183979,Platter Creek near Sherwood OH,41.26694444,-84.5919444, 690.18,00060
04184500,Bean Creek at Powers OH,41.6594951,-84.2491148, 709.43,00060
04185000,Tiffin River at Stryker OH,41.50449567,-84.4296719, 684.31,00060
04185318,Tiffin River near Evansport OH,41.3825,-84.4161111, 657.75,00060
04185440,Unnamed Tributary to Lost Creek near Farmer OH,41.3617172,-84.6910667, 758.04,00060
04185935,Auglaize River near Kossuth OH,40.6858333,-84.2655556, 799.58,00060
04186500,Auglaize River near Fort Jennings OH,40.9486617,-84.266059, 712.99,00060
04187100,Ottawa River at Lima OH,40.7247729,-84.1263371, 819.43,00060
04188100,Ottawa River near Kalida OH,40.9903287,-84.2266132, 700.82,00060
04188252,Shallow Run nr Dunkirk OH,40.76138889,-83.5952778, 889.74,00060
04188324,Potato Run near Wharton OH,40.86555556,-83.49138889, 846.22,00060
04188337,Blanchard River below Mt. Blanchard OH,40.9244986,-83.5571508, 805.61,00060
04188400,Blanchard River above Findlay OH,41.0339426,-83.5793742, 768.04,00060
04188433,Lye Creek above Findlay OH,40.9825539,-83.5857631, 790.87,00060
04188496,Eagle Creek above Findlay OH,40.9792203,-83.6532653, 784.88,00060
04189000,Blanchard River near Findlay OH,41.05588646,-83.6879889, 753.76,00060
04189131,Blanchard River at Gilboa OH,41.01527778,-83.91888889, 723.82,00060
04189174,Riley Creek below Pandora OH,40.97305556,-83.97638889, 734.06,00060
04189260,Blanchard River at Ottawa OH,41.0169962,-84.0468889, 698.43,00060
04190000,Blanchard River near Dupont OH,41.0414393,-84.2268905, 687.09,00060
04191058,Little Auglaize River at Melrose OH,41.09194444,-84.4075, 674.23,00060
04191378,Flatrock Creek at State Route 613 near Payne OH,41.09166667,-84.6930556, 722.01,00060
04191444,Little Flatrock Creek near Junction OH,41.18555556,-84.4955556, 696.09,00060
04191500,Auglaize River near Defiance OH,41.23754895,-84.3991137, 659.00,00060
04192500,Maumee River near Defiance OH,41.2919928,-84.2810573, 657.86,00060
04192574,West Creek near Hamler OH,41.26194444,-84.0366667, 687.67,00060
04192599,South Turkeyfoot Creek near Shunk OH,41.35638889,-84.0508333, 653.33,00060
04192695,Bad Creek near Delta OH,41.59666667,-84.0230556, 712.78,00060
04193500,Maumee River at Waterville OH,41.5000526,-83.7127145, 595.25,00060
04193994,Ai Creek near Swanton OH,41.5825,-83.8611111, 646.73,00060
04193997,Blue Creek near Whitehouse OH,41.52694444,-83.7808333, 626.75,00060
04193999,Wolf Creek at Holland OH,41.60944444,-83.6841667, 593.52,00060
04195500,Portage River at Woodville OH,41.449496,-83.3613156, 613.99,00060
04195820,Portage River near Elmore OH,41.49116178,-83.2246454, 572.96,00060
04196000,Sandusky River near Bucyrus OH,40.80366875,-83.00574369, 954.53,00060
04196500,Sandusky River near Upper Sandusky OH,40.85061194,-83.2563084, 791.98,00060
04196800,Tymochtee Creek at Crawford OH,40.9228332,-83.3488116, 785.72,00060
04197100,Honey Creek at Melmore OH,41.022278,-83.1096382, 816.21,00060
04197137,Sandusky River at Tiffin OH,41.11416667,-83.1797222, 720.74,00060
04197152,Rock Creek near Republic OH,41.10166667,-83.05388889, 830.01,00060
04197170,Rock Creek at Tiffin OH,41.1136659,-83.1682521, 727.17,00060
04197277,Wolf Creek near Kansas OH,41.21388889,-83.2941667, 709.81,00060
04198000,Sandusky River near Fremont OH,41.3078307,-83.1588088, 625.06,00060
04199000,Huron River at Milan OH,41.3008852,-82.6082326, 572.61,00060
04199155,Old Woman Creek at Berlin Rd near Huron OH,41.34838289,-82.51378249, 572.61,00060
04199500,Vermilion River near Vermilion OH,41.38199,-82.3168273, 594.51,00060
04200500,Black River at Elyria OH,41.38032368,-82.10459279, 620.09,00060
04201400,West Branch Rocky River at West View OH,41.3508833,-81.9031933, 732.05,00060
04201404,Baker Creek at Olmsted Falls OH,41.35088339,-81.9001376, 745.20,00060
04201409,Unnamed Tributary to W B Rocky R near Berea OH,41.3508333,-81.8861111, 761.45,00060
04201423,Plum Creek near Olmsted Falls OH,41.3586111,-81.92138889, 761.16,00060
04201429,Unnamed Trib to W B Rocky R near Olmsted Falls OH,41.3833333,-81.9094444, 758.01,00060
04201484,East Branch Rocky River near Strongsville OH,41.33444444,-81.8347222, 775.90,00060
04201495,Baldwin Creek at Strongsville OH,41.34949577,-81.8256901, 790.50,00060
04201500,Rocky River near Berea OH,41.4075483,-81.88263759, 641.51,00060
04201526,Abram Creek at Kolthoff Drive at Brook Park OH,41.39305556,-81.8502778, 746.98,00060
04202000,Cuyahoga River at Hiram Rapids OH,41.3406103,-81.1667664, 1087.21,00060
04203900,Cuyahoga River at Cuyahoga Falls OH,41.13916667,-81.4797222,978.38,00060
04203983,Cuyahoga R at Gorge Metro Pk at Cuyahoga Falls OH,41.12305556,-81.4972222,907.66,00060
04204066,Cuyahoga R at Cuyahoga St below Cuyahoga Falls OH,41.1172222,-81.5252778,752.71,00060
04206000,Cuyahoga River at Old Portage OH,41.1356112,-81.5470622, 739.35,00060
04206413,Indian Creek near Macedonia OH,41.30305556,-81.5133333, 960.38,00060
04206416,Brandywine Creek near Macedonia OH,41.29416667,-81.5208333, 948.86,00060
04206425,Cuyahoga River at Jaite OH,41.28894396,-81.56511929, 629.85,00060
04206439,Chippewa Creek at Broadview Heights OH,41.32416667,-81.6719444, 994.16,00060
04206448,Chippewa Ck in Chippewa Met Pk near Brecksville OH,41.31672109,-81.5978997, 638.79,00060
04207200,Tinkers Creek at Bedford OH,41.38449868,-81.5273419, 875.58,00060
04208000,Cuyahoga River at Independence OH,41.39533087,-81.6298478, 582.66,00060
04208347,Mill Creek at Garfield Pkwy at Garfield Heights OH,41.4333333,-81.6061111, 797.17,00060
04208460,Mill Creek at Garfield Hts OH,41.4239415,-81.6376266, 600.51,00060
042085017,East Br Big Creek at Brookpark Rd nr Parma OH,41.4186111,-81.7552778,754.04,00060
04208502,Big Creek at Cleveland OH,41.45032916,-81.7215204, 621.90,00060
04208504,Cuyahoga River near Newburgh Heights OH,41.46255164,-81.680963, 502.41,00060
04208598,Doan Brook at MLK Jr Dr at Cleveland OH,41.51416667,-81.6183333, 604.74,00060
04208677,Euclid Creek at South Euclid OH,41.52444444,-81.5141667, 931.17,00060
04208684,East Branch Euclid Creek at Richmond Heights OH,41.57416667,-81.4947222, 798.22,00060
04208700,Euclid Creek at Cleveland OH,41.58227158,-81.5587337, 571.54,00060
04208923,Unnamed tributary to Chagrin R at Pepper Pike OH,41.4711111,-81.4383333, 937.11,00060
04208943,Unnamed trib to Chagrin R at Mayfield Village OH,41.54277778,-81.4447222, 948.24,00060
04209000,Chagrin River at Willoughby OH,41.630881,-81.40344549, 583.02,00060
04212100,Grand River near Painesville OH,41.7189339,-81.2278789, 595.51,00060
04213000,Conneaut Creek at Conneaut OH,41.92699898,-80.6039659, 609.31,00060
402304084230100,Miami and Erie Canal at Minster OH,40.38444444,-84.3836111,,00060
402913084285400,Chickasaw Creek at St. Marys OH,40.48694444,-84.4816667, 867.54,00060
402958084363300,Coldwater Creek at Coldwater OH,40.49949097,-84.6091238, 867.53,00060
410014081362600,Wolf Creek Outlet O&E Canal OH,41.0039441,-81.6070666, 953.22,00060
410051081594500,Little Killbuck Creek near Lodi OH,41.01416667,-81.9958333,,00060
410121081330300,Long Lake Feeder O&E Canal OH,41.02255558,-81.55067419, 960.31,00060
410433081312500,Lock 1 Outlet O&E Canal OH,41.0758891,-81.52345, 952.73,00060
411607084241200,Inflow to wetland nr Winn Rd nr Defiance OH,41.2686111,-84.4033333,,00060
411610084240800,Wetland outflow near Winn Rd near Defiance OH,41.26944444,-84.4022222,,00060
412122083061400,Sandusky River below Bradys Island at Fremont OH,41.3561111,-83.10388889,562.01,00060
412141081412100,West Creek at Pleasant Valley Road near Parma OH,41.36138889,-81.6891667, 1046.32,00060
412325081415500,West Creek at Ridgewood Road at Parma OH,41.39027778,-81.6986111, 882.43,00060
412453081395500,West Creek at Brooklyn Heights OH,41.4147222,-81.6652778, 628.37,00060
412624081450700,East Branch Big Creek at Brooklyn OH,41.44,-81.7519444, 706.32,00060
07148400,"Salt Fork Arkansas River nr Alva, OK",36.81503056,-98.6481395, 1292.74,00060
07151000,"Salt Fork Arkansas River at Tonkawa, OK",36.6719792,-97.3094887,930.14,00060
07152000,"Chikaskia River near Blackwell, OK",36.8114211,-97.277265,967.65,00060
07152500,"Arkansas River at Ralston, OK",36.50421677,-96.7283672,777.33,00060
07153000,"Black Bear Creek at Pawnee, OK",36.34366537,-96.7994788,803.29,00060
07154500,"Cimarron River near Kenton, OK",36.92668707,-102.9590954,4264.24,00060
07157950,"Cimarron River near Buffalo, OK",36.85197484,-99.315387,1600.15,00060
07158000,"Cimarron River near Waynoka, OK",36.51725644,-98.8795366,1367.97,00060
07159100,"Cimarron River near Dover, OK",35.95170756,-97.9144994,999.5,00060
07159750,"Cottonwood Creek near Seward, OK",35.81366006,-97.478097,928.55,00060
07160000,"Cimarron River near Guthrie, OK",35.9206023,-97.4258746,891.98,00060
07160300,"Boggy Creek at 30th St at Enid, OK",36.38983889,-97.8368611, 0.00,00060
07160350,"Skeleton Creek at Enid, OK",36.3761449,-97.8003332,1110.85,00060
07160500,"Skeleton Creek near Lovell, OK",36.06004045,-97.5850471,899.99,00060
07161450,"Cimarron River near Ripley, OK",35.9858927,-96.9122504, 795.86,00060
07164480,"Arkansas Rv at SH 344 nr Tulsa, OK",36.1419111,-96.0573694,612.02,00060
07164500,"Arkansas River at Tulsa, OK",36.14064807,-96.0063866,615.22,00060
07164600,"Joe Creek at 61st St at Tulsa, OK",36.07565044,-95.9605501,621.27,00060
07165562,"Haikey Creek at 101st St South at Tulsa, OK",36.01704297,-95.8488777,613.14,00060
07165565,"Little Haikey Creek at 101st St South at Tulsa, OK",36.01759824,-95.8608227,626.85,00060
07165570,"Arkansas River near Haskell, OK",35.82277778,-95.6377778,530.01,00060
07171000,"Verdigris River near Lenapah, OK",36.85119615,-95.5860882,645.38,00060
07174400,"Caney River above Coon Creek at Bartlesville, OK",36.75564425,-95.9722064, 653.83,00060
07175500,"Caney River near Ramona, OK",36.5089816,-95.8419306,588.02,00060
07176000,"Verdigris River near Claremore, OK",36.3075,-95.6997222,539.20,00060
07176321,"Bird Creek at SH 99 at Pawhuska, OK",36.66694444,-96.3138889,762.03,00060
07176500,"Bird Creek at Avant, OK",36.48508798,-96.0602743,646.39,00060
07176950,"Hominy Creek near Hominy, OK",36.4736793,-96.3789064,727.28,00060
07177500,"Bird Creek near Sperry, OK",36.27842534,-95.954162,579.76,00060
07177650,"Flat Rock Creek at Cincinnati Ave at Tulsa, OK",36.21536936,-95.9952759,615.84,00060
07177800,"Coal Creek at Tulsa, OK",36.1945384,-95.9141599,597.26,00060
07178000,"Bird Creek near Owasso, OK",36.24870534,-95.867213,560.64,00060
07178200,"Bird Ck at State Highway 266 near Catoosa, OK",36.2231514,-95.8194322,544.81,00060
07185000,"Neosho River near Commerce, OK",36.92868144,-94.9574574,749.10,00060
07185030,"Elm Creek near Commerce, OK",36.92166667,-94.9183333,755.93,00060
07185090,"Tar Creek near Commerce, OK",36.94367956,-94.8532862,775.59,00060
07185095,"Tar Creek at 22nd Street Bridge at Miami, OK",36.90006955,-94.8682878,762.33,00060
07188000,"Spring River near Quapaw, OK",36.93451148,-94.7471711,746.28,00060
07188005,"Beaver Creek near Quapaw, OK",36.93388889,-94.7538889,761.85,00060
07189540,"Cave Springs Branch near South West City, MO",36.547297,-94.6180004,923.34,00060
07189542,"Honey Creek near South West City, MO",36.54888889,-94.6836111,792.02,00060
07189700,"Horse Creek at Afton, OK",36.6931972,-94.9453944,759.31,00060
07189710,"Horse Creek at 540 Rd near Afton, OK",36.67774167,-94.9092139,743.42,00060
07190500,"Neosho River near Langley, OK",36.4389742,-95.048573, 607.65,00060
07191000,"Big Cabin Creek near Big Cabin, OK",36.56841789,-95.1521891,622.30,00060
07191220,"Spavinaw Creek near Sycamore, OK",36.3347222,-94.6413889, 868.34,00060
071912213,"Spavinaw Creek near Colcord, OK",36.3225808,-94.6852238, 840.48,00060
07191222,"Beaty Creek near Jay, OK",36.35535924,-94.7763388,783.57,00060
07191265,"Brush Ck at Brush Ck Rd. nr Jay, OK",36.4053333,-94.7955611, 829.65,00060
07191288,"Spavinaw Creek near Eucha, OK",36.37925097,-94.936901, 682.12,00060
07191315,Saline Creek near Bull Hollow OK,36.30403889,-94.8787611,844.24,00060
07191322,Saline Ck at CR 490 nr Kenwood OK,36.31161944,-94.9892139,730.89,00060
07191500,"Neosho River near Chouteau, OK",36.2295379,-95.182741, 554.28,00060
07194500,"Arkansas River near Muskogee, OK",35.7695432,-95.2971867,471.67,00060
07195500,"Illinois River near Watts, OK",36.13008185,-94.5721645,894.01,00060
07195855,"Flint Creek near West Siloam Springs, OK",36.2161111,-94.6052778, 954.72,00060
07195865,"Sager Creek near West Siloam Springs, OK",36.20174844,-94.6052207,962.57,00060
07196000,"Flint Creek near Kansas, OK",36.18647245,-94.7068913,854.98,00060
07196090,"Illinois River at Chewey, OK",36.1042527,-94.7827283,800.91,00060
07196500,"Illinois River near Tahlequah, OK",35.9255472,-94.9217028,665.08,00060
07197000,"Baron Fork at Eldon, OK",35.9216222,-94.8372472,701.33,00060
07197360,"Caney Creek near Barber, OK",35.7850906,-94.8563398, 632.47,00060
07198000,"Illinois River near Gore, OK",35.5731511,-95.0688458,468.49,00060
07228650,"Canadian River near Cogar, Ok",35.45489167,-98.1492833, 1315,00060
07228940,"Canadian River near Mustang, OK",35.32416667,-97.7236111, 1168.42,00060
07229050,"Canadian River at Norman, OK",35.19451115,-97.4850339,999.89,00060
07229200,"Canadian River at Purcell, OK",35.01396104,-97.3475281,1017.41,00060
07229300,"Walnut Creek at Purcell, OK",34.99896109,-97.3669727, 1015.61,00060
07230000,"Little River blw Lk Thunderbird nr Norman, OK",35.22173637,-97.2139165,965.97,00060
07230500,"Little River near Tecumseh, OK",35.17257416,-96.9319662,898.45,00060
07231000,"Little River near Sasakwa, OK",34.9653615,-96.5125113,731.78,00060
07231500,"Canadian River at Calvin, OK",34.97786698,-96.2436172,683.16,00060
07234000,"Beaver River at Beaver, OK",36.82224819,-100.5193158,2369.04,00060
07235600,"Wolf Creek nr Gage, OK",36.32666667,-99.7611111, 2115.00,00060
07237500,"North Canadian River at Woodward, OK",36.43670336,-99.2784383,1831.3,00060
07238000,"North Canadian River near Seiling, OK",36.18337277,-98.9212057,1676.03,00060
07239000,"North Canadian River at Canton, OK",36.07698408,-98.59675,1552.8,00060
07239300,"North Canadian River blw Weavers Ck nr Watonga, OK",35.8119886,-98.4209053,1456.11,00060
07239450,"North Canadian River near Calumet, OK",35.6169933,-98.0653316,1328.10,00060
07239500,"North Canadian River near El Reno, OK",35.56310656,-97.9575498,1295.46,00060
07239700,"North Canadian River near Yukon, OK",35.5394985,-97.7425442, 1247.66,00060
07240000,"Lake Hefner Canal near Oklahoma City, OK",35.55311129,-97.6200419,1195.96,00060
07241000,"North Canadian River blw Lk Overholser nr OKC, OK",35.47866848,-97.6633752,1195.12,00060
07241504,"Crutcho Creek at SE 50th st. at Boone Township, OK",35.41501667,-97.418475,1198.91,00060
07241506,"Crutcho Creek at SE 29th st. at Boone Township, OK",35.435025,-97.4172222,1177.96,00060
07241513,"Soldier Creek S of SE 15th st. Boone Township, OK",35.44689444,-97.3732667, 1175.81,00060
07241520,"North Canadian River at Britton Rd at OKC, OK",35.5656147,-97.367258,1110.01,00060
07241550,"North Canadian River near Harrah, OK",35.5003412,-97.1939194,1056.03,00060
07241780,"Squirrel Creek at Shawnee, OK",35.30416667,-96.9122222,968.31,00060
07241800,"North Canadian River at Shawnee, OK",35.33312675,-96.8694661,948.82,00060
07242000,"North Canadian River near Wetumka, OK",35.2656454,-96.2061167,678.68,00060
07242380,"Deep Fork at Warwick, OK",35.68089589,-97.0083615,816.71,00060
07243500,"Deep Fork near Beggs, OK",35.6739876,-96.0686077,632.68,00060
07245000,"Canadian River near Whitefield, OK",35.26231927,-95.2371891,473.58,00060
07247015,"Poteau River at Loving, OK",34.87982388,-94.4841112,507.82,00060
07247250,"Black Fork below Big Creek nr Page, OK",34.7737148,-94.5121685,686.39,00060
07247500,"Fourche Maline near Red Oak, OK",34.91259909,-95.1557985,540.99,00060
07249413,"Poteau River near Panama, OK",35.16565268,-94.6530016,388.12,00060
07249800,"Lee Creek at Short, OK",35.5658333,-94.5319444,470.59,00060
07249920,"Little Lee Creek near Nicut, OK",35.57305556,-94.5569444,505.71,00060
07249985,"Lee Creek near Short, OK",35.5172222,-94.4641667,429.92,00060
07300500,"Salt Fork Red River at Mangum, OK",34.85839374,-99.5087007,1491.44,00060
07301110,"Salt Fork Red River near Elmer, OK",34.47896485,-99.38231,1254.75,00060
07301420,"Sweetwater Creek near Sweetwater, OK",35.42227237,-99.9692772,2088.67,00060
07301500,"North Fork Red River near Carter, OK",35.16810838,-99.5073128,1669.19,00060
07303000,"North Fork Red River blw Altus Dam nr Lugert, OK",34.88950479,-99.307028,1472.47,00060
07303400,"Elm Fork of North Fork Red River nr Carl, OK",35.01172,-99.9037143,1708.08,00060
07305000,"North Fork Red River near Headrick, OK",34.6381266,-99.103691,1299.73,00060
07307028,"North Fork Red River near Tipton, OK",34.50702089,-99.2081389,1235.02,00060
07311000,"East Cache Creek near Walters, OK",34.36230747,-98.2825468,939.86,00060
07311500,"Deep Red Creek near Randlett, OK",34.22092454,-98.4531104, 924.49,00060
07315500,"Red River near Terral, OK",33.8787106,-97.9344798, 770.58,00060
07315700,"Mud Creek near Courtney, OK",34.00426516,-97.566968,728.74,00060
07316000,"Red River near Gainesville, TX",33.7278833,-97.1600129,627.33,00060
07316500,"Washita River near Cheyenne, OK",35.62643705,-99.6684386,1901.85,00060
07324200,"Washita River near Hammon, OK",35.65643696,-99.3062086,1643.6,00060
07324400,"Washita River near Foss, OK",35.5389379,-99.1698128,1557.89,00060
07325000,"Washita River near Clinton, OK",35.5308832,-98.9670296,1468.17,00060
07325800,"Cobb Creek near Eakly, OK",35.2906111,-98.5942308,1369.15,00060
07325840,"Lake Creek near Sickles, OK",35.39172078,-98.5178418,1461.54,00060
07325850,"Lake Creek near Eakly, OK",35.29088918,-98.5292287,1365.14,00060
07325860,"Willow Creek near Albert, OK",35.23339066,-98.4661702,1344.31,00060
07326000,"Cobb Creek near Fort Cobb, OK",35.14367036,-98.4428358,1255.13,00060
07326500,"Washita River at Anadarko, OK",35.08422846,-98.2433849,1150.58,00060
07327442,"Little Washita River near Cyril, OK",34.89256647,-98.2331053,1259.22,00060
07327447,"Little Washita River near Cement, OK",34.83784678,-98.1244903,1183.65,00060
07327550,"Little Washita River East of Ninnekah, OK",34.9634007,-97.8994861,1041.22,00060
07328100,"Washita River at Alex, OK",34.92590298,-97.7739273,990.48,00060
07328180,"North Criner Creek near Criner, OK",34.9714592,-97.5847555,1024.21,00060
07328500,"Washita River near Pauls Valley, OK",34.75480245,-97.2514124,849.53,00060
07329780,"Honey Creek below Turner Falls near Davis, OK",34.4317552,-97.1472406,866.20,00060
073298507,Travertine Creek above U.S. 177 at Sulphur,34.50444444,-96.9688889, 934.50,00060
07329852,"Rock Creek at Sulphur, OK",34.49536695,-96.9886281,897.25,00060
07331000,"Washita River near Dickson, OK",34.23342725,-96.9758447,650.45,00060
07331185,"Mill Creek near Sulphur, OK",34.4773361,-96.9057806, 1087.02,00060
07331200,"Mill Creek near Mill Creek, OK",34.40509165,-96.8633439, 978.08,00060
07331205,"Mill Cr at Mouth of 3Mile Cr near Mill Cr , OK",34.3888361,-96.8457611, 957.88,00060
07331293,"Pennington Creek North of Mill Creek, OK",34.47745278,-96.8113167, 1090.61,00060
07331295,"Pennington Creek East of Mill Creek, OK",34.42036998,-96.7588959, 1019.97,00060
07331300,"Pennington Creek near Reagan, OK",34.3513333,-96.7103889,843.23,00060
07332307,"Blue River near Franks, OK",34.5781455,-96.6988971,1078.48,00060
07332348,"Blue River North of Connerville, OK",34.45441944,-96.6356389,,00060
07332390,"Blue River near Connerville, OK",34.383426,-96.6005579, 891.82,00060
07332500,"Blue River near Blue, OK",33.99704088,-96.2410985, 496.97,00060
07334000,"Muddy Boggy Creek near Farris, OK",34.27148539,-95.9122049, 440.12,00060
07334428,"Delaware Cr Blw Del Cr Site 9 RSVR nr Bromide, OK",34.40701667,-96.5399306, 700.27,00060
07334800,"Clear Boggy Creek abv Caney Creek nr Caney, OK",34.2550899,-96.2127678, 479.99,00060
07335300,"Muddy Boggy Creek near Unger, OK",34.02676714,-95.7502479,393.23,00060
07335500,"Red River at Arthur City, TX",33.8751049,-95.5019023,374.85,00060
07335700,"Kiamichi River near Big Cedar, OK",34.63843685,-94.6127236,887.58,00060
07335790,"Kiamichi River near Clayton, OK",34.5748229,-95.3408025,520.42,00060
07336200,"Kiamichi River near Antlers, OK",34.24871203,-95.6052475, 420.10,00060
07337900,"Glover River near Glover, OK",34.09760677,-94.9021667, 378.70,00060
07338500,"Little River blw Lukfata Creek, nr Idabel, OK",33.94122094,-94.7585482, 312.18,00060
07338750,"Mountain Fork at Smithville, OK",34.4623262,-94.6352202,665.45,00060
07339000,"Mountain Fork near Eagletown, OK",34.04177757,-94.6199358, 333.84,00060
10396000,DONNER UND BLITZEN RIVER NR FRENCHGLEN OR,42.7908333,-118.8675,4260.33,00060
11491450,"IRVING CREEK NEAR LENZ, OR",42.95166667,-121.4590556,4617,00060
11491470,"JACKSON CREEK NEAR LENZ, OR",42.9783611,-121.459361,4680,00060
11491950,"MILLER CREEK NEAR BEAVER MARSH, OR",43.1833333,-121.8735556,,00060
11492550,"SAND CREEK BLW SAND CREEK CANAL NR CHINCHALO, OR",42.8704083,-121.8484722,4578,00060
11493100,"SCOTT CREEK BLW SAND CREEK CANAL NR CHINCHALO, OR",42.88709167,-121.8727556,4587,00060
11493500,"WILLIAMSON RIVER NEAR KLAMATH AGENCY, OR",42.739925,-121.8345167, 4487.42,00060
11501000,"SPRAGUE RIVER NEAR CHILOQUIN, OR",42.58430556,-121.8483333, 4202.43,00060
11502500,"WILLIAMSON RIVER BLW SPRAGUE RIVER NR CHILOQUIN,OR",42.564375,-121.8797139, 4148.50,00060
11504115,"WOOD RIVER NEAR KLAMATH AGENCY, OR",42.58155556,-121.9417028, 4147,00060
11504260,"FOURMILE CANAL NEAR KLAMATH AGENCY, OR",42.5745,-122.051361, 4099.86,00060
11504270,"CRYSTAL CREEK NEAR ROCKY POINT, OR",42.51269444,-122.0761389, 4122.41,00060
11504290,"SEVENMILE CNL AT DIKE RD BR, NR KLAMATH AGENCY, OR",42.58166667,-121.9713889, 4146,00060
11507500,"LINK RIVER AT KLAMATH FALLS, OR",42.22347795,-121.7941708, 4083.71,00060
11509105,"NORTH CANAL AT HIGHWAY 97, NEAR MIDLAND, OR",42.12138889,-121.8267528, 4080.27,00060
11509200,"ADY CANAL AT HIGHWAY 97, NEAR WORDEN, OR",42.08088889,-121.8446389,4090,00060
11509250,"ADY CANAL ABOVE LOWER KLAMATH NWR, NEAR WORDEN, OR",42.00416667,-121.8258333, 4075.28,00060
11509340,"KLAMATH STRAITS DRAIN NEAR WORDEN, OR",42.08095278,-121.8483222, 4081.72,00060
11509500,"KLAMATH RIVER AT KENO, OR",42.13319946,-121.9622313, 3961,00060
11510700,"KLAMATH RIVER BLW JOHN C.BOYLE PWRPLNT, NR KENO,OR",42.0845877,-122.0733453, 3274.82,00060
13181000,OWYHEE RIVER NR ROME OR,42.86638889,-117.6491667,3347.47,00060
13183000,"OWYHEE RIVER BELOW OWYHEE DAM, OR",43.65444444,-117.2558333,2346.22,00060
13215480,"SOUTH FORK MALHEUR RIVER NR RIVERSIDE, OR",43.5190833,-118.1750583,3309.72,00060
13233300,MALHEUR RIVER BELOW NEVADA DAM NEAR VALE OR,43.9875,-117.2188889, 2210.70,00060
13290450,SNAKE RIVER AT HELLS CANYON DAM ID-OR STATE LINE,45.2544444,-116.6969444,1435,00060
13325000,"EAST FORK WALLOWA RIVER NEAR JOSEPH, OR",45.27110278,-117.211325, 4540,00060
13331500,"MINAM RIVER AT MINAM, OR",45.6198669,-117.7265892, 2540.48,00060
13333000,"GRANDE RONDE RIVER AT TROY, OR",45.9457019,-117.4510089, 1585.98,00060
14020000,"UMATILLA RIVER ABOVE MEACHAM CREEK, NR GIBBON, OR",45.71957668,-118.3232913, 1854.81,00060
14020300,"MEACHAM CREEK AT GIBBON, OR",45.689125,-118.3544472, 1793.05,00060
14020850,"UMATILLA R AT W RESERVATION BNDY NR PENDLETON, OR",45.67151937,-118.736649, 1130,00060
14033500,"UMATILLA RIVER NEAR UMATILLA, OR",45.9026944,-119.3270833,333.73,00060
14034470,"WILLOW CREEK ABV WILLOW CR LAKE, NR HEPPNER, OR",45.34068289,-119.5158544, 2085.41,00060
14034480,"BALM FORK NEAR HEPPNER, OR",45.33207265,-119.5411325, 2101.52,00060
14034500,"WILLOW CREEK AT HEPPNER, OR",45.3504062,-119.5500218, 1952.73,00060
14034608,"WILLOW CREEK AT MORGAN STREET, AT HEPPNER, OR",45.3612398,-119.5602998, 1910,00060
14036860,"JOHN DAY R AT BLUE MTN HOT SPGS NR PRAIRIE CITY,OR",44.35793778,-118.5760531, 4200,00060
14038530,"JOHN DAY RIVER NEAR JOHN DAY, OR",44.41848897,-118.9063419, 3130.56,00060
14043840,"MF JOHN DAY RIVER ABV CAMP CREEK, NR GALENA, OR",44.692625,-118.7943083, 3455,00060
14044000,"MIDDLE FORK JOHN DAY RIVER AT RITTER, OR",44.88876388,-119.1413686, 2544.56,00060
14046000,"NORTH FORK JOHN DAY RIVER AT MONUMENT, OR",44.8137582,-119.4316565, 1959.64,00060
14046500,"JOHN DAY RIVER AT SERVICE CREEK, OR",44.7937468,-120.006677, 1632.42,00060
14046778,"BRIDGE CR ABV COYOTE CANYON NR MITCHELL, OR",44.7267988,-120.301965, 1531.67,00060
14048000,"JOHN DAY RIVER AT MCDONALD FERRY, OR",45.5876278,-120.4094919, 392.27,00060
14056500,"DESCHUTES R BL WICKIUP RES NR LA PINE, OR",43.68595349,-121.6880826, 4257.41,00060
14064500,"DESCHUTES R AT BENHAM FALLS NR BEND, OR",43.93011715,-121.4119746, 4142.10,00060
14070615,"M F TUMALO CREEK ABV PROWELL SPRINGS, NR BEND, OR",44.03711389,-121.6327694, 6329,00060
14070621,"DIVERSION CANAL TO BRIDGE CREEK, NEAR BEND, OR",44.03706667,-121.6325889, 6330,00060
14070624,"M F TUMALO CREEK BLW PROWELL SPRINGS, NR BEND, OR",44.03722778,-121.6325639, 6326,00060
14070900,"BRIDGE CREEK BELOW INTAKE, NEAR BEND, OR",44.0310833,-121.5678333, 4993,00060
14076500,"DESCHUTES RIVER NEAR CULVER, OR",44.4987293,-121.3211558, 1980,00060
14087380,"CROOKED RIVER BLW OSBORNE CANYON, NR OPAL CITY, OR",44.4268972,-121.2328728, 2190,00060
14087400,"CROOKED RIVER BELOW OPAL SPRINGS, NEAR CULVER, OR",44.4923407,-121.298377, 1953.60,00060
14091500,"METOLIUS RIVER NEAR GRANDVIEW, OR",44.6262275,-121.4839433, 1974.36,00060
14092500,"DESCHUTES RIVER NEAR MADRAS, OR",44.72595225,-121.2469939, 1390.25,00060
14092750,"SHITIKE CRK AT PETERS PASTURE, NR WARM SPRINGS, OR",44.75039516,-121.633397, 3580,00060
14093000,"SHITIKE CREEK NEAR WARM SPRINGS, OR",44.7642856,-121.2364393, 1395,00060
14096850,"BEAVER CREEK BELOW QUARTZ CREEK, NR SIMNASHO, OR",44.9587272,-121.3942286, 2260,00060
14097100,"WARM SPRINGS RIVER NEAR KAHNEETA HOT SPRINGS, OR",44.8565087,-121.1497735, 1394.96,00060
14101500,"WHITE RIVER BELOW TYGH VALLEY, OR",45.2414782,-121.095022, 870.15,00060
14103000,"DESCHUTES RIVER AT MOODY, NEAR BIGGS, OR",45.6220678,-120.9056203, 167.54,00060
14105700,"COLUMBIA RIVER AT THE DALLES, OR",45.60827778,-121.1899167, 0.0,00060
14113200,"MOSIER CREEK NEAR MOSIER, OR",45.649008,-121.3772951, 425,00060
14120000,"HOOD RIVER AT TUCKER BRIDGE, NEAR HOOD RIVER, OR",45.6545,-121.5488, 383.2,00060
14137000,"SANDY RIVER NEAR MARMOT, OR",45.3995642,-122.1373068, 0.00,00060
14138720,"BULL RUN RIVER AT LOWER FLUME NR BRIGHTWOOD, OR",45.4709515,-121.8653567, 2840,00060
14138800,"BLAZED ALDER CREEK NEAR RHODODENDRON, OR",45.4526183,-121.8914684, 2540,00060
14138850,"BULL RUN RIVER NEAR MULTNOMAH FALLS, OR",45.4981743,-122.0123049, 1080,00060
14138870,"FIR CREEK NEAR BRIGHTWOOD, OR",45.48011889,-122.0256385, 1480,00060
14138900,"NORTH FORK BULL RUN RIVER NEAR MULTNOMAH FALLS, OR",45.4942454,-122.035888,1065,00060
14139800,"SOUTH FORK BULL RUN RIVER NEAR BULL RUN, OR",45.444564,-122.1095292, 990,00060
14140000,"BULL RUN RIVER NEAR BULL RUN (RIVER ONLY), OR",45.4373,-122.1796556, 567.90,00060
14141500,"LITTLE SANDY RIVER NEAR BULL RUN, OR",45.41539777,-122.1714746, 720,00060
14142500,"SANDY RIVER BLW BULL RUN RIVER, NR BULL RUN, OR",45.4490094,-122.2450885, 240,00060
14142800,"BEAVER CREEK AT TROUTDALE, OR",45.5194444,-122.3892778,188.89,00060
14144800,"MIDDLE FORK WILLAMETTE RIVER NR OAKRIDGE, OR",43.60178867,-122.4575474, 1560,00060
14145500,"MF WILLAMETTE RIVER ABV SALT CRK, NEAR OAKRIDGE,OR",43.72095655,-122.4378256, 1208.01,00060
14147500,"N FK OF M FK WILLAMETTE R NR OAKRIDGE, OR",43.7567902,-122.5053292, 1029.6,00060
14148000,"MF WILLAMETTE RIVER BLW N FORK, NR OAKRIDGE, OR.",43.80123517,-122.5608879, 934.76,00060
14150000,"MIDDLE FORK WILLAMETTE RIVER NEAR DEXTER, OR",43.9456815,-122.8372967, 592.30,00060
14150800,"WINBERRY CREEK NEAR LOWELL,OR",43.9142924,-122.6886762, 863.70,00060
14151000,"FALL CREEK BLW WINBERRY CREEK, NEAR FALL CREEK, OR",43.94429299,-122.774794, 637.81,00060
14152000,"MIDDLE FORK WILLAMETTE RIVER AT JASPER, OR",43.99818166,-122.9059126, 513.45,00060
14152500,"COAST FORK WILLAMETTE AT LONDON, OR",43.64151015,-123.0859089, 852.58,00060
14153500,"COAST FORK WILLAMETTE R BLW COTTAGE GROVE DAM, OR",43.72067785,-123.0497994, 711.00,00060
14154500,"ROW RIVER ABOVE PITCHER CREEK, NEAR DORENA, OR",43.7359565,-122.8734019, 856.16,00060
14155500,"ROW RIVER NEAR COTTAGE GROVE, OR",43.7929012,-122.9914655, 685.24,00060
14157500,"COAST FORK WILLAMETTE RIVER NEAR GOSHEN, OR",43.98040324,-122.96647, 473.80,00060
14158500,"MCKENZIE RIVER AT OUTLET OF CLEAR LAKE, OR",44.3609545,-121.9956172, 3015.32,00060
14158740,"MCKENZIE RIVER BL PAYNE CR, NR BELKNAP SPRINGS, OR",44.28638889,-122.0368056,,00060
14158790,"SMITH RIVER ABV SMITH R RESV,NR BELKNAP SPRNGS,OR",44.3345666,-122.0470074, 2610.00,00060
14158798,SMITH RIVER ABV TRAIL BRDG RESV NR BELKNAP SPRINGS,44.28988889,-122.0485833,,00060
14158850,"MCKENZIE R BLW TRAIL BR DAM NR BELKNAP SPRINGS, OR",44.2679001,-122.0497826, 1980.00,00060
14159110,"MCKENZIE RIVER ABOVE SOUTH FORK, NEAR RAINBOW, OR",44.16633386,-122.2565067,1171,00060
14159200,SO FK MCKENZIE RIVER ABV COUGAR LAKE NR RAINBOW OR,44.047067,-122.2178245, 1709.51,00060
14159500,"SOUTH FORK MCKENZIE RIVER NEAR RAINBOW, OR",44.13595817,-122.248391, 1236.42,00060
14161100,"BLUE RIVER BELOW TIDBITS CREEK, NR BLUE RIVER, OR",44.2179043,-122.2650676, 1386.90,00060
14161500,"LOOKOUT CREEK NEAR BLUE RIVER, OR",44.2095708,-122.256733, 1377.76,00060
14162050,"NF QUARTZ CREEK NEAR BLUE RIVER, OR",44.1845,-122.3148056,,00060
14162200,"BLUE RIVER AT BLUE RIVER, OR",44.16234819,-122.3331192, 1056.53,00060
14162450,"QUARTZ CREEK NEAR FINN ROCK, OR",44.1233611,-122.3787222,,00060
14162500,"MCKENZIE RIVER NEAR VIDA, OR",44.1248487,-122.47062, 855.71,00060
14163000,"GATE CREEK AT VIDA, OR",44.1460861,-122.5730333, 764.56,00060
14163150,"MCKENZIE RIVER BLW LEABURG DAM, NR LEABURG, OR",44.123738,-122.6275715, 710,00060
14163900,"MCKENZIE RIVER NEAR WALTERVILLE, OR",44.0698492,-122.7711874, 589.74,00060
14164550,"CAMP CRK AT CAMP CRK RD BRIDGE, NR SPRINGFIELD, OR",44.07066667,-122.8846667, 525,00060
14164700,"CEDAR CREEK AT SPRINGFIELD, OR",44.059348,-122.9196644, 490,00060
14164900,"McKENZIE RIVER ABV HAYDEN BR, AT SPRINGFIELD,OR",44.0712365,-122.9645273, 400.00,00060
14165000,"MOHAWK RIVER NEAR SPRINGFIELD, OR",44.09290317,-122.9573052, 442.47,00060
14165500,"MCKENZIE RIVER NEAR COBURG, OR",44.11305556,-123.0469722, 386.08,00060
14166000,"WILLAMETTE RIVER AT HARRISBURG, OR",44.27040126,-123.1737036, 288.39,00060
14166500,"LONG TOM RIVER NEAR NOTI, OR",44.04984478,-123.4262097, 389.05,00060
14169000,"LONG TOM RIVER NEAR ALVADORE, OR",44.1226111,-123.3003056,335.56,00060
14170000,"LONG TOM RIVER AT MONROE, OR",44.3128333,-123.296361,273.66,00060
14171000,"MARYS RIVER NEAR PHILOMATH, OR",44.525,-123.334, 224.01,00060
14171600,"WILLAMETTE RIVER AT CORVALLIS, OR",44.5663611,-123.2568056, 180,00060
14173500,"CALAPOOIA RIVER AT ALBANY, OR",44.62002778,-123.1284722, 180.85,00060
14174000,"WILLAMETTE RIVER AT ALBANY, OR",44.6387328,-123.1067616, 167.18,00060
14178000,"NO SANTIAM R BLW BOULDER CRK, NR DETROIT, OR",44.7067885,-122.1011859, 1590.07,00060
14179000,"BREITENBUSH R ABV FRENCH CR NR DETROIT, OR.",44.75262179,-122.1289648, 1573.95,00060
14180300,"BLOWOUT CREEK NEAR DETROIT, OR",44.65289999,-122.130908, 1840,00060
14181500,"NORTH SANTIAM RIVER AT NIAGARA, OR",44.75377778,-122.2974444, 1093.78,00060
14182500,"LITTLE NORTH SANTIAM RIVER NEAR MEHAMA, OR",44.7915108,-122.5789738, 655.41,00060
14183000,"NORTH SANTIAM RIVER AT MEHAMA, OR",44.78925,-122.6188056,605.78,00060
14184100,"NORTH SANTIAM R AT GREENS BRIDGE, NR JEFFERSON, OR",44.7079444,-122.973111, 231.54,00060
14185000,"SOUTH SANTIAM RIVER BELOW CASCADIA, OR",44.39179225,-122.4975817, 775,00060
14185900,"QUARTZVILLE CREEK NEAR CASCADIA, OR",44.54012357,-122.4359155, 1050,00060
14187000,"WILEY CREEK NEAR FOSTER, OR",44.37234769,-122.6231384, 720,00060
14187200,"SOUTH SANTIAM RIVER NEAR FOSTER, OR",44.4123468,-122.6886956, 530,00060
14187500,"SOUTH SANTIAM RIVER AT WATERLOO, OR",44.4984564,-122.8234214, 370.39,00060
14187600,"LEBANON SANTIAM CANAL NEAR LEBANON, OR",44.51484526,-122.8648109, 370,00060
14188610,"SCHAFER CREEK NEAR LACOMB, OR",44.61956728,-122.4659162, 2900,00060
14188800,"THOMAS CREEK NEAR SCIO, OR",44.71206687,-122.7700878, 370,00060
14189000,"SANTIAM RIVER AT JEFFERSON, OR",44.7147222,-123.01425, 199.63,00060
14190500,"LUCKIAMUTE RIVER NEAR SUVER, OR",44.78317527,-123.2345435, 171.92,00060
14191000,"WILLAMETTE RIVER AT SALEM, OR",44.9442863,-123.0428742, 106.14,00060
14194150,"SOUTH YAMHILL RIVER AT MCMINNVILLE, OR",45.2069444,-123.1816667,61.70,00060
14197900,"WILLAMETTE RIVER AT NEWBERG, OR",45.2845625,-122.9614893, 0.0,00060
14198400,"BULL CREEK NEAR WILHOIT, OR",44.9609,-122.385, 1660,00060
14198500,"MOLALLA R AB PC NR WILHOIT, OR",45.0097222,-122.4809167, 791.35,00060
14199704,"NATE CREEK TRIBUTARY NEAR COLTON, OR",45.2054444,-122.412111, 959.24,00060
14200000,"MOLALLA RIVER NEAR CANBY, OR",45.24391667,-122.6874444,97.49,00060
14200100,"DRIFT CREEK NEAR SILVERTON, OR",44.97680556,-122.830111, 165,00060
14200700,"ABIQUA CREEK AT SILVERTON, OR",45.03145,-122.7908306, 193,00060
14201300,"ZOLLNER CREEK NEAR MT ANGEL, OR",45.10039816,-122.8217596, 120,00060
14201340,"PUDDING RIVER NEAR WOODBURN, OR",45.15123137,-122.80426, 89.41,00060
14201500,"BUTTE CREEK AT MONITOR, OR",45.1015099,-122.7462019, 155,00060
14202000,"PUDDING RIVER AT AURORA, OR",45.23327778,-122.7509167,75.60,00060
14202650,"WAPATO CREEK AT SW GASTON ROAD, AT GASTON, OR",45.44064167,-123.125, 166.10,00060
14202980,"SCOGGINS CK BLW HENRY HAGG LAKE, NR GASTON, OR",45.46927968,-123.200109, 187.48,00060
14203500,"TUALATIN RIVER NEAR DILLEY, OR",45.4748365,-123.124274, 147.57,00060
14205350,"EF DAIRY CR ABV MURTAUGH CR NR MEACHAM CORNER, OR",45.69385556,-123.0700194,341.68,00060
14206241,"TUALATIN RIVER AT HWY 219 NEAR HILLSBORO, OR",45.50011635,-122.9912157,,00060
14206900,"FANNO CREEK AT 56TH AVE, AT PORTLAND, OR",45.4881944,-122.73475,242.75,00060
14206950,"FANNO CREEK AT DURHAM, OR",45.403452,-122.7548185, 115.78,00060
14207500,"TUALATIN RIVER AT WEST LINN, OR",45.35067559,-122.6762044, 85.61,00060
14208700,"OAK GROVE FORK NEAR GOVERNMENT CAMP, OR",45.11373009,-121.8150775, 3041.83,00060
14209000,"OAK GROVE FORK ABOVE POWERPLANT INTAKE, OR.",45.0712319,-121.9406345, 2100,00060
14209250,"OAK GROVE FORK AT RIPPLEBROOK CAMPGROUND, OR",45.07981389,-122.0428583, 1420,00060
14209500,"CLACKAMAS RIVER ABOVE THREE LYNX CREEK, OR",45.1248432,-122.0734137, 1091.69,00060
14209700,"FISH CREEK NEAR THREE LYNX, OR",45.14762079,-122.1531366, 940,00060
14210000,"CLACKAMAS RIVER AT ESTACADA, OR",45.29984346,-122.3539746, 286.93,00060
14211010,"CLACKAMAS RIVER NEAR OREGON CITY, OR",45.3792874,-122.5773134, 0.00,00060
14211315,"TRYON CREEK NEAR LAKE OSWEGO, OR",45.43067476,-122.6737057, 95,00060
14211400,"JOHNSON CREEK AT REGNER ROAD, AT GRESHAM, OR",45.4863333,-122.4218333,304.59,00060
14211499,"KELLEY CREEK AT SE 159TH DRIVE AT PORTLAND, OR",45.4767869,-122.4984239, 245,00060
14211500,"JOHNSON CREEK AT SYCAMORE, OR",45.47745556,-122.5080194, 228.47,00060
14211542,"CRYSTAL SPRINGS CREEK AT BYBEE ST, PORTLAND, OR",45.47402778,-122.6417222,,00060
14211550,"JOHNSON CREEK AT MILWAUKIE, OR",45.452897,-122.6431496, 0.00,00060
14211720,"WILLAMETTE RIVER AT PORTLAND, OR",45.5175,-122.6691667, 1.55,00060
14211814,"FAIRVIEW CREEK AT GLISAN ST NEAR GRESHAM, OR",45.52761968,-122.4487024, 203.87,00060
14211820,"COLUMBIA SLOUGH AT PORTLAND, OR",45.63900515,-122.763155, 1.53,00060
14246900,"COLUMBIA RIVER AT PORT WESTWARD, NEAR QUINCY, OR",46.18122136,-123.1834539, -1.00,00060
14299800,"NEHALEM RIVER NEAR VERNONIA, OR",45.80705586,-123.2831722, 640,00060
14301000,"NEHALEM RIVER NEAR FOSS, OR",45.7039986,-123.755405, 32.60,00060
14301340,"NEHALEM RIVER AT NEHALEM, OR",45.70888889,-123.8880556, 0,00060
14301500,"WILSON RIVER NEAR TILLAMOOK, OR",45.47593996,-123.7251209, 42.12,00060
14302480,"TRASK RIVER ABOVE CEDAR CREEK, NEAR TILLAMOOK, OR",45.4462181,-123.7103974, 70,00060
14302900,"NESTUCCA RIVER NEAR FAIRDALE, OR",45.31063889,-123.4135278,1798,00060
14303200,"TUCCA CREEK NEAR BLAINE, OR.",45.32427635,-123.5465012, 1400,00060
14303600,"NESTUCCA RIVER NEAR BEAVER, OR",45.26649446,-123.847061, 43,00060
14305500,"SILETZ RIVER AT SILETZ, OR",44.7151172,-123.8873348, 102.32,00060
14305800,"SILETZ RIVER NEAR SILETZ, OR",44.7646,-123.9137972,,00060
14306340,"EAST FORK LOBSTER CREEK NEAR ALSEA, OR.",44.24789909,-123.6364936, 680,00060
14306500,"ALSEA RIVER NEAR TIDEWATER, OR",44.3859538,-123.831778, 48.16,00060
14307620,"SIUSLAW RIVER NEAR MAPLETON, OR",44.06234317,-123.8831659, 41,00060
14308000,"SOUTH UMPQUA RIVER AT TILLER, OR",42.9303985,-122.9483872, 991.8,00060
14308500,"ELK CREEK NR DREW, OR",42.89012159,-122.9178303, 1279.25,00060
14308990,"COW CREEK ABV GALESVILLE RES, NR AZALEA, OR.",42.82317665,-123.1258922, 1900,00060
14309000,"COW CREEK NEAR AZALEA, OR",42.82484286,-123.1789492, 1694.32,00060
14309500,"WEST FORK COW CREEK NEAR GLENDALE, OR",42.80400356,-123.6109071, 1018.48,00060
14310000,"COW CREEK NEAR RIDDLE, OR",42.9234502,-123.428957, 682.60,00060
14312000,"SOUTH UMPQUA RIVER NEAR BROCKWAY, OR",43.13317169,-123.3984053, 462.52,00060
14313200,"N.UMPQUA R ABV WHITE MULE CK, NR TOKETEE FALLS, OR",43.32401306,-122.1969797, 4030,00060
14313700,"N.UMPQUA R BLW WARM SPRINGS CK NR TOKETEE FALLS,OR",43.35484515,-122.2519822, 3300,00060
14314500,"CLEARWATER RIVER ABV TRAP CK NR TOKETEE FALLS, OR",43.2442903,-122.2872596, 3862.84,00060
14314700,"CLEARWATER R BLW MOWICH CREEK, NR TOKETEE FALLS,OR",43.25095636,-122.3383725, 3180,00060
14315500,"NORTH UMPQUA RIVER AT TOKETEE FALLS, OR",43.26373317,-122.4217087, 2312.66,00060
14315700,"N.UMPQUA R BLW SLIDE CK DAM NR TOKETEE FALLS, OR",43.27641667,-122.4499722, 1950,00060
14315950,"FISH CREEK ABV SLIPPER CREEK NR TOKETEE FALLS, OR",43.21123347,-122.4275415, 3060,00060
14316455,"N.UMPQUA R BLW SODA SPGS RESV, NR TOKETEE FALLS,OR",43.30373229,-122.4989339, 1740,00060
14316495,"BOULDER CREEK NEAR TOKETEE FALLS, OR",43.3034543,-122.5303237, 1640,00060
14316500,"N UMPQUA RIVER ABV COPELAND CK NR TOKETEE FALLS,OR",43.29595427,-122.5367127, 1580,00060
14316700,"STEAMBOAT CREEK NEAR GLIDE, OR",43.349842,-122.7289415, 1128.55,00060
14317600,"ROCK CREEK NEAR GLIDE, OR",43.34666389,-122.9925917, 940.00,00060
14318000,"LITTLE RIVER AT PEEL, OR",43.2526179,-123.0261716, 828.33,00060
14319500,"NORTH UMPQUA RIVER AT WINCHESTER, OR",43.27096667,-123.4115444, 372.97,00060
14320934,"LITTLE WOLF CREEK NEAR TYEE, OR",43.43122665,-123.5867573, 330,00060
14321000,"UMPQUA RIVER NEAR ELKTON, OR",43.5859502,-123.5553727, 90.42,00060
14325000,"SOUTH FORK COQUILLE RIVER AT POWERS, OR",42.89149904,-124.070652, 197.42,00060
14326300,"MF COQUILLE RIVER BLW MCMULLEN CREEK NR BRIDGE, OR",43.0347222,-124.04025,77,00060
14328000,"ROGUE RIVER ABOVE PROSPECT, OR",42.77484917,-122.4997585, 2620,00060
14330000,"ROGUE RIVER BELOW PROSPECT, OR",42.72957187,-122.516147, 1964.56,00060
14332000,"SOUTH FORK ROGUE RIVER NEAR PROSPECT, OR",42.70638889,-122.388611,3360,00060
14335072,"ROGUE R AT COLE M RIVERS F HATCHERY NR MCLEOD, OR",42.6658333,-122.6863889, 1550,00060
14337500,"BIG BUTTE CREEK NEAR MCLEOD, OR",42.6512372,-122.6914288, 1525.95,00060
14337600,"ROGUE RIVER NEAR MCLEOD, OR",42.6554035,-122.7150408, 1489.08,00060
14338000,"ELK CREEK NEAR TRAIL, OR",42.6787364,-122.7419867, 1493.91,00060
14339000,"ROGUE RIVER AT DODGE BRIDGE, NEAR EAGLE POINT, OR",42.5248471,-122.8428203, 1271.99,00060
14353000,"WEST FORK ASHLAND CREEK NEAR ASHLAND, OR",42.14874336,-122.7166989, 2961.75,00060
14353500,"EAST FORK ASHLAND CREEK NEAR ASHLAND, OR",42.1526323,-122.7094764, 2903.70,00060
14354200,"BEAR CREEK BELOW ASHLAND CREEK AT ASHLAND, OR",42.2185,-122.7248056,1678.27,00060
14357500,"BEAR CREEK AT MEDFORD, OR",42.32401547,-122.8667057, 1343.27,00060
14359000,"ROGUE RIVER AT RAYGOLD NEAR CENTRAL POINT, OR",42.43734597,-122.9872678, 1121.78,00060
14361500,"ROGUE RIVER AT GRANTS PASS, OR",42.43039607,-123.3178365, 884.28,00060
14362000,"APPLEGATE RIVER NEAR COPPER, OR",42.0637361,-123.1114358, 1747.51,00060
14362250,"STAR GULCH NEAR RUCH, OR",42.15401355,-123.075323, 1667.04,00060
14366000,"APPLEGATE RIVER NEAR APPLEGATE, OR",42.2415113,-123.1400485, 1285.33,00060
14369500,"APPLEGATE RIVER NEAR WILDERVILLE, OR",42.3540058,-123.4067276, 947.18,00060
14372300,"ROGUE RIVER NEAR AGNESS, OR",42.5784422,-124.0581443, 113.81,00060
14375100,"SUCKER CREEK BLW LITTLE GRAYBACK CK, NR HOLLAND,OR",42.15956105,-123.4789509, 1713.92,00060
14377100,"ILLINOIS RIVER NEAR KERBY, OR",42.23177936,-123.66368, 1198.80,00060
14400000,"CHETCO RIVER NEAR BROOKINGS, OR",42.12344278,-124.1873107, 49.16,00060
423815118453900,DONNER UND BLITZEN ABOVE INDIAN CREEK,42.637425,-118.7607722, 5101,00060
441344122095400,"LOOKOUT CREEK ABOVE MACK CREEK, NR BLUE RIVER, OR",44.2288333,-122.165111, 2266,00060
441400122123000,"MCRAE CREEK NEAR BLUE RIVER, OR",44.2333611,-122.2083333, 1787,00060
441504122105500,"UNNAMED TRIB TO MCRAE CREEK NEAR BLUE RIVER, OR",44.2512222,-122.1818333, 2556,00060
452736122294900,"MITCHELL CREEK AT SE 162nd AVE, AT PORTLAND, OR",45.46,-122.4969444, 400,00060
452755122234100,"SUNSHINE CREEK AT MOUTH NEAR GRESHAM, OR",45.4650752,-122.3958978,403,00060
452807122215001,"N FK JOHNSON CR NR SE ORIENT DR, NR GRESHAM, OR",45.46866667,-122.3639722, 493,00060
01427195,"Equinunk Creek near Dillontown, PA",41.84027778,-75.2383333,913.1,00060
01427207,DELAWARE RIVER AT LORDVILLE NY,41.86727778,-75.21375, 834.51,00060
01427510,DELAWARE RIVER AT CALLICOON NY,41.75675,-75.0574167, 734.33,00060
01428750,"West Branch Lackawaxen River near Aldenville, PA",41.67452998,-75.37601299,1244.00,00060
01429000,"West Branch Lackawaxen River at Prompton, PA",41.5872185,-75.326829,1083.14,00060
01429301,"Dyberry Creek at Tanners Falls near Dyberry, PA",41.65308889,-75.28205278, 1014.0,00060
01429500,"Dyberry Creek near Honesdale, PA",41.6072181,-75.26710469, 970.07,00060
01430000,"Lackawaxen River near Honesdale, PA",41.5619407,-75.2479377, 945.73,00060
01431500,"Lackawaxen River at Hawley, PA",41.4762002,-75.1721186,868.45,00060
01432055,"Lackawaxen River near Baoba, PA",41.46941667,-75.1089444,769.8,00060
01432110,"Lackawaxen River at Rowland, PA",41.4759228,-75.036281, 668.83,00060
01432160,DELAWARE RIVER AT BARRYVILLE NY,41.47536824,-74.91238898, 559.31,00060
01432495,"Shohola Creek near Walker Lake, PA",41.45,-74.9216667,691.1,00060
01434000,DELAWARE RIVER AT PORT JERVIS NY,41.3705833,-74.69713889, 414.78,00060
01438500,Delaware River at Montague NJ,41.30916667,-74.79527778, 369.93,00060
01439500,"Bush Kill at Shoemakers, PA",41.08815078,-75.03767469,420.4,00060
01439590,"Little Bush Kill at Edgemere, PA",41.25860935,-74.9954313, 1266.7,00060
01440400,"Brodhead Creek near Analomink, PA",41.0848148,-75.2146251, 585.78,00060
01440485,"Swiftwater Creek at Swiftwater, PA",41.09388988,-75.32210958, 1114.7,00060
01441495,"Pocono Creek ab Wigwam Run near Stroudsburg, PA",40.99083514,-75.2551636,573.98,00060
01442500,"Brodhead Creek at Minisink Hills, PA",40.998706,-75.1426788,301.25,00060
01446775,"Bushkill Creek ab Rt 33 bridge at Tatamy, PA",40.7489862,-75.2651783, 331.77,00060
01446776,"Bushkill Creek bl SR2017 bridge at Tatamy, PA",40.74870845,-75.2610116, 330.43,00060
01447500,"Lehigh River at Stoddartsville, PA",41.1302794,-75.62545259,1463.16,00060
01447680,"Tunkhannock Creek near Long Pond, PA",41.06527778,-75.52138889,1804.23,00060
01447720,"Tobyhanna Creek near Blakeslee, PA",41.08472426,-75.6054522,1510.74,00060
01447800,Lehigh R bl Francis E Walter Res nr White Haven PA,41.10472447,-75.73212288,1212.32,00060
01449000,"Lehigh River at Lehighton, PA",40.8292587,-75.70518938,445.17,00060
01449360,"Pohopoco Creek at Kresgeville, PA",40.8975919,-75.5024077,659.09,00060
01449800,"Pohopoco Cr bl Beltzville Dam nr Parryville, PA",40.84564756,-75.6457437,491.4,00060
01450500,"Aquashicola Creek at Palmerton, PA",40.8062047,-75.5979643, 388.20,00060
01451000,"Lehigh River at Walnutport, PA",40.7570395,-75.60296388,349.53,00060
01451380,"Little Lehigh Creek near Trexlertown, PA",40.53111897,-75.60045519,366.9,00060
01451400,"Spring Creek at Trexlertown, PA",40.5340833,-75.6014722,365.9,00060
01451500,"Little Lehigh Creek near Allentown, PA",40.5823197,-75.48296088,252.71,00060
01451630,"Cedar Creek at Mouth near Allentown, PA",40.5875,-75.4968056,257.6,00060
01451650,Little Lehigh Creek at Tenth St. Br. at Allentown,40.59648637,-75.4740717,244.93,00060
01451800,"Jordan Creek near Schnecksville, PA",40.66176219,-75.626854,380.48,00060
01452000,"Jordan Creek at Allentown, PA",40.623062,-75.48239529,257.20,00060
01452500,"Monocacy Creek at Bethlehem, PA",40.6412091,-75.37934709,246.54,00060
01453000,"Lehigh River at Bethlehem, PA",40.6153761,-75.3787914,210.26,00060
01454700,"Lehigh River at Glendon, PA",40.6692656,-75.23628808, 164.30,00060
01459500,"Tohickon Creek near Pipersville, PA",40.4337151,-75.1165609,258.12,00060
01464645,"NB Neshaminy Cr bl Lake Galena nr New Britain, PA",40.31232805,-75.2065626, 280,00060
01464720,"NB Neshaminy Creek at Chalfont, PA",40.28816188,-75.20378458, 250,00060
01464750,"Neshaminy Creek near Rushland, PA",40.26038549,-75.0348915, 160,00060
01464899,"Park Cr (SW-19) at Countyline Rd at Warminster, PA",40.2195,-75.15163889, 218,00060
01464907,Little Neshaminy C at Valley Road nr Neshaminy PA,40.22927456,-75.119616, 190.42,00060
01464930,"Unnamed Trib to L Neshaminy Creek at Traymore, PA",40.23344136,-75.07155919, 140.00,00060
01464984,"L Neshaminy Cr at Walton Road nr Jacksonville, PA",40.2406635,-75.0537809, 146.27,00060
01465200,"Neshaminy Creek near Penns Park, PA",40.25184167,-75.0087083, 120,00060
01465500,"Neshaminy Creek near Langhorne, PA",40.1739982,-74.9568342, 39.54,00060
01465798,"Poquessing Creek at Grant Ave. at Philadelphia, PA",40.0569557,-74.9851603,1.9,00060
01467031,"Pennypack Creek at Horsham, PA",40.1772222,-75.1219444, 225.50,00060
01467042,"Pennypack Creek at Pine Road, at Philadelphia, PA",40.0897334,-75.0690517,79.5,00060
01467048,"Pennypack Cr at Lower Rhawn St Bdg, Phila., PA",40.0500115,-75.0326619, 21.2,00060
01467086,"Tacony Creek ab Adams Avenue, Philadelphia, PA",40.04261157,-75.1121191, 61.11,00060
01467087,"Frankford Creek at Castor Ave, Philadelphia, PA",40.0159454,-75.0968411, 16.56,00060
01467200,"Delaware River at Penn's Landing, Philadelphia, PA",39.946402,-75.1393603,,00060
01468500,"Schuylkill River at Landingville, PA",40.6292577,-76.1246622,469.97,00060
01469500,"Little Schuylkill River at Tamaqua, PA",40.8069505,-75.97185458, 816.82,00060
01470500,"Schuylkill River at Berne, PA",40.5225932,-75.99826819,309.94,00060
01470755,"Maiden Creek near Virginville, PA",40.52537159,-75.8749251,308,00060
01470761,"Maiden Creek at Berkley, PA",40.42852778,-75.9396944, 277,00060
01470779,"Tulpehocken Creek near Bernville, PA",40.4133443,-76.1715854,310.5,00060
01470960,Tulpehocken Cr at Blue Marsh Damsite near Reading,40.37056658,-76.025192,229.2,00060
01471000,"Tulpehocken Creek near Reading, PA",40.36898166,-75.9791015, 216.60,00060
01471510,"Schuylkill River at Reading, PA",40.3353611,-75.9368333,184.71,00060
01471875,"Manatawny Creek near Spangsville, PA",40.339538,-75.7421359, 265.,00060
01472000,"Schuylkill River at Pottstown, PA",40.2417631,-75.6515752,116.92,00060
01472157,"French Creek near Phoenixville, PA",40.15149064,-75.601305, 160,00060
01472198,"Perkiomen Creek at East Greenville, PA",40.393898,-75.5154532,287.5,00060
01472199,"West Branch Perkiomen Creek at Hillegass, PA",40.3739879,-75.5224034, 290.00,00060
01472620,"East Branch Perkiomen Creek near Dublin, PA",40.40399276,-75.2343416,337.21,00060
01472810,"East Branch Perkiomen Creek near Schwenksville, PA",40.2587137,-75.4287873, 150,00060
01473000,"Perkiomen Creek at Graterford, PA",40.22954725,-75.451567, 112.66,00060
01473169,Valley Creek at PA Turnpike Br near Valley Forge,40.07927367,-75.46074808, 108.62,00060
01473470,"Stony Creek at Sterigere Street at Norristown, PA",40.12733007,-75.3449047,82.3,00060
01473500,"Schuylkill River at Norristown, PA",40.11555556,-75.3561111, 51,00060
01473730,"Schuylkill River at Conshohocken, PA",40.0706655,-75.3096279, 38,00060
01473900,"Wissahickon Creek at Fort Washington, PA",40.1239987,-75.2198992, 139.98,00060
01474000,"Wissahickon Creek at Mouth, Philadelphia, PA",40.0152903,-75.2068343,25.27,00060
01474500,"Schuylkill River at Philadelphia, PA",39.9677908,-75.1885007, 4.54,00060
01475510,"Darby Creek near Darby, PA",39.92900154,-75.2724064, 18.1,00060
01475530,"Cobbs Cr at U.S. Hghwy No. 1 at Philadelphia, PA",39.9747355,-75.2798924, 120.8,00060
01475548,"Cobbs Creek at Mt. Moriah Cemetery, Philadelphia",39.9327861,-75.2376361,15.8,00060
01475850,"Crum Creek near Newtown Square, PA",39.97649897,-75.4365864, 207.75,00060
01476480,"Ridley Creek at Media, PA",39.9161255,-75.40323,100.0,00060
01477000,"Chester Creek near Chester, PA",39.8690009,-75.4082494, 23.41,00060
01478100,"EB White Clay Creek Trib near London Grove, PA",39.85834967,-75.7832425,317.6,00060
01478120,"East Branch White Clay Creek at Avondale, PA",39.8284429,-75.780773, 264.65,00060
01478137,"Trout Run at Avondale, PA",39.8217764,-75.7791061, 266.38,00060
01478185,"Middle Branch White Clay Creek near West Grove,PA",39.8325833,-75.8450833, 396.6,00060
01478220,"West Branch White Clay Creek near Chesterville, PA",39.76566619,-75.7960492, 177.2,00060
01478245,"White Clay Creek near Strickersville, PA",39.7475,-75.7708333, 113.4,00060
01479820,"Red Clay Creek near Kennett Square, PA",39.81677739,-75.6916008, 196.02,00060
01480300,"West Branch Brandywine Creek near Honey Brook, PA",40.07287916,-75.8607744, 591.20,00060
01480400,"Birch Run near Wagontown, PA",40.0273261,-75.8449449, 505.81,00060
01480500,"West Branch Brandywine Creek at Coatesville, PA",39.98566144,-75.8274467, 306.05,00060
01480617,"West Branch Brandywine Creek at Modena, PA",39.9617734,-75.8013341, 262.52,00060
01480629,"Buck Run at Doe Run, PA",39.9295515,-75.82300028, 299.56,00060
01480638,"Broad Run at Northbrook, PA",39.9303864,-75.6846599, 190.78,00060
01480675,"Marsh Creek near Glenmoore, PA",40.09779108,-75.7415732,445.4,00060
01480685,"Marsh Creek near Downingtown, PA",40.0552915,-75.71629489,284.8,00060
01480700,"East Branch Brandywine Creek near Downingtown, PA",40.03473617,-75.708517,254.7,00060
01480870,"East Branch Brandywine Creek below Downingtown, PA",39.9687191,-75.6732715, 195,00060
01481000,"Brandywine Creek at Chadds Ford, PA",39.8698328,-75.5932623,149.7,00060
01494850,"East Branch Big Elk Creek at Forestville, PA",39.8223306,-75.8968883,395.2,00060
01513550,"Choconut Creek near Choconut, PA",41.96277778,-76.00138889,1098.49,00060
01514850,"Wappasening Creek near Windham Center, PA",41.97416667,-76.3322222,890.23,00060
01515000,SUSQUEHANNA RIVER NEAR WAVERLY NY,41.98494444,-76.50125, 743.77,00060
01516350,"Tioga River near Mansfield, PA",41.7970183,-77.0802457,1120.80,00060
01516500,"Corey Creek near Mainesburg, PA",41.79090746,-77.0146877,1337.05,00060
01518000,"Tioga River at Tioga, PA",41.90833256,-77.1293867,1020.59,00060
01518420,Crooked Cr bl Catlin Hollow at Middlebury Center,41.8425002,-77.27328068, 1099.56,00060
01518700,"Tioga River at Tioga Junction, PA",41.95257385,-77.1152486,987.62,00060
01518862,"Cowanesque River at Westfield, PA",41.9230558,-77.5319,1337.14,00060
01519200,"Cowanesque River at Elkland, PA",41.98749908,-77.30216978,1099.52,00060
01520000,"Cowanesque River near Lawrenceville, PA",41.99674048,-77.1399724,983.6,00060
01531250,"NB Sugar Creek Trib near Columbia Cross Roads, PA",41.84027668,-76.826877,1136.09,00060
01531325,"Sugar Creek at West Burlington, PA",41.76055556,-76.675,907.7,00060
01531500,"Susquehanna River at Towanda, PA",41.76535278,-76.4407743,693.70,00060
01531908,"Towanda Creek near Franklindale, PA",41.69777778,-76.5786111,892.9,00060
01532000,"Towanda Creek near Monroeton, PA",41.70757505,-76.4849432,764.84,00060
01533400,"Susquehanna River at Meshoppen, PA",41.60729826,-76.0502031,599.1,00060
01534000,"Tunkhannock Creek near Tunkhannock, PA",41.55841008,-75.89464168,609.44,00060
01534300,"Lackawanna River near Forest City, PA",41.67980547,-75.47184988, 1551.28,00060
01534500,"Lackawanna River at Archbald, PA",41.5044422,-75.5421143,888.66,00060
01534860,"Lackawanna R bl Leggetts Creek at Scranton, PA",41.44119115,-75.6421337, 708.59,00060
01536000,"Lackawanna River at Old Forge, PA",41.35924619,-75.744359,594.61,00060
01536500,"Susquehanna River at Wilkes-Barre, PA",41.2509149,-75.8807518, 510.86,00060
01538000,"Wapwallopen Creek near Wapwallopen, PA",41.0594483,-76.0938016, 752.2,00060
01538510,"L Nescopeck Creek Tributary near Freeland, PA",41.00528187,-75.9937986,1014.3,00060
01538700,"Susquehanna River at Bloomsburg, PA",40.9939757,-76.4399451,450.64,00060
01539000,"Fishing Creek near Bloomsburg, PA",41.07814118,-76.4313333, 543.84,00060
01540500,"Susquehanna River at Danville, PA",40.95814218,-76.6191222,430.54,00060
01541000,"West Branch Susquehanna River at Bower, PA",40.89700655,-78.6769726, 1207.14,00060
01541200,"WB Susquehanna River near Curwensville, PA",40.9614471,-78.5191906,1124.11,00060
01541248,"Anderson Creek at Curwensville, PA",40.97544444,-78.5307778,1136.9,00060
01541303,"West Branch Susquehanna River at Hyde, PA",41.00450158,-78.4566886,1093.35,00060
01541500,"Clearfield Creek at Dimeling, PA",40.97172406,-78.4058533,1145.56,00060
01542500,"WB Susquehanna River at Karthaus, PA",41.11755906,-78.108896,830.06,00060
01542810,"Waldy Run near Emporium, PA",41.57895225,-78.2925121, 1263.62,00060
01543000,"Driftwood Br Sinnemahoning Cr at Sterling Run, PA",41.41333985,-78.1969244,894.28,00060
01543500,"Sinnemahoning Creek at Sinnemahoning, PA",41.31728467,-78.1030596,768.79,00060
01543693,"East Fork Sinnemahoning at Wharton Township, PA",41.54138889,-77.9802778,1155.07,00060
01543700,"First Fork Sinnemahoning Creek at Wharton, PA",41.518894,-78.0274739,1062.15,00060
01544000,"First Fork Sinnemahoning Cr near Sinnemahoning, PA",41.4016728,-78.024141,878.18,00060
01544500,"Kettle Creek at Cross Fork, PA",41.47583829,-77.82580078,1026.6,00060
01545000,"Kettle Creek near Westport, PA",41.31945098,-77.8738587, 727.63,00060
01545500,"West Branch Susquehanna River at Renovo, PA",41.32367797,-77.7499869,633.59,00060
01545600,"Young Womans Creek near Renovo, PA",41.38951168,-77.6908191, 780.41,00060
01545800,"WB Susquehanna River at Lock Haven, PA",41.13806266,-77.44190088, 534.52,00060
01546400,"Spring Creek at Houserville, PA",40.8336726,-77.82750108,925.96,00060
01546500,"Spring Creek near Axemann, PA",40.88978334,-77.794168,788.14,00060
01547100,"Spring Creek at Milesburg, PA",40.9317273,-77.7855575, 696.42,00060
01547200,"Bald Eagle Creek bl Spring Creek at Milesburg, PA",40.943116,-77.78639109,681.83,00060
01547500,"Bald Eagle Creek at Blanchard, PA",41.05173127,-77.6044379,579.08,00060
01547700,"Marsh Creek at Blanchard, PA",41.05950916,-77.6058264, 586.16,00060
01547950,"Beech Creek at Monument, PA",41.1117307,-77.7022159,741.04,00060
01548005,"Bald Eagle Creek near Beech Creek Station, PA",41.0808995,-77.54943419,559.25,00060
01548500,"Pine Creek at Cedar Run, PA",41.52167017,-77.4474547,779.80,00060
01549500,"Blockhouse Creek near English Center, PA",41.4736144,-77.2307812, 1041.23,00060
01549700,"Pine Creek bl L Pine Creek near Waterville, PA",41.273683,-77.32414028, 570.62,00060
01549760,"WB Susquehanna River at Jersey Shore, PA",41.20222816,-77.251061,512.54,00060
01550000,"Lycoming Creek near Trout Run, PA",41.41813179,-77.0330238, 693.95,00060
01551500,"WB Susquehanna River at Williamsport, PA",41.23611599,-76.996608,494.27,00060
01552000,"Loyalsock Creek at Loyalsockville, PA",41.32500378,-76.9124381,585.61,00060
01552500,"Muncy Creek near Sonestown, PA",41.35702418,-76.5346708, 1025.01,00060
01553025,"West Branch Susquehanna River at Allenwood, PA",41.10805556,-76.89, 441.2,00060
01553500,"West Branch Susquehanna River at Lewisburg, PA",40.96750719,-76.8763277,427.45,00060
01553700,"Chillisquaque Creek at Washingtonville, PA",41.0616723,-76.6802096,502.9,00060
01553850,"Chillisquaque Creek near Potts Grove, PA",40.97444444,-76.8, 439,00060
01554000,"Susquehanna River at Sunbury, PA",40.8345293,-76.8266349,407.90,00060
01555000,"Penns Creek at Penns Creek, PA",40.86674917,-77.0483088,506.64,00060
01555500,"East Mahantango Creek near Dalmatia, PA",40.61119589,-76.9119198,400.47,00060
01556000,"Frankstown Br Juniata River at Williamsburg, PA",40.4631283,-78.199732, 831.78,00060
01557500,"Bald Eagle Creek at Tyrone, PA",40.6836733,-78.23362439, 921.80,00060
01558000,"Little Juniata River at Spruce Creek, PA",40.61251438,-78.1405373,750.49,00060
01559000,"Juniata River at Huntingdon, PA",40.48473768,-78.0188672, 599.00,00060
01560000,"Dunning Creek at Belden, PA",40.071688,-78.4924955,1050.63,00060
01562000,"Raystown Branch Juniata River at Saxton, PA",40.21591249,-78.2652901, 795.77,00060
01563200,"Rays Br Juniata R bl Rays Dam nr Huntingdon, PA",40.42896398,-77.9911135, 597.36,00060
01563500,"Juniata River at Mapleton Depot, PA",40.39229876,-77.93499988, 557.31,00060
01564500,"Aughwick Creek near Three Springs, PA",40.21258144,-77.9252764, 618.65,00060
01564512,"Aughwick Creek near Shirleysburg, PA",40.2820244,-77.890553, 570,00060
01564895,"Juniata River at Lewistown, PA",40.59451734,-77.5824931, 443.83,00060
01565000,"Kishacoquillas Creek at Reedsville, PA",40.65473468,-77.5830189,550.53,00060
01566000,"Tuscarora Creek near Port Royal, PA",40.5153564,-77.41915568, 420.47,00060
01567000,"Juniata River at Newport, PA",40.47841677,-77.1291484, 363.93,00060
01567500,"Bixler Run near Loysville, PA",40.37091615,-77.402209, 601.22,00060
01568000,"Sherman Creek at Shermans Dale, PA",40.3233483,-77.1688404,421.91,00060
01570000,"Conodoguinet Creek near Hogestown, PA",40.2522222,-77.0211111, 351.00,00060
01570500,"Susquehanna River at Harrisburg, PA",40.25481164,-76.8860846, 290.01,00060
01571005,"Paxton Creek near Glenwood, PA",40.3061111,-76.8555556, 338,00060
01571184,"Mountain Creek near Pine Grove Furnace, PA",40.0309245,-77.3085949, 860,00060
01571500,"Yellow Breeches Creek near Camp Hill, PA",40.22481237,-76.8980293, 307.49,00060
01572025,"Swatara Creek near Pine Grove, PA",40.53258999,-76.4021793, 480.66,00060
01572190,"Swatara Creek near Inwood, PA",40.4792558,-76.530797, 426.13,00060
01573000,"Swatara Creek at Harper Tavern, PA",40.40251235,-76.5771541,356.03,00060
01573160,"Quittapahilla Creek near Bellegrove, PA",40.3426111,-76.56188889,356.3,00060
01573208,"Swatara Creek near Palmyra, PA",40.32223889,-76.6293944,335,00060
01573560,"Swatara Creek near Hershey, PA",40.29842358,-76.6677469, 325.94,00060
01573660,"Fishing Creek at Goldsboro, PA",40.1533333,-76.7555556, 300,00060
01573684,"Little Conewago Crk, Gingrich Rd at Upper Lawn PA",40.22519444,-76.55452778,442,00060
01573695,"Conewago Creek near Bellaire, PA",40.19527778,-76.56777778, 427,00060
01573710,"Conewago Creek near Falmouth, PA",40.14930556,-76.68775, 310,00060
01573825,"West Conewago Creek at East Berlin, PA",39.9412222,-76.99, 400,00060
01573849,"Bermudian Creek at Oxford Road nr Heidlersburg, PA",39.9802222,-77.1546111, 620,00060
01574000,"West Conewago Creek near Manchester, PA",40.0809008,-76.7180813, 263.68,00060
01574500,"Codorus Creek at Spring Grove, PA",39.8787104,-76.8533073, 430.86,00060
01575500,"Codorus Creek near York, PA",39.94620975,-76.7552459, 356.39,00060
01575598,"Codorus Creek near Saginaw, PA",40.0522222,-76.6544444, 253,00060
01575900,"Chiques Creek near Marietta, PA",40.0628745,-76.5155214, 250,00060
01576000,"Susquehanna River at Marietta, PA",40.0545413,-76.5307992, 200.56,00060
01576007,"Kreutz Creek at Strickler, PA",40.01416667,-76.5480556, 260,00060
01576045,"Fishing Creek at Craley, PA",39.94194444,-76.50027778, 386,00060
01576381,"Hammer Creek at Obie Rd nr Schafferstown, PA",40.2710833,-76.3217222,469,00060
01576500,"Conestoga River at Lancaster, PA",40.05009748,-76.2771798, 245.63,00060
015765195,"Big Spring Run near Mylin Corners, PA",39.9959361,-76.26403889, 305,00060
01576754,"Conestoga River at Conestoga, PA",39.9464886,-76.3677388, 180.45,00060
01576767,"Pequea Creek near Ronks, PA",40.00916667,-76.1622222,320.1,00060
01576787,"Pequea Creek at Martic Forge, PA",39.90593409,-76.32829298, 208.5,00060
01577500,"Muddy Creek at Castle Fin, PA",39.77260378,-76.3157919, 175.42,00060
01601000,"Wills Creek below Hyndman, PA",39.81202897,-78.7164072, 893.37,00060
01613050,"Tonoloway Creek near Needmore, PA",39.89842119,-78.132229, 688.94,00060
03007800,"Allegheny River at Port Allegany, PA",41.81867578,-78.29279129,1454.38,00060
03010500,"Allegheny River at Eldred, PA",41.963398,-78.3861287, 1416.53,00060
03010655,"Oswayo Creek at Shinglehouse, PA",41.96173237,-78.1980662, 1460.34,00060
03011800,"Kinzua Creek near Guffey, PA",41.76645099,-78.71863999, 1540.00,00060
03012550,"Allegheny River at Kinzua Dam, PA",41.84144917,-79.0119846,1192.8,00060
03015000,"Conewango Creek at Russell, PA",41.9381145,-79.133101,1221.3,00060
03015310,"Allegheny River bl Conewango Creek at Warren, PA",41.8439485,-79.1497668,1168.0,00060
03015500,"Brokenstraw Creek at Youngsville, PA",41.8525587,-79.3172708,1186.3,00060
03016000,"Allegheny River at West Hickory, PA",41.5708949,-79.4078243,1059.4,00060
03017500,"Tionesta Creek at Lynch, PA",41.60200599,-79.0500392,1252.0,00060
03020000,"Tionesta Creek at Tionesta Creek Dam, PA",41.47784,-79.4439351,1043.0,00060
03020500,"Oil Creek at Rouseville, PA",41.4817261,-79.6953304,1027.9,00060
03021350,"French Creek near Wattsburg, PA",42.015332,-79.7825507,1304.7,00060
03021410,"West Branch French Creek near Lowville, PA",42.0817221,-79.8503286,1302.5,00060
03021520,"French Creek near Union City, PA",41.90783338,-79.8967189,1192.3,00060
03022540,"Woodcock Creek at Blooming Valley, PA",41.6906115,-80.04811219,1196.6,00060
03022554,"Woodcock Creek at Woodcock Creek Dam, PA",41.69588905,-80.1081133,1126.3,00060
03023100,"French Creek at Meadville, PA",41.63255476,-80.1595043,1058.26,00060
03024000,"French Creek at Utica, PA",41.43755525,-79.9558912,1018.8,00060
03025500,"Allegheny River at Franklin, PA",41.3895027,-79.8203322,955.3,00060
03026480,"East Branch Clarion River near Clermont, PA",41.64405556,-78.5314444, 1763,00060
03026500,"Sevenmile Run near Rasselas, PA",41.63117349,-78.5766898,1690.6,00060
03027500,"EB Clarion River at EB Clarion River Dam, PA",41.5531176,-78.5961347,1517.3,00060
03028000,"West Branch Clarion River at Wilcox, PA",41.57533955,-78.69224919,1501.00,00060
03028500,"Clarion River at Johnsonburg, PA",41.48617269,-78.6783595, 1423.03,00060
03029000,"Clarion River at Ridgway, PA",41.4208946,-78.7358612,1354.5,00060
03029500,"Clarion River at Cooksburg, PA",41.3306189,-79.2089298,1145.7,00060
03030500,"Clarion River near Piney, PA",41.19256259,-79.440045,1001.5,00060
03031500,"Allegheny River at Parker, PA",41.10061789,-79.68116,844.77,00060
03031882,"Redbank Creek at Brookville, PA",41.15811918,-79.0808701,1187.5,00060
03032500,"Redbank Creek at St. Charles, PA",40.9945093,-79.3942088,972.5,00060
03034000,"Mahoning Creek at Punxsutawney, PA",40.93923105,-79.00836738,1205.5,00060
03034500,"Little Mahoning Creek at McCormick, PA",40.8361756,-79.1100356,1163.9,00060
03036000,"Mahoning Creek at Mahoning Creek Dam, PA",40.9275653,-79.2911508,1002.2,00060
03036500,"Allegheny River at Kittanning, PA",40.82034197,-79.531434,772.8,00060
03038000,"Crooked Creek at Idaho, PA",40.6547875,-79.3486511,960.7,00060
03039000,Crooked Creek at Crooked Creek Dam near Ford City,40.7203422,-79.5114332,798.0,00060
03040000,"Stonycreek River at Ferndale, PA",40.28563049,-78.9205806, 1184.06,00060
03041029,"Conemaugh River at Minersville, PA",40.34138889,-78.9261111,1130.9,00060
03041500,"Conemaugh River at Seward, PA",40.4192377,-79.0261404,1075.6,00060
03042000,"Blacklick Creek at Josephine, PA",40.4770127,-79.1867009,964.5,00060
03042280,"Yellow Creek near Homer City, PA",40.57256726,-79.1033664,1136.9,00060
03042500,"Two Lick Creek at Graceton, PA",40.5172899,-79.171701,980.8,00060
03044000,"Conemaugh River at Tunnelton, PA",40.4545117,-79.3908724,844.3,00060
03044810,"Linn Run at Linn Run State Park near Rector, PA",40.16888889,-79.23388889,1545.4,00060
03045000,"Loyalhanna Creek at Kingston, PA",40.29257045,-79.340591,1012.78,00060
03047000,"Loyalhanna Creek at Loyalhanna Dam, PA",40.45888889,-79.4494444,870.18,00060
03048500,"Kiskiminetas River at Vandergrift, PA",40.6045099,-79.5519887,769.1,00060
03048900,"Buffalo Creek at Iron Bridge, PA",40.7344722,-79.6781111,820.1,00060
03049500,"Allegheny River at Natrona, PA",40.6152958,-79.7183667,735.8,00060
03049800,"Little Pine Creek near Etna, PA",40.5203462,-79.93810799,774.0,00060
03049807,"Pine Creek at Grant Avenue at Etna, PA",40.50313889,-79.9484444,727.0,00060
03049819,"Girtys Run above Grant Avenue at Millvale, PA",40.4778333,-79.9700278,716.8,00060
03072000,"Dunkard Creek at Shannopin, PA",39.7592449,-79.9706152,808.8,00060
03072655,"Monongahela River near Masontown, PA",39.8250275,-79.9228206, 768.5,00060
03073000,"South Fork Tenmile Creek at Jefferson, PA",39.92313056,-80.072558,849.7,00060
03074500,"Redstone Creek at Waltersburg, PA",39.9800758,-79.7642085,881.9,00060
03075070,"Monongahela River at Elizabeth, PA",40.26224454,-79.9011517, 717.34,00060
03077500,"Youghiogheny River at Youghiogheny River Dam, PA",39.80535485,-79.3642019,1309.7,00060
03079000,"Casselman River at Markleton, PA",39.85991667,-79.2288333,1654.8,00060
03080000,"Laurel Hill Creek at Ursina, PA",39.820355,-79.3214227,1334.3,00060
03081000,"Youghiogheny River below Confluence, PA",39.8275767,-79.3725353,1302.3,00060
03081500,"Youghiogheny River at Ohiopyle, PA",39.86590869,-79.4944829,1164.2,00060
03082500,"Youghiogheny River at Connellsville, PA",40.01752778,-79.5932222,859.52,00060
03083500,"Youghiogheny River at Sutersville, PA",40.2402222,-79.8066944,732.76,00060
03084698,"Turtle Creek at Wilmerding, PA",40.39423566,-79.8058805,726.3,00060
03084800,"Thompson Run at Turtle Creek, PA",40.4053467,-79.82782569,729.8,00060
03085000,"Monongahela River at Braddock, PA",40.39113189,-79.8580943, 709.15,00060
030850498,"Ninemile Run above McFarren St nr Swissviale, PA",40.41730556,-79.91563889,,00060
03085100,"Streets Run at Hays, PA",40.3866111,-79.9323611, 750,00060
03085213,"Sawmill Run at Duquesne Heights nr Pittsburgh, PA",40.43279845,-80.0294886,742.4,00060
03085500,"Chartiers Creek at Carnegie, PA",40.4006247,-80.0964444,754.9,00060
03085947,"Lowries Run at Camp Horne near Emsworth, PA",40.52019444,-80.0869444, 760,00060
03085956,"Montour Run at Scott Station near Imperial, PA",40.4572222,-80.1844444, 850,00060
03086000,"Ohio River at Sewickley, PA",40.5491864,-80.20560508,679.57,00060
03101500,"Shenango River at Pymatuning Dam, PA",41.49810898,-80.46006929,969.3,00060
03102500,"Little Shenango River at Greenville, PA",41.42199889,-80.376178,952.4,00060
03102850,"Shenango River near Transfer, PA",41.3536663,-80.3978453,912.4,00060
03103500,"Shenango River at Sharpsville, PA",41.2661241,-80.47255589,860.74,00060
03105500,"Beaver River at Wampum, PA",40.88867389,-80.3370083,735.8,00060
03106000,"Connoquenessing Creek near Zelienople, PA",40.8170092,-80.2422837,851.8,00060
03106300,"Muddy Creek near Portersville, PA",40.9633333,-80.12888889,1153.9,00060
03106500,"Slippery Rock Creek at Wurtemburg, PA",40.88390519,-80.2336604, 831.6,00060
03107500,"Beaver River at Beaver Falls, PA",40.763351,-80.31505239, 727.0,00060
03108000,"Raccoon Creek at Moffatts Mill, PA",40.62779694,-80.33755359,718.8,00060
04213075,"Brandy Run near Girard, PA",41.99195079,-80.2911584, 736.9,00060
04213152,"Walnut Creek Upstream Pool, near Erie, PA",42.07388889,-80.2347222, 572.1,00060
01109403,"TEN MILE R., PAWTUCKET AVE. AT E. PROVIDENCE, RI",41.83093377,-71.3503315, 8.0,00060
01111300,"NIPMUC RIVER NEAR HARRISVILLE, RI",41.9812093,-71.68590049, 333.5,00060
01111500,"BRANCH RIVER AT FORESTDALE, RI",41.99648716,-71.56200758, 180.6,00060
01112500,"BLACKSTONE RIVER AT WOONSOCKET, RI",42.0064871,-71.5025613, 106.6,00060
01113895,BLACKSTONE R AT ROOSEVELT ST AT PAWTUCKET RI,41.8884331,-71.38144467, 33.8,00060
01114000,"MOSHASSUCK RIVER AT PROVIDENCE, RI",41.833989,-71.41061208, 7.1,00060
01114500,"WOONASQUATUCKET RIVER AT CENTERDALE, RI",41.8589884,-71.4872823, 93.4,00060
01115098,"PEEPTOAD BROOK AT ELMDALE RD NR NORTH SCITUATE, RI",41.8525992,-71.6061754, 314.1,00060
01115110,"HUNTINGHOUSE BK AT ELMDALE RD AT N SCITUATE, RI",41.8456548,-71.6095088, 291.2,00060
01115114,"RUSH BROOK NEAR ELMDALE RD NEAR NORTH SCITUATE, RI",41.83759929,-71.6120089, 292.4,00060
01115170,"MOSWANSICUT STREAM NR NORTH SCITUATE, RI",41.84093269,-71.584508, 293.7,00060
01115183,"QUONOPAUG BK AT RT 116 NR NORTH SCITUATE, RI",41.79759966,-71.5847857, 311.7,00060
01115185,"WINSOR BROOK AT WINSOR RD NEAR SOUTH FOSTER, RI",41.83621005,-71.72256829, 394.0,00060
01115187,"PONAGANSET RIVER AT SOUTH FOSTER, RI",41.8187102,-71.7050677, 348.2,00060
01115190,"DOLLY COLE BK AT OLD DANIELSON PK AT S FOSTER, RI",41.8223213,-71.70034528, 350.4,00060
01115265,"HEMLOCK BROOK AT KING ROAD NR FOSTER, RI",41.7906548,-71.6986785, 402.6,00060
01115276,"WESTCONNAUG STREAM AT PLAINFIELD PIKE, RI",41.7853772,-71.6672885, 327.4,00060
01115278,"SWAMP BROOK AT PONAGANSETT ROAD NR CLAYVILLE, RI",41.7968,-71.6694306, 305.7,00060
01115280,"CORK BK AT ROCKLAND SCITUATE RD NR CLAYVILLE, RI",41.80398827,-71.6497879, 415.9,00060
01115297,WILBUR HOLLOW BK AT OLD PLAINFIELD PK NR CLAYVILLE,41.7648219,-71.6356207, 323.8,00060
01115500,"NORTH BRANCH PAWTUXET RIVER AT FISKEVILLE, RI",41.73287798,-71.5497842, 147.5,00060
01115630,"NOOSENECK RIVER AT NOOSENECK, RI",41.6267667,-71.6325646, 260.2,00060
01116000,"SOUTH BRANCH PAWTUXET RIVER AT WASHINGTON, RI",41.69010026,-71.5658958, 216.9,00060
01116500,"PAWTUXET RIVER AT CRANSTON, RI",41.75093399,-71.4450575, 7.2,00060
01116905,"HUNT R 250 FT DS FRY BRK AT FRENCHTOWN, RI",41.63,-71.47888889, 26.7,00060
01117000,"HUNT RIVER NEAR EAST GREENWICH, RI",41.6412122,-71.4445016, 4.51,00060
01117350,"CHIPUXET RIVER AT WEST KINGSTON, RI",41.48220458,-71.5511513, 88.6,00060
01117370,QUEEN R AT LIBERTY RD AT LIBERTY RI,41.53898957,-71.568673, 117.5,00060
01117420,"USQUEPAUG RIVER NEAR USQUEPAUG, RI",41.4766493,-71.60476418, 90.12,00060
01117430,"PAWCATUCK RIVER AT KENYON, RI",41.4460941,-71.6211538, 84.83,00060
01117468,"BEAVER RIVER NEAR USQUEPAUG, RI",41.49260037,-71.6281194, 106.78,00060
01117500,"PAWCATUCK RIVER AT WOOD RIVER JUNCTION, RI",41.44498329,-71.68087799, 42.9,00060
01117800,"WOOD RIVER NEAR ARCADIA, RI",41.5739884,-71.72062318, 116.7,00060
01118000,"WOOD RIVER AT HOPE VALLEY, RI",41.49815516,-71.7164561, 60.2,00060
01118500,"PAWCATUCK RIVER AT WESTERLY, RI",41.3852623,-71.83255, 0.0,00060
02110400,"BUCK CREEK NEAR LONGS, SC",33.953505,-78.71973988, 5.30,00060
02110500,"WACCAMAW RIVER NEAR LONGS, SC",33.9126719,-78.7150175,4.22,00060
02110550,"WACCAMAW RIVER ABOVE CONWAY, SC",33.8508333,-78.8972222, 00000,00060
02110701,"CRABTREE SWAMP AT CONWAY, SC",33.86100349,-79.0411471,-9.33,00060
02110760,"AIW AT MYRTLEWOOD GOLF COURSE AT MYRTLE BEACH, SC",33.74072759,-78.8666928, 12.07,00060
02110777,"AIW AT HIGHWAY 9 AT NIXONS CROSSROADS, SC",33.8515612,-78.6558483,-12.70,00060
02110815,"WACCAMAW R NR HAGLEY LAND. NR PAWLEYS ISLAND, SC",33.44461245,-79.1739341, -15.68,00060
02130000,"PEE DEE RIVER AT CHERAW, SC",34.70848979,-79.8761747,56.02,00060
02130561,"PEE DEE RIVER NR BENNETTSVILLE, SC",34.60626798,-79.7883963, 00,00060
02130840,"BLACK CREEK BELOW CHESTERFIELD, SC",34.6633333,-80.2116667, 297.32,00060
02130900,"BLACK CREEK NEAR MCBEE, SC",34.51404244,-80.1831244,223.96,00060
02130910,"BLACK CREEK NEAR HARTSVILLE, SC",34.39737618,-80.149791, 176.63,00060
02130980,"BLACK CREEK NEAR QUINBY, SC",34.24376518,-79.7447833,57.46,00060
02131000,"PEE DEE RIVER AT PEEDEE, SC",34.20432518,-79.5483896, 23.54,00060
02131010,"PEE DEE RIVER BELOW PEE DEE, SC",34.15738145,-79.5533904, 14.29,00060
02131309,"FORK CREEK AT JEFFERSON, SC",34.6387658,-80.388679, 302.68,00060
021313485,"BUFFALO CREEK AT MT PISGAH, SC",34.5822222,-80.4569444,349.50,00060
02131455,"LITTLE LYNCHES RIVER NEAR KERSHAW, SC",34.5512656,-80.5464611,326.92,00060
02131472,"HANGING ROCK CREEK NR KERSHAW, SC",34.51626465,-80.5828514, 340.94,00060
02131500,"LYNCHES RIVER NEAR BISHOPVILLE, SC",34.2501545,-80.2136816, 154.91,00060
02132000,"LYNCHES RIVER AT EFFINGHAM, SC",34.05154846,-79.7539545,57.39,00060
02132500,"LITTLE PEE DEE RIVER NEAR DILLON, SC",34.40488388,-79.34004579, 74.06,00060
02134900,"LUMBER RIVER AT NICHOLS, SC",34.22599744,-79.1342051, 28.38,00060
02135000,"LITTLE PEE DEE R. AT GALIVANTS FERRY, SC",34.05675,-79.2477222, 22.34,00060
02135200,"PEE DEE RIVER AT HWY 701 NR BUCKSPORT, SC",33.6610024,-79.1544874,-8.85,00060
02136000,"BLACK RIVER AT KINGSTREE, SC",33.66225,-79.83613889, 24.48,00060
02136030,"BLACK RIVER NEAR ANDREWS, SC",33.49044467,-79.54561819, -17.23,00060
02136361,"TURKEY CREEK NEAR MARYVILLE, SC",33.32850037,-79.3381102,10.08,00060
02145642,"CROWDERS CREEK RD 1104 NEAR CLOVER, SC",35.1373616,-81.13563159, 580.59,00060
021457492,"ALLISON CREEK AT RD 114 NEAR YORK, SC",35.065,-81.1383333, 572.25,00060
02145910,"CATAWBA RIVER BL LAKE WYLIE DAM FEWELL ISLAND, SC",35.01641944,-81.00156389, 487.25,00060
021459367,"BIG DUTCHMAN CREEK AT ROCK HILL, SC",34.9868083,-81.00833889, 499.64,00060
02146000,"CATAWBA RIVER NEAR ROCK HILL, SC",34.98486935,-80.9739658, 484.95,00060
02146110,"MANCHESTER CREEK AT ROCK HILL, SC",34.94444444,-80.9797222, 508.74,00060
0214676115,"MCALPINE CREEK AT SR2964 NR CAMP COX, SC",35.0408333,-80.8916667, 496.95,00060
02146800,"SUGAR CREEK NR FORT MILL, SC",35.00566944,-80.90195, 478.90,00060
02147020,"CATAWBA RIVER BELOW CATAWBA, SC",34.83625705,-80.879518, 441.03,00060
021473415,"FISHING CREEK AT HWY 5 BELOW YORK, SC",34.97531944,-81.18015, 579.33,00060
021473426,"TOOLS FORK CREEK NEAR ROCK HILL, SC",34.95648056,-81.1058611, 566.52,00060
021473428,"WILDCAT CREEK BELOW ROCK HILL, SC",34.88927778,-81.0686944, 507.35,00060
02147403,"FISHING CREEK BELOW FORT LAWN, SC",34.6368105,-80.9273011, 362.20,00060
02147500,"ROCKY CREEK AT GREAT FALLS, SC",34.5654221,-80.9198025, 294.13,00060
02147801,"LAKE WATEREE TAILRACE ABOVE CAMDEN, SC",34.3320798,-80.69842699, 145,00060
02148000,"WATEREE RIVER NR. CAMDEN, SC",34.24459385,-80.6539697,114.50,00060
02153200,"BROAD RIVER NEAR BLACKSBURG, SC",35.12401728,-81.58787199, 545.66,00060
02153551,"BROAD RIVER BELOW NINETYNINE ISLAND RESERVOIR, SC",35.0312419,-81.492591, 410.58,00060
02153590,"KINGS CREEK AT BLACKSBURG, SC",35.11846498,-81.43647578, 601.14,00060
02153700,"THICKETTY CREEK AT CNTY ROAD 42 NEAR GAFFNEY, SC",35.0629045,-81.7145444, 591.44,00060
02153800,"BULLOCK CREEK NR SHARON, SC",34.95374457,-81.38258499, 460,00060
02154500,"NORTH PACOLET RIVER AT FINGERVILLE, SC",35.12095166,-81.9859403, 715.31,00060
02154790,"SOUTH PACOLET RIVER NR CAMPOBELLO, SC",35.1065051,-82.1295549, 814.80,00060
02155500,"PACOLET RIVER NEAR FINGERVILLE, SC",35.10984144,-81.9595507, 703.14,00060
021556525,"PACOLET RIVER BELOW LAKE BLALOCK NEAR COWPENS, SC",35.0476231,-81.8556592, 644.77,00060
02155800,"PACOLET RIVER AT US-29 NEAR CONVERSE, SC",34.99366667,-81.8334444, 590.63,00060
02156300,"LAWSONS FORK CREEK AT SPARTANBURG, SC",34.9481803,-81.8687141, 632.92,00060
02156370,"PACOLET RIVER NEAR SARATT, SC",34.8733333,-81.5316667, 413.33,00060
021564493,"BROAD RIVER BELOW NEAL SHOALS RES NR CARLISLE, SC",34.66305556,-81.4472222, -0.53,00060
02156500,"BROAD RIVER NEAR CARLISLE, SC",34.5951393,-81.4212089,289.99,00060
021569983,"NORTH TYGER RIVER AT WELLFORD, SC",34.95944444,-82.0797222, 727.63,00060
02156999,"N. TYGER RIVER BELOW WELLFORD, SC",34.94,-82.0533333, 687.72,00060
02157000,"NORTH TYGER RIVER NEAR FAIRMONT, SC",34.92928718,-82.0442725, 682.54,00060
02157470,"MIDDLE TYGER RIVER NEAR GRAMLING, SC",35.03888889,-82.2186111, 848.05,00060
02157475,"MIDDLE TYGER RIVER BELOW LYMAN LAKE, NR GREER, SC",34.98002778,-82.1932778, 827,00060
02157490,"BEAVERDAM CREEK ABOVE GREER, SC",34.97527778,-82.1955556, 809.69,00060
02157510,"MIDDLE TYGER RIVER NEAR LYMAN, SC",34.9401187,-82.1234421, 758.69,00060
02157530,"MIDDLE TYGER RIVER AT HOWELL RD NR REIDVILLE, SC",34.9128611,-82.0837778,683,00060
02158408,"SOUTH TYGER RIVER BELOW DUNCAN, SC",34.92095239,-82.130109, 714.15,00060
02159500,"TYGER RIVER NEAR WOODRUFF, SC",34.75527778,-81.9272222, 485.44,00060
02160000,"FAIRFOREST CREEK NEAR UNION, SC",34.6818333,-81.6863611, 389.37,00060
02160105,"TYGER RIVER NEAR DELTA, SC",34.5354163,-81.548158,302.10,00060
02160300,"ENOREE RIVER AT BATESVILLE, SC",34.8726177,-82.2428919,,00060
02160325,"BRUSHY CREEK NEAR GREENVILLE, SC",34.88345068,-82.3012278, 842.79,00060
02160326,"ENOREE RIVER AT PELHAM, SC",34.856575,-82.22581389, 730.46,00060
02160381,"DURBIN CREEK ABOVE FOUNTAIN INN, SC",34.71678818,-82.1737222,678.24,00060
02160390,"ENOREE RIVER NEAR WOODRUFF, SC",34.68345815,-82.0398229,528.52,00060
02160700,"ENOREE RIVER AT WHITMIRE, SC",34.5093039,-81.5981594,299.60,00060
02161000,"BROAD RIVER AT ALSTON, SC",34.24320335,-81.319541, 211.26,00060
02162035,"BROAD RIVER NEAR COLUMBIA, SC",34.0483333,-81.0733333, -1.,00060
02162093,"SMITH BRANCH AT NORTH MAIN ST AT COLUMBIA, SC",34.02737615,-81.0417588, 199.38,00060
021622845,"SOUTH SALUDA RIVER NEAR ROCKY BOTTOM, SC",35.0608333,-82.705, 1243.44,00060
021622847,"SLICKING CREEK NEAR ROCKY BOTTOM, SC",35.06777778,-82.6980556, 1275.75,00060
02162287,"TABLE ROCK RESERVOIR TAILRACE NR CLEVELAND, SC",35.0622222,-82.6697222, 1120.93,00060
02162290,"SOUTH SALUDA RIVER NEAR CLEVELAND, SC",35.06345088,-82.650128, 1089.12,00060
02162350,"MIDDLE SALUDA RIVER NEAR CLEVELAND, SC",35.1201172,-82.537623, 1078.71,00060
021623950,"NORTH SALUDA RIVER NEAR HIGHLAND, SC",35.1672222,-82.3647222, 1233.72,00060
021623957,"BIG FALLS CREEK NEAR TIGERVILLE, SC",35.17,-82.4027778, 1704.83,00060
021623975,"NORTH SALUDA RIVER ABOVE SLATER, SC",35.08388889,-82.46, 998.06,00060
021624101,"SALUDA RIVER AT HUNTS BRIDGE RD NR DACUSVILLE, SC",34.9390833,-82.5251111,859,00060
02162500,"SALUDA RIVER NEAR GREENVILLE, SC",34.84233977,-82.4806814, 797.33,00060
02162550,"SALUDA RIVER ABOVE I-85 NR GOLDEN GROVE, SC",34.7793611,-82.4586667, 762.67,00060
02163001,"SALUDA RIVER NEAR WILLIAMSTON, SC",34.6148366,-82.44401468,648.56,00060
02163500,"SALUDA RIVER NEAR WARE SHOALS, SC",34.39178518,-82.22345068,437.44,00060
02164000,"REEDY RIVER NEAR GREENVILLE, SC",34.8001183,-82.3651213, 808.39,00060
02164110,"REEDY RIVER ABOVE FORK SHOALS, SC",34.65289568,-82.2976186,653.41,00060
021650905,"REEDY RIVER NEAR WATERLOO, SC",34.39138889,-82.1394444,439.23,00060
02165200,"SOUTH RABON CREEK NEAR GRAY COURT, SC",34.52011957,-82.1570514,547.08,00060
021652801,"NORTH RABON CREEK NEAR HICKORY TAVERN, SC",34.525,-82.1383333,520.77,00060
02166501,"LAKE GREENWOOD TAILRACE NR CHAPPELLS, SC",34.16763036,-81.9078923, 370.,00060
02167000,"SALUDA RIVER AT CHAPPELLS, SC",34.17457619,-81.864002,362.12,00060
02167450,"LITTLE RIVER NR SILVERSTREET, SC",34.20957949,-81.7631659,359.11,00060
02167582,"BUSH RIVER NR PROSPERITY, SC",34.1687501,-81.61038399,358.74,00060
02167705,"LITTLE SALUDA RIVER NEAR SALUDA, SC",34.04458079,-81.697051,350.60,00060
02168504,"SALUDA RIVER BELOW LK MURRAY DAM NR COLUMBIA, SC",34.0509822,-81.2095418, 168.36,00060
02168810,"TWELVE MILE CREEK AT LEXINGTON, SC",33.97677778,-81.2278056, 256.66,00060
02169000,"SALUDA RIVER NEAR COLUMBIA, SC",34.0140416,-81.0878717,148.71,00060
02169500,"CONGAREE RIVER AT COLUMBIA, SC",33.99320985,-81.049815,112.14,00060
02169505,"ROCKY BRANCH AT PICKENS ST AT COLUMBIA, SC",33.9948774,-81.0237029,194.45,00060
02169570,"GILLS CREEK AT COLUMBIA, SC",33.98960016,-80.9742573, 135.78,00060
02169630,"BIG BEAVER CREEK NEAR ST. MATTHEWS, SC",33.7368213,-80.9581473, 163.41,00060
02171500,"SANTEE RIVER NEAR PINEVILLE, SC",33.45377778,-80.1413611, 21.96,00060
02171645,"REDIV CANAL AT SANTEE RIVER NR ST STEPHEN, SC",33.4275,-79.915, -1.01,00060
02171700,"SANTEE RIVER NR JAMESTOWN, SC",33.3048893,-79.6781263,-0.86,00060
02172002,"LAKE MOULTRIE TAILRACE CANAL AT MONCKS CORNER, SC",33.21491667,-79.9749167, -5.08,00060
02172040,"BACK RIVER AT DUPONT INTAKE NR KITTREDGE, SC",33.0569722,-79.9584722, -14.04,00060
021720677,"COOPER R AT FILBIN CREEK AT NORTH CHARLESTON, SC",32.89045228,-79.9628645, -10.54,00060
021720698,"WANDO RIVER ABOVE MT PLEASANT, SC",32.8590638,-79.8961963,-18.17,00060
02172300,"MCTIER CREEK RD 209 NEAR MONETTA, SC",33.75347736,-81.6017714, 341.59,00060
02172558,"SOUTH FORK EDISTO RIVER ABOVE SPRINGFIELD, SC",33.52027778,-81.4102778,213.52,00060
02172640,"DEAN SWAMP CREEK NR SALLEY, SC",33.58931518,-81.3656595, 270,00060
02173000,"SOUTH FORK EDISTO RIVER NEAR DENMARK, SC",33.39320916,-81.1331559,154.64,00060
02173030,"SOUTH FORK EDISTO RIVER NEAR COPE, SC",33.3590442,-81.0595425,138.05,00060
02173051,"SOUTH FORK EDISTO RIVER NEAR BAMBERG, SC",33.33710079,-81.018708,126.75,00060
02173212,"CEDAR CREEK NEAR THOR, SC",33.69,-81.2541667,245.05,00060
02173299,"NORTH FORK EDISTO RIVER AT SC394, ABOVE NORTH, SC",33.60702778,-81.1356111,202.54,00060
02173500,"NORTH FORK EDISTO RIVER AT ORANGEBURG, SC",33.47792207,-80.8747286,148.08,00060
02174000,"EDISTO RIVER NEAR BRANCHVILLE, SC",33.1765502,-80.8012085, 79.06,00060
02174055,"EDISTO RIVER BELOW CANADYS, SC",33.06166667,-80.52438889, 26.36,00060
02174250,"COW CASTLE CREEK NEAR BOWMAN, SC",33.3787575,-80.699807, 120.50,00060
02175000,"EDISTO RIVER NR GIVHANS, SC",33.02794645,-80.3914876, 19.66,00060
02175148,"ASHEPOO RIVER AT US17 NR GREENPOND, SC",32.74388889,-80.55638889, -4.86,00060
02175500,"SALKEHATCHIE RIVER NEAR MILEY, SC",32.98904958,-81.0526044, 64.35,00060
02176500,"COOSAWHATCHIE RIVER NEAR HAMPTON, SC",32.8362777,-81.1317718,46.26,00060
02177000,"CHATTOOGA RIVER NEAR CLAYTON, GA",34.81377778,-83.3063611, 1165.5,00060
02185010,"EASTATOEE CRK ON CLEO CHAPMAN HWY NEAR SUNSET, SC",34.99613889,-82.8278333, 950.99,00060
02185200,"LITTLE RIVER NEAR WALHALLA, SC",34.83648406,-82.9798708,807.41,00060
02186000,"TWELVEMILE CREEK NEAR LIBERTY, SC",34.8015056,-82.7484771,821.90,00060
02186645,"CONEROSS CK NR SENECA, SC",34.64926575,-82.9915382, 740,00060
02186702,"EIGHTEENMILE CREEK BELOW PENDLETON, SC",34.645,-82.8005556, 675.77,00060
02187910,"ROCKY RIVER NR STARR, SC",34.38316394,-82.577352,556.44,00060
02192500,"LITTLE RIVER NEAR MT. CARMEL, SC",34.07244444,-82.5009167, 354.51,00060
02196000,"STEVENS CREEK NEAR MODOC, SC",33.72929717,-82.1817873,195.81,00060
02196689,"LITTLE HORSE CREEK NEAR GRANITEVILLE, SC",33.56374744,-81.8740015, 210,00060
02196690,"HORSE CREEK AT CLEARWATER, SC",33.4781928,-81.90761399,109.39,00060
02197300,"UPPER THREE RUNS NEAR NEW ELLENTON, SC",33.3848664,-81.616498,173.60,00060
05050000,"BOIS DE SIOUX RIVER NEAR WHITE ROCK, SD",45.86246018,-96.573958, 960.43,00060
05051650,LA BELLE CR NEAR VEBLEN SD,45.8925147,-97.3619276, 1330.00,00060
05289985,"BIG COULEE CR NEAR PEEVER,SD",45.4874332,-96.9584379, 1240.00,00060
05290000,"LITTLE MINNESOTA RIVER NEAR PEEVER, SD",45.6158333,-96.8755556, 1016.73,00060
05291000,"WHETSTONE RIVER NEAR BIG STONE CITY, SD",45.2916316,-96.487557, 995.12,00060
06334500,"LITTLE MISSOURI RIVER AT CAMP CROOK,SD",45.5481343,-103.9712386,3099.65,00060
06354881,"OAK CREEK NR RATTLESNAKE BUTTE NR WAKPALA, SD",45.72842778,-100.596275, 1717.00,00060
06355500,"NORTH FORK GRAND RIVER NEAR WHITE BUTTE,SD",45.80222,-102.3623795, 2298.97,00060
06356500,"SOUTH FORK GRAND RIVER NEAR CASH,SD",45.6486883,-102.6433259, 2424.17,00060
06357600,"GRAND RIVER NEAR THUNDER HAWK, SD",45.7120972,-101.9207083,2100,00060
06357800,"GRAND RIVER AT LITTLE EAGLE,SD",45.65777405,-100.8181933, 1625.89,00060
06359500,"MOREAU RIVER NEAR FAITH,SD",45.19775826,-102.1565472,2240.16,00060
06360500,"MOREAU RIVER NEAR WHITEHORSE,SD",45.2558171,-100.8429214, 1662.82,00060
06395000,"CHEYENNE RIVER AT EDGEMONT,SD",43.3055286,-103.8210312, 3416.32,00060
06400000,"HAT CREEK NEAR EDGEMONT,SD",43.2399736,-103.5882519, 3297.31,00060
06400875,"HORSEHEAD CREEK AT OELRICHS,SD",43.18803166,-103.2265866, 3316.30,00060
06401500,"CHEYENNE RIVER BELOW ANGOSTURA DAM,SD",43.34497757,-103.4371412,3060.3,00060
06402000,"FALL RIVER AT HOT SPRINGS,SD",43.43053476,-103.4763069,3414.92,00060
06402430,"BEAVER CREEK NEAR PRINGLE, SD",43.58137177,-103.4765835,4109.34,00060
06402500,"BEAVER CREEK NEAR BUFFALO GAP,SD",43.4666495,-103.3060308, 3151.87,00060
06402600,CHEYENNE RIVER NEAR BUFFALO GAP SD,43.5019636,-103.0744103, 2812.85,00060
06403300,FRENCH CREEK ABOVE FAIRBURN SD,43.7172105,-103.3679713,3814.28,00060
06403700,"CHEYENNE RIVER AT RED SHIRT, SD",43.6724058,-102.8921298, 2653.21,00060
06404000,"BATTLE CREEK NEAR KEYSTONE,SD",43.87164727,-103.3363029, 3798.15,00060
06404800,"GRACE COOLIDGE CREEK NEAR HAYWARD, SD",43.8020628,-103.4343143, 4780.0,00060
06404998,"GRACE COOLIDGE CREEK NR GAME LODGE NR CUSTER,SD",43.76110028,-103.3640816, 4107.04,00060
06405800,"BEAR GULCH NEAR HAYWARD, SD",43.79193375,-103.3474139, 4110.00,00060
06406000,"BATTLE CREEK AT HERMOSA,SD",43.82804586,-103.1960211,3280.30,00060
06406500,"BATTLE CREEK BELOW HERMOSA,SD",43.72543145,-102.9061231, 2800.32,00060
06407500,"SPRING CREEK NEAR KEYSTONE,SD",43.97871038,-103.3460469,3886.45,00060
06408650,"CHEYENNE RIVER NEAR SCENIC, SD",43.8980449,-102.6440611, 2432.37,00060
06408700,"RHOADS FORK NEAR ROCHFORD,SD",44.13387149,-103.8615912,5991.20,00060
06409000,"CASTLE CREEK ABOVE DEERFIELD RES NEAR HILL CITY,SD",44.01359238,-103.8304784,5912.33,00060
06410000,CASTLE CREEK BELOW DEERFIELD DAM SD,44.02914848,-103.7818652,5785.80,00060
06410500,"RAPID CREEK ABOVE PACTOLA RES AT SILVER CITY,  SD",44.08470785,-103.5804702,4622.18,00060
06411500,"RAPID CREEK BELOW PACTOLA DAM,SD",44.07665378,-103.482134, 4407.82,00060
06412500,"RAPID CREEK ABV CANYON LAKE NEAR RAPID CITY,SD",44.05276555,-103.3118507, 3401.20,00060
06412810,"CLEGHORN SPRINGS AT RAPID CITY, SD",44.05887667,-103.2974058, 3367.17,00060
06412900,RAPID CREEK BLW CLEGHORN SPGS AT RAPID CITY SD,44.0591544,-103.2974058, 3358.46,00060
06414000,"RAPID CR AT RAPID CITY,SD",44.08551554,-103.241843,3231.68,00060
06418800,"RAPID CREEK ABOVE WRF NR RAPID CITY, SD",44.02680556,-103.1011111, 3003.24,00060
06421500,"RAPID CR NEAR FARMINGDALE,SD",43.94210239,-102.8539247, 2699.74,00060
06422500,"BOXELDER CREEK NEAR NEMO,SD",44.1443339,-103.4545385, 4322.06,00060
06423075,"BOXELDER CREEK TRIB 7 ABV POND 2 AT BOX ELDER, SD",44.12884865,-103.0879829,3121.98,00060
06423500,"CHEYENNE RIVER NEAR WASTA, SD",44.08109849,-102.4012746,2262.16,00060
06425100,"ELK CREEK NR RAPID CITY,SD",44.2402646,-103.1512907, 2943.73,00060
06425500,"ELK CREEK NEAR ELM SPRINGS,SD",44.24831768,-102.5032217, 2305.99,00060
06428500,BELLE FOURCHE RIVER AT WY-SD STATE LINE,44.74883136,-104.0516966,3096.51,00060
06429997,MURRAY DITCH ABV HEADGATE AT WY-SD STATE LINE,44.5763739,-104.0560453,3453.88,00060
06430500,REDWATER CREEK AT WY-SD STATE LINE,44.5718625,-104.0536449,3410.62,00060
06430770,"SPEARFISH CREEK NR LEAD, SD",44.29921736,-103.8681641,5295.68,00060
06430800,"ANNIE CREEK NEAR LEAD, SD",44.32749778,-103.894532, 5126.67,00060
06430850,"LITTLE SPEARFISH CREEK NEAR LEAD, SD",44.3496865,-103.9359118,5019.79,00060
06430898,"CLEOPATRA CREEK NEAR SPEARFISH, SD",44.40077556,-103.8939183, 4480.0,00060
06431500,"SPEARFISH CREEK AT SPEARFISH,SD",44.48248388,-103.861592,3656.67,00060
06433000,"REDWATER RIVER ABOVE BELLE FOURCHE,SD",44.66720665,-103.8393696, 3008.75,00060
06434505,"INLET CANAL ABOVE BELLE FOURCHE RESERVOIR,SD",44.70092898,-103.7327817, 2978.74,00060
06436000,"BELLE FOURCHE RIVER NEAR FRUITDALE,SD",44.6908178,-103.7376985, 2928.09,00060
06436156,"WHITETAIL CREEK AT LEAD, SD",44.34331769,-103.7663095, 5080.00,00060
06436170,"WHITEWOOD CREEK AT DEADWOOD, SD",44.37994546,-103.724182, 4500.00,00060
06436180,"WHITEWOOD CREEK ABOVE WHITEWOOD,SD",44.4422065,-103.6293606, 3677.11,00060
06436190,"WHITEWOOD CREEK NEAR WHITEWOOD,SD",44.54175655,-103.5719867,3163.20,00060
06436198,"WHITEWOOD CREEK ABOVE VALE,SD",44.617485,-103.4807452, 2849.10,00060
06437000,"BELLE FOURCHE RIVER NEAR STURGIS,SD",44.5130418,-103.1368464, 2527.31,00060
06437020,"BEAR BUTTE CREEK NEAR DEADWOOD, SD",44.3355403,-103.6354716,4751.53,00060
06438000," BELLE FOURCHE RIVER NEAR ELM SPRINGS,SD",44.369989,-102.5665256, 2168.80,00060
06438500,"CHEYENNE RIVER NEAR PLAINVIEW,SD",44.5294304,-101.9301531, 1848.70,00060
06439000,"CHERRY CREEK NEAR PLAINVIEW,SD",44.74304495,-102.0534948,2158.24,00060
06440200,"SOUTH FORK BAD RIVER NEAR COTTONWOOD,SD",43.9690175,-101.767229,2244.59,00060
06441110,"PLUM CREEK BELOW HAYES, SD",44.21053769,-100.7265279, 1612.00,00060
06441500,"BAD RIVER NEAR FORT PIERRE,SD",44.32664897,-100.3843003, 1429.08,00060
06442130,"CEDAR CREEK NEAR PRESHO, SD",44.14026325,-100.0848464, 1614.57,00060
06442600,"MEDICINE CREEK NEAR LOWER BRULE, SD",44.01637796,-99.745113, 1464.63,00060
06442718,CAMPBELL C NR LEE'S CORNER,44.077407,-99.3814387, 1440.32,00060
06442900,ELM CREEK NEAR GANN VALLEY SD,44.0774863,-99.151061, 1601,00060
06445685,WHITE RIVER NEAR NE-SD STATE LINE,43.013036,-102.8357327, 3024.67,00060
06446000,WHITE RIVER NEAR OGLALA SD,43.25484357,-102.8273511, 2855.11,00060
06446500,"WHITE RIVER NEAR INTERIOR,SD",43.69388346,-101.9326516, 2290.21,00060
06446700,"BEAR IN THE LODGE CREEK NEAR WANBLEE,SD",43.53666558,-101.7985923, 2500.15,00060
06447000,"WHITE RIVER NEAR KADOKA,SD",43.7524949,-101.5248665,2123.80,00060
06447230,"BLACK PIPE CREEK NEAR BELVIDERE, SD",43.75527266,-101.2279205, 2061,00060
06447450,"WHITE RIVER NEAR WHITE RIVER, SD",43.71304839,-100.6850534, 1771,00060
06447500,"LITTLE WHITE RIVER NEAR MARTIN,SD",43.1669155,-101.6327322,3053.32,00060
06449000,"LAKE CREEK BELOW REFUGE NEAR TUTHILL,SD",43.1459166,-101.5128713, 2989.58,00060
06449100,"LITTLE WHITE RIVER NEAR VETAL,SD",43.10069918,-101.232234,2781.48,00060
06449500,LITTLE WHITE RIVER NEAR ROSEBUD SD,43.3255586,-100.8837556, 2296.25,00060
06450500,"LITTLE WHITE RIVER BELOW WHITE RIVER,SD",43.60138549,-100.7498608, 1914.19,00060
06452000,"WHITE RIVER NEAR OACOMA,SD",43.74832745,-99.5564948, 1378.4,00060
06452320,"PLATTE CREEK NEAR PLATTE, SD",43.3272192,-98.9706446, 1371,00060
06453255,CHOTEAU CR NR AVON SD,42.9235524,-98.1063243, 1289.98,00060
06464100,"KEYA PAHA RIVER NEAR KEYAPAHA,SD",43.12917164,-100.1070671, 2231,00060
06464500,"KEYA PAHA RIVER AT WEWELA,SD",43.0270872,-99.780921, 2050.8,00060
06471000,"JAMES RIVER AT COLUMBIA,SD",45.6035795,-98.3103756,1273.17,00060
06471500,"ELM RIVER AT WESTPORT,SD",45.6560866,-98.4970402,1310.04,00060
06471800,"FOOT CREEK NEAR ABERDEEN, SD",45.51919906,-98.577541,1319.13,00060
06472000,"JAMES RIVER NEAR STRATFORD,SD",45.24163936,-98.3914819,1255.14,00060
06473000,"JAMES RIVER AT ASHTON,SD",44.99830768,-98.480927, 1245.4,00060
06475000,"JAMES RIVER NEAR REDFIELD,SD",44.91053097,-98.4720386, 1240.5,00060
06476000,"JAMES RIVER AT HURON,SD",44.36359475,-98.199257,1224.13,00060
06477000,"JAMES RIVER NEAR FORESTBURG,SD",43.9738721,-98.070916, 1209.25,00060
06477500,"FIRESTEEL CREEK NEAR MOUNT VERNON,SD",43.77640219,-98.2456658, 1298.22,00060
06478000,"JAMES RIVER NEAR MITCHELL,SD",43.65887165,-97.9192403, 1194.42,00060
06478500,"JAMES RIVER NEAR SCOTLAND,SD",43.1858255,-97.635622, 1168.77,00060
06478513,"JAMES RIVER NEAR YANKTON, SD",42.9958297,-97.3697806, 1154.08,00060
06478600,"EAST FORK VERMILLION RIVER NEAR PARKER, SD",43.44525895,-97.1097788, 1321,00060
06478690,"WEST FORK VERMILLION RIVER NEAR PARKER,SD",43.41562216,-97.2051972, 1341,00060
06479010,"VERMILLION RIVER NEAR VERMILLION,SD",42.8172187,-96.9242106, 1121.65,00060
06479215,"BIG SIOUX RIVER NEAR FLORENCE,SD",45.18079549,-97.1861904,1792,00060
06479438,"BIG SIOUX RIVER NEAR WATERTOWN,SD",45.0060753,-97.1650756, 1726.66,00060
06479500,"BIG SIOUX RIVER AT WATERTOWN,SD",44.94246436,-97.1461856, 1711.41,00060
06479520,"BIG SIOUX RIVER BELOW WATERTOWN, SD",44.8477423,-97.049515,1695.50,00060
06479525,"BIG SIOUX RIVER NEAR CASTLEWOOD,SD",44.7315478,-97.0446518,1668.48,00060
06479770,"BIG SIOUX RIVER NEAR BRUCE, SD",44.4675224,-96.8874204,1611.96,00060
06480000,"BIG SIOUX RIVER NEAR BROOKINGS,SD",44.1802473,-96.749496,1552.80,00060
06480400,SPRING CREEK NEAR FLANDREAU SD,44.1216644,-96.5891297,1570.19,00060
06480650,FLANDREAU CREEK ABOVE FLANDREAU SD,44.06269306,-96.485626,1561.74,00060
06481000,"BIG SIOUX RIVER NEAR DELL RAPIDS,SD",43.79044595,-96.7456623,1456.94,00060
06481480,"SKUNK CREEK NEAR CHESTER,SD",43.8481959,-96.8368313,1559.79,00060
06481500,"SKUNK CREEK AT SIOUX FALLS,SD",43.53358676,-96.7908849,1400.88,00060
06482000,BIG SIOUX RIVER AT SIOUX FALLS SD,43.5010864,-96.748384,1393.58,00060
06482020,"BIG SIOUX R AT NORTH CLIFF AVE AT SIOUX FALLS,SD",43.56700265,-96.7113274,1295.09,00060
06482610,"SPLIT ROCK CREEK AT CORSON,SD",43.61636276,-96.5653227,1305.09,00060
06483950,"BIG SIOUX RIVER NEAR HAWARDEN, IA",43.05137597,-96.4897545, 1150.00,00060
06485910,"BIG SIOUX RIVER NEAR JEFFERSON, SD",42.6263833,-96.5155868, 1070,00060
435300103270800,W.FK LAFFERTY GULCH CR ABV S.WELL AT MT. RUSHMORE,43.8836083,-103.4514222,4867.57,00060
03408500,"NEW RIVER AT NEW RIVER, TN",36.3855255,-84.5546973, 1092.01,00060
03409500,"CLEAR FORK NEAR ROBBINS, TN",36.38829775,-84.6301691, 1081.17,00060
03410210,"SOUTH FK CUMBERLAND RIVER AT LEATHERWOOD FORD, TN",36.47739057,-84.6693508, 861.65,00060
03415000,"WEST FORK OBEY RIVER NEAR ALPINE, TN",36.3973873,-85.1744486, 680.66,00060
03416000,"WOLF RIVER NEAR BYRDSTOWN, TN",36.5603447,-85.0730073, 707.54,00060
03417500,"CUMBERLAND RIVER AT CELINA, TN",36.5542507,-85.5143938, 488.50,00060
03418000,"ROARING RIVER NEAR HILHAM, TN",36.34089454,-85.4263596,776.64,00060
03418224,"JENNINGS CREEK AT RILEY CR RD AT WHITLEYVILLE, TN",36.44027778,-85.6747222,500.26,00060
03419530,"CALFKILLER RIVER AT HWY 70 AT SPARTA, TN",35.9265,-85.4674306,834.82,00060
03421000,"COLLINS RIVER NEAR MCMINNVILLE, TN",35.7082839,-85.7318338,826.12,00060
03423000,"FALLING WATER RIVER NEAR COOKEVILLE, TN",36.0772849,-85.5213658,891.9,00060
03424730,"SMITH FORK AT TEMPERANCE HALL, TN",36.08731209,-85.9074506, 498.91,00060
03424860,CANEY FORK AT STONEWALL,36.1861111,-85.9044444, 449.99,00060
03425000,"CUMBERLAND RIVER AT CARTHAGE, TN",36.24810996,-85.95526519, 437.53,00060
03425290,"GOOSE CREEK NEAR HARTSVILLE, TN",36.4083836,-86.1058207,467.47,00060
03425520,"SPRING CREEK BELOW LEBANON, TN",36.25295099,-86.2466695,484.59,00060
03425622,"BLEDSOE CREEK NEAR BETHPAGE, TN",36.4456901,-86.3319936,,00060
03426387,"MANSKER CREEK AT HWY 41 NEAR MILLERSVILLE, TN",36.3575,-86.725,,00060
03426470,"DRY CREEK NEAR EDENWOLD, TN",36.28448937,-86.706331,423.35,00060
03427500,"EAST FORK STONES RIVER NEAR LASCASSAS, TN",35.91839756,-86.3338806, 507.63,00060
03428200,"WEST FORK STONES RIVER AT MURFREESBORO, TN",35.90287438,-86.429978, 514.31,00060
03429498,"STEWARTS CREEK AT SMYRNA,TN",35.9742619,-86.5024803, 496.67,00060
03430200,"STONES RIVER AT US HWY 70 NEAR DONELSON, TN",36.1864446,-86.6327739, 382.30,00060
03430550,"MILL CREEK NEAR NOLENSVILLE, TN",36.00923625,-86.7015087,524.49,00060
03431000,"MILL CREEK NEAR ANTIOCH, TN",36.08159827,-86.6807333, 472.61,00060
03431040,"SEVENMILE CREEK AT BLACKMAN RD,NR NASHVILLE TN",36.0725595,-86.7333316, 496.18,00060
03431060,"MILL CREEK AT THOMPSON LANE, NEAR WOODBINE, TN",36.11757476,-86.7190478,432.58,00060
03431100,"W F BROWNS C AT GLENDALE LANE AT NASHVILLE, TN",36.09422558,-86.7938882,,00060
03431300,"BROWNS CREEK AT STATE FAIRGROUNDS AT NASHVILLE, TN",36.12998547,-86.7610486, 439.81,00060
03431500,"CUMBERLAND RIVER AT NASHVILLE, TN",36.1614984,-86.7726764, 367.45,00060
03431530,"WHITES C AT OLD HICKORY BLVD AT WHITES CREEK, TN",36.27397846,-86.8169345,462.42,00060
03431599,"WHITES CREEK NEAR BORDEAUX, TN",36.2176545,-86.8202207, 402.94,00060
03431655,"RICHLAND CREEK AT HARDING PLACE AT BELLE MEADE, TN",36.10166667,-86.8680556,,00060
03431700,"RICHLAND CREEK AT CHARLOTTE AVE, AT NASHVILLE, TN",36.15125855,-86.8542634, 409.44,00060
03431790,"CUMBERLAND RIVER AT ASHLAND CITY, TN",36.27055556,-87.0761111, 367.04,00060
03431800,"SYCAMORE CREEK NEAR ASHLAND CITY, TN",36.3200218,-87.0511943, 411.87,00060
03432100,"HARPETH RIVER AT MCDANIEL, TN",35.832598,-86.6988753,,00060
0343233905,"HARPETH RIVER AT MILE 90.5 NEAR FRANKLIN, TN",35.89984185,-86.8428894, 611.87,00060
03432350,"HARPETH RIVER AT FRANKLIN, TN",35.92084908,-86.86548879, 604.54,00060
03432400,"HARPETH RIVER BELOW FRANKLIN, TN",35.94819856,-86.8817337,594.50,00060
03433500,"HARPETH RIVER AT BELLEVUE, TN",36.0545965,-86.9285018, 540.66,00060
03434500,"HARPETH RIVER NEAR KINGSTON SPRINGS, TN",36.1220032,-87.09889379, 447.04,00060
03435000,"CUMBERLAND RIVER BELOW CHEATHAM DAM, TN",36.32290298,-87.2282645, 000.00,00060
03435770,"SULPHUR FORK RED RIVER ABOVE SPRINGFIELD, TN",36.5131006,-86.8622203, 538.17,00060
03436100,"RED RIVER AT PORT ROYAL, TN",36.5547222,-87.1419444, 376.25,00060
03436690,"YELLOW CREEK AT ELLIS MILLS, TN",36.3106833,-87.5539407,416.84,00060
03455000,"FRENCH BROAD RIVER NEAR NEWPORT, TN",35.98151389,-83.1612083, 1011.12,00060
03461500,"PIGEON RIVER AT NEWPORT, TN",35.96064907,-83.1743217,1038.39,00060
03465500,"NOLICHUCKY RIVER AT EMBREEVILLE, TN",36.1764961,-82.457364, 1519.30,00060
03466208,"BIG LIMESTONE CREEK NEAR LIMESTONE, TN",36.20592158,-82.65041619,1349.4,00060
03466500,"NOLICHUCKY RIVER BELOW NOLICHUCKY DAM, TN",36.06562706,-82.86644949,1173.04,00060
03467609,NOLICHUCKY RIVER NEAR LOWLAND,36.126332,-83.1752965, 999.31,00060
03469251,"WEST PRONG LITTLE PIGEON R NR GATLINBURG, TN",35.6995366,-83.5271088,1352.77,00060
03470000,"LITTLE PIGEON RIVER AT SEVIERVILLE, TN",35.87842286,-83.57766919, 878.99,00060
03485500,"DOE RIVER AT ELIZABETHTON, TN",36.34455309,-82.210132, 1524.73,00060
03486000,"WATAUGA RIVER AT ELIZABETHTON, TN",36.3559188,-82.2235467, 1486.23,00060
03491000,"BIG CREEK NEAR ROGERSVILLE, TN",36.42620656,-82.9518304, 1128.90,00060
03491544,"CROCKETT CREEK BELOW ROGERSVILLE, TN",36.37981674,-83.0465542,,00060
03495005,"FLAT CREEK NEAR MASCOT, TN",36.0775845,-83.7429577,889.78,00060
03497300,"LITTLE RIVER ABOVE TOWNSEND, TN",35.66453328,-83.7112821, 1106.92,00060
03498500,"LITTLE RIVER NEAR MARYVILLE, TN",35.7856337,-83.8846022, 850.39,00060
03498850,"LITTLE RIVER NEAR ALCOA, TN",35.8088391,-83.926578, 813.79,00060
034991109,STOCK CREEK AT MARTIN MILL RD NR KNOXVILLE,35.87819444,-83.89575,,00060
03518500,"TELLICO RIVER AT TELLICO PLAINS, TN",35.3620163,-84.2790141,846.35,00060
03528000,"CLINCH RIVER ABOVE TAZEWELL, TN",36.425087,-83.3982345, 1060.70,00060
03532000,"POWELL RIVER NEAR ARTHUR, TN",36.5421469,-83.63031, 1043.24,00060
03535000,"BULLRUN CREEK NEAR HALLS CROSSROADS, TN",36.11441319,-83.9881737,854.22,00060
03535200,BEAVER C NR POWELL TENN,36.0184137,-84.0515795,,00060
03535400,"BEAVER CREEK AT SOLWAY, TN",35.96503044,-84.1786528,844.74,00060
03535618,Conner Ck at E Gallaher Ferry Rd nr Farragut TN,35.9203611,-84.2166944,829.25,00060
03538830,"OBED RIVER AT ADAMS BRIDGE NEAR CROSSVILLE, TN",36.06166667,-84.96138889, 1365.98,00060
03538970,"BASSES CREEK AT LAKE TANSI NR CROSSVILLE,TN",35.8508333,-85.0547222,1788.84,00060
03539600,"DADDYS CREEK NEAR HEBBERTSBURG, TN",35.99766528,-84.8224946,1444.69,00060
03539778,"CLEAR CREEK AT LILLY BRIDGE NEAR LANCING, TN",36.1031293,-84.7182771, 1040.99,00060
03539800,"OBED RIVER NEAR LANCING, TN",36.0814937,-84.6703113, 891.91,00060
03540500,"EMORY RIVER AT OAKDALE, TN",35.9831307,-84.557992,760.98,00060
03543500,"SEWEE CREEK NEAR DECATUR, TN",35.5813165,-84.7480508, 694.32,00060
03559500,"OCOEE RIVER AT COPPERHILL, TN",34.99146908,-84.3765897,1445.1,00060
03565500,"OOSTANAULA CREEK NEAR SANFORD, TN",35.3276313,-84.7051057,716.03,00060
03566420,"WOLFTEVER CREEK NEAR OOLTEWAH, TN",35.0621992,-85.0663838, 755.22,00060
03566535,"NORTH CHICKAMAUGA CR AT MILE STRAIGHT, TN",35.2111806,-85.2152353,662.5,00060
03567500,"SOUTH CHICKAMAUGA CREEK NEAR CHICKAMAUGA, TN",35.01416139,-85.2065825, 644.05,00060
03569190,"MOUNTAIN CREEK NEAR  GLENDALE, TN",35.10927889,-85.3207776,654.24,00060
03571000,"SEQUATCHIE RIVER NEAR WHITWELL, TN",35.20661584,-85.497083, 632.42,00060
03578000,"ELK RIVER NEAR PELHAM, TN",35.296828,-85.869736,981.04,00060
03578500,"BRADLEY CREEK NR PRAIRIE PLAINS, TN",35.35633238,-85.9790227,968.36,00060
03582000,"ELK RIVER ABOVE FAYETTEVILLE, TN",35.1345565,-86.5397039, 650.43,00060
03584045,"RICHLAND CREEK AT HWY 64 BYPASS AT PULASKI, TN",35.195,-87.06388889,628.82,00060
03584600,"ELK RIVER AT PROSPECT, TN",35.0142361,-86.9946574, 558.85,00060
03588500,"SHOAL CREEK AT IRON CITY, TN",35.02415329,-87.5790219, 534.21,00060
03593800,"HORSE CREEK NEAR SAVANNAH, TN (TVA)",35.180686,-88.2096051,397.26,00060
03594421,"BEECH RIVER BELOW WOLF CREEK NEAR LEXINGTON, TN",35.63416667,-88.4147222,399.86,00060
03596000,"DUCK RIVER BELOW MANCHESTER, TN",35.4709384,-86.1216354, 877.97,00060
03597590,"WARTRACE CREEK BELOW COUNTY ROAD AT WARTRACE, TN",35.52729537,-86.340271, 781.66,00060
03597860,"DUCK RIVER AT SHELBYVILLE, TN",35.4829327,-86.462582,690.37,00060
03598000,"DUCK RIVER NEAR SHELBYVILLE, TN",35.48035,-86.4991609,683.41,00060
03598185,"DUCK RIVER AT HALLS MILL BRIDGE, TN",35.5528901,-86.5822509,650.2,00060
03599240,"DUCK RIVER ABOVE MILLTOWN, TN",35.5763595,-86.7785853, 609.29,00060
03599419,"DUCK RIVER AT MILE 156 NEAR POTTSVILLE, TN",35.5703492,-86.8713904, 567.71,00060
03599500,"DUCK RIVER AT COLUMBIA, TN",35.6180856,-87.0323384, 535.19,00060
03601600,"DUCK RIVER NEAR SHADY GROVE, TN.",35.72065845,-87.266038, 484.23,00060
03601990,"DUCK RIVER AT HWY 100 AT CENTERVILLE, TN",35.7842341,-87.46001419, 447.80,00060
03602500,"PINEY RIVER AT VERNON, TN",35.87129448,-87.5014002, 461.37,00060
03603000,"DUCK RIVER ABOVE HURRICANE MILLS, TN",35.93009609,-87.7430743, 370.28,00060
03604000,"BUFFALO RIVER NEAR FLAT WOODS, TN",35.49590598,-87.8328037, 513.58,00060
03604400,"BUFFALO RIVER BELOW LOBELVILLE, TN",35.8118428,-87.77875039, 404.87,00060
03605078,"CYPRESS CREEK AT CAMDEN, TN",36.0470382,-88.0758624,360.42,00060
03606500,"BIG SANDY RIVER AT BRUCETON, TN",36.03701614,-88.2291116, 381.17,00060
07024200,"CROOKED CREEK NEAR HUNTINGDON, TN",36.06453779,-88.4047615,364.82,00060
07024500,"SOUTH FORK OBION RIVER NEAR GREENFIELD, TN",36.1181477,-88.81088529, 295.85,00060
07025400,"NORTH FORK OBION RIVER NEAR MARTIN, TN (CE)",36.40533398,-88.8547618, 303.19,00060
07026040,"OBION RIVER AT HWY 51 NEAR OBION, TN",36.24085076,-89.2176397,244.37,00060
07027720,"SOUTH FORK FORKED DEER RIVER NEAR OWL CITY, TN",35.71876687,-89.2122764,276.15,00060
07028500,"NORTH FORK FORKED DEER RIVER AT TRENTON, TN",35.9803459,-88.9264535, 311.85,00060
07028960,MIDDLE FORK FORKED DEER RIVER NEAR FAIRVIEW,35.74426606,-88.8464417,336.24,00060
07029500,"HATCHIE RIVER AT BOLIVAR, TN",35.275356,-88.976626, 323.74,00060
07030050,"HATCHIE RIVER AT RIALTO, TN",35.63733496,-89.609455,239.75,00060
07030240,"LOOSAHATCHIE RIVER NEAR ARLINGTON, TN",35.3109497,-89.6395599, 246.43,00060
07030392,"WOLF RIVER AT LAGRANGE, TN",35.03258978,-89.246736, 363.4,00060
07030500,"WOLF RIVER AT ROSSVILLE, TN",35.05425748,-89.5411896, 300.74,00060
07031650,"WOLF RIVER AT GERMANTOWN, TN",35.1164879,-89.8014706, 235.87,00060
07031692,FLETCHER CREEK AT SYCAMORE VIEW ROAD AT MEMPHIS,35.16937845,-89.8661226,229.53,00060
07032000,"MISSISSIPPI RIVER AT MEMPHIS, TN",35.12314616,-90.077592,184.03,00060
07032200,"NONCONNAH CREEK NEAR GERMANTOWN, TN",35.04982264,-89.818971, 262.81,00060
07227420,"Cramer Ck at US Hwy 54 nr Dalhart, TX",35.75125,-102.8931667, 3962.24,00060
07227500,"Canadian Rv nr Amarillo, TX",35.4703261,-101.879628, 2989.16,00060
07227890,"Big Blue Ck nr Fritch, TX",35.72077778,-101.6625278, 2933.19,00060
07228000,"Canadian Rv nr Canadian, TX",35.935042,-100.3706884, 2301.50,00060
07233500,"Palo Duro Ck nr Spearman, TX",36.20225497,-101.305993, 2961.63,00060
07235000,"Wolf Ck at Lipscomb, TX",36.23864885,-100.2756889, 2371.29,00060
07295400,"Palo Duro Ck at Westline Rd nr Umbarger, TX",35.03550556,-102.1506, 3685.17,00060
07295500,"Tierra Blanca Ck abv Buffalo Lk nr Umbarger, TX",34.84867146,-102.1760295, 3648.2,00060
07297910,"Pr Dog Twn Fk Red Rv nr Wayside, TX",34.83755505,-101.4140578, 2463.74,00060
07298500,"Pr Dog Twn Fk Red Rv nr Brice, TX",34.62783574,-100.9406994, 2049.63,00060
07299540,"Pr Dog Twn Fk Red Rv nr Childress, TX",34.56922728,-100.1940023, 1628.40,00060
07299670,"Groesbeck Ck at SH 6 nr Quanah, TX",34.35451979,-99.7403719, 1425.69,00060
07299890,"Lelia Lk Ck bl Bell Ck nr Hedley, TX",34.93560669,-100.6965246, 2408.55,00060
07300000,"Salt Fork Red River near Wellington, TX",34.95755294,-100.220949, 1942.40,00060
07301300,"N Fk Red Rv nr Shamrock, TX",35.2642163,-100.2417855, 2160.55,00060
07301410,"Sweetwater Ck nr Kelton, TX",35.47310419,-100.1209501, 2230.00,00060
07308200,"Pease Rv nr Vernon, TX",34.1795833,-99.3233333, 1180.26,00060
07308500,"Red Rv nr Burkburnett, TX",34.11009327,-98.5317234, 952.57,00060
07311600,"N Wichita Rv nr Paducah, TX",33.9506365,-100.0648269, 1530.00,00060
07311700,"N Wichita Rv nr Truscott, TX",33.82064216,-99.7864822, 1351.78,00060
07311800,"S Wichita Rv nr Benjamin, TX",33.644257,-99.8009252, 1334.23,00060
07311900,"Wichita Rv nr Seymour, TX",33.70036966,-99.3886905, 1152.70,00060
07312100,"Wichita Rv nr Mabelle, TX",33.7600934,-99.1428495, 1062.72,00060
07312110,"S Side Canal nr Dundee, TX",33.81398475,-98.932844, 1040.54,00060
07312200,"Beaver Ck nr Electra, TX",33.90592785,-98.9050666, 991.30,00060
07312330,"Wichita Rv at FM 368 nr Iowa Park, TX",33.89694444,-98.7072222, 950.00,00060
07312500,"Wichita Rv at Wichita Falls, TX",33.90954178,-98.5336663, 924.26,00060
07312610,"Holliday Ck at Wichita Falls, TX",33.88444444,-98.4988889, 919.61,00060
07312700,"Wichita Rv nr Charlie, TX",34.0531504,-98.2967139, 872.71,00060
07314500,"Little Wichita Rv nr Archer City, TX",33.66260225,-98.6131124, 934.67,00060
07314900,"Little Wichita Rv abv Henrietta, TX",33.8267666,-98.2400458, 831.67,00060
07315200,"E Fk Little Wichita Rv nr Henrietta, TX",33.81287833,-98.0850406, 825.32,00060
07331600,"Red Rv at Denison Dam nr Denison, TX",33.81899124,-96.5633264,494.79,00060
07332603,"Bois D'Arc Creek at FM 271 nr Bonham, TX",33.55502778,-96.1695833, 535,00060
07332605,"Bois D'Arc Ck at HWY 56 nr Bonham, TX",33.57579444,-96.1557444, 525.02,00060
07332622,"Bois D'Arc Ck at FM 409 nr Honey Grove, TX",33.74416667,-95.9611111,448.39,00060
07332655,"Bois D'Arc Ck at FM 100 nr Honey Grove, TX",33.7587361,-95.9159472, 439.20,00060
07336820,"Red River near De Kalb, TX",33.68400005,-94.6943774, 303.08,00060
07342470,"S Sulphur Rv at SH 11 nr Commerce, TX",33.21930278,-95.8621944, 446.21,00060
07342480,"Middle Sulphur Rv at Commerce, TX",33.26650079,-95.9155217,471.03,00060
07342500,"S Sulphur Rv nr Cooper, TX",33.356499,-95.5949562,369.85,00060
07343000,"N Sulphur Rv nr Cooper, TX",33.47483009,-95.5877347,372.22,00060
07343200,"Sulphur Rv nr Talco, TX",33.3862233,-95.1324428,290.91,00060
07343356,"Cuthand Ck at FM 910 nr Cuthand, TX",33.49888889,-95.0513889,250.30,00060
07343450,"Sulphur Rv at IH 30 nr Dalby Springs, TX",33.30944444,-94.6980556,225.70,00060
07343500,"White Oak Ck nr Talco, TX",33.32233617,-95.0927184,286.43,00060
07343840,"White Oak Ck at IH 30 nr Omaha, TX",33.2747222,-94.8025,239.74,00060
07344100,"Anderson Ck at Hwy 98 nr Simms, TX",33.38444444,-94.4980556,252.16,00060
07344210,"Sulphur Rv nr Texarkana, TX",33.30416667,-94.1513889,179.89,00060
07344493,"Big Cypress Ck at US Hwy 271 nr Pittsburg, TX",33.07293056,-94.9652278,270.26,00060
07344500,"Big Cypress Ck nr Pittsburg, TX",33.02095787,-94.8821554,247.44,00060
07346000,"Big Cypress Bayou nr Jefferson, TX",32.74958345,-94.4988102,180.00,00060
07346045,"Black Cypress Bayou at Jefferson, TX",32.7779173,-94.3574153,171.49,00060
07346050,"Little Cypress Ck nr Ore City, TX",32.6726406,-94.7510435,231.98,00060
07346070,"Little Cypress Bayou nr Jefferson, TX",32.71291998,-94.3460265,174.79,00060
07346080,"Big Cypress Ck abv SH 43 nr Karnack, TX",32.7386111,-94.2325, 163.27,00060
08017200,"Cowleech Fk Sabine Rv at Greenville, TX",33.1328933,-96.0769164,485.33,00060
08017250,"W Caddo Ck at IH 30 nr Caddo Mills, TX",33.01427778,-96.2125,469.82,00060
08017300,"S Fk Sabine Rv nr Quinlan, TX",32.89790085,-96.2533118,461.48,00060
08017410,"Sabine Rv nr Wills Point, TX",32.8062358,-95.9194109,370.13,00060
08017605,"Mill Ck at CR 1903 nr Fruitvale, TX",32.72952778,-95.8105278, 356.78,00060
08017900,"Sabine Rv at FM 17 nr Golden, TX",32.72021667,-95.6350861, 329,00060
08018000,"Grand Saline Ck at FM 857 nr Grand Saline, TX",32.66174167,-95.6910806, 345.00,00060
08018500,"Sabine Rv nr Mineola, TX",32.61374667,-95.4857901,303.87,00060
08019000,"Lake Fk Ck nr Quitman, TX",32.76318386,-95.4630094,317.35,00060
08019200,"Sabine Rv nr Hawkins, TX",32.55986369,-95.206614,266.96,00060
08019500,"Big Sandy Ck nr Big Sandy, TX",32.6040291,-95.0916099,278.66,00060
08020000,"Sabine Rv nr Gladewater, TX",32.52708909,-94.9602175,243.48,00060
08020450,"Sabine Rv abv Longview, TX",32.47987044,-94.80438,230.67,00060
08020700,"Rabbit Ck at Kilgore, TX",32.38820599,-94.9032716, 287.71,00060
08020900,"Sabine Rv bl Longview, TX",32.41681793,-94.7099324,219.48,00060
08022040,"Sabine Rv nr Beckville, TX",32.32853333,-94.3538278,189.86,00060
08022120,"Sabine Rv nr Carthage, TX",32.2249722,-94.22525, 167.39,00060
08022500,"Sabine Rv at Logansport, LA",31.97238949,-94.0063014, 147.72,00060
08023050,"Flat Fork Ck at SH 7 nr Center, TX",31.8806861,-94.0985528, 0.0,00060
08023200,"Tenaha Ck nr Shelbyville, TX",31.76572914,-94.0840835, 0.0,00060
08024480,"Palo Gaucho Bayou at FM 2784 nr Milam, TX",31.39508333,-93.8946944, 0,00060
08025240,"Housen Bayou at SH 87 nr Hemphill, TX",31.30316389,-93.8443472, 0.0,00060
08025356,"Sabine Rv at Toledo Bd Pwrhouse nr Burkeville, TX",31.1736111,-93.5658333, 0,00060
08025360,"Sabine Rv at Toledo Bd Res nr Burkeville, TX",31.1737991,-93.5660077, 0,00060
08026000,"Sabine Rv nr Burkeville, TX",31.06408004,-93.5196165,60.12,00060
08028500,"Sabine Rv nr Bon Wier, TX",30.74714557,-93.608508, 33.42,00060
08029500,"Big Cow Ck nr Newton, TX",30.81888889,-93.7855556, 134.69,00060
08029520,"Big Cow Ck at FM 1416 nr Call, TX",30.6050111,-93.7944833, 0.0,00060
08030500,"Sabine Rv nr Ruliff, TX",30.30381684,-93.7437784,-7.59,00060
08031000,"Cow Bayou nr Mauriceville, TX",30.18632045,-93.9085058,-1.62,00060
08032000,"Neches Rv nr Neches, TX",31.89239037,-95.430786,262.74,00060
08032400,"Neches Rv at SH 294 nr Alto, TX",31.62964444,-95.2858333, 0,00060
08032500,"Neches Rv nr Alto, TX",31.57945569,-95.1659965, 196.01,00060
08032700,"Neches Rv at SH 7 nr Pollok, TX",31.39670556,-94.9658, 0.0,00060
08033000,"Neches Rv nr Diboll, TX",31.13296574,-94.8099306, 136.46,00060
08033350,"Piney Ck at US 59 nr Corrigan, TX",31.05039167,-94.8242639, 0.0,00060
08033500,"Neches Rv nr Rockland, TX",31.025,-94.3994444, 88.41,00060
08033900,"E Fk Angelina Rv nr Cushing, TX",31.86017169,-94.8232697, 291.06,00060
08034500,"Mud Ck nr Jacksonville, TX",31.97655578,-95.1607787,271.63,00060
08036500,"Angelina Rv nr Alto, TX",31.67184364,-94.9527152, 214.30,00060
08037050,"Bayou Lanana at Nacogdoches, TX",31.6176793,-94.6415983, 264.23,00060
08037180,"Angelina Rv at Hwy 59 nr Lufkin, TX",31.45718333,-94.7263278, 0,00060
08038000,"Attoyac Bayou nr Chireno, TX",31.50434957,-94.3043677, 169.58,00060
08039100,"Ayish Bayou nr San Augustine, TX",31.39629597,-94.1510289, 190.22,00060
08040600,"Neches Rv nr Town Bluff, TX",30.79103579,-94.1510237, 0,00060
08041000,"Neches Rv at Evadale, TX",30.35576378,-94.0932373, 8.25,00060
08041300,"Village Ck at US Hwy 69 nr Village Mills, TX",30.481425,-94.3946528, 0.0,00060
08041500,"Village Ck nr Kountze, TX",30.3979862,-94.2635215,23.49,00060
08041700,"Pine Island Bayou nr Sour Lake, TX",30.1060464,-94.3346324,-1.50,00060
08041749,"Pine Island Bayou abv BI Pump Plant, Beaumont, TX",30.17882253,-94.1887943, -0.84,00060
08041780,"Neches Rv Saltwater Barrier at Beaumont, TX",30.156878,-94.1143469, 0.1,00060
08042558,"W Fk Double Bayou at Eagle Ferry Rd nr Anahuac, TX",29.67555556,-94.6661139, 0,00060
08042800,"W Fk Trinity Rv nr Jacksboro, TX",33.29333333,-98.079,869.60,00060
08042950,"Big Ck nr Chico, TX",33.30758333,-97.9182778, 866.09,00060
08044000,"Big Sandy Ck nr Bridgeport, TX",33.23178218,-97.6947538,724.72,00060
08044500,"W Fk Trinity Rv nr Boyd, TX",33.08539917,-97.558636,660.59,00060
08044800,"Walnut Ck at Reno, TX",32.94568035,-97.5830798,669.84,00060
08045550,"WFk TrinityRv at White Settlement Rd,Fort Worth,TX",32.7597222,-97.4038889,499.85,00060
08045850,"Clear Fk Trinity Rv nr Weatherford, TX",32.74040699,-97.6519711,810.30,00060
08045995,"Clear Fork Trinity Rv at Kelly Rd nr Aledo, TX",32.65305556,-97.5863889,736.35,00060
08047000,"Clear Fk Trinity Rv nr Benbrook, TX",32.66513275,-97.4419642,604.14,00060
08047050,"Marys Ck at Benbrook, TX",32.6951316,-97.4472422,605.04,00060
08047500,"Clear Fk Trinity Rv at Ft Worth, TX",32.732353,-97.3589063,532.95,00060
08048000,"W Fk Trinity Rv at Ft Worth, TX",32.76096337,-97.3325167,519.19,00060
08048543,"W Fk Trinity Rv at Beach St, Ft Worth, TX",32.7517972,-97.2894598,478.78,00060
08048800,"Big Fossil Ck at Haltom City, TX",32.80735146,-97.2486256,489.49,00060
08048890,"Village Ck at Burleson, TX",32.53841667,-97.3150278,667.95,00060
08048922,"Deer Ck at IH-35W nr Crowley, TX",32.58855556,-97.3190278,647.49,00060
08048970,"Village Ck at Everman, TX",32.60346909,-97.2650142,590.57,00060
08049300,"W Fk Trinity Rv at Greenbelt Rd, Fort Worth, TX",32.7884631,-97.1400111,399.94,00060
08049500,"W Fk Trinity Rv at Grand Prairie, TX",32.7625,-96.9944444, 405.30,00060
0804956950,"Bear Ck at Shady Grove Rd, Grand Prairie, TX",32.8044972,-97.0098806, 400,00060
08049580,"Mountain Ck nr Venus, TX",32.49097237,-97.1230646,580.63,00060
08049700,"Walnut Ck nr Mansfield, TX",32.5809695,-97.1019533,530.98,00060
08050100,"Mountain Ck at Grand Prairie, TX",32.7498611,-96.9261111,401.26,00060
08050350,"Elm Fk Trinity Rv at FM 1198 nr Myra, TX",33.601,-97.3258333, 845.86,00060
08050400,"Elm Fk Trinity Rv at Gainesville, TX",33.62427479,-97.1564016,697.63,00060
08050800,"Timber Ck nr Collinsville, TX",33.55455428,-96.9472267,639.68,00060
08050840,"Range Ck nr Collinsville, TX",33.52622016,-96.8072191,653.86,00060
08051135,"Elm Fk Trinity Rv at Greenbelt nr Pilot Point, TX",33.3497222,-97.0355556,522.04,00060
08051500,"Clear Ck nr Sanger, TX",33.3362269,-97.1794587,565.52,00060
08052700,"Little Elm Ck nr Aubrey, TX",33.28344977,-96.8927805,534.06,00060
08052745,"Doe Br at US Hwy 380 nr Prosper, TX",33.219298,-96.8919565,.11,00060
08052780,"Hickory Ck at Denton, TX",33.15178696,-97.1419573,533.17,00060
08053000,"Elm Fk Trinity Rv nr Lewisville, TX",33.0456773,-96.9611173,432.30,00060
08053009,"Indian Ck at FM 2281, Carrollton, TX",33.02694444,-96.9172222, 450.08,00060
08053025,"Timber Ck at S. Edmonds Ln, Lewisville, TX",33.01469444,-97.0046944, 460.67,00060
08053090,"Hutton Br at N Denton Dr at Carrollton, TX",32.9571611,-96.9071167,429.93,00060
08053430,"Denton Ck at CR 2513 nr Decatur, TX",33.27791667,-97.4170417, 711.76,00060
08053500,"Denton Ck nr Justin, TX",33.11901003,-97.2905732,606.62,00060
08055000,"Denton Ck nr Grapevine, TX",32.9870677,-97.0127857,439.31,00060
08055500,"Elm Fk Trinity Rv nr Carrollton, TX",32.965957,-96.94445,431.26,00060
08055560,"Elm Fk Trinity Rv at Spur 348, Irving, TX",32.87333333,-96.9305556, 400.00,00060
08056500,"Turtle Ck at Dallas, TX",32.80735055,-96.8025013,428.10,00060
08057000,"Trinity Rv at Dallas, TX",32.7748517,-96.8219464,367.84,00060
08057200,"White Rk Ck at Greenville Ave, Dallas, TX",32.88929207,-96.7566664,400.08,00060
08057300,"White Rk Ck at White Rk Lk, Dallas, TX",32.80873904,-96.725832,400.16,00060
08057410,"Trinity Rv bl Dallas, TX",32.70763139,-96.7358319,365.92,00060
08059000,"E Fk Trinity Rv nr McKinney, TX",33.20372724,-96.595824,511.54,00060
08059350,"Indian Ck at SH 78 nr Farmersville, TX",33.225,-96.3730556,494.03,00060
08059400,"Sister Grove Ck nr Blue Ridge, TX",33.29455786,-96.4830413,526.33,00060
08059590,"Wilson Ck Dws of Hwy 75 at McKinney, TX",33.18513889,-96.6391389, 535.20,00060
08061000,"E Fk Trinity Rv nr Lavon, TX",33.02373066,-96.4755429,429.67,00060
08061480,"Squabble Ck at Shores Blvd nr Rockwall, TX",32.95225,-96.4736389, 437.80,00060
08061540,"Rowlett Ck nr Sachse, TX",32.95984447,-96.6144378,450.05,00060
08061548,"Muddy Ck at Creek Crossing Ln nr Sachse, TX",32.9858611,-96.5564167, 460,00060
08061551,"E Fk Trinity Rv blw Lk Ray Hubbard nr Forney, TX",32.7986111,-96.4941667,370.15,00060
08061750,"E Fk Trinity Rv nr Forney, TX",32.7742947,-96.5035991,372.50,00060
08061970,"E Fk Trinity Rv abv Seagoville, TX",32.7004229,-96.5313887, 363,00060
08062000,"E Fk Trinity Rv nr Crandall, TX",32.6387442,-96.4852651,338.51,00060
08062095,"Red Oak Ck at FM 813 nr Palmer, TX",32.43687778,-96.6902556, 387.74,00060
08062500,"Trinity Rv nr Rosser, TX",32.42652988,-96.4630415,297.95,00060
08062575,"Trinity Rv at W Cedar Creek Pkwy nr Rosser, TX",32.31666667,-96.3593056, 265.39,00060
08062700,"Trinity Rv at Trinidad, TX",32.14765255,-96.1024708, 235.49,00060
08062800,"Cedar Ck nr Kemp, TX",32.50347129,-96.1127508,341.63,00060
08062895,"Kings Ck at SH 34 nr Kaufman, TX",32.5561111,-96.3388889,302.25,00060
08063030,"Ash Ck at Hwy 171 nr Malone, TX",31.90955833,-96.8814639, 400,00060
08063040,"Richland Ck at Hwy 22 nr Mertens, TX",32.05466944,-96.9065194, 487,00060
08063048,"White Rk Ck at FM 308 nr Irene, TX",31.97805556,-96.8733333,425.96,00060
08063100,"Richland Ck nr Dawson, TX",31.9384908,-96.6813787,367.52,00060
08063460,"Richland Ck at CR 0030 nr Richland, TX",31.967,-96.4751389, 305.16,00060
08063562,"Chambers Ck at FM 55 nr Avalon, TX",32.16465,-96.7620056, 338,00060
08063590,"Waxahachie Ck at Waxahachie, TX",32.3822222,-96.8505556, 502.91,00060
08063800,"Waxahachie Ck nr Bardwell, TX",32.2434807,-96.6402676,360.62,00060
08064100,"Chambers Ck nr Rice, TX",32.1984823,-96.5202639,330.59,00060
08064570,"Trinity Rv at Hwy 287 nr Cayuga, TX",31.96708333,-96.0471667, 196.13,00060
08064700,"Tehuacana Ck nr Streetman, TX",31.84849638,-96.2899755,287.84,00060
08065000,"Trinity Rv nr Oakwood, TX",31.64850597,-95.7894029, 175.06,00060
08065080,"Manson Ck at SH 294 nr Elkhart, TX",31.62981667,-95.6342972, 0,00060
08065200,"Upper Keechi Ck nr Oakwood, TX",31.56989618,-95.8882938,243.75,00060
08065350,"Trinity Rv nr Crockett, TX",31.33851319,-95.6563407,140.41,00060
08065800,"Bedias Ck nr Madisonville, TX",30.8847222,-95.7777778, 150.00,00060
08066175,"Kickapoo Ck at Onalaska, TX",30.88675,-95.0803889, 0,00060
08066200,"Long King Ck at Livingston, TX",30.716306,-94.9588237,99.63,00060
08066250,"Trinity Rv nr Goodrich, TX",30.57214544,-94.9488223, 40.00,00060
08066300,"Menard Ck nr Rye, TX",30.48138889,-94.7797222,58.84,00060
08066500,"Trinity Rv at Romayor, TX",30.4252067,-94.8507622,25.51,00060
08066850,"Luce Bayou ITP Canal at Capers Ridge nr Hardin, TX",30.21041667,-94.8690139, 0.0,00060
08067000,"Trinity Rv at Liberty, TX",30.05771539,-94.8182567,-3.18,00060
08067070,"CWA Canal nr Dayton, TX",29.96132898,-94.8102003,,00060
08067250,"Trinity Rv at IH 10 nr Wallisville, TX",29.83707778,-94.7635944, 0,00060
08067500,"Cedar Bayou nr Crosby, TX",29.97271914,-94.9857602, 0,00060
08067525,"Goose Ck at Baytown, TX",29.77078197,-94.9996503, 0,00060
08067548,"W Fk San Jacinto Rv nr Huntsville, TX",30.6460298,-95.675224, 0,00060
08067552,"West Sandy Ck at FM 1791 nr Richards, TX",30.60388333,-95.7252222, 0,00060
08067555,"East Sandy Ck at FM 1374 nr New Waverly, TX",30.58396389,-95.5662611, 0,00060
08067575,"Caney Ck at FM 1375 nr Richards, TX",30.52829167,-95.6793306, 0,00060
08067585,"Little Lake Ck at FM 149 nr Montgomery, TX",30.44693056,-95.6972333, 0,00060
08067650,"W Fk San Jacinto Rv bl Lk Conroe nr Conroe, TX",30.34215289,-95.542998, 116.06,00060
08067690,"Lake Ck nr Dobbin, TX",30.37152778,-95.7691389, 0.0,00060
08067920,"Lake Ck at Sendera Ranch Rd nr Conroe, TX",30.25775,-95.5636944, 0.0,00060
08068000,"W Fk San Jacinto Rv nr Conroe, TX",30.24465738,-95.4571616, 0.0,00060
08068002,"Stewarts Ck at Silverdale Dr nr Conroe, TX",30.30150833,-95.4379972,,00060
08068090,"W Fk San Jacinto Rv abv Lk Houston nr Porter, TX",30.14116667,-95.3382222, 0,00060
08068275,"Spring Ck nr Tomball, TX",30.11993899,-95.6460559, 0,00060
08068310,"Spring Ck at Kuykendahl Rd, The Woodlands, TX",30.1703611,-95.5416389, 0.0,00060
08068325,"Willow Ck nr Tomball, TX",30.10549526,-95.5466084, 0,00060
08068390,"Bear Br at Research Blvd, The Woodlands, TX",30.19055556,-95.4911111, 0.0,00060
08068400,"Panther Br at Gosling Rd, The Woodlands, TX",30.192159,-95.4838288, 0.0,00060
08068450,"Panther Br nr Spring, TX",30.1343832,-95.4777175, 0,00060
08068500,"Spring Ck nr Spring, TX",30.11049517,-95.4363275, 0,00060
08068720,"Cypress Ck at Katy-Hockley Rd nr Hockley, TX",29.9502237,-95.8082835, 0.0,00060
08068740,"Cypress Ck at House-Hahl Rd nr Cypress, TX",29.959112,-95.7177249, 0.0,00060
08068780,"Little Cypress Ck nr Cypress, TX",30.01605437,-95.6974463, 0.0,00060
08068800,"Cypress Ck at Grant Rd nr Cypress, TX",29.97355566,-95.5985545, 0.00,00060
08068900,"Cypress Ck at Stuebner-Airline Rd nr Westfield, TX",30.00660994,-95.511885, 0.,00060
08069000,"Cypress Ck nr Westfield, TX",30.0357753,-95.428827, 0.0,00060
08069500,"W Fk San Jacinto Rv nr Humble, TX",30.02716385,-95.2579888, 0.00,00060
08069800,"E Fk San Jacinto Rv at SH 150 nr Coldspring, TX",30.56694444,-95.1913889, 0.0,00060
08070000,"E Fk San Jacinto Rv nr Cleveland, TX",30.33659809,-95.1040999,107.01,00060
08070200,"E Fk San Jacinto Rv nr New Caney, TX",30.14523056,-95.1246139, 0,00060
08070500,"Caney Ck nr Splendora, TX",30.25965789,-95.3024361, 118.44,00060
08071000,"Peach Ck at Splendora, TX",30.2327137,-95.1682662, 81.61,00060
08071250,"Luce Bayou at SH-99 nr Huffman, TX",30.12597778,-95.0494861, 0.0,00060
08072050,"San Jacinto Rv nr Sheldon, TX",29.87633426,-95.0938189, 0.0,00060
08072300,"Buffalo Bayou nr Katy, TX",29.74328664,-95.8068951, 0.00,00060
08072470,"Mason Ck at Prince Ck Court nr Houston, TX",29.7677295,-95.7285594, 0.0,00060
08072520,"Clodine Ditch at Noble Rd nr Addicks, TX",29.7555972,-95.6457306, 0,00060
08072600,"Buffalo Bayou at State Hwy 6 nr Addicks, TX",29.76938056,-95.6431667, 0.0,00060
08072680,"S Mayde Ck at Heathergold Dr nr Addicks, TX",29.8051111,-95.7096111, 0,00060
08072730,"Bear Ck nr Barker, TX",29.8307828,-95.6868912, 0.0,00060
08072760,"Langham Ck at W Little York Rd nr Addicks, TX",29.86717035,-95.646612, 0.0,00060
08073100,"Langham Ck at Addicks Res Outflow nr Addicks, TX",29.79027778,-95.6238889, 0.0,00060
08073500,"Buffalo Bayou nr Addicks, TX",29.7618958,-95.6057782, 0.00,00060
08073600,"Buffalo Bayou at W Belt Dr, Houston, TX",29.76217336,-95.5577213, 0.00,00060
08073700,"Buffalo Bayou at Piney Point, TX",29.7468959,-95.5235538, 0.00,00060
08074000,"Buffalo Bayou at Houston, TX",29.76022829,-95.4085505, 0.00,00060
08074020,"Whiteoak Bayou at Alabonson Rd, Houston, TX",29.87078073,-95.4804961, 0.0,00060
08074150,"Cole Ck at Deihl Rd, Houston, TX",29.8513369,-95.4879965, 0,00060
08074250,"Brickhouse Gully at Costa Rica St, Houston, TX",29.82800424,-95.469385, 0,00060
08074500,"Whiteoak Bayou at Houston, TX",29.77522777,-95.3971612, 0.0,00060
08074540,"Little Whiteoak Bayou at Trimble St, Houston, TX",29.79277778,-95.3680556, 0,00060
08074760,"Brays Bayou at Alief, TX",29.7091197,-95.583, 0.00,00060
08074800,"Keegans Bayou at Roark Rd nr Houston, TX",29.65662136,-95.5621664, 0,00060
08074810,"Brays Bayou at Gessner Dr, Houston, TX",29.6727317,-95.5282765, 0,00060
08075000,"Brays Bayou at Houston, TX",29.69717469,-95.412162, 0.00,00060
08075110,"Brays Bayou at MLK Jr Blvd, Houston, TX",29.71416667,-95.3388889, 0.0,00060
08075400,"Sims Bayou at Hiram Clarke St, Houston, TX",29.61884399,-95.4460522, 0,00060
08075500,"Sims Bayou at Houston, TX",29.67439687,-95.2893807, 0.0,00060
08075605,"Berry Bayou at Nevada St, Houston, TX",29.65661915,-95.2291011, 0.0,00060
08075730,"Vince Bayou at Pasadena, TX",29.69467363,-95.216323, 0,00060
08075763,"Hunting Bayou at Hoffman St, Houston, TX",29.80883745,-95.3132696, 0.0,00060
08075770,"Hunting Bayou at IH 610, Houston, TX",29.79328217,-95.2679907, 0,00060
08075780,"Greens Bayou at Cutten Rd nr Houston, TX",29.94911178,-95.5196633, 0,00060
08075900,"Greens Bayou nr US Hwy 75 nr Houston, TX",29.95688886,-95.4179936, 0,00060
08076000,"Greens Bayou nr Houston, TX",29.9182784,-95.3068796, 0.00,00060
08076180,"Garners Bayou nr Humble, TX",29.93386089,-95.2339608, 0,00060
08076500,"Halls Bayou at Houston, TX",29.86189143,-95.3349365, 0.0,00060
08076700,"Greens Bayou at Ley Rd, Houston, TX",29.8371695,-95.2332671, 0.0,00060
08076997,"Clear Ck at Mykawa St nr Pearland, TX",29.5968991,-95.2974366, 0.0,00060
08077600,"Clear Ck nr Friendswood, TX",29.51745517,-95.178544, 0.0,00060
08078000,"Chocolate Bayou nr Alvin, TX",29.37154349,-95.3230476, 0.31,00060
08079510,"N Fk DMF Brazos Rv at Loop 289 nr Lubbock, TX",33.55477778,-101.7881389, 3098.47,00060
08079600,"DMF Brazos Rv at Justiceburg, TX",33.03843236,-101.1976302, 2223.43,00060
08080505,"DMF Brazos Rv nr Rule, TX",33.18791667,-99.9601361, 1500.00,00060
08080700,"Running Water Draw at Plainview, TX",34.17896048,-101.7026748, 3341.11,00060
08082000,"Salt Fk Brazos Rv nr Aspermont, TX",33.3339801,-100.2381622, 1589.29,00060
08082500,"Brazos Rv at Seymour, TX",33.58092766,-99.2675756, 1238.97,00060
08082700,"Millers Ck nr Munday, TX",33.32926607,-99.4650825, 1350.00,00060
08083100,"Clear Fk Brazos Rv nr Roby, TX",32.78760777,-100.3887183,1885.52,00060
08083235,"Clear Fk Brazos Rv at FM 3116 nr Anson, TX",32.66191944,-99.9761861, 1681.96,00060
08083240,"Clear Fk Brazos Rv at Hwy 83 nr Hawley, TX",32.5985,-99.8145556,1616.27,00060
08083420,"Cat Claw Ck at Abilene, TX",32.47540219,-99.7492556,1678.79,00060
08083430,"Elm Ck at Abilene, TX",32.50730556,-99.7410278,1634.06,00060
08083480,"Cedar Ck at IH 20, Abilene, TX",32.4866111,-99.7145556,1647.87,00060
08084000,"Clear Fk Brazos Rv at Nugent, TX",32.6901186,-99.6695326, 1532.53,00060
08084200,"Clear Fk Brazos Rv at Lueders, TX",32.795,-99.6056944,1474.92,00060
08084800,"California Ck nr Stamford, TX",32.93094435,-99.642588, 1467.16,00060
08085500,"Clear Fk Brazos Rv at Ft Griffin, TX",32.93297778,-99.2153889, 1164.39,00060
08086050,"Deep Ck at Moran, TX",32.55929085,-99.170074,1294.70,00060
08086212,"Hubbard Ck bl Albany, TX",32.73289717,-99.1406299, 1185.33,00060
08086290,"Big Sandy Ck abv Breckenridge, TX",32.64845613,-99.0045146, 1180.93,00060
08086500,"Hubbard Ck nr Breckenridge, TX",32.8370625,-98.9481246, 1092.48,00060
08087300,"Clear Fk Brazos Rv at Eliasville, TX",32.96068333,-98.7667694, 1020.37,00060
08088000,"Brazos Rv nr South Bend, TX",33.02428377,-98.6439481, 1002.98,00060
08088430,"Rock Ck at Rock Ck Rd nr Bryson, TX",33.04351667,-98.4084083, 1043.64,00060
08088470,"Cedar Ck at FM 3253 nr Caddo, TX",32.85163889,-98.6617611, 1029.91,00060
08088610,"Brazos Rv nr Graford, TX",32.85817854,-98.411719,800.29,00060
08089000,"Brazos Rv nr Palo Pinto, TX",32.8626236,-98.3025492,828.86,00060
08090800,"Brazos Rv nr Dennis, TX",32.61568907,-97.9258703,698.18,00060
08090830,"Kickapoo Ck at FM 1189 nr Dennis, TX",32.58659444,-97.9199583,712.48,00060
08090905,"Brazos Rv ds Lk Granbury nr Granbury, TX",32.38638889,-97.6522222,612.61,00060
08091000,"Brazos Rv nr Glen Rose, TX",32.25903188,-97.7025268,560.86,00060
08091500,"Paluxy Rv at Glen Rose, TX",32.23153166,-97.7772512,609.89,00060
08092000,"Nolan Rv at Blum, TX",32.15070534,-97.402794,551.60,00060
08093100,"Brazos Rv nr Aquilla, TX",31.8123822,-97.2977882,401.66,00060
08093360,"Aquilla Ck abv Aquilla, TX",31.8954362,-97.2030634,479.15,00060
08094800,"N Bosque Rv at Hico, TX",31.9765366,-98.032812,977.41,00060
08095000,"N Bosque Rv nr Clifton, TX",31.785991,-97.5680748,605.11,00060
08095200,"N Bosque Rv at Valley Mills, TX",31.66960575,-97.4694602,524.23,00060
08095300,"Middle Bosque Rv nr McGregor, TX",31.50933179,-97.365845,529.57,00060
08095400,"Hog Ck nr Crawford, TX",31.5557199,-97.3564004,559.45,00060
08096500,"Brazos Rv at Waco, TX",31.53600056,-97.0733325,349.39,00060
08096580,"Tehuacana Ck at Hwy 6 nr Waco, TX",31.53588889,-97.0325417, 339.56,00060
08098290,"Brazos Rv nr Highbank, TX",31.13407098,-96.8249826,279.44,00060
08098300,"Little Pond Ck nr Burlington, TX",31.02657804,-96.9883413,389.02,00060
08099100,"Leon Rv nr De Leon, TX",32.1737502,-98.5331058,1210.48,00060
08099300,"Sabana Rv nr De Leon, TX",32.11402957,-98.6056067, 1209.62,00060
08099382,"Copperas Ck at FM 2247 nr Comanche, TX",32.04902778,-98.6460556, 1234.65,00060
08099500,"Leon Rv nr Hasse, TX",31.9579235,-98.4592116,1115.11,00060
08100000,"Leon Rv nr Hamilton, TX",31.78877645,-98.1214319, 955.38,00060
08100500,"Leon Rv at Gatesville, TX",31.4347222,-97.7583333,723.82,00060
08101000,"Cowhouse Ck at Pidcoke, TX",31.2848902,-97.8850244,736.90,00060
08102500,"Leon Rv nr Belton, TX",31.07017947,-97.4413967, 476.68,00060
08102595,"Nolan Ck at S Penelope, Belton, TX",31.0539722,-97.4625278,486.74,00060
08102850,"Lampasas Rv at US-281 nr Adamsville, TX",31.29350556,-98.1692306, 1001.28,00060
08103800,"Lampasas Rv nr Kempner, TX",31.0793403,-98.0166919,828.54,00060
08103900,"S Fk Rocky Ck nr Briggs, TX",30.91156805,-98.0369676,956.91,00060
08103940,"Lampasas Rv at Ding Dong, TX",30.97252778,-97.7785278,665.31,00060
08104100,"Lampasas Rv nr Belton, TX",31.0018485,-97.4925088,478.52,00060
08104300,"Salado Ck at Salado, TX",30.9443472,-97.534075,557.66,00060
08104500,"Little Rv nr Little River, TX",30.9665723,-97.346113,400.16,00060
0810464660,"N Fk San Gabriel Rv at Reagan Blvd nr Leander, TX",30.69775,-97.8492222,806.58,00060
08104700,"N Fk San Gabriel Rv nr Georgetown, TX",30.6618646,-97.7114164,689.26,00060
08104900,"S Fk San Gabriel Rv at Georgetown, TX",30.6257499,-97.6911204,687.94,00060
08105095,"Berry Ck at Airport Rd nr Georgetown, TX",30.70324685,-97.6663985,670.83,00060
08105505,"Willis Ck nr Granger, TX",30.70216667,-97.4341667,513.88,00060
08105700,"San Gabriel Rv at Laneport, TX",30.69436146,-97.2788849,412.84,00060
08105872,"Brushy Ck at Cedar Park, TX",30.52518056,-97.7499917, 765.16,00060
08105883,"Brushy Ck at IH 35, Round Rock, TX",30.51290556,-97.6864361, 689.85,00060
08105886,"Lake Ck at Lake Ck Pkwy nr Austin, TX",30.46555556,-97.7878889,897.58,00060
08105888,"Brushy Ck at Kenney Fort Blvd at Round Rock, TX",30.51239444,-97.6366722, 638.36,00060
08106050,"Brushy Ck at FM 619 nr Taylor, TX",30.51958333,-97.3384472,434.12,00060
08106350,"Little Rv nr Rockdale, TX",30.76074836,-97.0138754,298.78,00060
08106500,"Little Rv nr Cameron, TX",30.83519047,-96.9466512,281.93,00060
08107950,"N Elm Ck at Rosebud Rd nr Meeks, TX",31.01306944,-97.1100833,411.26,00060
08108250,"Big Elm Ck at SH 77 nr Cameron, TX",30.90324377,-96.9791531,293.03,00060
08108700,"Brazos Rv at SH 21 nr Bryan, TX",30.6268665,-96.544135,188.78,00060
08108780,"Little Brazos Rv at FM 485 nr Hearne, TX",30.87944444,-96.6402778,248.79,00060
08109700,"Middle Yegua Ck nr Dime Box, TX",30.33937764,-96.9047037, 296.53,00060
08109800,"E Yegua Ck nr Dime Box, TX",30.40743105,-96.8174791,284.13,00060
08110000,"Yegua Ck nr Somerville, TX",30.3218773,-96.5074683, 193.31,00060
08110100,"Davidson Ck nr Lyons, TX",30.41965196,-96.5402466,220.39,00060
08110200,"Brazos Rv at Washington, TX",30.359175,-96.1549028,122.20,00060
08110325,"Navasota Rv abv Groesbeck, TX",31.57434158,-96.5208295,396.61,00060
08110430,"Big Ck nr Freestone, TX",31.5068396,-96.3246953, 362.94,00060
08110500,"Navasota Rv nr Easterly, TX",31.17018205,-96.297743, 271.46,00060
08110800,"Navasota Rv at Old San Antonio Rd nr Bryan, TX",30.9737987,-96.2416274,242.84,00060
08111070,"Navasota Rv at SH 6 nr Navasota, TX",30.41840278,-96.1066167, 0.0,00060
08111500,"Brazos Rv nr Hempstead, TX",30.12910626,-96.1877387,107.67,00060
08111700,"Mill Ck nr Bellville, TX",29.88106145,-96.2052402, 122.82,00060
08111850,"Brazos Rv at San Felipe, TX",29.80833333,-96.0955556, 0.0,00060
08114000,"Brazos Rv at Richmond, TX",29.5824589,-95.7577275,26.73,00060
08114100,"Brazos Rv nr Sugar Land, TX",29.56768889,-95.6681417, 0,00060
08115000,"Big Ck nr Needville, TX",29.47190769,-95.8030067,58.86,00060
08116400,"Dry Ck nr Rosenberg, TX",29.51190593,-95.7468942, 0.0,00060
08116650,"Brazos Rv nr Rosharon, TX",29.3496858,-95.5824448, 0,00060
08116850,"Brazos Rv nr West Columbia, TX",29.1444131,-95.6060571, 0.0,00060
08117370,"San Bernard Rv nr Chesterville, TX",29.66075,-96.2436667, 0,00060
08117500,"San Bernard Rv nr Boling, TX",29.31357967,-95.8938421, 30.81,00060
08117705,"San Bernard Rv nr Sweeny, TX",29.11194444,-95.6766667, 0,00060
08117720,"San Bernard Rv at FM 521 nr Cedar Lane, TX",29.01100278,-95.58825,2,00060
08117855,"Caney Ck at SH 35 nr Van Vleck, TX",29.0417222,-95.8635194, 0,00060
08117995,"Colorado Rv nr Gail, TX",32.62874497,-101.2854152,2245.08,00060
08119500,"Colorado Rv at Hwy 350 nr Ira, TX",32.53915278,-101.0552222,2136.81,00060
08120500,"Deep Ck nr Dunn, TX",32.57372368,-100.9078941,2173.26,00060
08121000,"Colorado Rv at Colorado City, TX",32.39261865,-100.8787246,2030.79,00060
08123800,"Beals Ck nr Westbrook, TX",32.1992913,-101.0140029,2049.44,00060
08123850,"Colorado Rv abv Silver, TX",32.05374399,-100.762052,1903.43,00060
08124000,"Colorado Rv at Robert Lee, TX",31.88542168,-100.4806543,1772.21,00060
08126380,"Colorado Rv nr Ballinger, TX",31.71542973,-100.0264755,1606.88,00060
08127000,"Elm Ck at Ballinger, TX",31.74931697,-99.9478636,1617.79,00060
08128000,"S Concho Rv at Christoval, TX",31.18711186,-100.5020388,2010.82,00060
08128030,"S Concho Rv abv Twin Buttes Res nr San Angelo, TX",31.2727611,-100.5042194, 1921.32,00060
08128400,"Middle Concho Rv abv Tankersley, TX",31.42738264,-100.7112125, 1986.70,00060
08129300,"Spring Ck abv Tankersley, TX",31.33016396,-100.6403767, 1964.88,00060
08130500,"Dove Ck at Knickerbocker, TX",31.27405465,-100.6309318, 2001.76,00060
08130700,"Spring Ck abv Twin Buttes Res nr San Angelo, TX",31.3309973,-100.600931, 1930.78,00060
08131400,"Pecan Ck nr San Angelo, TX",31.30905356,-100.4459254, 1930.99,00060
08131600,"Tom Green County WCID No. 1 Canal nr San Angelo,TX",31.4162804,-100.3945511, 1855.86,00060
08132450,"Red Arroyo at S. Chadbourne St. nr San Angelo, TX",31.43577778,-100.4343333, 1805.02,00060
08133250,"N Concho Rv abv Sterling City, TX",31.8973574,-101.105113,2354.44,00060
08133500,"N Concho Rv at Sterling City, TX",31.83013918,-100.9937215,2243.06,00060
08134000,"N Concho Rv nr Carlsbad, TX",31.5926549,-100.6370449,1968.43,00060
08134250,"N Concho Rv nr Grape Creek, TX",31.54265769,-100.5550977, 1895.98,00060
08136000,"Concho Rv at San Angelo, TX",31.454606,-100.4106474, 1777.10,00060
08136500,"Concho Rv at Paint Rock, TX",31.5159908,-99.9195226, 1574.58,00060
08136700,"Colorado Rv nr Stacy, TX",31.49376898,-99.5739532,1394.38,00060
08140700,"Pecan Bayou nr Cross Cut, TX",31.9726444,-99.1303376, 1452.24,00060
08140860,"Jim Ned Ck at CR 140 nr Coleman, TX",31.8792472,-99.2778417, 1469.64,00060
08142000,"Hords Ck nr Coleman, TX",31.84666667,-99.4246944,1676.81,00060
08143500,"Pecan Bayou at Brownwood, TX",31.7364,-98.9754889, 1313.71,00060
08143600,"Pecan Bayou nr Mullin, TX",31.5173861,-98.740603,1198.02,00060
08143990,"Noyes Canal at Diversion pt nr. Menard, TX",30.92175,-99.8525, 1903.51,00060
08144500,"San Saba Rv at Menard, TX",30.91907405,-99.785643,1863.36,00060
08145000,"Brady Ck at Brady, TX",31.1382357,-99.3350754,1646.42,00060
08146000,"San Saba Rv at San Saba, TX",31.21322316,-98.7194871,1162.21,00060
08147000,"Colorado Rv nr San Saba, TX",31.21794515,-98.564484,1096.29,00060
08148500,"N Llano Rv nr Junction, TX",30.5174101,-99.806179, 1689.93,00060
08149900,"S Llano Rv at Flat Rock Ln at Junction, TX",30.47901389,-99.7780389, 1677.37,00060
08150000,"Llano Rv nr Junction, TX",30.50435487,-99.7345097, 1634.40,00060
08150700,"Llano Rv nr Mason, TX",30.66073685,-99.1092185, 1225.60,00060
08150800,"Beaver Ck nr Mason, TX",30.64351548,-99.0958848, 1248.50,00060
08151500,"Llano Rv at Llano, TX",30.7513041,-98.6697773,970.08,00060
08152000,"Sandy Ck nr Kingsland, TX",30.5576991,-98.472271,861.42,00060
08152900,"Pedernales Rv nr Fredericksburg, TX",30.22048584,-98.8697812,1565.08,00060
08153500,"Pedernales Rv nr Johnson City, TX",30.29187379,-98.3994904,1096.69,00060
08154700,"Bull Ck at Loop 360 nr Austin, TX",30.37214825,-97.7847301,535.05,00060
08155200,"Barton Ck at SH 71 nr Oak Hill, TX",30.29631587,-97.925565, 737.04,00060
08155240,"Barton Ck at Lost Ck Blvd nr Austin, TX",30.2740957,-97.8447296,590.50,00060
08155300,"Barton Ck at Loop 360, Austin, TX",30.24465306,-97.8022283,511.11,00060
08155400,"Barton Ck abv Barton Spgs at Austin, TX",30.26354168,-97.772228,430.73,00060
08155541,"W Bouldin Ck at Oltorf Rd, Austin, TX",30.24666667,-97.7691667, 536.82,00060
08156675,"Shoal Ck at Silverway Dr, Austin, TX",30.35416667,-97.7388889,672.72,00060
08156800,"Shoal Ck at W 12th St, Austin, TX",30.276598,-97.7503052,455.45,00060
08156910,"Waller Ck at Koenig Lane, Austin, TX",30.32277778,-97.7227778,644.60,00060
08157540,"Waller Ck at Red River St, Austin, TX",30.27162778,-97.7355583,463.99,00060
08158000,"Colorado Rv at Austin, TX",30.24613889,-97.6800556, 391.96,00060
08158030,"Boggy Ck at Manor Rd, Austin, TX",30.2861111,-97.7086111,530.42,00060
08158035,"Boggy Ck at Webberville Rd, Austin, TX",30.26305556,-97.7125,457.61,00060
08158045,"Ft Br Boggy Ck at Manor Rd, Austin, TX",30.30055556,-97.6855556,555.53,00060
08158200,"Walnut Ck at Dessau Rd, Austin, TX",30.375205,-97.6605601,552.34,00060
08158380,"Little Walnut Ck at Georgian Dr, Austin, TX",30.3543736,-97.6980818,637.32,00060
08158600,"Walnut Ck at Webberville Rd, Austin, TX",30.2832642,-97.655003,426.23,00060
08158700,"Onion Ck nr Driftwood, TX",30.08298924,-98.0077859, 868.52,00060
08158810,"Bear Ck bl FM 1826 nr Driftwood, TX",30.15548749,-97.9400076,859.91,00060
08158813,"Bear Ck at Spillar Ranch Rd nr Manchaca, TX",30.1636611,-97.9070194,793.31,00060
08158827,"Onion Ck at Twin Creeks Rd nr Manchaca, TX",30.12632345,-97.8211161,584.16,00060
08158840,"Slaughter Ck at FM 1826 nr Austin, TX",30.2090972,-97.9033409,876.25,00060
08158860,"Slaughter Ck at FM 2304 nr Austin, TX",30.1621554,-97.8322279, 654.80,00060
08158922,"Williamson Ck at Brush Cntry Blvd, Oak Hill, TX",30.2263215,-97.8414188,740.34,00060
08158927,"Kincheon Br at William Cannon Blvd, Austin, TX",30.2124722,-97.8288611,701.18,00060
08158930,"Williamson Ck at Manchaca Rd, Austin, TX",30.22132179,-97.7936396,618.63,00060
08158970,"Williamson Ck at Jimmy Clay Rd, Austin, TX",30.189378,-97.732504,494.30,00060
08159000,"Onion Ck at US Hwy 183, Austin, TX",30.17798987,-97.6886138,443.28,00060
08159105,"Eastern Trib to Dry Ck nr Del Valle, TX",30.17647778,-97.5869167,427.06,00060
08159110,"Western Trib to Gilleland Ck nr Manor, TX",30.38349444,-97.6020611,550.61,00060
08159200,"Colorado Rv at Bastrop, TX",30.10466154,-97.3194368,307.41,00060
08159250,"Maha Ck at Von Quintus Rd nr Del Valle, TX",30.09453056,-97.6593222,551.62,00060
08159500,"Colorado Rv at Smithville, TX",30.01272074,-97.1619321, 270.15,00060
08160400,"Colorado Rv abv La Grange, TX",29.9124474,-96.9038699,209.97,00060
08160800,"Redgate Ck nr Columbus, TX",29.79911967,-96.5321933, 200.82,00060
08161000,"Colorado Rv at Columbus, TX",29.7063454,-96.5369155,145.65,00060
08162000,"Colorado Rv at Wharton, TX",29.30913668,-96.1038482, 52.42,00060
08162500,"Colorado Rv nr Bay City, TX",28.9741462,-96.0124588, 0,00060
08162501,"Colorado Rv nr Wadsworth, TX",28.77416667,-95.9975, 0.0,00060
08162600,"Tres Palacios Rv nr Midfield, TX",28.92803769,-96.1710747,3.64,00060
08163500,"Lavaca Rv at Hallettsville, TX",29.4432973,-96.9449819,186.42,00060
08164000,"Lavaca Rv nr Edna, TX",28.95998449,-96.6863668,13.84,00060
08164300,"Navidad Rv nr Hallettsville, TX",29.466908,-96.812756,-43.53,00060
08164390,"Navidad Rv at Strane Pk nr Edna, TX",29.06553568,-96.6741434,42.17,00060
08164450,"Sandy Ck nr Ganado, TX",29.1602539,-96.5463608,58.66,00060
08164503,"W Mustang Ck nr Ganado, TX",29.07185833,-96.4680278,39.35,00060
08164504,"E Mustang Ck nr Louise, TX",29.07081227,-96.4171913,43.71,00060
08164600,"Garcitas Ck nr Inez, TX",28.8913759,-96.8191486,28.78,00060
08164800,"Placedo Ck nr Placedo, TX",28.72527137,-96.7688702,4.88,00060
08165300,"N Fk Guadalupe Rv nr Hunt, TX",30.06409747,-99.3869916, 1800.10,00060
08165500,"Guadalupe Rv at Hunt, TX",30.06993074,-99.3217122,1722.82,00060
08166000,"Johnson Ck nr Ingram, TX",30.10020707,-99.2831006,1721.50,00060
08166140,"Guadalupe Rv abv Bear Ck at Kerrville, TX",30.06965617,-99.1953454,1622.56,00060
08166200,"Guadalupe Rv at Kerrville, TX",30.053266,-99.163375,1601.14,00060
08166250,"Guadalupe Rv nr Center Point, TX",29.98777778,-99.11,1529.54,00060
08167000,"Guadalupe Rv at Comfort, TX",29.96523889,-98.8971667, 1371.43,00060
08167200,"Guadalupe Rv at FM 474 nr Bergheim, TX",29.89358333,-98.6698333,1146.75,00060
08167500,"Guadalupe Rv nr Spring Branch, TX",29.8604957,-98.3836275,948.43,00060
08167800,"Guadalupe Rv at Sattler, TX",29.85910758,-98.1800106,742.70,00060
08168500,"Guadalupe Rv abv Comal Rv at New Braunfels, TX",29.7149465,-98.1100083,586.80,00060
08168797,"Dry Comal Ck at Loop 337 nr New Braunfels, TX",29.688,-98.1548333,609.72,00060
08168913,"Comal Rv (oc) nr Landa Lk, New Braunfels, TX",29.71007778,-98.1316611,605.85,00060
08168932,"Comal Rv (nc) nr Landa Lk, New Braunfels, TX",29.7089611,-98.1334417,605.85,00060
08169000,"Comal Rv at New Braunfels, TX",29.70640833,-98.1222083,583.04,00060
08169792,"Guadalupe Rv at FM 1117 nr Seguin, TX",29.53616667,-97.8809444,404.81,00060
08169845,"Guadalupe Rv at CR 143 nr Gonzales, TX",29.4876,-97.5875056,279.45,00060
08170500,"San Marcos Rv at San Marcos, TX",29.88910804,-97.9341718,557.67,00060
08170890,"Little Blanco Rv at FM 32 nr Fischer, TX",30.02080556,-98.3305556,1149.57,00060
08170905,"Blanco Rv at Valley View Rd nr Fischer, TX",30.0368,-98.2228972,962.72,00060
08170950,"Blanco Rv at Fischer Store Rd nr Fischer, TX",30.00058333,-98.2003611, 917,00060
08171000,"Blanco Rv at Wimberley, TX",29.99438343,-98.088925, 797.4,00060
08171290,"Blanco Rv at Halifax Rch nr Kyle, TX",30.00555556,-97.9525,673.74,00060
08171300,"Blanco Rv nr Kyle, TX",29.9793843,-97.910031, 620.59,00060
08171350,"Blanco Rv at San Marcos, TX",29.8795111,-97.9107528,542.97,00060
08171400,"San Marcos Rv nr Martindale, TX",29.8322861,-97.8423833,480.26,00060
08172000,"San Marcos Rv at Luling, TX",29.66633885,-97.6508561, 322.21,00060
08172400,"Plum Ck at Lockhart, TX",29.92299833,-97.6791667, 431.19,00060
08173000,"Plum Ck nr Luling, TX",29.699673,-97.6036082, 321.57,00060
08173900,"Guadalupe Rv at Gonzales, TX",29.48440414,-97.4502702,231.91,00060
08174200,"Sandy Fork Ck at Hwy 97 nr Waelder, TX",29.62491389,-97.3207444,279.68,00060
08174550,"Peach Ck at Hwy 90 nr Waelder, TX",29.68580278,-97.2308167,289.91,00060
08174600,"Peach Ck bl Dilworth, TX",29.47412787,-97.3166565, 213.53,00060
08174700,"Guadalupe Rv at Hwy 183 nr Hochheim, TX",29.31446667,-97.3035,175.67,00060
08174970,"Sandies Ck at FM 108 nr Smiley, TX",29.29175556,-97.6207556,237.85,00060
08175000,"Sandies Ck nr Westhoff, TX",29.2152475,-97.4494353,177.87,00060
08175800,"Guadalupe Rv at Cuero, TX",29.09053147,-97.3297129,128.83,00060
08176500,"Guadalupe Rv at Victoria, TX",28.7930456,-97.0130429,28.81,00060
08176550,"Fifteenmile Ck nr Weser, TX",28.89776103,-97.3549922,158.35,00060
08176900,"Coleto Ck at Arnold Rd Crsg nr Schroeder, TX",28.86165308,-97.2263791,126.55,00060
08177300,"Perdido Ck at FM 622 nr Fannin, TX",28.7516564,-97.3172142,134.16,00060
08177500,"Coleto Ck nr Victoria, TX",28.73110317,-97.1386004,44.50,00060
08177520,"Guadalupe Rv nr Bloomington, TX",28.66194444,-96.9652778,-0.78,00060
08177700,"Olmos Ck at Dresden Dr, San Antonio, TX",29.4991192,-98.5102958, 726.10,00060
08178000,"San Antonio Rv at San Antonio, TX",29.40967796,-98.495017, 605.26,00060
08178050,"San Antonio Rv at Mitchell St, San Antonio, TX",29.39301189,-98.4947392, 585.07,00060
08178500,"San Pedro Ck at Furnish St, San Antonio, TX",29.40634484,-98.5108795,596.93,00060
08178565,"San Antonio Rv at Loop 410, San Antonio, TX",29.32218095,-98.450322,488.43,00060
08178593,"Salado Ck at Blanco Rd, San Antonio, TX",29.5638611,-98.5196667, 831,00060
08178700,"Salado Ck at Loop 410, San Antonio, TX",29.5160633,-98.4311271,682.59,00060
08178800,"Salado Ck at Loop 13, San Antonio, TX",29.35718017,-98.4127925, 526.95,00060
0817887350,"Medina Rv at Patterson Rd at Medina, TX",29.79389167,-99.2485944,1409.03,00060
08178880,"Medina Rv at Bandera, TX",29.72383537,-99.070035,1189.73,00060
08178980,"Medina Rv abv English Crsg nr Pipe Creek, TX",29.69438889,-98.9793056,1081.70,00060
08180586,"San Geronimo Ck nr Helotes, TX",29.61972778,-98.7951528, 1230,00060
08180640,"Medina Rv at La Coste, TX",29.3241246,-98.813081,667.36,00060
08180700,"Medina Rv nr Macdona, TX",29.33495798,-98.689744,590.39,00060
08180800,"Medina Rv nr Somerset, TX",29.26218286,-98.5814074,493.93,00060
08181400,"Helotes Ck at Helotes, TX",29.57856108,-98.6916896, 1014.82,00060
08181480,"Leon Ck at IH 35, San Antonio, TX",29.32995837,-98.5841856, 573.49,00060
08181500,"Medina Rv at San Antonio, TX",29.2641276,-98.4908493, 439.03,00060
08181725,"San Antonio Rv nr Braunig Lk nr Elmendorf, TX",29.2354111,-98.4026083, 438,00060
08181800,"San Antonio Rv nr Elmendorf, TX",29.2221853,-98.3558463, 380.00,00060
08183200,"San Antonio Rv nr Floresville, TX",29.11,-98.1744444,327.46,00060
08183500,"San Antonio Rv nr Falls City, TX",28.95163797,-98.0641989, 285.26,00060
08183900,"Cibolo Ck nr Boerne, TX",29.77498889,-98.7094694,1346.13,00060
08183978,"Cibolo Ck at Specht Rd nr Bulverde, TX",29.73677778,-98.4933722,1079.78,00060
08184050,"Cibolo Ck at Smithson Valley Rd nr Bulverde, TX",29.74826667,-98.4076833,979.63,00060
08185000,"Cibolo Ck at Selma, TX",29.5941166,-98.3111242, 728.34,00060
08185065,"Cibolo Ck nr Saint Hedwig, TX",29.50144444,-98.18625,581.57,00060
08185100,"Martinez Ck nr Saint Hedwig, TX",29.44388889,-98.1688889,500.11,00060
08185500,"Cibolo Ck at Sutherland Springs, TX",29.2797222,-98.0533333,371.99,00060
08186000,"Cibolo Ck nr Falls City, TX",29.01413629,-97.9303065,264.04,00060
08186500,"Ecleto Ck nr Runge, TX",28.92025419,-97.7722221, 215.03,00060
08187500,"Escondido Ck at Kenedy, TX",28.81998007,-97.859168,247.91,00060
08188060,"San Antonio Rv at SH 72 nr Runge, TX",28.84869444,-97.7371389,168.95,00060
08188500,"San Antonio Rv at Goliad, TX",28.6492861,-97.3848583,89.36,00060
08188570,"San Antonio Rv nr McFaddin, TX",28.53125,-97.0426944,-0.38,00060
08188590,"North end of GBRA Calhoun Canal nr Long Mott,TX",28.50548889,-96.7814278,17.04,00060
08188800,"Guadalupe Rv nr Tivoli, TX",28.50582149,-96.8847203,-.88,00060
08188810,"Guadalupe Rv at SH 35 nr Tivoli, TX",28.4783224,-96.8627751,-9.39,00060
08189200,"Copano Ck nr Refugio, TX",28.30361693,-97.1124913, 17.25,00060
08189300,"Medio Ck nr Beeville, TX",28.48305164,-97.656663, 163.00,00060
08189500,"Mission Rv at Refugio, TX",28.29195088,-97.2791593, 1.00,00060
08189700,"Aransas Rv nr Skidmore, TX",28.28250426,-97.620829, 72.37,00060
0818999010,"Nueces Rv nr Barksdale, TX",29.71883333,-100.039575,1451.53,00060
08189998,"Nueces Rv at CR 414 at Montell, TX",29.52646667,-100.0183667,1241.45,00060
08190000,"Nueces Rv at Laguna, TX",29.42856679,-99.997287,1119.74,00060
08190500,"W Nueces Rv nr Brackettville, TX",29.48108333,-100.2391667,1327.52,00060
08192000,"Nueces Rv bl Uvalde, TX",29.12385015,-99.8948062,796.20,00060
08193000,"Nueces Rv nr Asherton, TX",28.50026313,-99.6819935,470.53,00060
08194000,"Nueces Rv at Cotulla, TX",28.42637889,-99.2400322,368.19,00060
08194200,"San Casimiro Ck nr Freer, TX",27.96501329,-98.9669678,297.30,00060
08194500,"Nueces Rv nr Tilden, TX",28.30888906,-98.5572384,183.10,00060
08195000,"Frio Rv at Concan, TX",29.48856496,-99.7047756,1203.54,00060
08196000,"Dry Frio Rv nr Reagan Wells, TX",29.50467576,-99.7814452,1335.83,00060
08197500,"Frio Rv bl Dry Frio Rv nr Uvalde, TX",29.2457934,-99.6744978,883.02,00060
08197936,"Sabinal Rv bl Mill Ck nr Vanderpool, TX",29.719,-99.5487,1520.01,00060
08198000,"Sabinal Rv nr Sabinal, TX",29.4910644,-99.4928241, 1131.40,00060
08198500,"Sabinal Rv at Sabinal, TX",29.31430556,-99.4804722,882.51,00060
08200000,"Hondo Ck nr Tarpley, TX",29.57003056,-99.2476889,1170.16,00060
08200720,"Hondo Ck at SH 173 nr Hondo, TX",29.3761111,-99.1166667,857.02,00060
08200977,"Middle Verde Ck at SH 173 nr Bandera, TX",29.56777778,-99.0969444, 1195.55,00060
08201500,"Seco Ck at Miller Rh nr Utopia, TX",29.573284,-99.4030997, 1279.08,00060
08202700,"Seco Ck at Rowe Rh nr D'Hanis, TX",29.37078917,-99.2878185, 901.16,00060
08203450,"Leona Rv at CR 429A nr Uvalde, TX",29.34527778,-99.7488889,1039.02,00060
08204005,"Leona Rv nr Uvalde, TX",29.1544077,-99.7433888,839.03,00060
08205500,"Frio Rv nr Derby, TX",28.73664429,-99.1447556,449.05,00060
08206600,"Frio Rv at Tilden, TX",28.46749279,-98.5475174,212.66,00060
08206700,"San Miguel Ck nr Tilden, TX",28.58748787,-98.5458513,242.56,00060
08206910,"Choke Canyon Res OWC nr Three Rivers, TX",28.48610326,-98.2416752, 121.14,00060
08207500,"Atascosa Rv nr McCoy, TX",28.86497693,-98.3383454,247.62,00060
08208000,"Atascosa Rv at Whitsett, TX",28.62220899,-98.2813988,158.71,00060
08210000,"Nueces Rv nr Three Rivers, TX",28.42749545,-98.1780625,166.31,00060
08210400,"Lagarto Ck nr George West, TX",28.05973533,-98.0969482,131.25,00060
08211000,"Nueces Rv nr Mathis, TX",28.03834719,-97.8602769,25.95,00060
08211200,"Nueces Rv at Bluntzer, TX",27.93779594,-97.7758308,-0.31,00060
08211500,"Nueces Rv at Calallen, TX",27.88307697,-97.625273,0.38,00060
08211520,"Oso Ck at Corpus Christi, TX",27.71141879,-97.5019377,-2.04,00060
08211800,"San Diego Ck at Alice, TX",27.76663889,-98.0755556,187.59,00060
08211900,"San Fernando Ck at Alice, TX",27.77252575,-98.033613,160.99,00060
08212300,"Tranquitas Ck at Kingsville, TX",27.52614624,-97.8674982,46.35,00060
08212400,"Los Olmos Ck nr Falfurrias, TX",27.26448618,-98.1358378,114.48,00060
08212820,"Petronila Ck at FM 665 nr Driscoll, TX",27.66525,-97.7022778,24.09,00060
08374550,"Rio Grande nr Castolon, TX",29.13798,-103.5249033,2109.60,00060
08375300,"Rio Grande at Rio Grande Village, Big Bnd NP, TX",29.1835386,-102.9754409,1821.68,00060
08412500,"Pecos Rv nr Orla, TX",31.87264499,-103.8315949, 2727.36,00060
08419000,"Pecos Rv at FM 3398 nr Pecos, TX",31.4838611,-103.4901667, 2563.97,00060
08433000,"Barrilla Draw nr Saragosa, TX",30.95792694,-103.459619, 3080.40,00060
08437710,"Pecos Rv at RR 1776 nr Grandfalls, TX",31.3668055,-103.0059908, 2440,00060
08446500,"Pecos Rv nr Girvin, TX",31.11320329,-102.4176419, 2284.51,00060
08447000,"Pecos Rv nr Sheffield, TX",30.65961373,-101.7701244,2026.60,00060
08447020,"Independence Ck nr Sheffield, TX",30.45075,-101.7319167, 1878.56,00060
08447300,"Pecos Rv at Brotherton Rh nr Pandale, TX",30.314,-101.7415556, 1720.00,00060
08449100,"Dolan Ck abv Devils River nr Comstock, TX",29.888325,-100.9898028, 1326.02,00060
08456310,"Las Moras Spgs Dws of pool at Brackettville,TX",29.30791667,-100.4192222, 1095,00060
08458995,"Zacate Ck at Laredo, TX",27.5360972,-99.5001833,406.67,00060
08474095,"N Main Drain at Boca Chica Hwy, Brownsville, TX",25.9216111,-97.4754167,0,00060
08474107,"Town Resaca at E 6th St, Brownsville, TX",25.91444444,-97.4918889,0,00060
08474108,"N Main Drain at Manzano St, Brownsville, TX",25.89402778,-97.4528889,0,00060
08474110,"Cameron Co Ditch 1 at FM 802, Brownsville, TX",25.94083333,-97.4256944,0,00060
08474300,"Old Main Drain No 2 at SH 4, Brownsville, TX",25.9172222,-97.3778333,0,00060
09180000,"DOLORES RIVER NEAR CISCO, UT",38.79720805,-109.1951142,4168.32,00060
09180500,"COLORADO RIVER NEAR CISCO, UT",38.81054095,-109.2934493,4092.35,00060
09182400,"CASTLE CREEK BELOW CASTLE VALLEY NEAR MOAB, UT",38.673859,-109.4501395, 4120,00060
09183500,"MILL CREEK AT SHELEY TUNNEL, NEAR MOAB, UT",38.4819972,-109.405025,5403.62,00060
09183600,"MILL CREEK BELOW SHELEY TUNNEL, NEAR MOAB, UT",38.48571796,-109.4111044,5355.02,00060
09184600,"PACK CREEK AT PACK CREEK ROAD BRIDGE NEAR MOAB, UT",38.44580556,-109.38525,5702,00060
09185100,"MILL CREEK BLW PACK CREEK NR MOUTH AT MOAB, UT",38.5732861,-109.5672083,3960.74,00060
09185600,"COLORADO RIVER AT POTASH, UT",38.5047222,-109.6583333,3926.29,00060
09217900,"BLACKS FORK NEAR ROBERTSON, WY",40.95902778,-110.5797222,8811.3,00060
09234500,"GREEN RIVER NEAR GREENDALE, UT",40.90829296,-109.422914,5594.21,00060
09261000,"GREEN RIVER NEAR JENSEN, UT",40.4093915,-109.2354283,4761.82,00060
09261700,"BIG BRUSH CRK ABV RED FLEET RES, NR VERNAL, UT",40.5888323,-109.4654372,5630.26,00060
09266500,"ASHLEY CREEK NEAR VERNAL, UT",40.5774426,-109.6221085, 6230.61,00060
09267500,"MOSBY CANAL NEAR LAPOINT, UT",40.6082881,-109.8840393, 9500.00,00060
09271000,"ASHLEY CR NR REMEMBER THE MAINE PARK NR VERNAL, UT",40.5141111,-109.5943694, 5736.63,00060
09271550,"ASHLEY CREEK BEL UNION CANAL DIV NR JENSEN, UT",40.3580023,-109.3876546,4737.48,00060
09272400,"GREEN RIVER AT OURAY, UTAH",40.0847972,-109.6758361,4634.74,00060
09277500,"DUCHESNE RIVER NEAR TABIONA, UT",40.2997472,-110.6042556,6197.72,00060
09279000,"ROCK CREEK NEAR MOUNTAIN HOME, UT",40.4931111,-110.5772222,7243.22,00060
09285900,"STRAWBERRY RIVER AT PINNACLES NEAR FRUITLAND, UT",40.1271783,-110.7418242,6051.95,00060
09288000,"CURRANT CREEK NEAR FRUITLAND, UT",40.20023128,-110.9076623,6664.78,00060
09288180,"STRAWBERRY RIVER NEAR DUCHESNE, UT",40.1546793,-110.5548785,5725.29,00060
09289500,"LAKE FORK RIVER AB MOON LAKE, NR MOUNTAIN HOME, UT",40.6024722,-110.5205,8121.40,00060
09291000,"LAKE FORK RIVER BL MOON LAKE NR MOUNTAIN HOME, UT",40.55633555,-110.4846056,7931.72,00060
09292000,"YELLOWSTONE R @ BRIDGE CMPGRND NR ALTONAH, UT",40.5463369,-110.333771,7650.20,00060
09292500,"YELLOWSTONE RIVER NEAR ALTONAH, UT",40.51189299,-110.3415491,7451.49,00060
09294500,"LAKE FORK RIVER NEAR MYTON, UT",40.20883299,-110.1171195,5117.60,00060
09295000,"DUCHESNE RIVER AT MYTON, UT",40.20023757,-110.0637613,5065.45,00060
09295100,"DUCHESNE RIV ABV UINTA RIV, NR RANDLETT, UT",40.2066278,-109.8598673,4837.01,00060
09296800,"UINTA R BLW POWERPLANT DIVERSION, NR NEOLA, UT",40.5913396,-110.1143226,7316.72,00060
09299500,"WHITEROCKS RIVER NEAR WHITEROCKS, UT",40.5935653,-109.9323739, 7200.00,00060
09301500,"UINTA RIVER AT RANDLETT, UT",40.23355686,-109.803777,4791.91,00060
09302000,"DUCHESNE RIVER NEAR RANDLETT, UT",40.21027778,-109.7813889,4746.96,00060
09306500,"WHITE RIVER NEAR WATSON, UTAH",39.97885629,-109.1787269,4950.82,00060
09309600,"FAIRVIEW TUNNEL NEAR FAIRVIEW, UT",39.66966944,-111.3133194,8652.01,00060
09310500,"FISH CREEK ABOVE RESERVOIR, NEAR SCOFIELD, UT",39.77440566,-111.191006,7636.11,00060
09310700,"MUD CRK BL WINTER QUARTERS CYN @ SCOFIELD, UT",39.7219111,-111.1615444,7703.91,00060
09311500,"PRICE RIVER NEAR SCOFIELD, UTAH",39.78690558,-111.1201697, 7570.13,00060
09312600,"WHITE R BL TABBYUNE CRK NR SOLDIER SUMMIT, UT",39.87601667,-111.0375167,7235.55,00060
09313520,"PRICE RIVER BELOW GOLF COURSE NEAR HELPER, UT",39.6373833,-110.8577722,5640,00060
09314500,"PRICE RIVER AT WOODSIDE, UT",39.26444444,-110.3427778,4610.61,00060
09315000,"GREEN RIVER AT GREEN RIVER, UT",38.9860831,-110.1512475,4043.61,00060
09319000,"EPHRAIM TUNNEL NEAR EPHRAIM, UT",39.3296855,-111.4315745, 9694.90,00060
09326500,"FERRON CREEK (UPPER STATION) NEAR FERRON, UT",39.1049972,-111.2289917,6290.26,00060
09328500,"SAN RAFAEL RIVER NEAR GREEN RIVER, UT",38.8583081,-110.3701469,4180.95,00060
09328910,"SAN RAFAEL RIVER AT MOUTH NEAR GREEN RIVER, UT",38.7577611,-110.1435278,4002.38,00060
09328920,GREEN RIVER AT MINERAL BOTTOM NR CYNLNDS NTL PARK,38.52402778,-109.9944167,3928.76,00060
09328960,"COLORADO RIVER AT GYPSUM CANYON NEAR HITE, UT",38.01001944,-110.0735389,3600,00060
09329050,"SEVEN MILE CREEK NEAR FISH LAKE, UT",38.62775234,-111.6479647,9005.79,00060
09330000,"FREMONT RIVER NEAR BICKNELL, UT",38.3069248,-111.5187917,6888.28,00060
09330500,"MUDDY CREEK NEAR EMERY, UT",38.99105556,-111.253886,6505.49,00060
09332100,"MUDDY CREEK BL I-70 NR EMERY, UTAH",38.8125833,-111.20025, 5630,00060
09333500,DIRTY DEVIL R AB POISON SP WSH NR HANKSVILLE UT,38.0971222,-110.4074167,3826.73,00060
09337000,"PINE CREEK NEAR ESCALANTE, UT",37.86248747,-111.6360113,6401.31,00060
09337500,"ESCALANTE RIVER NEAR ESCALANTE, UT",37.77804389,-111.5746181,5664.43,00060
09378170,"SOUTH CREEK ABOVE RESERVOIR NEAR MONTICELLO, UT",37.8466608,-109.3695625,7164.57,00060
09378630,"RECAPTURE CREEK NEAR BLANDING, UT",37.7555504,-109.476511, 7200.00,00060
09379250,"CHINLE CREEK AT MOUTH NEAR BLUFF,  UTAH",37.19991667,-109.7106389,4214.81,00060
09379500,"SAN JUAN RIVER NEAR BLUFF, UT",37.15067778,-109.8666889,4046.22,00060
09381800,"PARIA RIVER NEAR KANAB, UTAH",37.10748428,-111.9060102,4348.60,00060
09403600,"KANAB CREEK NEAR KANAB, UT",37.10054059,-112.5479827,5049.43,00060
09404450,"EAST FORK VIRGIN RIVER NEAR GLENDALE, UT",37.3394272,-112.6043769,5872.07,00060
09404900,"EAST FORK VIRGIN RIVER NEAR SPRINGDALE, UT",37.16414955,-112.9585499,3931.22,00060
09405500,"NORTH FORK VIRGIN RIVER NEAR SPRINGDALE, UT",37.2097046,-112.9785512,3957.92,00060
09406000,"VIRGIN RIVER AT VIRGIN, UT",37.2041494,-113.1807789,3495.73,00060
09406100,"VIRGIN RIVER AB LA VERKIN CREEK NR LA VERKIN, UT",37.1969272,-113.285226,2985.28,00060
09408000,"LEEDS CREEK NEAR LEEDS, UT",37.26748174,-113.3707839,4002.46,00060
09408135,"VIRGIN RIVER AB QUAIL CREEK NEAR HURRICANE, UT",37.19248238,-113.3532832,2822.43,00060
09408150,"VIRGIN RIVER NEAR HURRICANE, UT",37.16276007,-113.3952285,2739.42,00060
09408195,"FORT PEARCE WASH NEAR ST. GEORGE, UT",37.00164939,-113.4688407,2791.35,00060
09408400,"SANTA CLARA RIVER NEAR PINE VALLEY, UT",37.38331325,-113.483288,6624.05,00060
09409100,"SANTA CLARA RIVER ABV BAKER RES, NR CENTRAL, UT",37.38470108,-113.6319052,4882.44,00060
09410100,"SANTA CLARA RIV BLW WINSOR DAM, NR SANTA CLARA, UT",37.19,-113.7680556,3194.80,00060
09413000,"SANTA CLARA RIVER AT ST. GEORGE, UT",37.07525867,-113.5930125,2545.14,00060
09413200,"VIRGIN RIVER NEAR BLOOMINGTON, UT",37.07,-113.5838889,2511.34,00060
09413500,"VIRGIN RIVER NEAR ST. GEORGE, UT",37.0144243,-113.6805163,2401.58,00060
09413900,"BEAVER DAM WASH NEAR ENTERPRISE, UT",37.46996127,-114.0466483,4740.53,00060
10011500,BEAR RIVER NEAR UTAH-WYOMING STATE LINE,40.9652079,-110.853539,7961.25,00060
10023000,"BIG CREEK NEAR RANDOLPH, UT",41.60994177,-111.2540876,6410.38,00060
10102200,CUB R NR RICHMOND UTAH,41.92631619,-111.8535584, 4460.00,00060
10105900,"LITTLE BEAR RIVER AT PARADISE, UT",41.5754898,-111.8552203,4742.67,00060
10108400,"CACHE HIGHLINE CANAL NEAR LOGAN, UTAH",41.743375,-111.762061,4861.05,00060
10109000,"LOGAN RIVER ABOVE STATE DAM, NEAR LOGAN, UT",41.74355,-111.7839806,4681.80,00060
10109001,COM F LOGAN R AB ST D AND CACHE HL CAN NR LOGAN UT,41.74437546,-111.7843867, 4680.00,00060
10113500,"BLACKSMITH FORK AB UP and L CO.'S DAM NR HYRUM, UT",41.62400556,-111.7361639,5020.52,00060
10118000,"BEAR RIVER NEAR COLLINSTON, UT",41.8340793,-112.0552524, 4276.13,00060
10126000,"BEAR RIVER NEAR CORINNE, UT",41.5763213,-112.100782,4206.78,00060
10128500,"WEBER RIVER NEAR OAKLEY, UT",40.7371721,-111.2479652,6637.22,00060
10129300,"WEBER RIVER NEAR PEOA, UTAH",40.75105998,-111.3704716,6052.38,00060
10129500,"WEBER RIVER NEAR WANSHIP, UT",40.79272607,-111.404918,5894.02,00060
10129900,"SILVER CREEK NEAR SILVER CREEK JUNCTION, UT",40.73522634,-111.4760313,6443.93,00060
10130500,"WEBER RIVER NEAR COALVILLE, UT",40.89522527,-111.4018633,5604.38,00060
10131000,"CHALK CREEK AT COALVILLE, UT",40.92050285,-111.4015858,5561.43,00060
10132000,"WEBER RIVER AT ECHO, UT",40.9677245,-111.437699,5442.15,00060
10132500,"LOST CREEK NEAR CROYDON, UTAH",41.18068056,-111.4004583,5825.52,00060
10133550,"WEBER RIVER AT MORGAN, UTAH",41.0403611,-111.6654889,5069,00060
10133600,"MCLEOD CREEK NEAR PARK CITY, UT",40.68803889,-111.5337194,6578.38,00060
10133650,"E CANYON CR BL I-80 REST STOP NR PARK CITY, UT",40.7238375,-111.5196438,6363.22,00060
10133800,"EAST CANYON CREEK NEAR JEREMY RANCH, UT",40.75966979,-111.5640912,6237.48,00060
10133980,"EAST CANYON CREEK AB EAST CYN RES NR MORGAN, UTAH",40.8695861,-111.5866222,5736.29,00060
10134500,"EAST CANYON CREEK NEAR MORGAN, UT",40.92244629,-111.6071504,5470.75,00060
10136500,"WEBER RIVER AT GATEWAY, UT",41.1368878,-111.8324384,4794.09,00060
10136600,"WEBER RIVER AT I-84 AT UINTAH, UT",41.1370833,-111.9195556,4504.28,00060
10137000,"WEBER RIVER AT OGDEN, UTAH",41.2270833,-111.9872917,4277.93,00060
10137300,"SOUTH FK OGDEN R BL CAUSEY RES NR HUNTSVILLE, UTAH",41.29615278,-111.5914167,5491.90,00060
10137500,"SOUTH FORK OGDEN RIVER NEAR HUNTSVILLE, UT",41.26855226,-111.6741004,5181.50,00060
10140100,"OGDEN RIVER BL PINEVIEW RES NR HUNTSVILLE, UT",41.254387,-111.8557727,4783.20,00060
10140700,"OGDEN RIVER NR GIBSON AVENUE AT OGDEN, UT",41.23181944,-111.9844972,4274.48,00060
10141000,"WEBER RIVER NEAR PLAIN CITY, UT",41.2782765,-112.0918866,4200.22,00060
10141100,"SOUTH FORK WEBER RIVER NEAR HOOPER, UTAH",41.1786,-112.1763889, 4208.00,00060
10141200,"NORTH FORK WEBER RIVER NEAR HOOPER, UTAH",41.22135556,-112.1813472, 4210.00,00060
10141450,"KAYS CREEK NEAR LAYTON, UTAH",41.0408861,-111.9966694,4235.34,00060
10142000,"FARMINGTON CR ABV DIV NR FARMINGTON, UTAH",41.00133317,-111.8732724,5043.27,00060
10145400,"SALT CRK BL NEPHI POWERPLANT DIV NR NEPHI, UT",39.7171797,-111.7335396,5746.93,00060
10146000,"SALT CREEK AT NEPHI, UT",39.71301186,-111.8043759,5282.50,00060
10146400,"CURRANT CREEK NEAR MONA, UT",39.80259167,-111.8668806,4883.72,00060
10147100,SUMMIT CREEK ABV SUMMIT CR CANAL NR SANTAQUIN UT,39.9444722,-111.7748889,5351.48,00060
10149000,"SIXTH WATER CRK AB SYAR TUN NR SPRINGVILLE, UT",40.11801206,-111.3146215,6320.81,00060
10149400,"DIAMOND FORK ABV RED HOLLOW NR THISTLE, UT",40.07627778,-111.3826389,5377.20,00060
10149500,"DIAMOND FORK BELOW RED HOLLOW, NEAR THISTLE, UT",40.0785676,-111.4096276, 5300.00,00060
10150500,"SPANISH FORK AT CASTILLA, UT",40.0496781,-111.5479705,4869.97,00060
10153100,"HOBBLE CREEK AT 1650 WEST AT SPRINGVILLE, UTAH",40.1788719,-111.639338,4496.72,00060
10154200,"PROVO RIVER NEAR WOODLAND, UT",40.5577278,-111.1687838,6958.30,00060
10155000,"PROVO RIVER NEAR HAILSTONE, UT",40.6051111,-111.3145278,6282.83,00060
10155200,"PROVO RIV AT RIV ROAD BRIDGE NR HEBER CITY, UT",40.55439805,-111.4332426,5691.59,00060
10155500,"PROVO RIVER NEAR CHARLESTON, UT",40.4841221,-111.4635198,5427.04,00060
10156000,"SNAKE CREEK NEAR CHARLESTON, UT",40.4852332,-111.4671312,5426.64,00060
10157500,"DANIELS CREEK AT CHARLESTON, UT",40.46078909,-111.472687,5419.00,00060
10163000,"PROVO RIVER AT PROVO, UT",40.23925556,-111.7111944,4493.22,00060
10164500,"AMERICAN FK AB UPPER POWERPLANT NR AMERICAN FK, UT",40.4477297,-111.6821472,5937.21,00060
10165600,"DRY CREEK AT 300 N, AT ALPINE, UT",40.4571722,-111.7683722,4981.46,00060
10166430,"WEST CANYON CREEK NEAR CEDAR FORT, UT",40.4052063,-112.1005142,5628.62,00060
10168000,LITTLE COTTONWOOD CREEK @ JORDAN RIVER NR SLC,40.66430556,-111.898861,4254.24,00060
10170500,"SURPLUS CANAL @ SALT LAKE CITY, UT",40.72755556,-111.927361, 4216.71,00060
10171000,"JORDAN RIVER @ 1700 SOUTH @ SALT LAKE CITY, UT",40.73355737,-111.9232703,4222.64,00060
10172200,"RED BUTTE CREEK AT FORT DOUGLAS, NEAR SLC, UT",40.77994627,-111.806045,5403.38,00060
10172600,"JORDAN RIVER @ CUDAHY LANE NR SALT LAKE CITY, UT",40.84734444,-111.9540278,4215,00060
10172630,GOGGIN DRAIN NEAR MAGNA UTAH,40.81661107,-112.1007767,4194.01,00060
10172640,"LEE CREEK NEAR MAGNA, UT",40.78085278,-112.1385944, 4205.00,00060
10172700,"VERNON CREEK NEAR VERNON, UT",39.97939105,-112.3802297,6207.07,00060
10172727,"FAUST CREEK NEAR VERNON, UT",40.16050085,-112.4310639,5255.63,00060
10172765,"CLOVER CREEK ABOVE BIG HOLLOW, NEAR CLOVER, UT",40.33494346,-112.5282894, 5660.00,00060
10172800,"SOUTH WILLOW CREEK NEAR GRANTSVILLE, UT",40.496313,-112.5744182, 6334.75,00060
10172870,"TROUT CREEK NEAR CALLAO, UT",39.74410784,-113.8899945,6332.16,00060
10172952,"DUNN CREEK NEAR PARK VALLEY, UT",41.85851438,-113.3272356,6278.22,00060
10173450,"MAMMOTH CREEK ABV WEST HATCH DITCH, NEAR HATCH, UT",37.6227572,-112.5168773,7285.74,00060
10174500,"SEVIER RIVER AT HATCH, UT",37.65109086,-112.4302069,6871.58,00060
10183500,"SEVIER RIVER NEAR KINGSTON, UT",38.20609038,-112.2077024,5989.02,00060
10189000,"EAST FORK SEVIER RIVER NEAR KINGSTON, UT",38.19636955,-112.1477005,6159.54,00060
10194200,"CLEAR CREEK ABOVE DIVERSIONS, NEAR SEVIER, UT",38.5794169,-112.2885399,5677.01,00060
10205030,"SALINA CREEK NEAR EMERY, UT",38.9119141,-111.5304654,6988.84,00060
10215900,"MANTI CREEK BLW DUGWAY CREEK, NR MANTI, UT",39.25912877,-111.579916,6505.44,00060
10217000,"SEVIER RIV BLW SAN PITCH RIV NR GUNNISON, UT",39.1552387,-111.877705,5029.08,00060
10219000,"SEVIER RIVER NEAR JUAB, UT",39.37468029,-112.0396557,4930.86,00060
10224000,"SEVIER RIVER NEAR LYNNDYL, UT",39.48189754,-112.3938338,4670.65,00060
10234500,"BEAVER RIVER NEAR BEAVER, UT",38.2798,-112.568286,6203.51,00060
10242000,"COAL CREEK NEAR CEDAR CITY, UT",37.67219924,-113.0346702,5983.01,00060
411403112200801,BEAR RIVER BAY OUTFLOW AT GSL MINERALS CORP BRIDGE,41.27138889,-112.356111, 4194.,00060
01133000,"EAST BRANCH PASSUMPSIC RIVER NEAR EAST HAVEN, VT",44.63394195,-71.8975942, 943.34,00060
01134500,"MOOSE RIVER AT VICTORY, VT",44.5117231,-71.8373143, 1103.46,00060
01135100,"POPE BROOK TRIBUTARY (W-9), NR NORTH DANVILLE, VT",44.49061087,-72.1617667, 1720.57,00060
01135150,"POPE BROOK (SITE W-3) NEAR NORTH DANVILLE, VT",44.47616707,-72.1245431, 1141.03,00060
01135300,"SLEEPERS RIVER (SITE W-5) NEAR ST. JOHNSBURY, VT",44.4353353,-72.03842899, 641.27,00060
01135500,"PASSUMPSIC RIVER AT PASSUMPSIC, VT",44.3656147,-72.0392613, 487.79,00060
01138500,"CONNECTICUT RIVER AT WELLS RIVER, VT",44.15339689,-72.0417577, 399.37,00060
01139000,"WELLS RIVER AT WELLS RIVER, VT",44.1503413,-72.0650915, 505.20,00060
01139800,"EAST ORANGE BRANCH AT EAST ORANGE, VT",44.0928419,-72.33565327, 1177.59,00060
01141500,"OMPOMPANOOSUC RIVER AT UNION VILLAGE, VT",43.79008627,-72.2549322,404.64,00060
01142500,"AYERS BROOK AT RANDOLPH, VT",43.93450969,-72.6578821, 630.13,00060
01144000,"WHITE RIVER AT WEST HARTFORD, VT",43.71423614,-72.418149, 374.32,00060
01150900,"OTTAUQUECHEE RIVER NEAR WEST BRIDGEWATER, VT",43.62229069,-72.7589899, 1148.59,00060
01151500,"OTTAUQUECHEE RIVER AT NORTH HARTLAND, VT",43.60257077,-72.35425819, 350.27,00060
01153000,"BLACK RIVER AT NORTH SPRINGFIELD, VT",43.33340716,-72.51481258, 445.36,00060
01153550,WILLIAMS RIVER NEAR ROCKINGHAM VT,43.1917433,-72.48508889, 303.26,00060
01155500,"WEST RIVER AT JAMAICA, VT",43.1089665,-72.775374, 660.63,00060
01155910,"WEST RIVER BELOW TOWNSHEND DAM NEAR TOWNSHEND, VT",43.0511901,-72.7000939, 452.11,00060
01334000,"WALLOOMSAC RIVER NEAR NORTH BENNINGTON, VT",42.91285604,-73.2564981, 525.44,00060
04280000,"POULTNEY RIVER BELOW FAIR HAVEN, VT",43.6242324,-73.3115011, 102.37,00060
04282000,"OTTER CREEK AT CENTER RUTLAND, VT",43.6036792,-73.0131628, 474.35,00060
04282500,"OTTER CREEK AT MIDDLEBURY, VT",44.01311488,-73.1678954, 335.36,00060
04282525,"NEW HAVEN RIVER @ BROOKSVILLE, NR MIDDLEBURY, VT",44.0617249,-73.17067429, 239.29,00060
04282538,"LEMON FAIR R BLW SHACKSBORO RD, NR SHOREHAM, VT",43.9111111,-73.2753111,163.14,00060
04282581,"EAST BR DEAD CREEK NEAR BRIDPORT, VT",44.0286111,-73.32063889, 99.48,00060
04282586,"WEST BR DEAD CREEK NEAR ADDISON, VT",44.04916667,-73.3541667, 100.56,00060
04282629,"LITTLE OTTER CK AT MONKTON RD, NR FERRISBURGH, VT",44.185725,-73.1848694, 236.62,00060
04282650,"LITTLE OTTER CREEK AT FERRISBURG, VT",44.19810987,-73.2490117, 146.81,00060
04282780,"LEWIS CREEK AT NORTH FERRISBURG, VT",44.24922015,-73.22845688, 117.60,00060
04282795,"LAPLATTE RIVER AT SHELBURNE FALLS, VT",44.3700512,-73.2162367, 147.40,00060
04285500,"NORTH BRANCH WINOOSKI RIVER AT WRIGHTSVILLE, VT",44.29950278,-72.57872119, 549.04,00060
04286000,"WINOOSKI RIVER AT MONTPELIER, VT",44.25672595,-72.59344318, 499.87,00060
04287000,"DOG RIVER AT NORTHFIELD FALLS, VT",44.1825606,-72.6406655, 602.42,00060
04288000,"MAD RIVER NEAR MORETOWN, VT",44.2772802,-72.7426163, 543.67,00060
04288225,"W BRANCH LITTLE R ABV BINGHAM FALLS NEAR STOWE, VT",44.52338556,-72.7717885, 1357.94,00060
04288230,"RANCH BROOK AT RANCH CAMP, NEAR STOWE, VT",44.5039413,-72.7817883, 1296.26,00060
04288295,"LITTLE RIVER NEAR STOWE, VT",44.4425,-72.7244444, 608.06,00060
04289000,"LITTLE RIVER NEAR WATERBURY, VT",44.37033339,-72.7687298, 427.62,00060
04290500,"WINOOSKI RIVER NEAR ESSEX JUNCTION, VT",44.47893867,-73.1387381, 191.17,00060
04292000,"LAMOILLE RIVER AT JOHNSON, VT",44.6228287,-72.6762308, 506.10,00060
04292500,"LAMOILLE RIVER AT EAST GEORGIA, VT",44.67921477,-73.0726365, 288.90,00060
04292750,"MILL RIVER AT GEORGIA SHORE RD, NR ST ALBANS, VT",44.7797674,-73.1437467, 117.95,00060
04292810,"JEWETT BROOK AT VT 38, NEAR ST. ALBANS, VT",44.8561111,-73.1508333, 111.53,00060
04293000,"MISSISQUOI RIVER NEAR NORTH TROY, VT",44.97282337,-72.38538628, 581.38,00060
04293500,"MISSISQUOI RIVER NEAR EAST BERKSHIRE, VT",44.96004599,-72.696521, 402.51,00060
04294000,"MISSISQUOI RIVER AT SWANTON, VT",44.91670937,-73.1284645, 106.9,00060
04294140,"ROCK RIVER NEAR HIGHGATE CENTER, VT",44.96305556,-72.9919444, 229.47,00060
04294300,"PIKE RIVER AT EAST FRANKLIN, NR ENOSBURG FALLS, VT",45.00282217,-72.83346858, 397.54,00060
04296000,"BLACK RIVER AT COVENTRY, VT",44.8689363,-72.2701041, 709.74,00060
04296280,"BARTON RIVER NEAR COVENTRY, VT",44.87138889,-72.2005556, 679.69,00060
04296500,"CLYDE RIVER AT NEWPORT, VT",44.94032449,-72.1892684, 681.82,00060
01613900,"HOGUE CREEK NEAR HAYFIELD, VA",39.2145479,-78.2880592, 688.3,00060
01615000,"OPEQUON CREEK NEAR BERRYVILLE, VA",39.1747222,-78.0783333, 502.48,00060
01616100,"DRY MARSH RUN NEAR BERRYVILLE, VA",39.19259167,-78.0686306, 500.50,00060
01620500,"NORTH RIVER NEAR STOKESVILLE, VA",38.335,-79.2391667, 2050.67,00060
01621050,"MUDDY CREEK AT MOUNT CLINTON, VA",38.48679008,-78.96030749, 1360.27,00060
01622000,"NORTH RIVER NEAR BURKETOWN, VA",38.3404051,-78.9136385, 1102.9,00060
01625000,"MIDDLE RIVER NEAR GROTTOES, VA",38.26179616,-78.8619703, 1060.9,00060
01626000,"SOUTH RIVER NEAR WAYNESBORO, VA",38.0576362,-78.90807949, 1295.5,00060
01626850,"SOUTH RIVER NEAR DOOMS, VA",38.08874648,-78.8769683, 1246.0,00060
01627500,"SOUTH RIVER AT HARRISTON, VA",38.21874208,-78.8366915, 1129.2,00060
01628500,"S F SHENANDOAH RIVER NEAR LYNNWOOD, VA",38.32262796,-78.7547457, 1001.74,00060
01629500,"S F SHENANDOAH RIVER NEAR LURAY, VA",38.6462305,-78.5347329, 721.2,00060
01631000,"S F SHENANDOAH RIVER AT FRONT ROYAL, VA",38.91400059,-78.21083388, 468.69,00060
01632000,"N F SHENANDOAH RIVER AT COOTES STORE, VA",38.63706254,-78.852803, 1050.79,00060
01632082,"LINVILLE CREEK AT BROADWAY, VA",38.60678588,-78.803357, 1029.2,00060
01632900,"SMITH CREEK NEAR NEW MARKET, VA",38.69345016,-78.6427935, 880.84,00060
01633000,"N F SHENANDOAH RIVER AT MOUNT JACKSON, VA",38.74567048,-78.6389042, 837.8,00060
01634000,"N F SHENANDOAH RIVER NEAR STRASBURG, VA",38.9767759,-78.3361152, 493.31,00060
01634500,"CEDAR CREEK NEAR WINCHESTER, VA",39.0812176,-78.3294486, 646.2,00060
01635500,"PASSAGE CREEK NEAR BUCKTON, VA",38.95816564,-78.2666685, 524.6,00060
01636316,"SPOUT RUN AT RT 621 NEAR MILLWOOD, VA",39.067025,-78.0037528, 429.57,00060
01636690,"PINEY RUN NEAR LOVETTSVILLE, VA",39.3108333,-77.7185, 396.95,00060
01638350,"S F CATOCTIN CREEK AT RT 698 NEAR WATERFORD, VA",39.1911111,-77.6154444, 336.02,00060
01638420,"N F CATOCTIN CREEK AT RT 681 NEAR WATERFORD, VA",39.205,-77.62388889, 325.72,00060
01638480,"CATOCTIN CREEK AT TAYLORSTOWN, VA",39.25510206,-77.5763778, 246.8,00060
01643590,"LIMESTONE BRANCH NEAR LEESBURG, VA",39.1676111,-77.5359167, 220.64,00060
01643700,"GOOSE CREEK NEAR MIDDLEBURG, VA",38.98649818,-77.7966614, 327.34,00060
01643805,"N F GOOSE CREEK AT RT 729 NEAR LINCOLN, VA",39.07230556,-77.6839444, 294.96,00060
01643880,"BEAVERDAM CREEK AT RT 734 NEAR MOUNTVILLE, VA",39.0377222,-77.72225, 305.91,00060
01644000,"GOOSE CREEK NEAR LEESBURG, VA",39.01955309,-77.5774918, 247.96,00060
01644280,"BROAD RUN NEAR LEESBURG, VA",39.04641667,-77.43238889, 194.24,00060
01645704,"DIFFICULT RUN ABOVE FOX LAKE NEAR FAIRFAX, VA",38.88469518,-77.3324293, 288.1,00060
01645762,"S F LITTLE DIFFICULT RUN ABOVE MOUTH NR VIENNA, VA",38.90888916,-77.3382627, 275.16,00060
0164578734,"SNAKEDEN BRANCH ABOVE LAKE AUDUBON AT RESTON, VA",38.9296611,-77.34113889, 304.7,00060
0164579522,"THE GLADE NEAR HOWLAND DRIVE AT RESTON, VA",38.9256,-77.32933889, 291.5,00060
01646000,"DIFFICULT RUN NEAR GREAT FALLS, VA",38.97594346,-77.24581439, 150.94,00060
01646305,"DEAD RUN AT WHANN AVENUE NEAR MCLEAN, VA",38.95977716,-77.1756743, 177.18,00060
01652090,"FOUR MILE RUN AT HWY 29 AT FALLS CHURCH, VA",38.8863,-77.1635,289,00060
01652500,"FOURMILE RUN AT ALEXANDRIA, VA",38.8433333,-77.0858611, 27.66,00060
01652620,"TRIPPS RUN AT FALLS CHURCH, VA",38.87944444,-77.1791667,268.40,00060
01653000,"CAMERON RUN AT ALEXANDRIA, VA",38.8044466,-77.10558989, 22.5,00060
01654000,"ACCOTINK CREEK NEAR ANNANDALE, VA",38.81289066,-77.2283158, 190.6,00060
01654107,"LONG BRANCH AT OLLEY LANE NR FAIRFAX, VA",38.8246,-77.2667, 293.63,00060
01654500,"LONG BRANCH NEAR ANNANDALE, VA",38.81358508,-77.2364549, 203.39,00060
01654670,"ACCOTINK CREEK AT KEENE MILL RD AT SPRINGFIELD, VA",38.7751822,-77.20324308,139.84,00060
01656000,"CEDAR RUN NEAR CATLETT, VA",38.63678689,-77.6249897, 198.5,00060
01656903,"FLATLICK BRANCH ABOVE FROG BRANCH AT CHANTILLY, VA",38.8823899,-77.4319047, 256.8,00060
01658500,"S F QUANTICO CREEK NEAR INDEPENDENT HILL, VA",38.5873427,-77.4285958, 237.83,00060
01660400,"AQUIA CREEK NEAR GARRISONVILLE, VA",38.49040138,-77.4335942, 119.68,00060
01662800,"BATTLE RUN NEAR LAUREL MILLS, VA",38.65567564,-78.0738869, 373.5,00060
01663500,"HAZEL RIVER AT RIXEYVILLE, VA",38.59178867,-77.9649962, 287.74,00060
01664000,"RAPPAHANNOCK RIVER AT REMINGTON, VA",38.5305957,-77.8135912, 251.9,00060
01665500,"RAPIDAN RIVER NEAR RUCKERSVILLE, VA",38.28068606,-78.340007, 438.9,00060
01666500,"ROBINSON RIVER NEAR LOCUST DALE, VA",38.32513047,-78.0955557, 282.64,00060
01667500,"RAPIDAN RIVER NEAR CULPEPER, VA",38.35040774,-77.9749972, 240.30,00060
01668000,"RAPPAHANNOCK RIVER NEAR FREDERICKSBURG, VA",38.30846178,-77.52915268, 63.69,00060
01669000,"PISCATAWAY CREEK NEAR TAPPAHANNOCK, VA",37.8770819,-76.900521, -0.6,00060
01669520,"DRAGON SWAMP AT MASCOT, VA",37.6337529,-76.6963468, 20.3,00060
016701405,"N ANNA RIVER AT RT 669 NR MONROVIA, VA",38.139,-78.00673889,260,00060
01670200,"PAMUNKEY CREEK AT RT 651 NEAR LAHORE, VA",38.1545801,-77.9502747,,00060
01670400,"NORTH ANNA RIVER NEAR PARTLOW, VA",38.01291599,-77.7011007, 167.45,00060
01671020,"NORTH ANNA RIVER AT HART CORNER NEAR DOSWELL, VA",37.85014024,-77.42775949, 38.3,00060
01671100,"LITTLE RIVER NEAR DOSWELL, VA",37.8726401,-77.5130392, 131.4,00060
01671200,"SOUTH ANNA RIVER NEAR GORDONSVILLE, VA",38.1237471,-78.2052814,,00060
01672500,"SOUTH ANNA RIVER NEAR ASHLAND, VA",37.796809,-77.5488744, 82.70,00060
01673000,"PAMUNKEY RIVER NEAR HANOVER, VA",37.76764189,-77.3322018, 13.88,00060
01673550,"TOTOPOTOMOY CREEK NEAR STUDLEY, VA",37.6626434,-77.2577548, 37.3,00060
0167357970,"MONCUIN CREEK BELOW US HWY 360 NEAR MANQUIN, VA",37.71225,-77.1463611, 33.69,00060
01673800,"PO RIVER NEAR SPOTSYLVANIA, VA",38.1715215,-77.5947095, 182.3,00060
01674000,"MATTAPONI RIVER NEAR BOWLING GREEN, VA",38.061801,-77.3858142, 84.33,00060
01674182,"POLECAT CREEK AT ROUTE 301 NEAR PENOLA, VA",37.9603333,-77.3434444, 67.11,00060
01674500,"MATTAPONI RIVER NEAR BEULAHVILLE, VA",37.88388889,-77.16527778, 11.47,00060
02011400,"JACKSON RIVER NEAR BACOVA, VA",38.04234707,-79.8814439, 1639.07,00060
02011460,"BACK CREEK NEAR SUNRISE, VA",38.24540129,-79.76866328, 2199.81,00060
02011470,"BACK CREEK AT SUNRISE, VA",38.19040156,-79.81172, 1968.26,00060
02011490,"LITTLE BACK CREEK NEAR SUNRISE, VA",38.21456767,-79.8375546, 2638.29,00060
02011500,"BACK CREEK NEAR MOUNTAIN GROVE, VA",38.0695688,-79.8970003, 1701.33,00060
02011800,"JACKSON RIVER BL GATHRIGHT DAM NR HOT SPGS, VA",37.94845825,-79.94922369, 1399.51,00060
02013000,"DUNLAP CREEK NEAR COVINGTON, VA",37.8029022,-80.0470043, 1294.29,00060
02013100,"JACKSON RIVER BL DUNLAP CREEK AT COVINGTON, VA",37.7887362,-80.00061319, 1205.94,00060
02014000,"POTTS CREEK NEAR COVINGTON, VA",37.72901408,-80.0422802, 1273.48,00060
02015700,"BULLPASTURE RIVER AT WILLIAMSVILLE, VA",38.19540308,-79.57032338, 1610.00,00060
02016000,"COWPASTURE RIVER NEAR CLIFTON FORGE, VA",37.79179587,-79.7594917, 1007.02,00060
02016500,"JAMES RIVER AT LICK RUN, VA",37.77374009,-79.7844925, 977.63,00060
02017500,"JOHNS CREEK AT NEW CASTLE, VA",37.5062397,-80.106715, 1254.1,00060
02018000,"CRAIG CREEK AT PARR, VA",37.66596174,-79.9114388, 992.17,00060
02018500,"CATAWBA CREEK NEAR CATAWBA, VA",37.46818624,-80.00532199, 1299.69,00060
02019500,"JAMES RIVER AT BUCHANAN, VA",37.53068995,-79.6789281, 802.10,00060
02020500,"CALFPASTURE RIVER ABOVE MILL CREEK AT GOSHEN, VA",37.98790619,-79.49365288, 1382.3,00060
02021500,"MAURY RIVER AT ROCKBRIDGE BATHS, VA",37.90735266,-79.42198289, 1099.78,00060
02022500,"KERRS CREEK NEAR LEXINGTON, VA",37.82568687,-79.4430938, 980.8,00060
02024000,"MAURY RIVER NEAR BUENA VISTA, VA",37.76263275,-79.3914251, 845.74,00060
02024752,"JAMES RIVER AT BLUE RIDGE PKWY NR BIG ISLAND, VA",37.55541524,-79.3672547, 600.14,00060
02024915,"PEDLAR RIVER AT FOREST ROAD NEAR BUENA VISTA, VA",37.6975,-79.2783333, 1057.2,00060
02025500,"JAMES RIVER AT HOLCOMB ROCK, VA",37.5012508,-79.2625287, 547.83,00060
02025652,"HARRIS CREEK BELOW ROUTE 130 NEAR MONROE, VA",37.48527778,-79.1666667, 608.74,00060
02026000,"JAMES RIVER AT BENT CREEK, VA",37.5362539,-78.8294611, 380.41,00060
02027000,"TYE RIVER NEAR LOVINGSTON, VA",37.71541868,-78.981691, 574.6,00060
02027500,"PINEY RIVER AT PINEY RIVER, VA",37.7023625,-79.0275254, 630.8,00060
02028500,"ROCKFISH RIVER NEAR GREENFIELD, VA",37.86958499,-78.8233543, 527.6,00060
02029000,"JAMES RIVER AT SCOTTSVILLE, VA",37.7973651,-78.491398, 252.47,00060
02030000,"HARDWARE RIVER BL BRIERY RUN NR SCOTTSVILLE, VA",37.81264259,-78.4552862, 295.1,00060
02030500,"SLATE RIVER NEAR ARVONIA, VA",37.70292198,-78.37750429, 237.6,00060
02031000,"MECHUMS RIVER NEAR WHITE HALL, VA",38.10263608,-78.5927935, 428.9,00060
02032250,"MOORMANS RIVER NEAR FREE UNION, VA",38.1406902,-78.5558478, 402.6,00060
02032515,"S F RIVANNA RIVER NEAR CHARLOTTESVILLE, VA",38.10180306,-78.4605666, 327.80,00060
02032640,"N F RIVANNA RIVER NEAR EARLYSVILLE, VA",38.1634674,-78.4247323, 363.2,00060
02034000,"RIVANNA RIVER AT PALMYRA, VA",37.8579192,-78.2658373, 209.69,00060
02035000,"JAMES RIVER AT CARTERSVILLE, VA",37.67097957,-78.0858328, 167.1,00060
02036500,"FINE CREEK AT FINE CREEK MILLS, VA",37.59792515,-77.819718, 155.7,00060
02037000,"JAMES RIVER AND KANAWHA CANAL NEAR RICHMOND, VA",37.5645912,-77.5741546, 105.1,00060
02037500,"JAMES RIVER NEAR RICHMOND, VA",37.5632022,-77.5469314, 98.04,00060
02038850,"HOLIDAY CREEK NEAR ANDERSONVILLE, VA",37.41542434,-78.6358392, 472.1,00060
02039000,"BUFFALO CREEK NEAR HAMPDEN SYDNEY, VA",37.25709664,-78.4863841, 338.8,00060
02039500,"APPOMATTOX RIVER AT FARMVILLE, VA",37.3070965,-78.388607, 281.1,00060
02040000,"APPOMATTOX RIVER AT MATTOAX, VA",37.42153845,-77.8588876, 173.6,00060
02040892,"APPOMATTOX RIVER AT ROUTE 602 NEAR MANNBORO, VA",37.31805556,-77.8016667, 160.66,00060
02041000,"DEEP CREEK NEAR MANNBORO, VA",37.28320595,-77.869722, 176.3,00060
02041650,"APPOMATTOX RIVER AT MATOACA, VA",37.2251505,-77.475263, 67.10,00060
02042500,"CHICKAHOMINY RIVER NEAR PROVIDENCE FORGE, VA",37.43625765,-77.0608027, 4.77,00060
0204309906,"CONVEYANCE CHAN AT RAMSGATE LN NR GREAT BRIDGE, VA",36.69064444,-76.2123167, 12.3,00060
02044500,"NOTTOWAY RIVER NEAR RAWLINGS, VA",36.9834822,-77.7997188, 173.81,00060
02045320,"NOTTOWAY RIVER AT ROUTE 609 NEAR MCKENNEY, VA",36.9011111,-77.6736111, 144.79,00060
02045500,"NOTTOWAY RIVER NEAR STONY CREEK, VA",36.90014978,-77.3996996, 57.4,00060
02046000,"STONY CREEK NEAR DINWIDDIE, VA",37.0670942,-77.602489, 128.86,00060
02047000,"NOTTOWAY RIVER NEAR SEBRELL, VA",36.7704276,-77.1660778, 4.64,00060
02047370,"NOTTOWAY RIVER NEAR RIVERDALE, VA",36.56681864,-76.9444058, 0.00,00060
02047500,"BLACKWATER RIVER NEAR DENDRON, VA",37.0251499,-76.8746824, 0.00,00060
02047783,"BLACKWATER RIVER AT ROUTE 620 NEAR ZUNI, VA",36.90653868,-76.81995939, 0.00,00060
02049500,"BLACKWATER RIVER NEAR FRANKLIN, VA",36.7626499,-76.89829369, 0.00,00060
02050000,"BLACKWATER RIVER AT HWYS 58/258 AT FRANKLIN, VA",36.68042849,-76.918294, 0.00,00060
02051000,"NORTH MEHERRIN RIVER NEAR LUNENBURG, VA",36.9973738,-78.3497182, 333.82,00060
02051190,"MEHERRIN RIVER AT RT 637 NEAR SOUTH HILL, VA",36.78694444,-78.1175, 190.72,00060
02051500,"MEHERRIN RIVER NEAR LAWRENCEVILLE, VA",36.71681395,-77.8316582, 135.4,00060
02052000,"MEHERRIN RIVER AT EMPORIA, VA",36.69014954,-77.5405364, 66.03,00060
02052090,"MEHERRIN RIVER NEAR BRYANTS CORNER, VA",36.57,-77.36138889, 29.52,00060
02053800,"S F ROANOKE RIVER NEAR SHAWSVILLE, VA",37.1401323,-80.2664328, 1364.19,00060
02054500,"ROANOKE RIVER AT LAFAYETTE, VA",37.23652179,-80.2092089, 1173.88,00060
02054530,"ROANOKE RIVER AT GLENVAR, VA",37.26791157,-80.1394858, 1063.84,00060
02055000,"ROANOKE RIVER AT ROANOKE, VA",37.25847085,-79.9386485, 906.4,00060
02055100,"TINKER CREEK NEAR DALEVILLE, VA",37.41763318,-79.9353193, 1216.93,00060
02055379,"TINKER CREEK UPPER AT COLUMBIA ST AT ROANOKE, VA",37.31405556,-79.9324444, 955.0,00060
0205551460,"LICK RUN ABOVE PATTON AVENUE AT ROANOKE, VA",37.27794444,-79.9375556, 914.84,00060
0205551614,"TINKER CREEK ABOVE GLADE CREEK AT ROANOKE, VA",37.27788889,-79.9093611, 887.24,00060
02056000,"ROANOKE RIVER AT NIAGARA, VA",37.2551384,-79.87142539, 819.7,00060
02056650,"BACK CREEK NEAR DUNDEE, VA",37.22763879,-79.8680915, 822.1,00060
02056900,"BLACKWATER RIVER NEAR ROCKY MOUNT, VA",37.0451406,-79.8441993, 875.96,00060
02058400,"PIGG RIVER NEAR SANDY LEVEL, VA",36.9459767,-79.5247508, 616.25,00060
02059500,"GOOSE CREEK NEAR HUDDLESTON, VA",37.1731995,-79.5203076, 592.31,00060
02060500,"ROANOKE RIVER AT ALTAVISTA, VA",37.10569444,-79.28563889, 502.27,00060
02061500,"BIG OTTER RIVER NEAR EVINGTON, VA",37.20847738,-79.3036357, 541.09,00060
02062500,"ROANOKE (STAUNTON) RIVER AT BROOKNEAL, VA",37.03944444,-78.9457222, 351.08,00060
02064000,"FALLING RIVER NEAR NARUNA, VA",37.12680956,-78.9597374, 411.5,00060
02065500,"CUB CREEK AT PHENIX, VA",37.0793112,-78.7636178, 369.4,00060
02066000,"ROANOKE (STAUNTON) RIVER AT RANDOLPH, VA",36.91514189,-78.7408384, 306.5,00060
02069700,"SOUTH MAYO RIVER NEAR NETTLERIDGE, VA",36.570971,-80.1294928, 871.15,00060
02070000,"NORTH MAYO RIVER NEAR SPENCER, VA",36.56819358,-79.98726539, 730.39,00060
02071530,"SMITH RIVER AT SMITH RIV CHURCH NR WOOLWINE, VA",36.778468,-80.24921848, 1216.6,00060
02072000,"SMITH RIVER NEAR PHILPOTT, VA",36.7806925,-80.0247647, 803.42,00060
02072500,"SMITH RIVER AT BASSETT, VA",36.77013709,-80.00087509, 752.1,00060
02073000,"SMITH RIVER AT MARTINSVILLE, VA",36.6612486,-79.8805946, 656.09,00060
02074500,"SANDY RIVER NEAR DANVILLE, VA",36.6195825,-79.5041932, 458.4,00060
02075045,"DAN RIVER AT STP NEAR DANVILLE, VA",36.56263889,-79.369744, 364.64,00060
02075500,"DAN RIVER AT PACES, VA",36.64236056,-79.089459, 321.4,00060
02076000,"DAN RIVER AT SOUTH BOSTON, VA",36.6932222,-78.9004167, 298.14,00060
02077000,"BANISTER RIVER AT HALIFAX, VA",36.7765267,-78.9158438, 314.7,00060
02079640,"ALLEN CREEK NEAR BOYDTON, VA",36.67958589,-78.326664, 215.5,00060
03164000,"NEW RIVER NEAR GALAX, VA",36.6473497,-80.978969, 2207.06,00060
03165000,"CHESTNUT CREEK AT GALAX, VA",36.6459613,-80.9192444, 2344.8,00060
03165500,"NEW RIVER AT IVANHOE, VA",36.83484534,-80.9525807, 1941.63,00060
03167000,"REED CREEK AT GRAHAMS FORGE, VA",36.93900995,-80.8872997, 1924.2,00060
03168000,"NEW RIVER AT ALLISONIA, VA",36.93762235,-80.7456257, 1848.16,00060
03170000,"LITTLE RIVER AT GRAYSONTOWN, VA",37.03762635,-80.5567239, 1815.6,00060
03171000,"NEW RIVER AT RADFORD, VA",37.14179254,-80.56922499, 1711.99,00060
03173000,"WALKER CREEK AT BANE, VA",37.26817845,-80.7095125, 1665.48,00060
03175500,"WOLF CREEK NEAR NARROWS, VA",37.30567654,-80.8497993, 1585.84,00060
03176500,"NEW RIVER AT GLEN LYN, VA",37.3728986,-80.8606347, 1489.6,00060
03177710,"BLUESTONE RIVER AT FALLS MILLS, VA",37.27150554,-81.3048227, 2313.50,00060
03207800,"LEVISA FORK AT BIG ROCK, VA",37.35371995,-82.1956935, 865.64,00060
03208500,"RUSSELL FORK AT HAYSI, VA",37.20705367,-82.2956993, 1236.70,00060
03208950,"CRANES NEST RIVER NEAR CLINTWOOD, VA",37.1239952,-82.4387614, 1439.60,00060
03209000,"POUND RIVER BELOW FLANNAGAN DAM, NEAR HAYSI, VA",37.23705384,-82.34320179, 1199.06,00060
03209200,"RUSSELL FORK AT BARTLICK, VA",37.24594307,-82.32347869, 1164.10,00060
03471500,"S F HOLSTON RIVER AT RIVERSIDE, NEAR CHILHOWIE, VA",36.7603931,-81.63122929, 2106.71,00060
03473000,"S F HOLSTON RIVER NEAR DAMASCUS, VA",36.65178127,-81.8440102, 1792.3,00060
03474000,"M F HOLSTON RIVER AT SEVEN MILE FORD, VA",36.80733756,-81.6220617, 1959.67,00060
03475000,"M F HOLSTON RIVER NEAR MEADOWVIEW, VA",36.7131694,-81.8187334, 1820.04,00060
03478400,"BEAVER CREEK AT BRISTOL, VA",36.63177439,-82.1337425, 1780.60,00060
03488000,"N F HOLSTON RIVER NEAR SALTVILLE, VA",36.89678115,-81.7462293, 1703.10,00060
03490000,"N F HOLSTON RIVER NEAR GATE CITY, VA",36.60871119,-82.567931, 1196.9,00060
03524000,"CLINCH RIVER AT CLEVELAND, VA",36.9448295,-82.1548569, 1499.78,00060
03527000,"CLINCH RIVER AT SPEERS FERRY, VA",36.64870849,-82.7504384, 1196.10,00060
03529500,"POWELL RIVER AT BIG STONE GAP, VA",36.86898536,-82.7754387, 1458.7,00060
03531500,"POWELL RIVER NEAR JONESVILLE, VA",36.66203367,-83.0948928, 1258.8,00060
12010000,"NASELLE RIVER NEAR NASELLE, WA",46.3739937,-123.743482,24.31,00060
12013500,"WILLAPA RIVER NEAR WILLAPA, WA",46.65093418,-123.6526584,6.92,00060
12020000,"CHEHALIS RIVER NEAR DOTY, WA",46.6173236,-123.277644, 0,00060
12020525,"ELK CREEK BELOW DEER CREEK NEAR DOTY, WA",46.6345457,-123.2968119, 0,00060
12020800,"SOUTH FORK CHEHALIS RIVER NEAR WILDWOOD, WA",46.44482815,-123.0837376, 0,00060
12021800,"CHEHALIS RIVER NEAR ADNA, WA",46.6256583,-123.1018009, 0,00060
12024000,"SOUTH FORK NEWAUKUM RIVER NEAR ONALASKA, WA",46.57566178,-122.6851159, 0,00060
12024400,"NF NEWAUKUM RIVER ABOVE BEAR CREEK NEAR FOREST, WA",46.66732635,-122.7701209, 0,00060
12025000,"NEWAUKUM RIVER NEAR CHEHALIS, WA",46.6201042,-122.945126, 0,00060
12025700,"SKOOKUMCHUCK RIVER NEAR VAIL, WA",46.77260276,-122.5940086, 0,00060
12026150,"SKOOKUMCHUCK RIVER BL BLDY RUN CR NR CENTRALIA, WA",46.79010157,-122.7354019, 0,00060
12026400,"SKOOKUMCHUCK RIVER NEAR BUCODA, WA",46.7720459,-122.924298, 0,00060
12027500,"CHEHALIS RIVER NEAR GRAND MOUND, WA",46.7759343,-123.0356919, 0,00060
12031000,"CHEHALIS RIVER AT PORTER, WA",46.93926375,-123.3143194, 0,00060
12035000,"SATSOP RIVER NEAR SATSOP, WA",47.0006512,-123.4948838, 0,00060
12035400,"WYNOOCHEE RIVER NEAR GRISDALE, WA",47.3803354,-123.6098648,632.59,00060
12035450,"BIG CREEK NEAR GRISDALE, WA",47.37425567,-123.6368365,595.82,00060
12036000,"WYNOOCHEE RIVER ABOVE SAVE CREEK NEAR ABERDEEN, WA",47.2989784,-123.6532235,403.85,00060
12036400,"SCHAFER CREEK NEAR GRISDALE, WA",47.20425777,-123.6151652,290,00060
12037400,"WYNOOCHEE RIVER ABOVE BLACK CREEK NR MONTESANO, WA",47.0114831,-123.6554417, 0,00060
12039005,"HUMPTULIPS RIVER BELOW HWY 101 NR HUMPTULIPS, WA",47.23147599,-123.974063, 90,00060
12039500,"QUINAULT RIVER AT QUINAULT LAKE, WA",47.4575863,-123.8893446,182.05,00060
12039510,"COOK CREEK BLW HATCHERY NEAR QUINAULT, WA",47.358325,-123.9939889,150.53,00060
1203951610,"QUINAULT RIVER NEAR TAHOLAH, WA",47.35777778,-124.1844444, 72,00060
12040500,"QUEETS RIVER NEAR CLEARWATER, WA",47.5378275,-124.3157227,18.73,00060
12041200,"HOH RIVER AT US HIGHWAY 101 NEAR FORKS, WA",47.80674726,-124.2510329, 163.64,00060
12042800,"BOGACHIEL RIVER NEAR FORKS, WA",47.8944194,-124.3570889,169.26,00060
12043000,"CALAWAH RIVER NEAR FORKS, WA",47.96007697,-124.3929872,205.04,00060
12043163,"TSOO-YESS RIVER BLW MILLER CREEK NEAR OZETTE, WA",48.2653434,-124.6257923,22.91,00060
12043300,"HOKO RIVER NEAR SEKIU, WA",48.24146416,-124.3838328,37.29,00060
12045500,"ELWHA RIVER AT MCDONALD BR NEAR PORT ANGELES, WA",48.05478018,-123.5832136,204.11,00060
12048000,"DUNGENESS RIVER NEAR SEQUIM, WA",48.0142578,-123.1326773,565.90,00060
12052210,"BIG QUILCENE RIVER BELOW DIVERSION NR QUILCENE, WA",47.78450887,-122.9795778,1012.62,00060
12054000,"DUCKABUSH RIVER NEAR BRINNON, WA",47.68398059,-123.011551,245.22,00060
12056500,"NF SKOKOMISH R BL STAIRCASE RPDS NR HOODSPORT, WA",47.51425666,-123.3298868, 762.26,00060
12058790,"NF SKOKOMISH R NR LWR CUSHMAN DAM NR POTLATCH, WA",47.3964509,-123.2034642,290.33,00060
12059500,"NORTH FORK SKOKOMISH RIVER NEAR POTLATCH, WA",47.32978387,-123.243186,67.73,00060
12060500,"SOUTH FORK SKOKOMISH RIVER NEAR UNION, WA",47.34036949,-123.2801586,105.91,00060
12061250,"VANCE CREEK ABOVE KIRKLAND CREEK NEAR POTLATCH, WA",47.32251389,-123.2860972, 0,00060
12061500,"SKOKOMISH RIVER NEAR POTLATCH, WA",47.3098151,-123.1770995,13.99,00060
12073500,"HUGE CREEK NEAR WAUNA, WA",47.38926205,-122.6990241,84.70,00060
12076800,"GOLDSBOROUGH CREEK ABOVE 7TH STREET AT SHELTON, WA",47.21176109,-123.1129292,0,00060
12079000,"DESCHUTES RIVER NEAR RAINIER, WA",46.85204488,-122.6687354,349.10,00060
12080010,"DESCHUTES RIVER AT E ST BRIDGE AT TUMWATER, WA",47.01173227,-122.9031686,65.33,00060
12082500,"NISQUALLY RIVER NEAR NATIONAL, WA",46.75260766,-122.0837194, 1450,00060
12083000,"MINERAL CREEK NEAR MINERAL, WA",46.74424068,-122.144529,1310.34,00060
12086000,"NISQUALLY RIVER AT LA GRANDE DAM, WA",46.82260445,-122.30428, 925,00060
12086500,"NISQUALLY RIVER AT LA GRANDE, WA",46.83927048,-122.3292809,497.00,00060
12087000,"MASHEL RIVER NEAR LA GRANDE, WA",46.85673885,-122.3025917, 623.04,00060
12088000,"OHOP CREEK NEAR EATONVILLE, WA",46.88093699,-122.2790026, 517.76,00060
12089208,"CENTRALIA POWER CANAL NEAR MCKENNA, WA",46.9001003,-122.4984532,319.56,00060
12089500,"NISQUALLY RIVER AT MCKENNA, WA",46.93340268,-122.5609345,289.41,00060
12090400,"NORTH FORK CLOVER CREEK NEAR PARKLAND, WA",47.1345151,-122.4151013,305.78,00060
12090500,"CLOVER CREEK NEAR TILLICUM, WA",47.14590298,-122.5103822,250.02,00060
12091100,"FLETT CREEK AT TACOMA, WA",47.1888583,-122.5201028,192.66,00060
12091200,"LEACH CREEK NEAR FIRCREST, WA",47.22145848,-122.5092728,191.72,00060
12091290,"LEACH CR AT MEADOW PARK GC AT UNIVERSITY PLACE, WA",47.1984316,-122.5209584, 160,00060
12091500,"CHAMBERS CREEK BL LEACH CREEK NEAR STEILACOOM, WA",47.1975694,-122.5287173,96.53,00060
12092000,"PUYALLUP RIVER NEAR ELECTRON, WA",46.9037164,-122.0351092,1636.67,00060
12093500,"PUYALLUP RIVER NEAR ORTING, WA",47.0392396,-122.2078708,355.60,00060
12094000,"CARBON RIVER NEAR FAIRFAX, WA",47.02788105,-122.0326105,1213.66,00060
12095000,"SOUTH PRAIRIE CREEK AT SOUTH PRAIRIE, WA",47.13954628,-122.0926135,403.5,00060
12096500,"PUYALLUP RIVER AT ALDERTON, WA",47.18510115,-122.2295625,4.43,00060
12096505,"PUYALLUP RIVER AT E MAIN BRIDGE AT PUYALLUP, WA",47.1967677,-122.2509523,,00060
12096865,"HUCKLEBERRY CREEK NEAR GREENWATER, WA",47.0603864,-121.6056517,2244.14,00060
12097500,"GREENWATER RIVER AT GREENWATER, WA",47.1534409,-121.6356543,1724.81,00060
12097820,"CLEARWATER RIVER NEAR BUCKLEY, WA",47.1273267,-121.8026044,1404.95,00060
12097850,"WHITE RIVER BELOW CLEARWATER RIVER NR BUCKLEY, WA",47.1467703,-121.8601066,1103.6,00060
12098500,"WHITE RIVER NEAR BUCKLEY, WA",47.15118666,-121.94981,3.48,00060
12098920,"WHITE RIVER FLUME AT BUCKLEY, WA",47.1695193,-122.0120345,661.80,00060
12099200,"WHITE RIVER ABOVE BOISE CREEK AT BUCKLEY, WA",47.17388889,-122.0080556, 611.45,00060
12099600,"BOISE CREEK AT BUCKLEY, WA",47.175935,-122.0184452,632.84,00060
12100490,"WHITE RIVER AT R STREET NEAR AUBURN, WA",47.27479497,-122.207876,3.66,00060
12100496,"WHITE RIVER NEAR AUBURN, WA",47.26593409,-122.2298417,,00060
12101100,"LAKE TAPPS DIVERSION AT DIERINGER, WA",47.2381564,-122.2281746,45.88,00060
12101470,"PUYALLUP RIVER AT 5TH ST BRIDGE AT PUYALLUP, WA",47.19871179,-122.287342,,00060
12101500,"PUYALLUP RIVER AT PUYALLUP, WA",47.20843358,-122.3270652,3.49,00060
12102078,"CLARKS CREEK AT STEWART AVENUE NEAR PUYALLUP, WA",47.2009047,-122.3417673,0,00060
12102190,"SWAN CREEK AT 80TH ST EAST NEAR TACOMA, WA",47.18451529,-122.393713,391.36,00060
12105900,"GREEN RIVER BELOW HOWARD A HANSON DAM, WA",47.2837143,-121.797885, 990,00060
12106700,"GREEN RIVER AT PURIFICATION PLANT NEAR PALMER, WA",47.30510257,-121.8506647, 859.53,00060
12108500,"NEWAUKUM CREEK NEAR BLACK DIAMOND, WA",47.2756564,-122.059559, 310,00060
12108800,"GREEN RIVER BELOW CRISP CREEK NR BLACK DIAMOND, WA",47.2848333,-122.0828889,0,00060
12112600,"BIG SOOS CREEK ABOVE HATCHERY NEAR AUBURN, WA",47.31232289,-122.165396,79.98,00060
12113000,"GREEN RIVER NEAR AUBURN, WA",47.3123228,-122.2040082,,00060
12113150,"GREEN RIVER ABOVE S 277TH ST AT KENT, WA",47.3534111,-122.2084556,0,00060
12113310,"GREEN RIVER BELOW MEEKER ST AT KENT, WA",47.3788611,-122.2688056,0,00060
12113344,"GREEN RIVER AT 200TH STREET AT KENT, WA",47.4228775,-122.2653999,0,00060
12113346,"SPRINGBROOK CREEK AT ORILLIA, WA",47.43121109,-122.2276213,0,00060
12113347,"MILL CREEK AT EARTHWORKS PARK AT KENT, WA",47.38315577,-122.2248429,,00060
12113349,"MILL CREEK NEAR MOUTH AT ORILLIA, WA",47.43009988,-122.2431772,0,00060
12113390,"DUWAMISH RIVER AT GOLF COURSE AT TUKWILA, WA",47.4789861,-122.2587333,0,00060
12114500,"CEDAR RIVER BELOW BEAR CREEK NEAR CEDAR FALLS, WA",47.34202406,-121.5489688,1882.78,00060
12115000,"CEDAR RIVER NEAR CEDAR FALLS, WA",47.3701073,-121.6251009,1569.82,00060
12115500,"REX RIVER NEAR CEDAR FALLS, WA",47.35063398,-121.6631392,1727.55,00060
12115700,"BOULDER CREEK NEAR CEDAR FALLS, WA",47.36621625,-121.6928821,1662.24,00060
12116100,"CANYON CREEK NEAR CEDAR FALLS, WA",47.4195473,-121.7664977,1256.59,00060
12116400,"CEDAR RIVER AT POWERPLANT AT CEDAR FALLS, WA",47.41871388,-121.781498,910.83,00060
12116500,"CEDAR RIVER AT CEDAR FALLS, WA",47.4170215,-121.7920335,905.86,00060
12117000,"TAYLOR CREEK NEAR SELLECK, WA",47.38646539,-121.846201,943.37,00060
12117500,"CEDAR RIVER NEAR LANDSBURG, WA",47.39368648,-121.9545378,568.51,00060
12117600,"CEDAR RIVER BELOW DIVERSION NEAR LANDSBURG, WA",47.3795458,-121.983448, 490,00060
12118400,"ROCK CREEK AT HIGHWAY 516 NEAR RAVENSDALE, WA",47.36232337,-122.0109484, 559.24,00060
12119000,"CEDAR RIVER AT RENTON, WA",47.4825999,-122.2034547,18.77,00060
12120600,"ISSAQUAH CREEK NEAR HOBART, WA",47.457297,-122.0050964,326.63,00060
12121600,"ISSAQUAH CREEK NEAR MOUTH NEAR ISSAQUAH, WA",47.55229658,-122.0478776,42.84,00060
12131300,"BOLT CREEK AT BECKLER RIVER RD NEAR SKYKOMISH, WA",47.72675,-121.3383694,990,00060
12131500,"SOUTH FORK SKYKOMISH RIVER AT SKYKOMISH, WA",47.71104167,-121.3607333, 900,00060
12134500,"SKYKOMISH RIVER NEAR GOLD BAR, WA",47.83732546,-121.6667809,212.91,00060
12135000,"WALLACE RIVER AT GOLD BAR, WA",47.8639672,-121.682596, 205.9,00060
12137290,"SOUTH FORK SULTAN RIVER NEAR SULTAN, WA",47.94732637,-121.6267826,1454.41,00060
12137800,"SULTAN RIVER BELOW DIVERSION DAM NEAR SULTAN, WA",47.95926837,-121.7973447,602.36,00060
12138160,"SULTAN RIVER BELOW POWERPLANT NEAR SULTAN, WA",47.90732356,-121.8153994, 267.0,00060
12141300,"MIDDLE FORK SNOQUALMIE RIVER NEAR TANNER, WA",47.48591189,-121.647864,784.61,00060
12142000,"NF SNOQUALMIE RIVER NEAR SNOQUALMIE FALLS, WA",47.61482536,-121.7134437,1135,00060
12143400,"SF SNOQUALMIE RIVER AB ALICE CREEK NEAR GARCIA, WA",47.4151086,-121.5873213,1441.58,00060
12143600,"SF SNOQUALMIE RIVER AT EDGEWICK, WA",47.45260396,-121.7178847,574.30,00060
12143700,"BOXLEY CREEK NEAR CEDAR FALLS, WA",47.43257747,-121.7523104,1045.08,00060
12143900,"BOXLEY CREEK NEAR EDGEWICK, WA",47.44871459,-121.7317744, 650,00060
12144000,"SF SNOQUALMIE RIVER AT NORTH BEND, WA",47.49288017,-121.7901109,426.32,00060
12144500,"SNOQUALMIE RIVER NEAR SNOQUALMIE, WA",47.5450765,-121.8423157,109.05,00060
12145500,"RAGING RIVER NEAR FALL CITY, WA",47.53982388,-121.9090047,237.89,00060
12147470,"NF TOLT RIVER ABOVE YELLOW CREEK NR CARNATION, WA",47.7197222,-121.7431972,1113.34,00060
12147500,"NORTH FORK TOLT RIVER NEAR CARNATION, WA",47.71232365,-121.7887272, 600,00060
12147600,"SOUTH FORK TOLT RIVER NEAR INDEX, WA",47.7067714,-121.6001069,1838.84,00060
12147680,"PHELPS CREEK BLW UNNAMED TRIB NR INDEX, WA",47.70416389,-121.600775,1846.07,00060
12148000,"SOUTH FORK TOLT RIVER NEAR CARNATION, WA",47.68926929,-121.7134457,1261.72,00060
12148300,"SF TOLT RIVER BL REGULATING BASIN NR CARNATION, WA",47.69676817,-121.7873379,646.84,00060
12148500,"TOLT RIVER NEAR CARNATION, WA",47.69565678,-121.8240056, 348,00060
12149000,"SNOQUALMIE RIVER NEAR CARNATION, WA",47.66593399,-121.9253969,2.12,00060
12150800,"SNOHOMISH RIVER NEAR MONROE, WA",47.830932,-122.048459,17.05,00060
12155300,"PILCHUCK RIVER NEAR SNOHOMISH, WA",47.9348201,-122.0731848, 30.00,00060
12155500,"SNOHOMISH RIVER AT SNOHOMISH, WA",47.9127333,-122.1064583,-6.43,00060
12157250,"MISSION CREEK NEAR TULALIP, WA",48.0584056,-122.2673406, -20.05,00060
12158010,"WEST FORK TULALIP CREEK NEAR TULALIP, WA",48.0992387,-122.2909534,121.46,00060
12158032,"EAST FORK TULALIP CREEK NEAR MOUTH NR TULALIP, WA",48.0947944,-122.2781751,142.27,00060
12158040,"TULALIP CREEK NEAR TULALIP, WA",48.06840539,-122.287897,-52.92,00060
12167000,"NF STILLAGUAMISH RIVER NEAR ARLINGTON, WA",48.2614637,-122.0476165,93.06,00060
12170300,"STILLAGUAMISH RIVER NEAR STANWOOD, WA",48.2112101,-122.337374, 0,00060
12172000,"BIG BEAVER CREEK NEAR NEWHALEM, WA",48.7775862,-121.073432,1610.23,00060
12173500,"RUBY CREEK BELOW PANTHER CREEK NEAR NEWHALEM, WA",48.7081426,-120.9773162,1646.84,00060
12175500,"THUNDER CREEK NEAR NEWHALEM, WA",48.6726287,-121.0728964, 1220,00060
12178000,"SKAGIT RIVER AT NEWHALEM, WA",48.67179229,-121.2462348,406.2,00060
12178100,"NEWHALEM CREEK NEAR NEWHALEM, WA",48.66012536,-121.2476233, 1000,00060
12178150,"NEWHALEM CREEK AT NEWHALEM, WA",48.6690143,-121.2554017, 510,00060
12179000,"SKAGIT RIVER ABOVE ALMA CREEK NEAR MARBLEMOUNT, WA",48.60734468,-121.3615155,362.80,00060
12179900,"BACON CREEK BELOW OAKES CREEK NEAR MARBLEMOUNT, WA",48.6045268,-121.3995491,409.3,00060
12181000,"SKAGIT RIVER AT MARBLEMOUNT, WA",48.5337306,-121.4298499,308.64,00060
12182500,"CASCADE RIVER AT MARBLEMOUNT, WA",48.5262307,-121.4154046,310.58,00060
12186000,"SAUK RIVER AB WHITE CHUCK RIVER NR  DARRINGTON, WA",48.16869195,-121.470652,925.45,00060
12187500,"SAUK RIVER AT DARRINGTON, WA",48.2498311,-121.5845688, 525,00060
12189500,"SAUK RIVER NEAR SAUK, WA",48.42455859,-121.5684634, 266,00060
12190400,"BAKER RIVER AB BLUM CREEK NEAR CONCRETE, WA",48.75397,-121.5470573,782.07,00060
12193400,"BAKER RIVER AT HENRY THOMPSON BR AT CONCRETE, WA",48.54039255,-121.7434734,174.08,00060
12194000,"SKAGIT RIVER NEAR CONCRETE, WA",48.52428059,-121.770974,133.96,00060
12200500,"SKAGIT RIVER NEAR MOUNT VERNON, WA",48.4448278,-122.3354369,3.80,00060
12201500,"SAMISH RIVER NEAR BURLINGTON, WA",48.54594127,-122.3382169,36.72,00060
12201700,"CHUCKANUT CREEK NEAR BELLINGHAM, WA",48.70216667,-122.4824722, 78,00060
12201950,"ANDERSON CREEK NEAR BELLINGHAM, WA",48.6737223,-122.2673823,311.83,00060
12201960,"BRANNIAN CREEK AT S BAY DR NR WICKERSHAM, WA",48.66899978,-122.2801605,330.13,00060
12202300,"OLSEN CREEK NEAR BELLINGHAM, WA",48.7512221,-122.3534976,309.98,00060
12202310,"CARPENTER CREEK NEAR BELLINGHAM, WA",48.75399999,-122.354053,316.76,00060
12202400,"EUCLID CR AT EUCLID AVE AT BELLINGHAM, WA",48.7487209,-122.4093331,324.83,00060
12202450,"SILVER BEACH CR AT MAYNARD PL AT BELLINGHAM, WA",48.7692772,-122.4065547,318.82,00060
12204010,"SQUALICUM CREEK NEAR MOUTH AT BELLINGHAM, WA",48.766,-122.4996667,12.28,00060
12205000,"NF NOOKSACK RIVER BL CASCADE CREEK NR GLACIER, WA",48.90595739,-121.8443104,1250.99,00060
12208000,"MF NOOKSACK RIVER NEAR DEMING, WA",48.7792828,-122.1065434, 580,00060
12209000,"SF NOOKSACK RIVER NEAR WICKERSHAM, WA",48.6642413,-122.1334622, 385.00,00060
12209490,"SKOOKUM CREEK ABOVE DIVERSION NEAR WICKERSHAM, WA",48.6728524,-122.139296,412.82,00060
12210000,"SF NOOKSACK RIVER AT SAXON BRIDGE, WA",48.6775743,-122.1665191,349.59,00060
12210500,"NOOKSACK RIVER AT DEMING, WA",48.810352,-122.2048569, 204.20,00060
12210700,"NOOKSACK RIVER AT NORTH CEDARVILLE, WA",48.84174,-122.2943049,4.39,00060
12210900,"ANDERSON CREEK AT SMITH ROAD NEAR GOSHEN, WA",48.8325728,-122.3390283,198.87,00060
12211200,"NOOKSACK RIVER AT EVERSON, WA",48.91789467,-122.3479369,,00060
12212050,"FISHTRAP CREEK AT FRONT STREET AT LYNDEN, WA",48.9386827,-122.4790353,48.93,00060
12212430,"UNNAMED TRIB TO BERTRAND CR NR H ST NR LYNDEN, WA",48.99812708,-122.5012597,127.81,00060
12213100,"NOOKSACK RIVER AT FERNDALE, WA",48.84479237,-122.5893141,8.50,00060
12396500,"PEND OREILLE RIVER BELOW BOX CANYON NEAR IONE, WA",48.78102736,-117.4163559,,00060
12398600,PEND OREILLE RIVER AT INTERNATIONAL BOUNDARY,48.99881409,-117.3535794, 1700,00060
12399500,COLUMBIA RIVER AT INTERNATIONAL BOUNDARY,49.00074966,-117.6294206,1202.84,00060
12401500,"KETTLE RIVER NEAR FERRY, WA",48.98128428,-118.7664259, 1836.8,00060
12404500,"KETTLE RIVER NEAR LAURIER, WA",48.9842824,-118.216401,1435.22,00060
12409000,"COLVILLE RIVER AT KETTLE FALLS, WA",48.5943461,-118.0624887, 1400,00060
12422000,"SPOKANE RIVER BELOW N GREENE ST AT SPOKANE, WA",47.67905905,-117.3646571,,00060
12422500,"Spokane River at Spokane, WA",47.6593354,-117.4491029, 1696.6,00060
12422990,"HANGMAN CREEK AT STATE LINE ROAD NEAR TEKOA, WA",47.2026758,-117.0407304,2483.75,00060
12424000,"Hangman Creek at Spokane, WA",47.6526688,-117.449658, 1717.42,00060
12426000,"SPOKANE RIVER BELOW NINE MILE DAM AT SPOKANE, WA",47.78044505,-117.5455016, 1550,00060
12431000,"LITTLE SPOKANE RIVER AT DARTFORD, WA",47.78461388,-117.4043856,1589.71,00060
12431500,"LITTLE SPOKANE RIVER NEAR DARTFORD, WA",47.78100099,-117.4963338, 1550,00060
12433200,"CHAMOKANE CREEK BELOW FALLS NEAR LONG LAKE, WA",47.8632201,-117.858294, 1420,00060
12434590,"SANPOIL RIVER ABOVE JACK CREEK AT KELLER, WA",48.08432459,-118.6914018, 1400,00060
12438905,"NINEMILE CREEK AT EASTLAKE RD NEAR OROVILLE, WA",48.9703694,-119.4185194, 972,00060
12439500,"OKANOGAN RIVER AT OROVILLE, WA",48.9307184,-119.4203419, 900.00,00060
12442500,"SIMILKAMEEN RIVER NEAR NIGHTHAWK, WA",48.98460109,-119.6184098, 1137.70,00060
12444290,"ANTOINE CREEK AT US HWY 97 NEAR ELLISFORDE, WA",48.7592699,-119.4092122,917.59,00060
12444550,"BONAPARTE CREEK AT TONASKET, WA",48.70121386,-119.442823,916.38,00060
12445000,"OKANOGAN RIVER NEAR TONASKET, WA",48.632375,-119.4617229, 860.78,00060
12445500,"JOHNSON CREEK NEAR RIVERSIDE, WA",48.49709709,-119.5261623, 1342,00060
12445900,"OMAK CREEK NEAR OMAK, WA",48.36709697,-119.4450465,,00060
12446150,"NORTH FORK SALMON CREEK NEAR CONCONULLY, WA",48.59621025,-119.7739423,2844.32,00060
12446400,"WEST FORK SALMON CREEK NEAR CONCONULLY, WA",48.5409324,-119.7642185,2278.58,00060
12446995,"SALMON CREEK ABOVE DIVERSION NEAR OKANOGAN, WA",48.40515066,-119.6217229, 1398,00060
12447200,"OKANOGAN RIVER AT MALOTT, WA",48.2812606,-119.7045047, 783.55,00060
12447285,"LOUP LOUP CREEK AT MALOTT, WA",48.283205,-119.7083938, 818,00060
12447383,"METHOW RIVER ABOVE GOAT CREEK NEAR MAZAMA, WA",48.57425,-120.385861, 2040,00060
12447390,"ANDREWS CREEK NEAR MAZAMA, WA",48.8228737,-120.1459038, 4271.56,00060
12448000,"CHEWUCH RIVER AT WINTHROP, WA",48.4770898,-120.1864734, 1736.26,00060
12448500,"METHOW RIVER AT WINTHROP, WA",48.4734787,-120.1773063, 1718.09,00060
12448998,"TWISP RIVER NEAR TWISP, WA",48.3698671,-120.148693, 1640,00060
12449500,"METHOW RIVER AT TWISP, WA",48.36514507,-120.1161917, 1580,00060
12449950,"METHOW RIVER NEAR PATEROS, WA",48.0773639,-119.9850723, 900.00,00060
12451000,"STEHEKIN RIVER AT STEHEKIN, WA",48.32958017,-120.6917668, 1098.50,00060
12452500,"CHELAN RIVER AT CHELAN, WA",47.8345808,-120.0131254,,00060
12452550,"CHELAN R AT HABITAT 4 CHANNEL AT CHELAN FALLS, WA",47.80793056,-119.9857639, 721,00060
12452800,"ENTIAT RIVER NEAR ARDENVOIR, WA",47.81846178,-120.4231438, 1560.97,00060
12452890,"MAD RIVER AT ARDENVOIR, WA",47.7367943,-120.3686962, 1260,00060
12452990,"ENTIAT RIVER NEAR ENTIAT, WA",47.663185,-120.250634,731.84,00060
12456500,"CHIWAWA RIVER NEAR PLAIN, WA",47.8373461,-120.6623161, 2100.00,00060
12457000,"WENATCHEE RIVER AT PLAIN, WA",47.7628995,-120.6662039, 1805.00,00060
12458000,"ICICLE CREEK ABOVE SNOW CREEK NEAR LEAVENWORTH, WA",47.5409539,-120.7200872, 1450.00,00060
12459000,"WENATCHEE RIVER AT PESHASTIN, WA",47.5831777,-120.6195306, 1028.04,00060
12462500,"WENATCHEE RIVER AT MONITOR, WA",47.49929148,-120.4245223, 680.00,00060
12464800,"COAL CREEK AT MOHLER, WA",47.4068192,-118.3188652, 2000.00,00060
12465000,"CRAB CREEK AT IRBY, WA",47.36038447,-118.8499972, 1386.30,00060
12465400,"WILSON CREEK BELOW CORBETT DRAW NEAR ALMIRA, WA",47.6629263,-118.9305666, 1670,00060
12466015,"CRAB CREEK NEAR STRATFORD, WA",47.42803889,-119.2021944,1260,00060
12467000,"CRAB CREEK NEAR MOSES LAKE, WA",47.1893085,-119.265855, 1070.39,00060
12470500,"ROCKY FORD CREEK NEAR EPHRATA, WA",47.31264008,-119.445588, 1068.51,00060
12472600,"CRAB CREEK NEAR BEVERLY, WA",46.8298196,-119.8311276,504.51,00060
12472800,"COLUMBIA RIVER BELOW PRIEST RAPIDS DAM, WA",46.6287084,-119.8647355,393.38,00060
12484500,"YAKIMA RIVER AT UMTANUM, WA",46.8626264,-120.480067, 1300,00060
12488500,"AMERICAN RIVER NEAR NILE, WA",46.97761606,-121.168696, 2700.00,00060
12500450,"YAKIMA RIVER ABOVE AHTANUM CREEK AT UNION GAP, WA",46.53425817,-120.4672519,903.42,00060
12502500,"AHTANUM CREEK AT UNION GAP, WA",46.53596038,-120.4733968, 940.00,00060
12505450,"GRANGER DRAIN AT GRANGER, WA",46.34346299,-120.186995,714.19,00060
12506000,"TOPPENISH CREEK NEAR FORT SIMCOE, WA",46.3109589,-120.788125, 1306,00060
12508990,"YAKIMA RIVER AT MABTON, WA",46.23120786,-119.9994537,635.12,00060
12510500,"YAKIMA RIVER AT KIONA, WA",46.25346748,-119.4780794, 454.41,00060
12513000,"ESQUATZEL COULEE AT CONNELL, WA",46.66347327,-118.863334, 820,00060
13334300,"SNAKE RIVER NEAR ANATONE, WA",46.09706985,-116.9776916,810.35,00060
13335050,"ASOTIN CREEK AT ASOTIN, WA",46.3406798,-117.0560319,745.76,00060
13344500,"TUCANNON RIVER NEAR STARBUCK, WA",46.5054217,-118.0663393, 730.00,00060
13348000,"SOUTH FORK PALOUSE RIVER AT PULLMAN, WA",46.7323856,-117.1810048,2329.72,00060
13351000,"PALOUSE RIVER AT HOOPER, WA",46.7584831,-118.1488494,1042.26,00060
14013000,"MILL CREEK NEAR WALLA WALLA, WA",46.00789299,-118.1185586, 1998.59,00060
14013500,"BLUE CREEK NEAR WALLA WALLA, WA",46.05763797,-118.140228, 1700.00,00060
14013700,"MILL CREEK AT FIVE MILE RD BR NR WALLA WALLA, WA",46.0856932,-118.2282912, 1330,00060
14015000,"MILL CREEK AT WALLA WALLA, WA",46.0762483,-118.2735722, 1120.00,00060
14015350,"MILL CR AT LAST CHANCE RD BR NR COLLEGE PLACE, WA",46.05126667,-118.4505028,649.11,00060
14016820,"TOUCHET RIVER AT GALLAHER RD NEAR WAITSBURG, WA",46.27704167,-118.1115722,1309,00060
14018500,"WALLA WALLA RIVER NEAR TOUCHET, WA",46.02760945,-118.7296888,401.93,00060
14107000,"KLICKITAT RIVER ABOVE WEST FORK NEAR GLENWOOD, WA",46.26480648,-121.2450474, 2720.00,00060
14111400,"KLICKITAT RIVER BL SUMMIT CREEK NEAR GLENWOOD, WA",45.962345,-121.102295, 900,00060
14113000,"KLICKITAT RIVER NEAR PITT, WA",45.75651098,-121.2100714, 288.90,00060
14123500,"WHITE SALMON RIVER NEAR UNDERWOOD, WA",45.7520637,-121.5270176, 112.96,00060
14144700,"COLUMBIA RIVER AT VANCOUVER, WA",45.62067265,-122.6734306, 1.82,00060
14216000,"LEWIS RIVER ABOVE MUDDY RIVER NEAR COUGAR, WA",46.060355,-121.9845094,1083.49,00060
14216500,"MUDDY RIVER BELOW CLEAR CREEK NEAR COUGAR, WA",46.0756326,-121.9986768, 1035.61,00060
14219000,"CANYON CREEK NEAR AMBOY, WA",45.9398339,-122.3170398,493.11,00060
14219800,"SPEELYAI CREEK NEAR COUGAR, WA",46.004555,-122.3442638,492.05,00060
14220500,"LEWIS RIVER AT ARIEL, WA",45.95173827,-122.5639685,48.20,00060
14222500,"EAST FORK LEWIS RIVER NEAR HEISSON, WA",45.8367809,-122.4662083, 356.8,00060
14226500,"COWLITZ RIVER AT PACKWOOD, WA",46.61285685,-121.6792344,1051.44,00060
14231000,"COWLITZ RIVER AT RANDLE, WA",46.5319444,-121.9569444,868.80,00060
14231900,"CISPUS RIVER AB YELLOWJACKET CREEK NEAR RANDLE, WA",46.4439666,-121.8400689,1253.68,00060
14233500,"COWLITZ RIVER NEAR KOSMOS, WA",46.4662217,-122.1089856, 759.29,00060
14236200,"TILTON RIVER AB BEAR CANYON CREEK NEAR CINEBAR, WA",46.5953843,-122.4595564,610.48,00060
14238000,"COWLITZ RIVER BELOW MAYFIELD DAM, WA",46.51038526,-122.616224, 226.60,00060
14240525,"NF TOUTLE RIVER BELOW SRS NEAR KID VALLEY, WA",46.3717753,-122.5789987, 700,00060
14242580,"TOUTLE RIVER AT TOWER ROAD NEAR SILVER LAKE, WA",46.335,-122.8408333, 120.00,00060
14243000,"COWLITZ RIVER AT CASTLE ROCK, WA",46.2748332,-122.9145587, 0.00,00060
01595300,"ABRAM CREEK AT OAKMONT, WV",39.36676569,-79.17892449, 1834.9,00060
01595800,"NORTH BRANCH POTOMAC RIVER AT BARNUM, WV",39.4451111,-79.1108056, 1151.28,00060
01604500,"PATTERSON CREEK NEAR HEADSVILLE, WV",39.44314946,-78.8219649, 624.90,00060
01605500,"SOUTH BRANCH POTOMAC RIVER AT FRANKLIN, WV",38.63567247,-79.3378199, 1692.92,00060
01606000,"N F SOUTH BRANCH POTOMAC RIVER AT CABINS, WV",38.9845546,-79.2336508, 1049.3,00060
01606500,"SOUTH BRANCH POTOMAC RIVER NEAR PETERSBURG, WV",38.99122107,-79.17587059, 965.88,00060
01607500,"S F SOUTH BRANCH POTOMAC RIVER AT BRANDYWINE, WV",38.63150665,-79.2436497, 1558.88,00060
01608000,"S F SOUTH BRANCH POTOMAC RIVER NR MOOREFIELD, WV",39.0123313,-78.9561387, 861.16,00060
01608070,"SOUTH BRANCH POTOMAC RIVER NEAR MOOREFIELD, WV",39.10391667,-78.9593056, 764.15,00060
01608500,"SOUTH BRANCH POTOMAC RIVER NEAR SPRINGFIELD, WV",39.44703879,-78.6541817, 561.78,00060
01610400,"WAITES RUN NEAR WARDENSVILLE, WV",39.0427222,-78.5983333, 1239.77,00060
01611500,"CACAPON RIVER NEAR GREAT CACAPON, WV",39.5823158,-78.3097312, 456.46,00060
01613030,"WARM SPRINGS RUN NEAR BERKELEY SPRINGS, WV",39.6405833,-78.2189444, 576.48,00060
01614000,"BACK CREEK NEAR JONES SPRINGS, WV",39.51204187,-78.0372224, 416.12,00060
01616400,"MILL CREEK AT BUNKER HILL, WV",39.334625,-78.0534361, 532.52,00060
01616425,"HOPEWELL RUN AT LEETOWN, WV",39.35463889,-77.9336111, 446.41,00060
01616500,"OPEQUON CREEK NEAR MARTINSBURG, WV",39.42371047,-77.9386084, 354.67,00060
01617000,"TUSCARORA CREEK ABOVE MARTINSBURG, WV",39.46954296,-77.9713871, 450.28,00060
01618000,"POTOMAC RIVER AT SHEPHERDSTOWN, WV",39.4347222,-77.80138889, 280.26,00060
01618100,"ROCKYMARSH RUN AT SCRABBLE, WV",39.4830833,-77.8318333, 362.03,00060
01636464,"BULLSKIN RUN BELOW KABLETOWN, WV",39.2115833,-77.8348611, 373.17,00060
01636500,"SHENANDOAH RIVER AT MILLVILLE, WV",39.28204576,-77.7891606, 292.34,00060
03050000,"TYGART VALLEY RIVER NEAR DAILEY, WV",38.809275,-79.8817342, 1940.53,00060
03050500,"TYGART VALLEY RIVER NEAR ELKINS, WV",38.92371705,-79.8789587, 1894.35,00060
03051000,"TYGART VALLEY RIVER AT BELINGTON, WV",39.0292694,-79.93590799, 1679.79,00060
03052000,"MIDDLE FORK RIVER AT AUDRA, WV",39.03954454,-80.0681352, 1669.4,00060
03052120,"BUCKHANNON RIVER AT ALTON, WV",38.81963889,-80.21388889, 1776.3,00060
03052450,"BUCKHANNON R AT BUCKHANNON, WV",39.0053762,-80.20924949, 1384.25,00060
03052500,"SAND RUN NEAR BUCKHANNON, WV",38.96398938,-80.1525806, 1530.0,00060
03053500,"BUCKHANNON RIVER AT HALL, WV",39.05121,-80.1145254, 1362.8,00060
03054500,"TYGART VALLEY RIVER AT PHILIPPI, WV",39.15037545,-80.038691, 1279.7,00060
03056000,"TYGART VALLEY R AT TYGART DAM NR GRAFTON, WV",39.31981459,-80.0250779, 960.0,00060
03056250,"THREE FORK CREEK NR GRAFTON, WV",39.33648107,-79.9934094, 999.4,00060
03057000,"TYGART VALLEY RIVER AT COLFAX, WV",39.4350866,-80.1325789, 855.68,00060
03058000,"WEST FORK R BL STONEWALL JACKSON DAM NR WESTON, WV",39.00452778,-80.4733611, 1006.0,00060
03058500,"WEST FORK RIVER AT BUTCHERVILLE, WV",39.09064846,-80.4675915, 992.44,00060
03061000,"WEST FORK RIVER AT ENTERPRISE, WV",39.42230818,-80.2759187, 869.14,00060
03061500,"BUFFALO CREEK AT BARRACKVILLE, WV",39.50566667,-80.1681667, 884.46,00060
03062500,"DECKERS CREEK AT MORGANTOWN, WV",39.62924826,-79.9525633, 804.96,00060
03065000,"DRY FORK AT HENDRICKS, WV",39.07232928,-79.6228373, 1699.13,00060
03066000,"BLACKWATER RIVER AT DAVIS, WV",39.1270524,-79.4683852, 3059.3,00060
03067510,"SHAVERS FORK NR CHEAT BRIDGE, WV",38.6170576,-79.8697849, 3537.74,00060
03068800,"SHAVERS FORK BELOW BOWDEN, WV",38.91316335,-79.770342, 2112.64,00060
03069500,"CHEAT RIVER NEAR PARSONS, WV",39.12155556,-79.6755278, 1589.8,00060
0307020015,"CHEAT RIVER BELOW SALTLICK CREEK AT ROWLESBURG, WV",39.34976389,-79.6679194, 1365.80,00060
03070260,"CHEAT RIVER AT ALBRIGHT, WV",39.4948104,-79.6444969, 1173.7,00060
03070500,"BIG SANDY CREEK AT ROCKVILLE, WV",39.62175,-79.7045556, 1322.4,00060
03110830,"KINGS CREEK AT WEIRTON, WV",40.4356229,-80.5925723, 678.8,00060
03111955,"WHEELING CREEK NEAR MAJORSVILLE, WV",39.9533333,-80.54, 807.46,00060
03112000,"WHEELING CREEK AT ELM GROVE, WV",40.0445177,-80.6609116, 667.03,00060
0311404647,"WV FORK FISH CREEK NEAR HUNDRED, WV",39.6921111,-80.46688889, 986.7,00060
03114283,"SOUTH FORK FISHING CREEK AT SMITHFIELD, WV",39.4992222,-80.5627222, 819.4,00060
03114350,"MEATHOUSE FORK AT HWY 18 NEAR WEST UNION, WV",39.26725,-80.7334722, 781.65,00060
03114431,"MIDDLE ISLAND CREEK AT HWY 18 NR MIDDLEBOURNE, WV",39.48163889,-80.8694722, 669.18,00060
03114500,"MIDDLE ISLAND CREEK AT LITTLE, WV",39.4750762,-80.9970537, 631.04,00060
03151400,"LITTLE KANAWHA RIVER NR WILDCAT, WV",38.7434337,-80.5253667, 849.5,00060
03151600,"LITTLE KANAWHA RIVER AT BURNSVILLE, WV",38.8650952,-80.6762077, 737.8,00060
03151915,"SAND FORK NEAR GLENVILLE, WV",38.92538889,-80.73838889, 722.89,00060
03152000,"LITTLE KANAWHA RIVER AT GLENVILLE, WV",38.9329722,-80.8382222, 697.25,00060
03154000,"WEST FORK LITTLE KANAWHA RIVER AT ROCKSDALE, WV",38.84455556,-81.22338889, 656.8,00060
03155000,"LITTLE KANAWHA RIVER AT PALESTINE, WV",39.0589686,-81.38956408, 584.8,00060
03155220,"SOUTH FORK HUGHES RIVER BELOW MACFARLAN, WV",39.07896905,-81.2123373, 624.2,00060
03177120,"EAST RIVER AT WILLOWTON, WV",37.3485,-80.8860833, 1583.8,00060
03177480,"INDIAN CREEK AT RED SULPHUR SPRINGS, WV",37.52925,-80.7701944, 1518.1,00060
03178000,"BLUESTONE R NR SPANISHBURG, WV",37.4334722,-81.11, 2051.0,00060
03179000,"BLUESTONE RIVER NEAR PIPESTEM, WV",37.54400779,-81.0103678, 1526.91,00060
03180500,"GREENBRIER RIVER AT DURBIN, WV",38.54372659,-79.833115, 2699.42,00060
03181949,"KNAPP CREEK NEAR MARLINTON, WV",38.1978611,-80.0278056, 2199.1,00060
03182500,"GREENBRIER RIVER AT BUCKEYE, WV",38.1862222,-80.13, 2085.70,00060
03182700,"ANTHONY CREEK NEAR ANTHONY, WV",37.9086111,-80.28988889, 1863.7,00060
03183500,"GREENBRIER RIVER AT ALDERSON, WV",37.7242874,-80.641468, 1529.00,00060
03184000,"GREENBRIER RIVER AT HILLDALE, WV",37.64012018,-80.805083, 1388.36,00060
03184500,"NEW RIVER AT HINTON, WV",37.6703969,-80.8925874, 1354.86,00060
03185000,"PINEY CREEK AT RALEIGH, WV",37.7606708,-81.1623212, 2084.12,00060
03185400,"NEW RIVER AT THURMOND, WV",37.95511285,-81.07648838, 1030.0,00060
03186500,"WILLIAMS RIVER AT DYER, WV",38.37899915,-80.4839737, 2193.9,00060
03187500,"CRANBERRY RIVER NEAR RICHWOOD, WV",38.2953903,-80.5264749, 2129.8,00060
03188900,"LAUREL CREEK NEAR FENWICK, WV",38.1636111,-80.5880556, 2497.7,00060
03189100,"GAULEY RIVER NEAR CRAIGSVILLE, WV",38.29094494,-80.6409242, 1869.61,00060
03189600,"GAULEY RIVER BELOW SUMMERSVILLE DAM, WV",38.2151103,-80.8881536, 1349.8,00060
03190000,"MEADOW RIVER AT NALLEN, WV",38.1126125,-80.8762069, 1869.53,00060
03191500,"PETERS CREEK NEAR LOCKWOOD, WV",38.2646111,-81.0231111, 1064.3,00060
03192000,"GAULEY RIVER ABOVE BELVA, WV",38.2334395,-81.1809415, 668.8,00060
03193000,"KANAWHA RIVER AT KANAWHA FALLS, WV",38.1381632,-81.2142745, 620.40,00060
03194700,"ELK RIVER BELOW WEBSTER SPRINGS, WV",38.59732627,-80.4903644, 1019.3,00060
03196600,"ELK RIVER NEAR FRAMETOWN, WV",38.59232159,-80.8845474, 774.81,00060
03196800,"ELK RIVER AT CLAY, WV",38.46065656,-81.0876087, 677.23,00060
03197000,"ELK RIVER AT QUEEN SHOALS, WV",38.47203988,-81.2841933, 603.6,00060
03197790,"LITTLE SANDY CREEK NEAR ELKVIEW,WV",38.45594444,-81.5011944, 608.9,00060
03197950,"ELK RIVER AT CHARLESTON, WV",38.3581527,-81.627068, 541.66,00060
03198000,"KANAWHA RIVER AT CHARLESTON, WV",38.37148448,-81.7020701, 547.34,00060
03198350,"CLEAR FORK AT WHITESVILLE, WV",37.9662186,-81.524278, 818.49,00060
03198500,"BIG COAL RIVER AT ASHFORD, WV",38.1798222,-81.7115106, 621.75,00060
03199000,"LITTLE COAL RIVER AT DANVILLE, WV",38.07977778,-81.8365, 660.72,00060
03200500,"COAL RIVER AT TORNADO, WV",38.33898309,-81.841518, 569.77,00060
03201000,"POCATALICO RIVER AT SISSONVILLE, WV",38.52620409,-81.6312379, 593.73,00060
03201405,"HURRICANE CREEK AT HURRICANE, WV",38.4453673,-82.0068032, 599.19,00060
03202300,"GUYANDOTTE RIVER AT PINEVILLE, WV",37.5818611,-81.5371111, 1270.1,00060
03202400,"GUYANDOTTE RIVER NEAR BAILEYSVILLE, WV",37.60400034,-81.6451096, 1139.41,00060
03202750,"CLEAR FORK AT CLEAR FORK, WV",37.62316608,-81.7073342, 1132.7,00060
03202928,"LITTLE HUFF CR AT LITTLE CUB CR RD AT HANOVER, WV",37.5852222,-81.8215, 980.76,00060
03203000,"GUYANDOTTE RIVER AT MAN, WV",37.740385,-81.8767857, 710.06,00060
03203600,"GUYANDOTTE RIVER AT LOGAN, WV",37.84232616,-81.9759574, 639.3,00060
03204346,"MIDDLE FORK MUD RIVER NEAR GRIFFITHSVILLE, WV",38.25441667,-82.0401667, 631.4,00060
03204500,"MUD RIVER NEAR MILTON, WV",38.38825,-82.1131111, 573.81,00060
03206600,"EAST FORK TWELVEPOLE CREEK NEAR DUNLOW, WV",38.0118333,-82.3059722, 717.5,00060
03207061,"TWELVEPOLE CREEK AT LAVALETTE, WV",38.32413889,-82.4488611, 532.0,00060
03212750,"TUG FORK DOWNSTREAM OF ELKHORN CREEK AT WELCH, WV",37.44122439,-81.5998295, 1267.66,00060
03212980,"DRY FORK AT BEARTOWN, WV",37.39538968,-81.8026142, 1055.40,00060
03213000,"TUG FORK AT LITWAR, WV",37.47927778,-81.8383056, 933.8,00060
03213500,"PANTHER CREEK NEAR PANTHER, WV",37.44555556,-81.8711111, 1049,00060
03214500,"TUG FORK AT KERMIT, WV",37.83731869,-82.4087578, 573.3,00060
04024430,"NEMADJI RIVER NEAR SOUTH SUPERIOR, WI",46.6333333,-92.0938889, 601.10,00060
04025500,"BOIS BRULE RIVER AT BRULE, WI",46.53777778,-91.5952778, 948.71,00060
04026005,"BOIS BRULE RIVER NEAR LAKE SUPERIOR, WI",46.70549328,-91.6021304,651.70,00060
04026160,"SISKIWIT RIVER AT CORNUCOPIA, WI",46.8547222,-91.0913889,663.94,00060
040263205,"WHITTLESEY CREEK NEAR ASHLAND, WI",46.59438708,-90.9632437, 609.75,00060
04026390,"BEARTRAP CREEK AT U.S. HIGHWAY 2 NEAR ASHLAND, WI",46.60916667,-90.7602778, 598.19,00060
04026450,"BAD RIVER NEAR MELLEN, WI",46.27055556,-90.7072222, 1390,00060
04026511,"BAD RIVER AT US HIGHWAY 169 NEAR MELLEN, WI",46.33527778,-90.6519444, 1225,00060
04026561,"TYLER FORKS RIVER AT STRICKER ROAD NEAR MELLEN, WI",46.3947222,-90.59,1123.34,00060
040265935,"MARENGO RIVER AT FOUR CORNERS RD NR MASON, WI",46.41016667,-90.9450833,806.52,00060
040265981,"MARENGO RIVER AT RIEMER ROAD NR MARENGO, WI",46.4302222,-90.84075,745.49,00060
04026740,"MARENGO RIVER NEAR MELLEN, WI",46.41661565,-90.7362967,700.95,00060
04026859,"POTATO RIVER AT UPSON, WI",46.36666667,-90.4105556, 1468,00060
04026900,"POTATO RIVER AT GURNEY, WI",46.4622222,-90.5083333, 1066,00060
04027000,"BAD RIVER NEAR ODANAH, WI",46.4866144,-90.696297,668.34,00060
04027500,"WHITE RIVER NEAR ASHLAND, WI",46.4972222,-90.9041667,660.52,00060
04027595,"BAD RIVER AT ODANAH, WI",46.61022045,-90.6871285,600.17,00060
040276505,"DENOMIE CREEK AT MAPLE STREET NEAR ODANAH, WI",46.6013361,-90.6522722,607.13,00060
04062011,"BRULE RIVER NEAR COMMONWEALTH, WI",45.94745319,-88.2154106,1127.16,00060
04063000,"MENOMINEE RIVER NEAR FLORENCE, WI",45.9513419,-88.1892993,1119.42,00060
04063700,"POPPLE RIVER NEAR FENCE, WI",45.7636111,-88.4636111, 1406.41,00060
04064500,"PINE RIVER BELOW PINE R POWERPLANT NR FLORENCE, WI",45.8372222,-88.2252778,1082.34,00060
04065106,"MENOMINEE RIVER AT NIAGARA, WI",45.76777778,-87.9805556, 867.42,00060
04066003,"MENOMINEE RIVER BELOW PEMENE CREEK NR PEMBINE, WI",45.5794722,-87.7869722, 737.88,00060
04066500,"PIKE RIVER AT AMBERG, WI",45.5,-88.0, 853.56,00060
04067500,"MENOMINEE RIVER NEAR MC ALLISTER, WI",45.3258333,-87.6633333,622.66,00060
04067958,"PESHTIGO RIVER NEAR WABENO, WI",45.38774406,-88.3051099, 982.05,00060
04069416,"PESHTIGO RIVER AT PORTERFIELD, WI",45.1433333,-87.8005556, 613.43,00060
04069500,"PESHTIGO RIVER AT PESHTIGO, WI",45.0475,-87.7444444, 584.54,00060
04071000,"OCONTO RIVER NEAR GILLETT, WI",44.865,-88.3,732.99,00060
04071765,"OCONTO RIVER NEAR OCONTO, WI",44.86055556,-87.98388889, 583.10,00060
04072076,"SILVER CREEK AT FLORIST DRIVE AT ONEIDA, WI",44.49,-88.1811111,655.52,00060
04072150,"DUCK CREEK NEAR HOWARD, WI",44.53338889,-88.1296944, 591.77,00060
04073240,"CHAFFEE CREEK AT I-39 NEAR COLOMA, WI",43.98175,-89.4978056, 921.76,00060
04073365,"FOX RIVER AT PRINCETON, WI",43.8511111,-89.1333333, 754.58,00060
04073457,"WUERCHES CREEK AT CT HWY B NEAR GREEN LAKE, WI",43.7485922,-89.0542804,837,00060
04073458,"ROY CREEK AT ROY CREEK ROAD NEAR GREEN LAKE, WI",43.7658333,-89.0202778, 839,00060
040734605,"GREEN LAKE SW INLET @ CT HIGHWY K NR GREEN LAKE,WI",43.7771111,-89.0568611, 790.13,00060
04073462,"WHITE CREEK AT SPRING GROVE ROAD NR GREEN LAKE, WI",43.8161111,-88.9283333, 794.20,00060
04073466,"SILVER CREEK AT SPAULDING ROAD NEAR GREEN LAKE, WI",43.8397222,-88.9083333, 789.83,00060
04073468,"GREEN LAKE INLET AT CT HIGHWAY A NR GREEN LAKE, WI",43.82444444,-88.9266667, 789.91,00060
04073500,"FOX RIVER AT BERLIN, WI",43.96875,-88.9503056, 744.82,00060
04074950,"WOLF RIVER AT LANGLADE, WI",45.18997026,-88.7334398, 1238.05,00060
04077630,"RED RIVER AT MORGAN ROAD NEAR MORGAN, WI",44.8980311,-88.8442729,982.90,00060
04078500,"EMBARRASS RIVER NEAR EMBARRASS, WI",44.7247222,-88.7361111, 803.86,00060
04079000,"WOLF RIVER AT NEW LONDON, WI",44.3922026,-88.7403812,747.89,00060
0407991001,"Unk Trib to SB Little Wolf River nr Ogdensburg, WI",44.41730556,-89.0539333,835.27,00060
04080798,"TOMORROW RIVER NEAR NELSONVILLE, WI",44.5244444,-89.3377778, 1059.01,00060
04081500,"WOLF RIVER AT WINNECONNE, WI",44.1108611,-88.7100556, 738.17,00060
04082400,"FOX RIVER AT OSHKOSH, WI",44.01361209,-88.5408823,740.61,00060
04083545,"Fond Du Lac River @ W. Arndt St. at Fond Du Lac,WI",43.78638889,-88.4589444, 743.98,00060
04084445,"FOX RIVER AT APPLETON, WI",44.24805556,-88.4230556, 731.37,00060
04084911,"PLUM CREEK NEAR WRIGHTSTOWN, WI",44.3055449,-88.1712146, 613.62,00060
04085059,"FOX RIVER AT DE PERE, WI",44.44943598,-88.0645473, 582.74,00060
04085068,"ASHWAUBENON CREEK NEAR LITTLE RAPIDS, WI",44.4141571,-88.1270474, 609.33,00060
040850684,"ASHWAUBENON CREEK AT GRANT ST NR WEST DEPERE, WI",44.445,-88.09888889, 587.72,00060
04085074,"DUTCHMAN CREEK AT CYRUS ST NR ASHWAUBENON, WI",44.4663792,-88.1431588, 665.39,00060
04085078,"DUTCHMAN CREEK AT HANSEN RD AT ASHWAUBENON, WI",44.4835,-88.087, 590.41,00060
04085108,"EAST RIVER @ CNTY TRUNK HIGHWAY ZZ NR GREENLEAF,WI",44.37194444,-88.0922222, 613.55,00060
04085138,"EAST RIVER AT GREEN BAY, WI",44.5091593,-87.9917702, 571.16,00060
040851385,"FOX RIVER AT OIL TANK DEPOT AT GREEN BAY, WI",44.5286111,-88.01,0.45,00060
04085200,"KEWAUNEE RIVER NEAR KEWAUNEE, WI",44.45833125,-87.5564746, 579.57,00060
04085427,"MANITOWOC RIVER AT MANITOWOC, WI",44.10616667,-87.7160278, 590.10,00060
04086000,"SHEBOYGAN RIVER AT SHEBOYGAN, WI",43.74138889,-87.7521111, 580.41,00060
04086500,"CEDAR CREEK NEAR CEDARBURG, WI",43.32305556,-87.9786111, 795.42,00060
04086600,"MILWAUKEE RIVER NEAR CEDARBURG, WI",43.28027778,-87.9425, 653.31,00060
040869416,"LINCOLN CREEK @ SHERMAN BOULEVARD AT MILWAUKEE, WI",43.09713889,-87.96725, 626.65,00060
04087000,"MILWAUKEE RIVER AT MILWAUKEE, WI",43.10001159,-87.9089745, 606.91,00060
04087030,"MENOMONEE RIVER AT MENOMONEE FALLS, WI",43.17277778,-88.10388889, 755.58,00060
04087050,"LITTLE MENOMONEE RIVER NEAR FREISTADT, WI",43.20667408,-88.0384231, 718.78,00060
04087070,"LITTLE MENOMONEE RIVER AT MILWAUKEE, WI",43.1236111,-88.0436111, 695.20,00060
04087088,"UNDERWOOD CREEK AT WAUWATOSA, WI",43.0547222,-88.0461111, 680.14,00060
04087119,"HONEY CREEK AT WAUWATOSA, WI",43.0438333,-88.0051111, 630.02,00060
04087120,"MENOMONEE RIVER AT WAUWATOSA, WI",43.04555556,-87.9997222,627.75,00060
04087142,"MENOMONEE RIVER AT 16TH STREET AT MILWAUKEE, WI",43.03389487,-87.934194,566.58,00060
040871473,"WILSON PARK CREEK AT GMIA INFALL AT MILWAUKEE, WI",42.9457222,-87.8862222, 651.91,00060
040871475,"WILSON PARK CREEK @ GMIA OUTFALL 7 @ MILWAUKEE,WI",42.95702778,-87.9073056, 645.74,00060
040871476,HOLMES AVE CRK TRIB @ GMIA OUTFALL 1 AT MILWAUKEE,42.94516667,-87.9110556, 688.83,00060
040871488,"WILSON PARK CK @ ST. LUKES HOSPITAL @ MILWAUKEE,WI",42.99025,-87.9523333, 614.96,00060
04087159,"KINNICKINNIC RIVER @ S. 11TH STREET @ MILWAUKEE,WI",42.9975,-87.92638889, 588.56,00060
04087170,"MILWAUKEE RIVER AT MOUTH AT MILWAUKEE, WI",43.02444444,-87.8983333,571.05,00060
04087204,"OAK CREEK AT SOUTH MILWAUKEE, WI",42.925,-87.87, 631.13,00060
04087214,"ROOT RIVER AT GRANGE AVENUE AT GREENDALE, WI",42.945,-88.0141667, 696.40,00060
04087220,"ROOT RIVER NEAR FRANKLIN, WI",42.8736111,-87.9958333, 674.2,00060
04087233,"ROOT RIVER CANAL NEAR FRANKLIN, WI",42.81555556,-87.9947222, 677.41,00060
04087234,"ROOT RIVER AT 60TH ST NEAR CALEDONIA, WI",42.85555556,-87.9907222, 666.65,00060
04087240,"ROOT RIVER AT RACINE, WI",42.75138889,-87.8236111, 613.87,00060
04087257,"PIKE RIVER NEAR RACINE, WI",42.64694444,-87.8605556, 619.83,00060
05331833,"NAMEKAGON RIVER AT LEONARDS, WI",46.1713687,-91.3293778, 1272.37,00060
05333500,"ST. CROIX RIVER NEAR DANBURY, WI",46.0761111,-92.2466667, 882.20,00060
05335492,"CLAM RIVER AT HWY 35 NR WEBSTER, WI",45.8534972,-92.365225,933.78,00060
05340500,"ST. CROIX RIVER AT ST. CROIX FALLS, WI",45.4069444,-92.6469444,690.17,00060
05341498,"APPLE RIVER ABOVE 05341499 AT PARK IN SOMERSET, WI",45.1277442,-92.6752033,798.26,00060
05342000,"KINNICKINNIC RIVER NEAR RIVER FALLS, WI",44.8308333,-92.7330556, 678.42,00060
05344490,"ST. CROIX RIVER AT PRESCOTT, WI",44.74913428,-92.8046473, 649.67,00060
05344500,"MISSISSIPPI RIVER AT PRESCOTT, WI",44.74580095,-92.8002026, 649.67,00060
05356000,"CHIPPEWA RIVER AT BISHOPS BRIDGE NEAR WINTER, WI",45.8486111,-91.0788889, 1256.99,00060
05356500,"CHIPPEWA RIVER NEAR BRUCE, WI",45.4521867,-91.2609878,1059.76,00060
05357335,"BEAR RIVER NEAR MANITOWISH WATERS, WI",46.0488377,-89.9846035,1574.46,00060
05359500,"SOUTH FORK FLAMBEAU RIVER NEAR PHILLIPS, WI",45.7033333,-90.6155556,1361.07,00060
05360500,"FLAMBEAU RIVER NEAR BRUCE, WI",45.40638889,-91.2194444,1058.87,00060
05362000,"JUMP RIVER AT SHELDON, WI",45.30803838,-90.9565247, 1092.88,00060
05363600,"NF YELLOW R AT YELLOW RIVER RD NR PERKINSTOWN, WI",45.2985722,-90.5964667, 1298.45,00060
05364128,"DRYWOOD CREEK AT COVERED FOOTBRIDGE NR CADOTT, WI",44.9622,-91.230175, 909.77,00060
05365500,"CHIPPEWA RIVER AT CHIPPEWA FALLS, WI",44.92666667,-91.4108333, 798.50,00060
05365550,"CHIPPEWA RIVER BELOW DELLS DAM AT EAU CLAIRE, WI",44.8225833,-91.5076111, 755.04,00060
05366800,"CHIPPEWA R AT GRAND AVE AT EAU CLAIRE, WI",44.80959899,-91.5029665, 755.02,00060
05367500,"RED CEDAR RIVER NEAR COLFAX, WI",45.05305556,-91.7119444,931.77,00060
05368000,"HAY RIVER AT WHEELER, WI",45.0477401,-91.9110104, 889.39,00060
05369000,"RED CEDAR RIVER AT MENOMONIE, WI",44.87527778,-91.9380556,767.58,00060
05369500,"CHIPPEWA RIVER AT DURAND, WI",44.631,-91.9713333, 692.67,00060
05370000,"EAU GALLE RIVER AT SPRING VALLEY, WI",44.85277778,-92.2383333, 900.34,00060
05379400,"TREMPEALEAU RIVER AT ARCADIA, WI",44.25444444,-91.5052778, 719.53,00060
05379500,"TREMPEALEAU RIVER AT DODGE, WI",44.13175,-91.5530278,661.19,00060
05381000,"BLACK RIVER AT NEILLSVILLE, WI",44.5597222,-90.615,963.07,00060
053813595,"BLACK RIVER DS ST HWY 54 AT BLACK RIVER FALLS, WI",44.29357228,-90.846531,700.00,00060
05382000,"BLACK RIVER NEAR GALESVILLE, WI",44.06027778,-91.2872222, 658.39,00060
05382255,"STILLWELL CREEK AT SIXTEENTH COURT NEAR TOMAH, WI",43.99388889,-90.6572222, 909.64,00060
05382257,"STILLWELL CREEK AT YARD ROAD NEAR TOMAH, WI",44.00055556,-90.6811111, 866.69,00060
05382267,"LA CROSSE RIVER @ CNTY TRUNK HIGHWY BB NR TOMAH,WI",44.00027778,-90.7244444, 804.35,00060
05382284,"SILVER CREEK AT STATE HIGHWAY 21 NEAR ANGELO, WI",43.9672222,-90.765, 788.69,00060
05382325,"LA CROSSE RIVER AT SPARTA, WI",43.9375,-90.8105556, 760.66,00060
05383075,"LA CROSSE RIVER NEAR LA CROSSE, WI",43.86079886,-91.2104156, 641.99,00060
05391000,"WISCONSIN RIVER @ RAINBOW LAKE NR LAKE TOMAHAWK,WI",45.8305086,-89.55236359,1569.13,00060
05393500,"SPIRIT RIVER AT SPIRIT FALLS, WI",45.44916667,-89.9791667,1461.87,00060
05394500,"PRAIRIE RIVER NEAR MERRILL, WI",45.2358333,-89.6497222,1297.43,00060
05395000,"WISCONSIN RIVER AT MERRILL, WI",45.1783333,-89.6816667, 1228.83,00060
05396000,"BIG RIB RIVER AT RIB FALLS, WI",44.9725,-89.9052778, 1211.30,00060
05397500,"EAU CLAIRE RIVER AT KELLY, WI",44.91888889,-89.5519444,1177.83,00060
05398000,"WISCONSIN RIVER AT ROTHSCHILD, WI",44.88683056,-89.6357472, 1125.97,00060
05399500,"BIG EAU PLEINE RIVER AT STRATFORD, WI",44.8219098,-90.0795754, 1154.38,00060
05400625,"LITTLE PLOVER RIVER NEAR PLOVER, WI",44.47075,-89.5082222,1082.93,00060
05400760,"WISCONSIN RIVER AT WISCONSIN RAPIDS, WI",44.3921593,-89.8271246, 977.26,00060
05401034,"S.BR.TENMILE CREEK NEAR BANCROFT, WI",44.27169444,-89.5488889, 1071.22,00060
05401050,"TENMILE CREEK NEAR NEKOOSA, WI",44.2625,-89.8102778, 967.33,00060
05401514,"BIG ROCHE A CRI CREEK AT HWY G NR LEOLA, WI",44.1749722,-89.6174167, 1037.05,00060
05402000,"YELLOW RIVER AT BABCOCK, WI",44.3022222,-90.1219444, 954.69,00060
05403000,"YELLOW RIVER AT NECEDAH, WI",44.0261111,-90.0716667, 882.15,00060
05403500,"LEMONWEIR RIVER AT NEW LISBON, WI",43.8797222,-90.1619444,866.71,00060
05404000,"WISCONSIN RIVER NEAR WISCONSIN DELLS, WI",43.605,-89.7566667,801.74,00060
05404140,"W BRANCH BIG CREEK AT CLARK RD NR LA VALLE, WI",43.64488889,-90.0835556, 919.48,00060
05404147,"BIG CREEK OUTLET AT LAKE REDSTONE NR LA VALLE, WI",43.5863611,-90.0874444,912.82,00060
05404150,"E BRANCH BIG CREEK AT LAVALLE RD NR LA VALLE, WI",43.6267222,-90.0766944,913.82,00060
054041665,"BARABOO RIVER AT MAIN STREET AT REEDSBURG, WI",43.53244444,-90.0114444, 859.94,00060
05405000,"BARABOO RIVER NEAR BARABOO, WI",43.48166667,-89.6363889, 788.11,00060
05406457,"BLACK EARTH CREEK NR BREWERY RD AT CROSS PLAINS,WI",43.1097222,-89.6408333, 874.69,00060
05406469,"BREWERY CREEK-UPSTREAM SITE-AT CROSS PLAINS, WI",43.12527778,-89.635, 901.77,00060
05406479,"BLACK EARTH CK NR TREATMENT PLNT @ CROSS PLAINS,WI",43.1147222,-89.6641667, 851.10,00060
05406500,"BLACK EARTH CREEK AT BLACK EARTH, WI",43.13416667,-89.7322222, 812.76,00060
05407000,"WISCONSIN RIVER AT MUSCODA, WI",43.19805556,-90.4433333, 666.68,00060
05407468,"KICKAPOO R @ ST HWY 131 AT ONTARIO, WI",43.72994444,-90.5889444, 854.49,00060
05408000,"KICKAPOO RIVER AT LA FARGE, WI",43.57415528,-90.6431767, 781.34,00060
05410490,"KICKAPOO RIVER AT STEUBEN, WI",43.18277778,-90.8583333, 656.89,00060
05413500,"GRANT RIVER AT BURTON, WI",42.72027778,-90.8191667, 606.14,00060
05414000,"PLATTE RIVER NEAR ROCKVILLE, WI",42.7311111,-90.6402778, 642.36,00060
05423500,"SOUTH BRANCH ROCK RIVER AT WAUPUN, WI",43.64165509,-88.72066309, 863.53,00060
05424057,"ROCK RIVER AT HORICON, WI",43.45027778,-88.6322222, 849.48,00060
05424157,"ROCK RIVER NEAR LEBANON, WI",43.26191389,-88.5743056, 835.36,00060
05425500,"ROCK RIVER AT WATERTOWN, WI",43.18805556,-88.7261111, 792.56,00060
05425912,"BEAVERDAM RIVER AT BEAVER DAM, WI",43.44444444,-88.845,0.0,00060
05426000,"CRAWFISH RIVER AT MILFORD, WI",43.1,-88.8494444, 779.38,00060
05426031,"ROCK RIVER AT JEFFERSON, WI",42.99611515,-88.8073274, 772.86,00060
05426067,"BARK RIVER AT NAGAWICKA ROAD AT DELAFIELD, WI",43.08777778,-88.3761111, 879.74,00060
05426250,"BARK RIVER NEAR ROME, WI",42.96027778,-88.6705556, 808.80,00060
05427085,"ROCK RIVER AT FORT ATKINSON, WI",42.9289722,-88.8395278, 765.16,00060
05427530,"ROCK RIVER AT NEWVILLE, WI",42.83,-89.0213889,773.56,00060
05427718,"YAHARA RIVER AT WINDSOR, WI",43.20888889,-89.3525, 861.22,00060
05427850,"YAHARA RIVER AT STATE HIGHWAY 113 AT MADISON, WI",43.1508333,-89.4019444, 840.00,00060
05427880,"SIXMILE CREEK AT STATE HIGHWAY 19 NEAR WAUNAKEE,WI",43.1922222,-89.4728889, 911.98,00060
05427905,"SIXMILE CREEK AT WOODLAND DRIVE NEAR WAUNAKEE, WI",43.1600722,-89.4321,847.19,00060
05427910,"SIXMILE CREEK @ COUNTY TRNK HGHWY M NR WAUNAKEE,WI",43.1468333,-89.4368333, 839.95,00060
05427927,"DORN (SPRING) CREEK @ CT HIGHWAY Q NR WAUNAKEE, WI",43.14505556,-89.4718611, 855.31,00060
05427930,"DORN (SPRING) CREEK AT CT HIGHWAY M NR WAUNAKEE,WI",43.14027778,-89.4423056, 839.77,00060
05427943,"PHEASANT BRANCH AT AIRPORT ROAD NEAR MIDDLETON, WI",43.1111111,-89.5361111, 912.47,00060
054279465,"S FORK PHEASANT BRANCH @ DEMING WAY @ MIDDLETON,WI",43.09860617,-89.52151, 912.39,00060
05427948,"PHEASANT BRANCH AT MIDDLETON, WI",43.1033333,-89.5116667, 901.31,00060
05428500,"YAHARA RIVER AT EAST MAIN STREET AT MADISON, WI",43.08944444,-89.3608333, 839.95,00060
05429369,"SWAN CREEK AT LALOR ROAD NEAR FITCHBURG, WI",42.99951944,-89.3615417, 843.47,00060
05429500,"YAHARA RIVER AT MC FARLAND, WI",43.00888889,-89.305,839.91,00060
05429700,"YAHARA RIVER @ FORTON STREET BRIDGE @ STOUGHTON,WI",42.9197239,-89.2203937, 834.80,00060
05430150,"BADFISH CREEK NEAR COOKSVILLE, WI",42.83333785,-89.19678199, 807.26,00060
05430175,"YAHARA RIVER NEAR FULTON, WI",42.82638889,-89.1719444, 790.15,00060
05430500,"ROCK RIVER AT AFTON, WI",42.6136111,-89.0716667, 742.36,00060
05431016,"JACKSON CREEK AT MOUND ROAD NEAR ELKHORN, WI",42.6408333,-88.5608333,919.84,00060
05431017,"DELAVAN LAKE INLET AT STATE HWY 50 AT LAKE LAWN,WI",42.6211265,-88.5826011, 919.83,00060
05431018,"DELAVAN LAKE TRB @ S SHORE DR @ DELAVAN LAKE, WI",42.5855641,-88.621995,935,00060
05431022,"DELAVAN LAKE OUTLET AT BORG ROAD NEAR DELAVAN, WI",42.61473739,-88.6248244, 914.30,00060
05431486,"TURTLE CREEK AT CARVERS ROCK ROAD NEAR CLINTON, WI",42.5972222,-88.8291667, 823.27,00060
05432500,"PECATONICA RIVER AT DARLINGTON, WI",42.67777778,-90.1186111, 802.42,00060
05433000,"EAST BRANCH PECATONICA RIVER NR BLANCHARDVILLE, WI",42.78555556,-89.8611111, 796.83,00060
05434500,"PECATONICA RIVER AT MARTINTOWN, WI",42.51,-89.8013889, 757.42,00060
05435943,"BADGER MILL CREEK AT VERONA, WI",42.97694444,-89.5394444, 929.95,00060
05435950,"SUGAR RIVER NEAR VERONA, WI",42.94916667,-89.5441667, 906.09,00060
05436500,"SUGAR RIVER NEAR BRODHEAD, WI",42.61230556,-89.3979722, 767.98,00060
05438283,"PISCASAW CREEK NEAR WALWORTH, WI",42.52166667,-88.6608333, 928.39,00060
05543830,"FOX RIVER AT WAUKESHA, WI",43.0047222,-88.2436111, 792.39,00060
05544200,"MUKWONAGO RIVER AT MUKWONAGO, WI",42.85666667,-88.3277778, 779.15,00060
055451345,"WHITE RIVER AT CENTER STREET AT LAKE GENEVA, WI",42.59055556,-88.4336111, 848.00,00060
05545750,"FOX RIVER NEAR NEW MUNSTER, WI",42.61085116,-88.225923, 735.60,00060
425037087583301,"Root River at W. Eight Mile Rd near Caledonia, WI",42.84366667,-87.97575, 670,00060
441520088045002,"GLRI EAST RIVER TILE 1 NEAR GREENLEAF, WI",44.25563889,-88.0805833, 872,00060
06036805,"Firehole River at Old Faithful, YNP",44.4593333,-110.8222722, 7352,00060
06036905,Firehole River near West Yellowstone MT,44.6201833,-110.8635028, 7050,00060
06036940,"Tantalus Creek at Norris Junction, YNP",44.732725,-110.7132528, 7460,00060
06037100,"Gibbon River at Madison Jct, YNP",44.6408,-110.8610639, 6800,00060
06186500,Yellowstone River at Yellowstone Lk Outlet YNP,44.56709167,-110.3804056, 7727.77,00060
06188000,Lamar River nr Tower Ranger Station YNP,44.92817778,-110.3942694, 6000,00060
06190540,"Boiling River at Mammoth,YNP",44.9851333,-110.6893444, 5680,00060
06218500,"WIND RIVER NEAR DUBOIS, WY",43.57856415,-109.7598835, 7188.71,00060
06220800,"WIND RIVER ABOVE RED CREEK, NEAR DUBOIS, WY",43.441622,-109.4587584, 6400,00060
06221400,"DINWOODY CREEK ABOVE LAKES, NEAR BURRIS, WY",43.34616667,-109.4087778, 6500,00060
06224000,"BULL LAKE CREEK ABOVE BULL LAKE, WY",43.1766111,-109.2025556, 5874,00060
06227600,"WIND RIVER NEAR KINNEAR, WY",43.14277778,-108.7088889, 5294.7,00060
06228000,"WIND RIVER AT RIVERTON, WY",43.01051478,-108.3767701, 4901.56,00060
06228350,"SF L WIND RIV AB WASHAKIE RES, NR FT WASHAKIE, WY",42.96828927,-109.037628, 6440,00060
06235500,"LITTLE WIND RIVER NEAR RIVERTON, WY",42.9975,-108.3754167, 4901.84,00060
06236100,"WIND RIVER AB BOYSEN RESERVOIR, NR SHOSHONI, WY",43.1289722,-108.2248333, 4775,00060
06253000,"FIVEMILE CREEK NEAR SHOSHONI, WY",43.22191667,-108.2196944, 4750,00060
06258000,"MUDDY CREEK NEAR SHOSHONI, WY",43.2860368,-108.2757079, 4780,00060
06259000,"WIND RIVER BELOW BOYSEN RESERVOIR, WY",43.4249254,-108.1790398, 4608.58,00060
06274300,"BIGHORN RIVER AT BASIN, WY",44.3832545,-108.0362688, 3821.29,00060
06278300,"SHELL CREEK ABOVE SHELL CREEK RESERVOIR, WY",44.5079801,-107.4037496, 9050,00060
06279500,"BIGHORN RIVER AT KANE, WY",44.75852989,-108.1815559, 3660,00060
06279940,"NORTH FORK SHOSHONE RIVER AT WAPITI, WY",44.4714444,-109.4183528,5551,00060
06280300,"SOUTH FORK SHOSHONE RIVER NEAR VALLEY, WY",44.20788889,-109.55525, 6200,00060
06281000,"SOUTH FORK SHOSHONE RIVER AB BUFFALO BILL RES, WY",44.41907987,-109.2579755, 5440,00060
06285100,"SHOSHONE RIVER NEAR LOVELL, WY",44.83852799,-108.4351763, 3850,00060
06309200,"MIDDLE FORK POWDER RIVER NEAR BARNUM, WY",43.57773999,-107.1383995, 7220,00060
06313400,"SALT CREEK NEAR SUSSEX, WY",43.62191829,-106.3683639, 4480,00060
06317000,"POWDER RIVER AT ARVADA, WY",44.64993155,-106.127598, 3620,00060
06318500,"CLEAR CREEK NEAR BUFFALO, WY",44.33275055,-106.7772735, 5184.83,00060
06324970,"LITTLE POWDER RIVER AB DRY CREEK, NEAR WESTON, WY",44.9268794,-105.3534087, 3410,00060
06386500,"CHEYENNE RIVER NEAR SPENCER, WY",43.42108409,-104.1316022,3581.76,00060
06426500,"BELLE FOURCHE RIVER BELOW MOORCROFT, WY",44.32188385,-104.9406108,4099.84,00060
06622700,"NORTH BRUSH CREEK NEAR SARATOGA, WY",41.37022978,-106.520632,8037.24,00060
06623800,"ENCAMPMENT RIVER AB HOG PARK CR, NR ENCAMPMENT, WY",41.02356508,-106.8248049,8258.57,00060
06625000,"ENCAMPMENT RIVER AT MOUTH, NEAR ENCAMPMENT, WY",41.30328495,-106.7153597,6959.61,00060
06630000,"N PLATTE RIV AB SEMINOE RESERVOIR, NR SINCLAIR, WY",41.87216636,-107.0575984,6404.44,00060
06630465,"Medicine Bow R ab E Fk Med Bow nr Elk Mountain, WY",41.54777778,-106.4097222,7979.61,00060
06632400,"ROCK CREEK AB KING CANYON CANAL, NR ARLINGTON, WY",41.58522927,-106.222847, 7790,00060
06634060,"L Medicine Bow R ab Sand Cr, nr Shirley Basin, WY",42.3311111,-106.1552778, 6971,00060
06634620,"L MEDICINE BOW R AT BOLES SPRING, NR MEDICINE BOW",41.96105917,-106.2092391, 6570,00060
06635000,"MEDICINE BOW R AB SEMINOE RESERVOIR, NR HANNA, WY",42.00966817,-106.5131381, 6415.4,00060
06638090,"SWEETWATER RIVER NEAR SWEETWATER STATION, WY",42.5038205,-108.2506982, 6590,00060
06642000,"NORTH PLATTE RIVER AT ALCOVA, WY",42.5741069,-106.692594, 5299.4,00060
06646000,"DEER CREEK IN CANYON, NEAR GLENROCK, WY",42.711632,-106.0291783, 5640,00060
06652000,"NORTH PLATTE RIVER AT ORIN, WY",42.65247578,-105.1592123,4660,00060
06657000,"NORTH PLATTE RIVER BELOW WHALEN DIVERSION DAM, WY",42.2410095,-104.6280247,4280,00060
06660000,"LARAMIE RIVER AT LARAMIE, WY",41.32777778,-105.6074167,7132,00060
06670500,"LARAMIE RIVER NEAR FORT LARAMIE, WY",42.2005103,-104.5383548,4220,00060
06674500,NORTH PLATTE RIVER AT WYOMING-NEBRASKA STATE LINE,41.98857008,-104.0533373,4025,00060
09188500,"GREEN RIVER AT WARREN BRIDGE, NEAR DANIEL, WY",43.0190833,-110.1188611,7468.09,00060
09192750,"New Fork River ab New Fork Lakes, nr Cora, WY",43.1260559,-109.8973809,7880,00060
09195000,"Lake Creek below Willow Lake, nr Cora, WY",42.9931111,-109.9094139,7698,00060
09196500,"PINE CREEK ABOVE FREMONT LAKE, WY",43.02705556,-109.7735278,7450,00060
09201500,"Boulder Creek above Boulder Lake, near Boulder, WY",42.8563369,-109.6173664,7304,00060
09202000,"Boulder Creek bl Boulder Lake, nr Boulder, WY",42.8193643,-109.7171369,7174,00060
09205000,"NEW FORK RIVER NEAR BIG PINEY, WY",42.5671427,-109.930196,6800,00060
09209400,"GREEN RIVER NEAR LA BARGE, WY",42.19269994,-110.1632544,6520,00060
09210500,"FONTENELLE C NR HERSCHLER RANCH, NR FONTENELLE, WY",42.09580556,-110.4160833,6950,00060
09211200,"GREEN RIVER BELOW FONTENELLE RESERVOIR, WY",42.0209722,-110.0498056,6378.13,00060
09213500,"BIG SANDY RIVER NEAR FARSON, WY",42.3296,-109.5119,6794,00060
09215000,"PACIFIC CREEK NEAR FARSON, WY",42.1283333,-109.3254444,6660,00060
09217000,"GREEN RIVER NEAR GREEN RIVER, WY",41.5163221,-109.4490579,6060,00060
09218500,"BLACKS FORK NEAR MILLBURNE, WY",41.03159787,-110.5793647,8512.27,00060
09219200,"Blacks Fork above Smiths Fork, near Lyman, WY",41.39415,-110.2059583, 6433,00060
09220000,"EAST FORK OF SMITHS FORK NEAR ROBERTSON, WY",41.0538611,-110.3986389,8470,00060
09222400,"MUDDY CREEK NEAR HAMPTON, WY",41.53798358,-110.2293599,6323,00060
09223000,"HAMS FORK BELOW POLE CREEK, NEAR FRONTIER, WY",42.11088889,-110.7094167,7455,00060
09224700,"BLACKS FORK NEAR LITTLE AMERICA, WY",41.5460425,-109.6935102,6127.66,00060
09229500,"HENRYS FORK NEAR MANILA, UT",41.00452778,-109.6675556, 6060,00060
09255200,"Little Snake River ab Savery Cr, nr Savery, WY",41.01674167,-107.4402583,6454,00060
09257000,"LITTLE SNAKE RIVER NEAR DIXON, WY",41.02852778,-107.5488611,6335.34,00060
09258050,"Muddy Creek above Olson Draw, near Dad, WY",41.4783333,-107.6025,6840.05,00060
09258980,"MUDDY CREEK BELOW YOUNG DRAW, NEAR BAGGS, WY",41.06814337,-107.6316359,6267.31,00060
09259049,"Gibson Blair Ditch near Baggs, WY",41.02921389,-107.6837806,6214,00060
09259050,"Little Snake R bl Gibson Blair Ditch, nr Baggs, WY",41.0290111,-107.6837278,6218,00060
09259700,"Little Snake River bl Dry Gulch, nr Baggs, WY",41.0030203,-107.9203562,6050,00060
10016900,"BEAR RIVER AT EVANSTON, WY",41.2698611,-110.9636944,6730,00060
10020100,"BEAR RIVER ABOVE RESERVOIR, NEAR WOODRUFF, UT",41.4343899,-111.0176863,6464.63,00060
10020300,"BEAR RIVER BELOW RESERVOIR, NEAR WOODRUFF, UT",41.505501,-111.0146317, 6400,00060
10028500,"BEAR RIVER BELOW PIXLEY DAM, NEAR COKEVILLE, WY",41.93795,-110.9868806,6180.30,00060
10032000,"SMITHS FORK NEAR BORDER, WY",42.2932662,-110.8724064,6705.69,00060
10038000,"BEAR RIVER BELOW SMITHS FORK, NR COKEVILLE, WY",42.12652778,-110.9731972,6133.41,00060
13010065,SNAKE RIVER AB JACKSON LAKE AT FLAGG RANCH WY,44.09888889,-110.6675,6801.61,00060
13011000,"SNAKE RIVER NEAR MORAN, WY",43.85851819,-110.5866219,6727.84,00060
13011500,"PACIFIC CREEK AT MORAN, WY",43.8510187,-110.5171751,6740,00060
13011820,"Blackrock Cr bl Split Rock Cr, nr Moran, WY",43.8071111,-110.1787222, 8582,00060
13011900,"BUFFALO FORK AB LAVA CREEK, NR MORAN, WY",43.83805556,-110.4408333,6772.78,00060
13013650,"SNAKE RIVER AT MOOSE, WY",43.65405556,-110.7154722,6450,00060
13014300,"GROS VENTRE R AB UPPER SLIDE LK, NR KELLY, WY",43.5759722,-110.3109444, 7295,00060
13014500,"GROS VENTRE RIVER AT KELLY, WY",43.62088889,-110.6230556,6648,00060
13015000,"GROS VENTRE RIVER AT ZENITH, WY",43.5572222,-110.7627778,6316,00060
13016305,"GRANITE C AB GRANITE C SUPPLEMENTAL, NR MOOSE, WY",43.60316667,-110.8058333,6400,00060
13016450,"FISH CREEK AT WILSON, WY",43.50076005,-110.8716, 6144.98,00060
13018300,"CACHE CREEK NEAR JACKSON, WY",43.45213098,-110.7041203,6750,00060
13018350,"FLAT CREEK BELOW CACHE CREEK, NEAR JACKSON, WY",43.4583611,-110.7970278, 6114.40,00060
13018750,"SNAKE RIVER BELOW FLAT CREEK, NEAR JACKSON, WY",43.3722222,-110.7386111,5956,00060
13019500,"HOBACK RIVER NEAR JACKSON, WY",43.30527778,-110.6801944,5987,00060
13022500,"SNAKE RIVER ABOVE RESERVOIR, NEAR ALPINE, WY",43.1961111,-110.8894444,5717,00060
13023000,"GREYS RIVER ABOVE RESERVOIR, NEAR ALPINE, WY",43.14305556,-110.9769444, 5729,00060
13025500,"CROW CREEK NEAR FAIRVIEW, WY",42.67491237,-111.0077309,6211.96,00060
13027500,"SALT RIVER ABOVE RESERVOIR, NEAR ETNA, WY",43.0797222,-111.0372222,5679.56,00060
01648000,"ROCK CREEK AT SHERRILL DRIVE WASHINGTON, DC",38.9725,-77.04, 148.14,00060
01648010,"ROCK CREEK AT JOYCE RD WASHINGTON, DC",38.96016667,-77.0420556, 136.78,00060
01648011,Luzon Branch above Rock Creek at Washington DC,38.96169444,-77.04138889,141.22,00060
01651770,"HICKEY RUN AT NATIONAL ARBORETUM AT WASHINGTON, DC",38.9161111,-76.9688611,16.28,00060
01651800,"WATTS BRANCH AT WASHINGTON, DC",38.90127778,-76.94327778, 10.73,00060
01651827,"Anacostia River nr Buzzard Point at Washington, DC",38.86516667,-77.0103333,-0.14,00060
180455066301701,"CANAL DE JUANA DIAZ AT LAGO GUAYABAL, PR",18.08205833,-66.50463889,,00060
182743067004200,"CANAL PRINCIPAL DIVERSION BLW FOREBAY, ISABELA, PR",18.46003598,-67.01130717, 441.03,00060
182830067035900,"CANAL PRINCIPAL DIVERSION ABV. LAGO GUERRERO, PR",18.4729993,-67.0660136, 356,00060
50010500,"RIO GUAJATACA AT LARES, PR",18.29721058,-66.87348497, 942.95,00060
50010600,"RIO GUAJATACA ABV LAGO DE GUAJATACA, PR",18.33050613,-66.9160106, 565,00060
50011000,"CANAL DE DERIVACION AT LAGO DE GUAJATACA, PR",18.39751986,-66.9271276, 590,00060
50011085,"CANAL DE MOCA ABV LAGO REGULADOR (E13) ISABELA, PR",18.45534449,-67.02750749, 538,00060
50011128,"CANAL MOCA ABV AGUADILLA PLANT, AGUADILLA, PR",18.44721983,-67.13694769, 525,00060
50011200,"RIO GUAJATACA BLW LAGO GUAJATACA, PR",18.39828094,-66.9273999, 535,00060
50011400,"RIO GUAJATACA ABV MOUTH NR QUEBRADILLAS, PR",18.4732773,-66.96240108,,00060
50014800,"RIO CAMUY NR BAYANEY, PR",18.39443982,-66.8176066, 358.0,00060
50021700,"RIO GRANDE DE ARECIBO ABV UTUADO, PR",18.24220775,-66.7219104, 525,00060
50024950,"RIO GRANDE DE ARECIBO BLW UTUADO, PR",18.3000995,-66.703716, 295.3,00060
50025155,"RIO SALIENTE AT COABEY NR JAYUYA, PR",18.2108288,-66.5628032, 1700,00060
50026025,"RIO CAONILLAS AT PASO PALMA, PR",18.2294279,-66.6367066, 964.61,00060
50027000,"RIO LIMON ABV LAGO DOS BOCAS, PR",18.32410113,-66.6206455, 328.1,00060
50027600,"RIO GRANDE DE ARECIBO NR SAN PEDRO, PR",18.3968229,-66.6911773, 49.2,00060
50028000,"RIO TANAMA NR UTUADO, PR",18.29873289,-66.7826336, 948,00060
50028400,"RIO TANAMA AT CHARCO HONDO, PR",18.4121002,-66.7143277, 47.57,00060
50031000,"RIO GRANDE DE MANATI AT HWY 155 NR MOROVIS, PR",18.29745293,-66.40961487, 459.3,00060
50034000,"RIO BAUTA NR OROCOVIS, PR",18.23396665,-66.45444347, 820.3,00060
50035000,"RIO GRANDE DE MANATI AT CIALES, PR",18.32243776,-66.4595683, 140,00060
50037000,"RIO GRANDE DE MANATI NR MANATI, PR",18.39744848,-66.49656039,,00060
50038100,"RIO GRANDE DE MANATI AT HWY 2 NR MANATI, PR",18.428972,-66.5264747, 14,00060
50038300,"RIO COROZAL AT COROZAL, PR",18.34258986,-66.3219469, 295,00060
50039500,"RIO CIBUCO AT VEGA BAJA, PR",18.4453298,-66.3739892, 32.8,00060
50040800,"RIO DE LA PLATA AT CAYEY, PR",18.13440423,-66.13822187, 1214,00060
50043000,"RIO DE LA PLATA AT PROYECTO LA PLATA, PR",18.15801429,-66.22850099, 850,00060
50043197,"RIO USABON AT HWY 162 NR BARRANQUITAS, PR",18.15955316,-66.3090357, 1850,00060
50043800,"RIO DE LA PLATA AT COMERIO, PR",18.22017012,-66.2242317, 620,00060
50044810,"RIO GUADIANA NR GUADIANA, NARANJITO PR",18.29941118,-66.2281929, 229,00060
50045010,"RIO DE LA PLATA BLW LA PLATA DAMSITE, PR",18.344012,-66.23842638, 80.0,00060
50046000,"RIO DE LA PLATA AT HWY 2 NR TOA ALTA, PR",18.40959249,-66.26057109, 9.15,00060
50047535,"RIO DE BAYAMON AT ARENAS, PR",18.16718065,-66.1215551, 1378,00060
50047560,"RIO DE BAYAMON BLW LAGO DE CIDRA DAM, PR",18.2007903,-66.1387777, 1279.5,00060
50047850,"RIO DE BAYAMON NR BAYAMON, PR",18.33228474,-66.1390891, 98.0,00060
50049100,"RIO PIEDRAS AT HATO REY, PR",18.4075533,-66.06894369, 16.4,00060
50049310,"QUEBRADA JOSEFINA AT PINERO AVENUE, PR",18.40717006,-66.075166, 22.9,00060
50049620,"QDA. MARGARITA AT CAPARRA INTER. NR GUAYNABO, PR",18.4135311,-66.1029717, 6.56,00060
50050900,"RIO GRANDE DE LOIZA AT QUEBRADA ARENAS, PR",18.1180165,-65.98821947, 640,00060
50051310,"RIO CAYAGUAS AT CERRO GORDO, PR",18.15187883,-65.9563133, 524.92,00060
50051800,"RIO GRANDE DE LOIZA AT HWY 183 SAN LORENZO, PR",18.1837189,-65.9610553, 263.16,00060
50053025,"RIO TURABO ABV BORINQUEN, PR",18.16023654,-66.0396094, 492.13,00060
50055000,"RIO GRANDE DE LOIZA AT CAGUAS, PR",18.24070482,-66.00919819, 164.04,00060
50055225,"RIO CAGUITAS AT VILLA BLANCA AT CAGUAS, PR",18.24671282,-66.027243, 164.04,00060
50055380,"RIO BAIROA ABV BAIROA, CAGUAS, PR",18.25629848,-66.0439017, 213,00060
50055750,"RIO GURABO BLW EL MANGO, PR",18.23216426,-65.8849385, 230.00,00060
50056400,"RIO VALENCIANO NR JUNCOS, PR",18.21408426,-65.9257775, 320,00060
50057000,"RIO GURABO AT GURABO, PR",18.25649864,-65.9676837, 150.0,00060
50058350,"RIO CANAS AT RIO CANAS, PR",18.292508,-66.0446989, 150,00060
50059050,"RIO GRANDE DE LOIZA BLW LOIZA DAMSITE, PR",18.3402753,-66.00558468, 49.2,00060
50059210,"QUEBRADA GRANDE AT BO. DOS BOCAS, PR",18.34844996,-65.99007067, 66,00060
50061800,"RIO CANOVANAS NR CAMPO RICO, PR",18.31847778,-65.88891389, 225,00060
50063800,"RIO ESPIRITU SANTO NR RIO GRANDE, PR",18.35791434,-65.8136078, 40,00060
50064200,"RIO GRANDE NR EL VERDE, PR",18.34341485,-65.8415914, 131,00060
50065500,"RIO MAMEYES NR SABANA, PR",18.3268221,-65.75042089, 275,00060
50067000,"RIO SABANA AT SABANA, PR",18.32896945,-65.7306179, 295,00060
50070900,"RIO FAJARDO AT PARAISO NR FAJARDO, PR",18.2808247,-65.7006729, 213,00060
50071000,"RIO FAJARDO NR FAJARDO, PR",18.29696026,-65.693434, 136.0,00060
50075000,"RIO ICACOS NR NAGUABO, PR",18.27523254,-65.7854406, 2020,00060
50075500,"RIO BLANCO AT FLORIDA, PR",18.23884539,-65.78460718, 91.9,00060
50081000,"RIO HUMACAO AT LAS PIEDRAS, PR",18.17207287,-65.8690463, 262.57,00060
50083500,"RIO GUAYANES NR YABUCOA, PR",18.05690857,-65.90071797, 50.0,00060
50085100,"RIO GUAYANES AT CENTRAL ROIG, PR",18.06440843,-65.87377327, 32.8,00060
50090500,"RIO MAUNABO AT LIZAS, PR",18.0252431,-65.9396074, 230.0,00060
50092000,"RIO GRANDE DE PATILLAS NR PATILLAS, PR",18.03218668,-66.0321088, 235,00060
50093000,"RIO MARIN NR PATILLAS, PR",18.03579773,-66.0093306, 295.3,00060
50093053,"CANAL DE PATILLAS AT FOREBAY, PR",18.0188539,-66.02266408,,00060
50093075,"CANAL DE PATILLAS ABV GUAYAMA FILTRATION PLANT, PR",17.98052185,-66.10072077, 98,00060
50093078,"CANAL DE PATILLAS BLW GUAYAMA FILTRATION PLANT, PR",17.98052185,-66.1009986, 98,00060
50093083,"CANAL DE PATILLAS ABV AES INTAKE AT GUAYAMA, PR",17.96774453,-66.13877709, 98,00060
50093110,"CANAL DE PATILLAS AT INTAKE 113 SALINAS, PR",17.98095749,-66.26681229, 59,00060
50093115,"CANAL DE PATILLAS AT INTAKE 123, SALINAS PR",17.9835435,-66.2876292, 44.29,00060
50093120,"RIO GRANDE DE PATILLAS BLW LAGO PATILLAS, PR",18.01440962,-66.0232196, 137.79,00060
50095000,"CANAL DE GUAMANI OESTE AT HWY 15 GUAYAMA, PR",18.00107654,-66.11516568, 295.29,00060
50100200,"RIO LAPA NR RABO DEL BUEY, PR",18.05774042,-66.2407232, 393.7,00060
50100450,"RIO MAJADA AT LA PLENA, PR",18.04274109,-66.2071116, 425,00060
50106100,"RIO COAMO AT HWY 14 AT COAMO, PR",18.08152279,-66.35443338, 328.08,00060
50106500,"RIO COAMO NR COAMO, PR",18.06246243,-66.3690585, 341.2,00060
50110650,RIO JACAGUAS ABV LAGO GUAYABAL,18.11460505,-66.5042693, 375.19,00060
50110900,"RIO TOA VACA ABV LAGO TOA VACA, PR",18.1245157,-66.4573992, 557.74,00060
50111320,CANAL DE JUANA DIAZ AT PIEDRA AGUZADA NR JUANA DIA,18.03797168,-66.48837199, 213,00060
50111330,CANAL DE JUANA DIAZ AT PASO SECO NR SANTA ISABEL,18.0123478,-66.3899308, 131,00060
50111340,"CANAL DE JUANA DIAZ AT BO. PENUELAS NR SALINAS, PR",17.99629854,-66.3415046, 131,00060
50111500,"RIO JACAGUAS AT JUANA DIAZ, PR",18.05231572,-66.51064169, 131,00060
50112500,"RIO INABON AT REAL ABAJO, PR",18.08449533,-66.56269197, 423,00060
50113800,"RIO CERRILLOS ABV LAGO CERRILLOS NR PONCE, PR",18.11480247,-66.6045061, 720,00060
50114000,"RIO CERRILLOS BLW LAGO CERRILLOS NR PONCE, PR",18.07086823,-66.5810088, 360.9,00060
50114900,"RIO PORTUGUES NR TIBES, PR",18.09789468,-66.64248707, 820.00,00060
50115240,RIO PORTUGUES AT PARQUE CEREMONIAL TIBES NR PONCE,18.04158904,-66.62112579, 183,00060
50124200,"RIO GUAYANILLA NEAR GUAYANILLA, PR",18.04225808,-66.7977838, 80,00060
50126150,"RIO YAUCO ABV DIVERSION MONSERRATE NR YAUCO, PR",18.04721348,-66.8414844, 115,00060
50128905,CANAL DE RIEGO DE LAJAS BLW LAGO LOCO DAM YAUCO PR,18.04106353,-66.8881819, 196.9,00060
50128907,"LATERAL M5L, CANAL DE RIEGO DE LAJAS SABANA GRANDE",18.03304715,-66.8977375, 196.86,00060
50128920,CANAL DE RIEGO DE LAJAS ABV MAJINAS FILT. PLANT PR,18.043888,-66.94876, 213,00060
50128925,CANAL DE RIEGO DE LAJAS BLW MAJINAS FILT. PLANT PR,18.04258528,-66.94971559, 213,00060
50128933,CANAL RIEGO DE LAJAS ABV LAJAS FILTRATION PLANT,18.04307352,-67.0521754, 131.23,00060
50128940,CANAL DE RIEGO DE LAJAS BLW LAJAS FILT PLANT LAJAS,18.0433596,-67.05490879, 131.22,00060
50128945,CANAL DE RIEGO DE LAJAS AT BO. PALMAREJO NR LAJAS,18.0372153,-67.0785978, 98.4,00060
50128948,"CANAL DE RIEGO DE LAJAS AT BO. BETANCES, PR",18.03680653,-67.1317676, 89.0,00060
50129254,"RIO LOCO AT LAS LATAS NR LA JOYA NR GUANICA, PR",18.0071818,-66.8763204, 95,00060
50136400,"RIO ROSARIO NR HORMIGUEROS, PR",18.15809875,-67.085388, 164.04,00060
50138000,"RIO GUANAJIBO NR HORMIGUEROS, PR",18.1406935,-67.14837407, 13.1,00060
50144000,"RIO GRANDE DE ANASCO NR SAN SEBASTIAN, PR",18.28217419,-67.0505845, 164.0,00060
50147800,"RIO CULEBRINAS AT HWY 404 NR MOCA, PR",18.35974259,-67.0921687, 45,00060
16809600,"La Sa Fua River near Umatac, Guam",13.30694444,144.6644167, 120,00060
16847000,"Imong River near Agat, Guam",13.339,144.7015278, 120,00060
16848100,"Almagosa River near Agat, Guam",13.34672222,144.6955, 155,00060
16848500,"Maulap River near Agat, Guam",13.35544444,144.6979444, 130,00060
16854500,"Ugum River above Talofofo Falls, nr Talofofo, Guam",13.32241667,144.7361389, 130,00060
16865000,"Pago River near Ordot, Guam",13.43680556,144.7560278, 23,00060
