usgs_id,declared_begin,declared_end,screen_in_window,individual_in_window,individual_total_days,individual_first,individual_last,in_window_days,verdict,decided_by
USGS-01010000,1950-10-01 00:00:00.000001,2026-08-10 00:00:00.000001,1826,,,,,1826,reachable,screen
USGS-01010070,1983-10-01 00:00:00.000001,2026-08-17 00:00:00.000001,1826,,,,,1826,reachable,screen
USGS-01010500,1910-07-05 00:00:00.000001,2026-08-17 00:00:00.000001,1826,,,,,1826,reachable,screen
USGS-01011000,1910-07-01 00:00:00.000001,2026-08-17 00:00:00.000001,1826,,,,,1826,reachable,screen
USGS-01013500,1903-07-29 00:00:00.000001,2026-08-17 00:00:00.000001,1826,,,,,1826,reachable,screen
USGS-01014000,1926-10-01 00:00:00.000001,2026-08-17 00:00:00.000001,1826,,,,,1826,reachable,screen
USGS-01015800,1957-09-14 00:00:00.000001,2026-08-17 00:00:00.000001,1826,,,,,1826,reachable,screen
USGS-01017000,1930-08-01 00:00:00.000001,2026-08-17 00:00:00.000001,1826,,,,,1826,reachable,screen
USGS-01017060,2008-12-01 00:00:00.000001,2026-08-18 00:00:00.000001,1826,,,,,1826,reachable,screen
USGS-01017290,2008-06-01 00:00:00.000001,2026-08-18 00:00:00.000001,1826,,,,,1826,reachable,screen
USGS-01017550,1999-11-01 00:00:00.000001,2026-08-17 00:00:00.000001,1826,,,,,1826,reachable,screen
USGS-01017960,2003-10-01 00:00:00.000001,2026-08-18 00:00:00.000001,1826,,,,,1826,reachable,screen
USGS-01018009,2008-06-01 00:00:00.000001,2026-08-17 00:00:00.000001,1826,,,,,1826,reachable,screen
USGS-01018035,2005-07-01 00:00:00.000001,2026-08-18 00:00:00.000001,1826,,,,,1826,reachable,screen
USGS-01018500,1928-10-22 00:00:00.000001,2026-08-17 00:00:00.000001,1826,,,,,1826,reachable,screen
USGS-01019000,1928-10-20 00:00:00.000001,2026-08-17 00:00:00.000001,1826,,,,,1826,reachable,screen
USGS-01021000,1959-10-01 00:00:00.000001,2026-08-17 00:00:00.000001,1826,,,,,1826,reachable,screen
USGS-01021470,2000-06-14 00:00:00.000001,2026-08-17 00:00:00.000001,1075,,,,,1075,reachable,screen
USGS-01021480,1998-07-31 00:00:00.000001,2026-08-17 00:00:00.000001,1826,,,,,1826,reachable,screen
USGS-01022500,1948-02-05 00:00:00.000001,2026-08-17 00:00:00.000001,1826,,,,,1826,reachable,screen
USGS-01022840,2006-04-28 00:00:00.000001,2026-08-16 00:00:00.000001,1826,,,,,1826,reachable,screen
USGS-01027200,2001-09-01 00:00:00.000001,2026-08-17 00:00:00.000001,1826,,,,,1826,reachable,screen
USGS-01027240,2016-10-07 00:00:00.000001,2026-08-17 00:00:00.000001,1826,,,,,1826,reachable,screen
USGS-01029100,2025-05-01 00:00:00.000001,2026-08-18 00:00:00.000001,0,0.0,459.0,2025-05-01,2026-08-18,0,unreachable,individual fetch
USGS-01029200,1998-04-01 00:00:00.000001,2026-08-17 00:00:00.000001,1826,,,,,1826,reachable,screen
USGS-01029500,1902-10-01 00:00:00.000001,2026-08-17 00:00:00.000001,1826,,,,,1826,reachable,screen
USGS-01030350,2008-10-01 00:00:00.000001,2026-08-17 00:00:00.000001,1826,,,,,1826,reachable,screen
USGS-01030500,1934-10-01 00:00:00.000001,2026-08-17 00:00:00.000001,1826,,,,,1826,reachable,screen
USGS-01031300,1996-10-01 00:00:00.000001,2026-08-17 00:00:00.000001,1826,,,,,1826,reachable,screen
USGS-01031450,1997-07-26 00:00:00.000001,2026-08-17 00:00:00.000001,1826,,,,,1826,reachable,screen
USGS-01031500,1902-10-01 00:00:00.000001,2026-08-18 00:00:00.000001,1826,,,,,1826,reachable,screen
USGS-01031510,2008-07-01 00:00:00.000001,2026-08-17 00:00:00.000001,1826,,,,,1826,reachable,screen
USGS-01033000,1924-10-17 00:00:00.000001,2026-08-17 00:00:00.000001,306,,,,,306,reachable,screen
USGS-01034000,1924-06-27 00:00:00.000001,2026-08-18 00:00:00.000001,1826,,,,,1826,reachable,screen
USGS-01034500,1902-10-01 00:00:00.000001,2026-08-17 00:00:00.000001,1826,,,,,1826,reachable,screen
USGS-01036390,1979-04-06 00:00:00.000001,1996-09-30 00:00:00.000001,0,0.0,6388.0,1979-04-06,1996-09-30,0,unreachable,individual fetch
USGS-01037000,1908-10-01 00:00:00.000001,2026-08-17 00:00:00.000001,1826,,,,,1826,reachable,screen
USGS-01037380,1998-06-10 00:00:00.000001,2026-08-17 00:00:00.000001,1826,,,,,1826,reachable,screen
USGS-01038000,1938-10-01 00:00:00.000001,2026-08-17 00:00:00.000001,1826,,,,,1826,reachable,screen
USGS-01042500,1903-10-01 00:00:00.000001,2026-08-17 00:00:00.000001,1826,,,,,1826,reachable,screen
USGS-01043500,1939-10-01 00:00:00.000001,2026-08-18 00:00:00.000001,1826,,,,,1826,reachable,screen
USGS-01044550,1999-08-01 00:00:00.000001,2026-08-17 00:00:00.000001,1826,,,,,1826,reachable,screen
USGS-01046000,1931-10-01 00:00:00.000001,2026-08-17 00:00:00.000001,1826,,,,,1826,reachable,screen
USGS-01046500,1907-10-01 00:00:00.000001,2026-08-18 00:00:00.000001,1826,,,,,1826,reachable,screen
USGS-01047000,1902-10-01 00:00:00.000001,2026-08-18 00:00:00.000001,1826,,,,,1826,reachable,screen
USGS-01047150,2009-04-02 00:00:00.000001,2026-08-17 00:00:00.000001,1826,,,,,1826,reachable,screen
USGS-01047200,2008-07-01 00:00:00.000001,2026-08-17 00:00:00.000001,1826,,,,,1826,reachable,screen
USGS-01048000,1928-10-26 00:00:00.000001,2026-08-17 00:00:00.000001,1826,,,,,1826,reachable,screen
USGS-01048220,2008-06-01 00:00:00.000001,2026-08-17 00:00:00.000001,1826,,,,,1826,reachable,screen
USGS-01049265,1978-10-01 00:00:00.000001,2026-08-18 00:00:00.000001,1826,,,,,1826,reachable,screen
USGS-01049500,1890-06-16 00:00:00.000001,2026-08-17 00:00:00.000001,1826,,,,,1826,reachable,screen
USGS-01052500,1941-07-19 00:00:00.000001,2026-08-18 00:00:00.000001,1826,,,,,1826,reachable,screen
USGS-01053500,1905-01-01 00:00:00.000001,2026-08-17 00:00:00.000001,1826,,,,,1826,reachable,screen
USGS-01053600,2008-10-01 00:00:00.000001,2026-08-17 00:00:00.000001,1826,,,,,1826,reachable,screen
USGS-01054000,1913-10-01 00:00:00.000001,2026-08-17 00:00:00.000001,1826,,,,,1826,reachable,screen
USGS-01054114,2012-10-26 00:00:00.000001,2026-08-18 00:00:00.000001,1826,,,,,1826,reachable,screen
USGS-01054200,1964-07-10 00:00:00.000001,2026-08-17 00:00:00.000001,1826,,,,,1826,reachable,screen
USGS-01054300,1963-02-15 00:00:00.000001,2026-08-17 00:00:00.000001,1826,,,,,1826,reachable,screen
USGS-01054500,1892-05-18 00:00:00.000001,2026-08-17 00:00:00.000001,1826,,,,,1826,reachable,screen
USGS-01055000,1929-06-16 00:00:00.000001,2026-08-18 00:00:00.000001,1826,,,,,1826,reachable,screen
USGS-01055500,1941-08-31 00:00:00.000001,2025-09-30 00:00:00.000001,1826,,,,,1826,reachable,screen
USGS-01057000,1913-10-01 00:00:00.000001,2026-08-17 00:00:00.000001,1826,,,,,1826,reachable,screen
USGS-01059000,1928-11-24 00:00:00.000001,2026-08-17 00:00:00.000001,1826,,,,,1826,reachable,screen
USGS-01060000,1949-10-01 00:00:00.000001,2026-08-17 00:00:00.000001,1189,,,,,1189,reachable,screen
USGS-01063310,1995-10-01 00:00:00.000001,2026-08-19 00:00:00.000001,1826,,,,,1826,reachable,screen
USGS-01064140,1975-10-01 00:00:00.000001,2026-08-18 00:00:00.000001,796,,,,,796,reachable,screen
USGS-010642505,2009-09-18 00:00:00.000001,2026-08-17 00:00:00.000001,1826,,,,,1826,reachable,screen
USGS-01064500,1903-10-01 00:00:00.000001,2026-08-17 00:00:00.000001,1826,,,,,1826,reachable,screen
USGS-01064801,1993-04-01 00:00:00.000001,2026-08-17 00:00:00.000001,1826,,,,,1826,reachable,screen
USGS-01066000,1916-06-04 00:00:00.000001,2026-08-18 00:00:00.000001,1826,,,,,1826,reachable,screen
USGS-01067950,2008-06-12 00:00:00.000001,2026-08-18 00:00:00.000001,1826,,,,,1826,reachable,screen
USGS-01068910,2008-04-08 00:00:00.000001,2026-08-17 00:00:00.000001,1826,,,,,1826,reachable,screen
USGS-01069500,1939-10-01 00:00:00.000001,2026-08-18 00:00:00.000001,1826,,,,,1826,reachable,screen
USGS-01069700,2008-12-01 00:00:00.000001,2026-08-17 00:00:00.000001,1826,,,,,1826,reachable,screen
USGS-01072800,1995-03-01 00:00:00.000001,2026-08-16 00:00:00.000001,1826,,,,,1826,reachable,screen
USGS-01072870,2002-12-04 00:00:00.000001,2026-08-18 00:00:00.000001,1826,,,,,1826,reachable,screen
USGS-01073000,1934-12-15 00:00:00.000001,2026-08-17 00:00:00.000001,1826,,,,,1826,reachable,screen
USGS-01073319,2008-07-01 00:00:00.000001,2026-08-17 00:00:00.000001,1826,,,,,1826,reachable,screen
USGS-01073500,1934-07-24 00:00:00.000001,2026-08-17 00:00:00.000001,1826,,,,,1826,reachable,screen
USGS-010735562,2008-09-26 00:00:00.000001,2026-08-18 00:00:00.000001,1826,,,,,1826,reachable,screen
USGS-01073587,1996-06-27 00:00:00.000001,2026-08-17 00:00:00.000001,1826,,,,,1826,reachable,screen
USGS-01073785,2002-07-08 00:00:00.000001,2026-08-18 00:00:00.000001,1826,,,,,1826,reachable,screen
USGS-01074520,1993-03-10 00:00:00.000001,2026-08-17 00:00:00.000001,1826,,,,,1826,reachable,screen
USGS-01075000,1939-10-01 00:00:00.000001,2026-08-17 00:00:00.000001,1826,,,,,1826,reachable,screen
USGS-01076000,1928-10-01 00:00:00.000001,2026-08-17 00:00:00.000001,1826,,,,,1826,reachable,screen
USGS-01076500,1903-10-01 00:00:00.000001,2026-08-17 00:00:00.000001,1826,,,,,1826,reachable,screen
USGS-01077400,2008-09-12 00:00:00.000001,2026-08-17 00:00:00.000001,1826,,,,,1826,reachable,screen
USGS-01078000,1918-05-11 00:00:00.000001,2026-08-17 00:00:00.000001,1826,,,,,1826,reachable,screen
USGS-01081000,1937-01-01 00:00:00.000001,2026-08-17 00:00:00.000001,1826,,,,,1826,reachable,screen
USGS-01081500,1903-08-01 00:00:00.000001,2026-08-17 00:00:00.000001,1826,,,,,1826,reachable,screen
USGS-01082000,1945-07-07 00:00:00.000001,2026-08-17 00:00:00.000001,1826,,,,,1826,reachable,screen
USGS-01085000,1939-10-01 00:00:00.000001,2026-08-17 00:00:00.000001,1826,,,,,1826,reachable,screen
USGS-01085500,1963-08-06 00:00:00.000001,2026-08-17 00:00:00.000001,1826,,,,,1826,reachable,screen
USGS-01086000,1939-10-01 00:00:00.000001,2026-08-17 00:00:00.000001,1826,,,,,1826,reachable,screen
USGS-01087000,1918-05-16 00:00:00.000001,2026-08-18 00:00:00.000001,0,0.0,24427.0,1918-05-16,2026-08-18,0,unreachable,individual fetch
USGS-01089500,1918-05-21 00:00:00.000001,2026-08-17 00:00:00.000001,1826,,,,,1826,reachable,screen
USGS-01089925,2015-10-01 00:00:00.000001,2025-11-15 00:00:00.000001,1826,,,,,1826,reachable,screen
USGS-01091000,1940-07-27 00:00:00.000001,2026-08-17 00:00:00.000001,1826,,,,,1826,reachable,screen
USGS-01091500,1939-10-01 00:00:00.000001,2026-08-17 00:00:00.000001,1826,,,,,1826,reachable,screen
USGS-01092000,1936-11-21 00:00:00.000001,2026-08-17 00:00:00.000001,1826,,,,,1826,reachable,screen
USGS-01093852,1994-06-15 00:00:00.000001,2026-08-17 00:00:00.000001,1826,,,,,1826,reachable,screen
USGS-01094000,1909-07-13 00:00:00.000001,2026-08-17 00:00:00.000001,1826,,,,,1826,reachable,screen
USGS-01094400,1972-10-01 00:00:00.000001,2026-08-18 00:00:00.000001,1826,,,,,1826,reachable,screen
USGS-01094500,1935-09-17 00:00:00.000001,2026-08-17 00:00:00.000001,1826,,,,,1826,reachable,screen
USGS-01095220,1994-04-22 00:00:00.000001,2026-08-17 00:00:00.000001,1826,,,,,1826,reachable,screen
USGS-01095375,1996-11-20 00:00:00.000001,2026-08-18 00:00:00.000001,1826,,,,,1826,reachable,screen
USGS-01095434,2011-10-01 00:00:00.000001,2026-08-17 00:00:00.000001,1826,,,,,1826,reachable,screen
USGS-01095503,2011-07-01 00:00:00.000001,2026-08-17 00:00:00.000001,1826,,,,,1826,reachable,screen
USGS-01096000,1949-10-01 00:00:00.000001,2026-08-18 00:00:00.000001,1826,,,,,1826,reachable,screen
USGS-01096500,1935-10-01 00:00:00.000001,2026-08-17 00:00:00.000001,1826,,,,,1826,reachable,screen
USGS-010965852,1986-10-01 00:00:00.000001,2026-08-18 00:00:00.000001,1826,,,,,1826,reachable,screen
USGS-01097000,1941-07-11 00:00:00.000001,2026-08-17 00:00:00.000001,1826,,,,,1826,reachable,screen
USGS-01097300,1963-07-26 00:00:00.000001,2026-08-18 00:00:00.000001,1826,,,,,1826,reachable,screen
USGS-01098500,1977-10-01 00:00:00.000001,2026-08-17 00:00:00.000001,1826,,,,,1826,reachable,screen
USGS-01098530,1979-11-01 00:00:00.000001,2026-08-17 00:00:00.000001,1826,,,,,1826,reachable,screen
USGS-01099500,1936-12-16 00:00:00.000001,2026-08-17 00:00:00.000001,1826,,,,,1826,reachable,screen
USGS-01100000,1923-06-01 00:00:00.000001,2026-08-17 00:00:00.000001,1826,,,,,1826,reachable,screen
USGS-01100505,2000-10-06 00:00:00.000001,2026-08-17 00:00:00.000001,1826,,,,,1826,reachable,screen
USGS-01100561,2005-10-01 00:00:00.000001,2026-08-18 00:00:00.000001,1819,,,,,1819,reachable,screen
USGS-01100568,1995-10-01 00:00:00.000001,2025-01-26 00:00:00.000001,1826,,,,,1826,reachable,screen
USGS-0110057120,,,0,0.0,0.0,,,0,unreachable,individual fetch
USGS-0110057380,2023-09-13 00:00:00.000001,2024-10-07 00:00:00.000001,0,0.0,383.0,2023-09-13,2024-09-29,0,unreachable,individual fetch
USGS-01100580,2023-09-27 00:00:00.000001,2024-10-06 00:00:00.000001,0,0.0,376.0,2023-09-27,2024-10-06,0,unreachable,individual fetch
USGS-01100600,1963-11-21 00:00:00.000001,2026-08-17 00:00:00.000001,1826,,,,,1826,reachable,screen
USGS-01100627,2006-10-01 00:00:00.000001,2026-08-17 00:00:00.000001,1826,,,,,1826,reachable,screen
USGS-011006988,,,0,0.0,0.0,,,0,unreachable,individual fetch
USGS-01101000,1945-10-26 00:00:00.000001,2026-08-17 00:00:00.000001,1826,,,,,1826,reachable,screen
USGS-01101500,1938-06-01 00:00:00.000001,2026-08-18 00:00:00.000001,1826,,,,,1826,reachable,screen
USGS-01102000,1930-06-17 00:00:00.000001,2026-08-17 00:00:00.000001,1826,,,,,1826,reachable,screen
USGS-01102345,1994-03-01 00:00:00.000001,2026-08-17 00:00:00.000001,1826,,,,,1826,reachable,screen
USGS-01102500,1939-04-16 00:00:00.000001,2026-08-17 00:00:00.000001,1825,,,,,1825,reachable,screen
USGS-01103025,2005-10-01 00:00:00.000001,2026-08-17 00:00:00.000001,1822,,,,,1822,reachable,screen
USGS-01103280,1997-11-12 00:00:00.000001,2026-08-17 00:00:00.000001,1826,,,,,1826,reachable,screen
USGS-01103455,2007-06-21 00:00:00.000001,2026-08-17 00:00:00.000001,1826,,,,,1826,reachable,screen
USGS-01103500,1937-10-01 00:00:00.000001,2026-08-17 00:00:00.000001,1826,,,,,1826,reachable,screen
USGS-01104000,1931-10-01 00:00:00.000001,2026-08-17 00:00:00.000001,1826,,,,,1826,reachable,screen
USGS-01104200,1959-08-26 00:00:00.000001,2026-08-17 00:00:00.000001,1826,,,,,1826,reachable,screen
USGS-01104370,2010-01-08 00:00:00.000001,2026-08-17 00:00:00.000001,1826,,,,,1826,reachable,screen
USGS-01104405,1997-10-01 00:00:00.000001,2015-10-08 00:00:00.000001,0,0.0,1803.0,1997-10-01,2015-10-08,0,unreachable,individual fetch
USGS-01104410,1997-10-01 00:00:00.000001,2015-10-05 00:00:00.000001,0,0.0,1831.0,1997-10-01,2015-10-05,0,unreachable,individual fetch
USGS-01104415,1997-10-01 00:00:00.000001,2026-08-17 00:00:00.000001,1826,,,,,1826,reachable,screen
USGS-01104420,1997-10-01 00:00:00.000001,2026-08-17 00:00:00.000001,1826,,,,,1826,reachable,screen
USGS-01104430,1997-10-01 00:00:00.000001,2026-08-17 00:00:00.000001,1826,,,,,1826,reachable,screen
USGS-01104453,2006-06-01 00:00:00.000001,2015-10-06 00:00:00.000001,0,0.0,2421.0,2006-06-01,2015-10-06,0,unreachable,individual fetch
USGS-01104455,1997-10-01 00:00:00.000001,2026-08-18 00:00:00.000001,1826,,,,,1826,reachable,screen
USGS-01104460,1997-10-01 00:00:00.000001,2026-08-17 00:00:00.000001,1826,,,,,1826,reachable,screen
USGS-01104475,2003-12-24 00:00:00.000001,2026-08-17 00:00:00.000001,1826,,,,,1826,reachable,screen
USGS-01104480,1999-08-06 00:00:00.000001,2026-08-17 00:00:00.000001,1826,,,,,1826,reachable,screen
USGS-01104500,1931-08-04 00:00:00.000001,2026-08-17 00:00:00.000001,1826,,,,,1826,reachable,screen
USGS-01104501,,,0,0.0,0.0,,,0,unreachable,individual fetch
USGS-01105000,1939-10-01 00:00:00.000001,2026-08-17 00:00:00.000001,1826,,,,,1826,reachable,screen
USGS-01105500,1952-10-01 00:00:00.000001,2026-08-17 00:00:00.000001,1826,,,,,1826,reachable,screen
USGS-011055525,,,0,0.0,0.0,,,0,unreachable,individual fetch
USGS-01105554,2004-05-06 00:00:00.000001,2026-08-17 00:00:00.000001,1826,,,,,1826,reachable,screen
USGS-011055566,1996-11-01 00:00:00.000001,2026-08-04 00:00:00.000001,1826,,,,,1826,reachable,screen
USGS-01105583,2006-03-31 00:00:00.000001,2026-08-17 00:00:00.000001,1826,,,,,1826,reachable,screen
USGS-01105585,1972-09-11 00:00:00.000001,2026-08-17 00:00:00.000001,1826,,,,,1826,reachable,screen
USGS-01105600,1966-05-20 00:00:00.000001,2026-08-18 00:00:00.000001,1826,,,,,1826,reachable,screen
USGS-01105606,2001-12-22 00:00:00.000001,2026-08-18 00:00:00.000001,1437,,,,,1437,reachable,screen
USGS-01105608,2001-12-22 00:00:00.000001,2026-08-18 00:00:00.000001,1824,,,,,1824,reachable,screen
USGS-01105638,2006-04-07 00:00:00.000001,2026-08-17 00:00:00.000001,1826,,,,,1826,reachable,screen
USGS-01105730,1966-07-08 00:00:00.000001,2026-08-18 00:00:00.000001,1826,,,,,1826,reachable,screen
USGS-01105870,1966-08-01 00:00:00.000001,2026-08-17 00:00:00.000001,1826,,,,,1826,reachable,screen
USGS-01105880,1966-06-28 00:00:00.000001,2026-08-17 00:00:00.000001,1826,,,,,1826,reachable,screen
USGS-0110588332,2021-06-18 00:00:00.000001,2026-08-18 00:00:00.000001,562,,,,,562,reachable,screen
USGS-0110588340,2020-10-05 00:00:00.000001,2024-10-15 00:00:00.000001,511,,,,,511,reachable,screen
USGS-0110588364,2022-04-28 00:00:00.000001,2024-12-02 00:00:00.000001,248,,,,,248,reachable,screen
USGS-011058837,1988-10-01 00:00:00.000001,2026-08-18 00:00:00.000001,1826,,,,,1826,reachable,screen
USGS-01105917,2006-09-30 00:00:00.000001,2026-08-17 00:00:00.000001,1826,,,,,1826,reachable,screen
USGS-01105933,1995-10-01 00:00:00.000001,2026-08-17 00:00:00.000001,1826,,,,,1826,reachable,screen
USGS-01108000,1929-10-01 00:00:00.000001,2026-08-17 00:00:00.000001,1826,,,,,1826,reachable,screen
USGS-01108410,2005-12-28 00:00:00.000001,2026-08-17 00:00:00.000001,1826,,,,,1826,reachable,screen
USGS-01109000,1925-06-01 00:00:00.000001,2026-08-17 00:00:00.000001,1826,,,,,1826,reachable,screen
USGS-01109060,1966-07-01 00:00:00.000001,2026-08-17 00:00:00.000001,1826,,,,,1826,reachable,screen
USGS-01109070,1966-07-01 00:00:00.000001,2026-08-17 00:00:00.000001,1826,,,,,1826,reachable,screen
USGS-01109403,1986-10-01 00:00:00.000001,2026-08-17 00:00:00.000001,1826,,,,,1826,reachable,screen
USGS-01109730,2002-07-01 00:00:00.000001,2026-08-18 00:00:00.000001,1826,,,,,1826,reachable,screen
USGS-01110000,1939-10-01 00:00:00.000001,2026-08-17 00:00:00.000001,1826,,,,,1826,reachable,screen
USGS-01111212,2006-07-14 00:00:00.000001,2026-08-17 00:00:00.000001,1826,,,,,1826,reachable,screen
USGS-01111230,,,0,0.0,0.0,,,0,unreachable,individual fetch
USGS-01111300,1964-03-01 00:00:00.000001,2026-08-17 00:00:00.000001,1826,,,,,1826,reachable,screen
USGS-01111500,1940-01-24 00:00:00.000001,2026-08-17 00:00:00.000001,1826,,,,,1826,reachable,screen
USGS-01112500,1929-02-22 00:00:00.000001,2026-08-17 00:00:00.000001,1826,,,,,1826,reachable,screen
USGS-01113895,2003-10-01 00:00:00.000001,2026-08-18 00:00:00.000001,1825,,,,,1825,reachable,screen
USGS-01114000,1963-06-01 00:00:00.000001,2026-08-17 00:00:00.000001,1623,,,,,1623,reachable,screen
USGS-01114500,1941-07-09 00:00:00.000001,2026-08-17 00:00:00.000001,1823,,,,,1823,reachable,screen
USGS-01115098,1994-06-23 00:00:00.000001,2026-08-17 00:00:00.000001,1826,,,,,1826,reachable,screen
USGS-01115110,2008-10-01 00:00:00.000001,2026-08-17 00:00:00.000001,1826,,,,,1826,reachable,screen
USGS-01115114,2008-10-01 00:00:00.000001,2026-08-14 00:00:00.000001,1826,,,,,1826,reachable,screen
USGS-01115170,2008-10-01 00:00:00.000001,2026-08-17 00:00:00.000001,1826,,,,,1826,reachable,screen
USGS-01115183,2008-10-01 00:00:00.000001,2026-08-18 00:00:00.000001,1826,,,,,1826,reachable,screen
USGS-01115185,2020-09-30 00:00:00.000001,2026-08-18 00:00:00.000001,823,,,,,823,reachable,screen
USGS-01115187,1994-03-22 00:00:00.000001,2026-08-18 00:00:00.000001,1826,,,,,1826,reachable,screen
USGS-01115190,2008-10-01 00:00:00.000001,2026-08-18 00:00:00.000001,1826,,,,,1826,reachable,screen
USGS-01115265,2008-10-01 00:00:00.000001,2026-08-17 00:00:00.000001,1826,,,,,1826,reachable,screen
USGS-01115276,2008-10-01 00:00:00.000001,2026-08-17 00:00:00.000001,1826,,,,,1826,reachable,screen
USGS-01115278,,,0,0.0,0.0,,,0,unreachable,individual fetch
USGS-01115280,2008-10-01 00:00:00.000001,2026-08-17 00:00:00.000001,1826,,,,,1826,reachable,screen
USGS-01115297,2008-10-01 00:00:00.000001,2014-10-15 00:00:00.000001,0,0.0,2206.0,2008-10-01,2014-10-15,0,unreachable,individual fetch
USGS-01115500,1916-01-01 00:00:00.000001,2026-08-18 00:00:00.000001,800,,,,,800,reachable,screen
USGS-01115630,1963-11-26 00:00:00.000001,2026-08-16 00:00:00.000001,1826,,,,,1826,reachable,screen
USGS-01116000,1940-10-01 00:00:00.000001,2026-08-17 00:00:00.000001,1826,,,,,1826,reachable,screen
USGS-01116500,1939-12-06 00:00:00.000001,2026-08-17 00:00:00.000001,1826,,,,,1826,reachable,screen
USGS-01116905,2007-04-01 00:00:00.000001,2026-08-18 00:00:00.000001,1826,,,,,1826,reachable,screen
USGS-01117000,1940-08-24 00:00:00.000001,2026-08-17 00:00:00.000001,1826,,,,,1826,reachable,screen
USGS-01117350,1958-02-01 00:00:00.000001,2026-08-17 00:00:00.000001,1826,,,,,1826,reachable,screen
USGS-01117370,1998-10-01 00:00:00.000001,2026-08-17 00:00:00.000001,1826,,,,,1826,reachable,screen
USGS-01117420,1958-02-01 00:00:00.000001,2026-08-17 00:00:00.000001,1826,,,,,1826,reachable,screen
USGS-01117430,1957-11-13 00:00:00.000001,2026-08-17 00:00:00.000001,1826,,,,,1826,reachable,screen
USGS-01117468,1974-12-04 00:00:00.000001,2026-08-17 00:00:00.000001,1826,,,,,1826,reachable,screen
USGS-01117500,1940-12-07 00:00:00.000001,2026-08-18 00:00:00.000001,1826,,,,,1826,reachable,screen
USGS-01117800,1964-01-23 00:00:00.000001,2026-08-18 00:00:00.000001,1826,,,,,1826,reachable,screen
USGS-01118000,1941-03-12 00:00:00.000001,2026-08-17 00:00:00.000001,1826,,,,,1826,reachable,screen
USGS-01118300,1958-10-01 00:00:00.000001,2026-08-17 00:00:00.000001,1826,,,,,1826,reachable,screen
USGS-01118500,1940-11-27 00:00:00.000001,2026-08-17 00:00:00.000001,1826,,,,,1826,reachable,screen
USGS-01119382,2009-08-21 00:00:00.000001,2026-08-17 00:00:00.000001,1826,,,,,1826,reachable,screen
USGS-01119500,1931-10-01 00:00:00.000001,2026-08-17 00:00:00.000001,1826,,,,,1826,reachable,screen
USGS-01120790,2006-10-01 00:00:00.000001,2026-08-17 00:00:00.000001,1826,,,,,1826,reachable,screen
USGS-01121000,1940-10-01 00:00:00.000001,2026-08-17 00:00:00.000001,1826,,,,,1826,reachable,screen
USGS-01121330,2006-07-11 00:00:00.000001,2026-08-17 00:00:00.000001,1826,,,,,1826,reachable,screen
USGS-01122000,1930-10-01 00:00:00.000001,2026-08-17 00:00:00.000001,1826,,,,,1826,reachable,screen
USGS-01122500,1928-10-01 00:00:00.000001,2026-08-18 00:00:00.000001,1826,,,,,1826,reachable,screen
USGS-01123000,1951-10-01 00:00:00.000001,2026-08-17 00:00:00.000001,1826,,,,,1826,reachable,screen
USGS-011230695,1989-09-30 00:00:00.000001,2026-08-17 00:00:00.000001,1826,,,,,1826,reachable,screen
USGS-01123360,1972-10-01 00:00:00.000001,2026-08-18 00:00:00.000001,1826,,,,,1826,reachable,screen
USGS-01123600,1962-10-01 00:00:00.000001,2026-08-18 00:00:00.000001,1826,,,,,1826,reachable,screen
USGS-01124000,1931-10-01 00:00:00.000001,2026-08-17 00:00:00.000001,1826,,,,,1826,reachable,screen
USGS-01124151,1966-06-01 00:00:00.000001,2026-08-17 00:00:00.000001,1826,,,,,1826,reachable,screen
USGS-01125000,1948-12-10 00:00:00.000001,2017-10-01 00:00:00.000001,0,0.0,18931.0,1948-12-10,2017-10-01,0,unreachable,individual fetch
USGS-01125100,2000-09-30 00:00:00.000001,2026-08-17 00:00:00.000001,1826,,,,,1826,reachable,screen
USGS-01125490,1961-08-01 00:00:00.000001,2026-08-17 00:00:00.000001,1826,,,,,1826,reachable,screen
USGS-01125500,1930-01-01 00:00:00.000001,2026-08-17 00:00:00.000001,1826,,,,,1826,reachable,screen
USGS-01127000,1918-10-01 00:00:00.000001,2026-08-17 00:00:00.000001,1826,,,,,1826,reachable,screen
USGS-01127500,1930-10-01 00:00:00.000001,2026-08-17 00:00:00.000001,1826,,,,,1826,reachable,screen
USGS-0112779610,2024-04-01 00:00:00.000001,2026-08-17 00:00:00.000001,0,0.0,868.0,2024-04-01,2026-08-18,0,unreachable,individual fetch
USGS-01129200,1956-10-01 00:00:00.000001,2026-08-16 00:00:00.000001,1826,,,,,1826,reachable,screen
USGS-01129500,1930-08-13 00:00:00.000001,2026-08-17 00:00:00.000001,1826,,,,,1826,reachable,screen
USGS-01130000,1940-08-10 00:00:00.000001,2026-08-17 00:00:00.000001,1826,,,,,1826,reachable,screen
USGS-01131500,1927-03-18 00:00:00.000001,2026-08-17 00:00:00.000001,1826,,,,,1826,reachable,screen
USGS-01133000,1939-07-09 00:00:00.000001,2026-08-17 00:00:00.000001,1826,,,,,1826,reachable,screen
USGS-01134500,1947-01-01 00:00:00.000001,2026-08-17 00:00:00.000001,1826,,,,,1826,reachable,screen
USGS-01135100,2022-10-01 00:00:00.000001,2026-08-18 00:00:00.000001,92,,,,,92,reachable,screen
USGS-01135150,1990-12-07 00:00:00.000001,2026-08-17 00:00:00.000001,1826,,,,,1826,reachable,screen
USGS-01135300,1990-10-01 00:00:00.000001,2026-08-17 00:00:00.000001,1826,,,,,1826,reachable,screen
USGS-01135500,1928-11-15 00:00:00.000001,2026-08-17 00:00:00.000001,1826,,,,,1826,reachable,screen
USGS-01137500,1939-08-02 00:00:00.000001,2026-08-17 00:00:00.000001,1826,,,,,1826,reachable,screen
USGS-01137940,2009-06-18 00:00:00.000001,2011-07-05 00:00:00.000001,0,0.0,748.0,2009-06-18,2011-07-05,0,unreachable,individual fetch
USGS-01138500,1949-12-14 00:00:00.000001,2026-08-17 00:00:00.000001,1826,,,,,1826,reachable,screen
USGS-01139000,1940-08-02 00:00:00.000001,2026-08-17 00:00:00.000001,1826,,,,,1826,reachable,screen
USGS-01139800,1958-06-01 00:00:00.000001,2026-08-17 00:00:00.000001,1826,,,,,1826,reachable,screen
USGS-01141500,1940-09-21 00:00:00.000001,2026-08-17 00:00:00.000001,0,0.0,18591.0,1940-09-21,2026-08-18,0,unreachable,individual fetch
USGS-01142500,1939-07-15 00:00:00.000001,2026-08-17 00:00:00.000001,1826,,,,,1826,reachable,screen
USGS-01144000,1915-06-09 00:00:00.000001,2026-08-17 00:00:00.000001,1826,,,,,1826,reachable,screen
USGS-01144500,1911-11-01 00:00:00.000001,2026-08-17 00:00:00.000001,1826,,,,,1826,reachable,screen
USGS-01150900,2026-07-17 00:00:00.000001,2026-08-17 00:00:00.000001,0,0.0,33.0,2026-07-17,2026-08-18,0,reachable,cache corroboration (USGS API under-reported; see note)
USGS-01151500,1930-10-01 00:00:00.000001,2026-08-17 00:00:00.000001,1826,,,,,1826,reachable,screen
USGS-01152010,2019-08-01 00:00:00.000001,2026-08-18 00:00:00.000001,1249,,,,,1249,reachable,screen
USGS-01152500,1928-05-25 00:00:00.000001,2026-08-17 00:00:00.000001,1826,,,,,1826,reachable,screen
USGS-01153000,1929-11-26 00:00:00.000001,2026-08-17 00:00:00.000001,1826,,,,,1826,reachable,screen
USGS-01153550,1986-10-01 00:00:00.000001,2026-08-17 00:00:00.000001,1826,,,,,1826,reachable,screen
USGS-01154500,1942-03-06 00:00:00.000001,2026-08-17 00:00:00.000001,1826,,,,,1826,reachable,screen
USGS-01154950,2009-09-16 00:00:00.000001,2026-08-18 00:00:00.000001,1826,,,,,1826,reachable,screen
USGS-01155500,1946-10-01 00:00:00.000001,2026-08-17 00:00:00.000001,1826,,,,,1826,reachable,screen
USGS-01155910,1994-10-01 00:00:00.000001,2026-08-16 00:00:00.000001,0,0.0,2876.0,1994-10-01,2026-08-18,0,unreachable,individual fetch
USGS-01157000,1922-08-18 00:00:00.000001,2026-08-18 00:00:00.000001,1826,,,,,1826,reachable,screen
USGS-01158000,1945-09-06 00:00:00.000001,2026-08-17 00:00:00.000001,1826,,,,,1826,reachable,screen
USGS-01158110,2014-11-27 00:00:00.000001,2025-09-30 00:00:00.000001,1826,,,,,1826,reachable,screen
USGS-01160350,1994-04-01 00:00:00.000001,2026-08-17 00:00:00.000001,1826,,,,,1826,reachable,screen
USGS-01161000,1907-03-17 00:00:00.000001,2026-08-17 00:00:00.000001,1826,,,,,1826,reachable,screen
USGS-01161280,2018-07-19 00:00:00.000001,2026-08-19 00:00:00.000001,1627,,,,,1627,reachable,screen
USGS-01162000,1916-06-05 00:00:00.000001,2026-08-17 00:00:00.000001,1826,,,,,1826,reachable,screen
USGS-01162500,1916-05-25 00:00:00.000001,2026-08-18 00:00:00.000001,1826,,,,,1826,reachable,screen
USGS-01163200,1964-12-01 00:00:00.000001,2026-08-17 00:00:00.000001,1826,,,,,1826,reachable,screen
USGS-01165150,2024-10-01 00:00:00.000001,2026-08-18 00:00:00.000001,0,0.0,518.0,2024-10-01,2026-08-18,0,unreachable,individual fetch
USGS-01166500,1915-07-01 00:00:00.000001,2026-08-17 00:00:00.000001,1826,,,,,1826,reachable,screen
USGS-01168250,2014-11-19 00:00:00.000001,2026-08-17 00:00:00.000001,1826,,,,,1826,reachable,screen
USGS-01168500,1913-06-19 00:00:00.000001,2026-08-17 00:00:00.000001,1825,,,,,1825,reachable,screen
USGS-01169000,1939-12-13 00:00:00.000001,2026-08-18 00:00:00.000001,1826,,,,,1826,reachable,screen
USGS-01169900,1966-06-15 00:00:00.000001,2026-08-17 00:00:00.000001,1824,,,,,1824,reachable,screen
USGS-01170000,1904-03-29 00:00:00.000001,2026-08-17 00:00:00.000001,1826,,,,,1826,reachable,screen
USGS-01170100,1967-10-01 00:00:00.000001,2026-08-17 00:00:00.000001,1826,,,,,1826,reachable,screen
USGS-01170500,1904-03-31 00:00:00.000001,2026-08-17 00:00:00.000001,1826,,,,,1826,reachable,screen
USGS-01171000,2020-02-21 00:00:00.000001,2026-08-18 00:00:00.000001,1045,,,,,1045,reachable,screen
USGS-01171100,2020-02-01 00:00:00.000001,2024-12-20 00:00:00.000001,1065,,,,,1065,reachable,screen
USGS-01171500,1938-11-18 00:00:00.000001,2026-08-17 00:00:00.000001,1826,,,,,1826,reachable,screen
USGS-01172010,2002-10-01 00:00:00.000001,2026-08-18 00:00:00.000001,1826,,,,,1826,reachable,screen
USGS-01172500,1946-07-27 00:00:00.000001,2026-08-17 00:00:00.000001,1826,,,,,1826,reachable,screen
USGS-01173000,1928-01-30 00:00:00.000001,2026-08-17 00:00:00.000001,1826,,,,,1826,reachable,screen
USGS-01173180,2024-10-01 00:00:00.000001,2026-08-17 00:00:00.000001,0,0.0,681.0,2024-10-01,2026-08-18,0,unreachable,individual fetch
USGS-01173500,1912-08-20 00:00:00.000001,2026-08-18 00:00:00.000001,1826,,,,,1826,reachable,screen
USGS-01174500,1937-01-01 00:00:00.000001,2026-08-17 00:00:00.000001,1826,,,,,1826,reachable,screen
USGS-01174565,1983-11-08 00:00:00.000001,2026-08-17 00:00:00.000001,1826,,,,,1826,reachable,screen
USGS-01175500,1912-10-01 00:00:00.000001,2026-08-17 00:00:00.000001,1826,,,,,1826,reachable,screen
USGS-01175670,1960-12-01 00:00:00.000001,2026-08-18 00:00:00.000001,1826,,,,,1826,reachable,screen
USGS-01176000,1912-08-19 00:00:00.000001,2026-08-17 00:00:00.000001,1826,,,,,1826,reachable,screen
USGS-01177000,1928-08-05 00:00:00.000001,2026-08-17 00:00:00.000001,1826,,,,,1826,reachable,screen
USGS-01179500,1909-08-26 00:00:00.000001,2026-08-17 00:00:00.000001,1826,,,,,1826,reachable,screen
USGS-01181000,1935-09-01 00:00:00.000001,2026-08-17 00:00:00.000001,1826,,,,,1826,reachable,screen
USGS-01183500,1914-06-27 00:00:00.000001,2026-08-17 00:00:00.000001,1826,,,,,1826,reachable,screen
USGS-01184000,1928-08-01 00:00:00.000001,2026-08-17 00:00:00.000001,1826,,,,,1826,reachable,screen
USGS-01184100,1981-05-07 00:00:00.000001,2026-08-17 00:00:00.000001,1826,,,,,1826,reachable,screen
USGS-01184490,1961-08-01 00:00:00.000001,2026-08-17 00:00:00.000001,1826,,,,,1826,reachable,screen
USGS-01185500,1913-05-27 00:00:00.000001,2026-08-17 00:00:00.000001,1826,,,,,1826,reachable,screen
USGS-01186000,1955-10-01 00:00:00.000001,2026-08-17 00:00:00.000001,1826,,,,,1826,reachable,screen
USGS-01186500,1948-10-01 00:00:00.000001,2026-08-17 00:00:00.000001,1826,,,,,1826,reachable,screen
USGS-01187300,1938-10-01 00:00:00.000001,2026-08-17 00:00:00.000001,1826,,,,,1826,reachable,screen
USGS-01187800,1921-10-01 00:00:00.000001,2026-08-17 00:00:00.000001,1826,,,,,1826,reachable,screen
USGS-01188000,1931-10-01 00:00:00.000001,2026-08-17 00:00:00.000001,1826,,,,,1826,reachable,screen
USGS-01188090,1977-10-01 00:00:00.000001,2026-08-17 00:00:00.000001,1826,,,,,1826,reachable,screen
USGS-01189000,1941-10-01 00:00:00.000001,2025-09-30 00:00:00.000001,1826,,,,,1826,reachable,screen
USGS-01189995,1971-10-01 00:00:00.000001,2026-08-17 00:00:00.000001,1826,,,,,1826,reachable,screen
USGS-01191000,1936-11-01 00:00:00.000001,2026-08-17 00:00:00.000001,1826,,,,,1826,reachable,screen
USGS-01192500,1919-10-01 00:00:00.000001,2026-08-17 00:00:00.000001,1826,,,,,1826,reachable,screen
USGS-01192704,1995-01-15 00:00:00.000001,2000-09-30 00:00:00.000001,0,0.0,2010.0,1995-01-15,2000-09-30,0,unreachable,individual fetch
USGS-01192883,1980-12-02 00:00:00.000001,2026-08-17 00:00:00.000001,1826,,,,,1826,reachable,screen
USGS-01193050,,,0,0.0,0.0,,,0,unreachable,individual fetch
USGS-01193500,1928-10-01 00:00:00.000001,2026-08-17 00:00:00.000001,1826,,,,,1826,reachable,screen
USGS-01194000,1937-10-01 00:00:00.000001,2026-08-18 00:00:00.000001,1826,,,,,1826,reachable,screen
USGS-01194500,1937-10-01 00:00:00.000001,2026-08-17 00:00:00.000001,1826,,,,,1826,reachable,screen
USGS-01195100,1981-11-04 00:00:00.000001,2026-08-17 00:00:00.000001,1826,,,,,1826,reachable,screen
USGS-01195399,2020-02-20 00:00:00.000001,2026-08-18 00:00:00.000001,1046,,,,,1046,reachable,screen
USGS-01195490,1987-11-07 00:00:00.000001,2026-08-17 00:00:00.000001,1826,,,,,1826,reachable,screen
USGS-01196210,1989-06-03 00:00:00.000001,2026-08-18 00:00:00.000001,1826,,,,,1826,reachable,screen
USGS-01196500,1930-10-01 00:00:00.000001,2026-08-17 00:00:00.000001,1826,,,,,1826,reachable,screen
USGS-01196561,2005-01-27 00:00:00.000001,2026-08-17 00:00:00.000001,1826,,,,,1826,reachable,screen
USGS-01196620,1968-10-01 00:00:00.000001,2026-08-18 00:00:00.000001,1826,,,,,1826,reachable,screen
USGS-01197000,1936-03-08 00:00:00.000001,2026-08-17 00:00:00.000001,1826,,,,,1826,reachable,screen
USGS-01197145,2022-09-15 00:00:00.000001,2026-08-17 00:00:00.000001,108,,,,,108,reachable,screen
USGS-01197500,1913-05-17 00:00:00.000001,2026-08-17 00:00:00.000001,1826,,,,,1826,reachable,screen
USGS-01198000,1951-10-01 00:00:00.000001,2026-08-17 00:00:00.000001,1826,,,,,1826,reachable,screen
USGS-01198125,1994-03-25 00:00:00.000001,2026-08-17 00:00:00.000001,1826,,,,,1826,reachable,screen
USGS-01199000,1912-10-01 00:00:00.000001,2026-08-17 00:00:00.000001,1826,,,,,1826,reachable,screen
USGS-01199050,1961-10-01 00:00:00.000001,2026-08-17 00:00:00.000001,1826,,,,,1826,reachable,screen
USGS-01200000,1930-10-01 00:00:00.000001,2026-08-17 00:00:00.000001,1826,,,,,1826,reachable,screen
USGS-01200500,1940-10-01 00:00:00.000001,2026-08-18 00:00:00.000001,1826,,,,,1826,reachable,screen
USGS-01200600,,,0,0.0,0.0,,,0,unreachable,individual fetch
USGS-01201487,2001-11-07 00:00:00.000001,2026-08-17 00:00:00.000001,1826,,,,,1826,reachable,screen
USGS-01202501,2000-10-01 00:00:00.000001,2026-08-17 00:00:00.000001,1826,,,,,1826,reachable,screen
USGS-01203000,1930-10-01 00:00:00.000001,2016-09-29 00:00:00.000001,0,0.0,20533.0,1930-10-01,2016-09-29,0,unreachable,individual fetch
USGS-012035055,2006-10-01 00:00:00.000001,2026-08-17 00:00:00.000001,1826,,,,,1826,reachable,screen
USGS-01203510,1965-10-01 00:00:00.000001,2026-08-17 00:00:00.000001,1826,,,,,1826,reachable,screen
USGS-01203600,1962-09-01 00:00:00.000001,2026-08-17 00:00:00.000001,1826,,,,,1826,reachable,screen
USGS-01203805,1978-10-01 00:00:00.000001,2026-08-17 00:00:00.000001,1826,,,,,1826,reachable,screen
USGS-01204000,1932-10-01 00:00:00.000001,2026-08-17 00:00:00.000001,1826,,,,,1826,reachable,screen
USGS-01205500,1928-10-01 00:00:00.000001,2026-08-17 00:00:00.000001,1826,,,,,1826,reachable,screen
USGS-01206900,1960-10-01 00:00:00.000001,2026-08-18 00:00:00.000001,1826,,,,,1826,reachable,screen
USGS-01208171,2020-06-30 00:00:00.000001,2026-08-18 00:00:00.000001,915,,,,,915,reachable,screen
USGS-01208500,1918-10-01 00:00:00.000001,2026-08-17 00:00:00.000001,1826,,,,,1826,reachable,screen
USGS-01208760,,,0,0.0,0.0,,,0,unreachable,individual fetch
USGS-01208873,1977-10-01 00:00:00.000001,2026-08-19 00:00:00.000001,1073,,,,,1073,reachable,screen
USGS-01208925,1972-10-01 00:00:00.000001,2026-08-17 00:00:00.000001,376,,,,,376,reachable,screen
USGS-01208950,1964-10-01 00:00:00.000001,2026-08-17 00:00:00.000001,1826,,,,,1826,reachable,screen
USGS-01208990,1964-10-01 00:00:00.000001,2026-08-17 00:00:00.000001,1826,,,,,1826,reachable,screen
USGS-01209005,2008-11-12 00:00:00.000001,2026-08-18 00:00:00.000001,1826,,,,,1826,reachable,screen
USGS-01209105,2009-11-13 00:00:00.000001,2026-08-18 00:00:00.000001,1826,,,,,1826,reachable,screen
USGS-01209500,1932-10-01 00:00:00.000001,2026-08-18 00:00:00.000001,1826,,,,,1826,reachable,screen
USGS-012095493,2003-03-29 00:00:00.000001,2026-08-17 00:00:00.000001,1826,,,,,1826,reachable,screen
USGS-01209700,1962-09-01 00:00:00.000001,2026-08-17 00:00:00.000001,1826,,,,,1826,reachable,screen
USGS-01209761,1998-05-16 00:00:00.000001,2026-08-18 00:00:00.000001,1826,,,,,1826,reachable,screen
USGS-01209901,1977-09-17 00:00:00.000001,2026-08-17 00:00:00.000001,1826,,,,,1826,reachable,screen
USGS-01212500,2009-09-30 00:00:00.000001,2026-08-18 00:00:00.000001,1826,,,,,1826,reachable,screen
USGS-01302020,2006-08-15 00:00:00.000001,2026-08-17 00:00:00.000001,1826,,,,,1826,reachable,screen
USGS-01302050,1993-06-01 00:00:00.000001,2013-04-30 00:00:00.000001,0,0.0,6970.0,1993-06-01,2013-04-30,0,unreachable,individual fetch
USGS-01303000,1937-01-15 00:00:00.000001,2026-08-17 00:00:00.000001,1826,,,,,1826,reachable,screen
USGS-01303500,1950-07-01 00:00:00.000001,2026-08-17 00:00:00.000001,1826,,,,,1826,reachable,screen
USGS-01304500,1942-06-21 00:00:00.000001,2026-08-17 00:00:00.000001,1826,,,,,1826,reachable,screen
USGS-01305000,1942-06-21 00:00:00.000001,2026-08-18 00:00:00.000001,1826,,,,,1826,reachable,screen
USGS-01305500,1946-10-01 00:00:00.000001,2026-08-17 00:00:00.000001,1826,,,,,1826,reachable,screen
USGS-01306460,1977-11-10 00:00:00.000001,2026-08-18 00:00:00.000001,1826,,,,,1826,reachable,screen
USGS-01308500,1944-10-01 00:00:00.000001,2026-08-17 00:00:00.000001,1826,,,,,1826,reachable,screen
USGS-01309500,1936-12-12 00:00:00.000001,2026-08-17 00:00:00.000001,1826,,,,,1826,reachable,screen
USGS-01309950,1972-10-01 00:00:00.000001,2026-08-18 00:00:00.000001,1826,,,,,1826,reachable,screen
USGS-01309990,1971-10-07 00:00:00.000001,2026-08-18 00:00:00.000001,1826,,,,,1826,reachable,screen
USGS-01310500,1937-01-01 00:00:00.000001,2026-08-17 00:00:00.000001,1826,,,,,1826,reachable,screen
USGS-01311500,1954-07-01 00:00:00.000001,2026-08-17 00:00:00.000001,1826,,,,,1826,reachable,screen
USGS-01311810,1993-08-25 00:00:00.000001,2026-08-17 00:00:00.000001,0,0.0,5734.0,1993-08-25,2026-08-18,0,unreachable,individual fetch
USGS-01312000,1925-10-01 00:00:00.000001,2026-08-17 00:00:00.000001,1826,,,,,1826,reachable,screen
USGS-01315000,1912-07-01 00:00:00.000001,2026-08-17 00:00:00.000001,1826,,,,,1826,reachable,screen
USGS-01315226,2026-04-21 00:00:00.000001,2026-08-17 00:00:00.000001,0,0.0,98.0,2026-04-21,2026-08-17,0,unreachable,individual fetch
USGS-01315227,2016-09-30 00:00:00.000001,2026-08-17 00:00:00.000001,1826,,,,,1826,reachable,screen
USGS-01315500,1907-09-21 00:00:00.000001,2026-08-17 00:00:00.000001,1826,,,,,1826,reachable,screen
USGS-01318500,1921-07-15 00:00:00.000001,2026-08-17 00:00:00.000001,1826,,,,,1826,reachable,screen
USGS-01321000,1911-09-15 00:00:00.000001,2026-08-17 00:00:00.000001,1826,,,,,1826,reachable,screen
USGS-01325000,1907-09-13 00:00:00.000001,2026-08-17 00:00:00.000001,1826,,,,,1826,reachable,screen
USGS-01327500,1960-10-01 00:00:00.000001,2026-08-17 00:00:00.000001,1393,,,,,1393,reachable,screen
USGS-01327750,1899-01-01 00:00:00.000001,2026-08-17 00:00:00.000001,1826,,,,,1826,reachable,screen
USGS-01329490,1922-10-01 00:00:00.000001,2026-08-17 00:00:00.000001,1826,,,,,1826,reachable,screen
USGS-01330000,1948-04-04 00:00:00.000001,2026-08-17 00:00:00.000001,1826,,,,,1826,reachable,screen
USGS-01331500,1931-10-01 00:00:00.000001,2026-08-17 00:00:00.000001,1826,,,,,1826,reachable,screen
USGS-01332500,1940-07-19 00:00:00.000001,2026-08-17 00:00:00.000001,1826,,,,,1826,reachable,screen
USGS-01333000,1949-09-20 00:00:00.000001,2026-08-17 00:00:00.000001,1826,,,,,1826,reachable,screen
USGS-01334000,1931-06-27 00:00:00.000001,2026-08-16 00:00:00.000001,1826,,,,,1826,reachable,screen
USGS-01334500,1910-08-13 00:00:00.000001,2026-08-17 00:00:00.000001,1826,,,,,1826,reachable,screen
USGS-01335754,1887-10-01 00:00:00.000001,2026-08-17 00:00:00.000001,1826,,,,,1826,reachable,screen
USGS-01335755,,,0,0.0,0.0,,,0,unreachable,individual fetch
USGS-01336000,1927-10-01 00:00:00.000001,2026-08-17 00:00:00.000001,1826,,,,,1826,reachable,screen
USGS-01337005,2022-10-26 00:00:00.000001,2026-08-18 00:00:00.000001,67,,,,,67,reachable,screen
USGS-01338000,2014-10-10 00:00:00.000001,2026-08-17 00:00:00.000001,1826,,,,,1826,reachable,screen
USGS-01339060,2014-09-26 00:00:00.000001,2026-08-17 00:00:00.000001,1826,,,,,1826,reachable,screen
USGS-01342602,2014-09-18 00:00:00.000001,2026-08-17 00:00:00.000001,1826,,,,,1826,reachable,screen
USGS-01342682,2014-10-23 00:00:00.000001,2026-08-17 00:00:00.000001,1826,,,,,1826,reachable,screen
USGS-01342730,1966-11-01 00:00:00.000001,2026-08-17 00:00:00.000001,1826,,,,,1826,reachable,screen
USGS-01342743,2014-08-29 00:00:00.000001,2026-08-17 00:00:00.000001,1826,,,,,1826,reachable,screen
USGS-01343060,2001-06-07 00:00:00.000001,2026-08-17 00:00:00.000001,1826,,,,,1826,reachable,screen
USGS-01343403,2014-08-09 00:00:00.000001,2026-08-17 00:00:00.000001,1826,,,,,1826,reachable,screen
USGS-01344795,2022-11-23 00:00:00.000001,2026-08-18 00:00:00.000001,39,,,,,39,reachable,screen
USGS-01346000,1907-01-01 00:00:00.000001,2026-08-17 00:00:00.000001,1826,,,,,1826,reachable,screen
USGS-01347000,1927-10-01 00:00:00.000001,2026-08-17 00:00:00.000001,1826,,,,,1826,reachable,screen
USGS-01348000,1945-12-02 00:00:00.000001,2026-08-17 00:00:00.000001,1826,,,,,1826,reachable,screen
USGS-01349000,1949-10-01 00:00:00.000001,2026-08-17 00:00:00.000001,1826,,,,,1826,reachable,screen
USGS-01349150,1993-03-27 00:00:00.000001,2026-08-17 00:00:00.000001,1826,,,,,1826,reachable,screen
USGS-01349527,2014-10-01 00:00:00.000001,2026-08-18 00:00:00.000001,1826,,,,,1826,reachable,screen
USGS-01349700,1996-12-27 00:00:00.000001,2026-08-17 00:00:00.000001,1826,,,,,1826,reachable,screen
USGS-01349705,1999-08-18 00:00:00.000001,2026-08-16 00:00:00.000001,1826,,,,,1826,reachable,screen
USGS-01349711,1997-10-01 00:00:00.000001,2026-08-17 00:00:00.000001,1826,,,,,1826,reachable,screen
USGS-01349810,1997-10-01 00:00:00.000001,2026-08-17 00:00:00.000001,1826,,,,,1826,reachable,screen
USGS-01349950,1997-10-01 00:00:00.000001,2026-08-18 00:00:00.000001,1826,,,,,1826,reachable,screen
USGS-01350000,1902-11-09 00:00:00.000001,2026-08-17 00:00:00.000001,1826,,,,,1826,reachable,screen
USGS-01350035,1998-09-30 00:00:00.000001,2026-08-18 00:00:00.000001,1826,,,,,1826,reachable,screen
USGS-01350080,1986-07-18 00:00:00.000001,2026-08-17 00:00:00.000001,1826,,,,,1826,reachable,screen
USGS-01350101,1975-10-01 00:00:00.000001,2026-08-17 00:00:00.000001,1130,,,,,1130,reachable,screen
USGS-01350120,1975-01-28 00:00:00.000001,2026-08-17 00:00:00.000001,1826,,,,,1826,reachable,screen
USGS-01350140,1974-12-13 00:00:00.000001,2026-08-17 00:00:00.000001,1826,,,,,1826,reachable,screen
USGS-01350180,1970-10-01 00:00:00.000001,2026-08-17 00:00:00.000001,1826,,,,,1826,reachable,screen
USGS-01350212,2017-11-17 00:00:00.000001,2026-08-17 00:00:00.000001,1826,,,,,1826,reachable,screen
USGS-01350355,1975-07-29 00:00:00.000001,2026-08-17 00:00:00.000001,1826,,,,,1826,reachable,screen
USGS-01350480,2017-12-21 00:00:00.000001,2026-08-17 00:00:00.000001,1826,,,,,1826,reachable,screen
USGS-01350500,1927-07-01 00:00:00.000001,2026-08-18 00:00:00.000001,1826,,,,,1826,reachable,screen
USGS-01351200,2017-11-29 00:00:00.000001,2026-08-17 00:00:00.000001,1826,,,,,1826,reachable,screen
USGS-01351298,2017-11-22 00:00:00.000001,2026-08-17 00:00:00.000001,1826,,,,,1826,reachable,screen
USGS-01351500,1939-10-01 00:00:00.000001,2026-08-18 00:00:00.000001,1826,,,,,1826,reachable,screen
USGS-01354083,2015-01-16 00:00:00.000001,2026-08-17 00:00:00.000001,1826,,,,,1826,reachable,screen
USGS-01354500,2011-08-06 00:00:00.000001,2026-08-17 00:00:00.000001,1826,,,,,1826,reachable,screen
USGS-01357500,1917-12-01 00:00:00.000001,2026-08-17 00:00:00.000001,1826,,,,,1826,reachable,screen
USGS-01358000,1946-02-21 00:00:00.000001,2026-08-17 00:00:00.000001,1826,,,,,1826,reachable,screen
USGS-01359135,2018-12-21 00:00:00.000001,2026-08-17 00:00:00.000001,1472,,,,,1472,reachable,screen
USGS-01359528,1979-05-15 00:00:00.000001,2026-08-17 00:00:00.000001,1826,,,,,1826,reachable,screen
USGS-01360640,1990-10-01 00:00:00.000001,2026-08-18 00:00:00.000001,1826,,,,,1826,reachable,screen
USGS-01361000,1906-04-01 00:00:00.000001,2026-08-17 00:00:00.000001,1826,,,,,1826,reachable,screen
USGS-0136219503,2016-10-12 00:00:00.000001,2026-08-17 00:00:00.000001,1826,,,,,1826,reachable,screen
USGS-013621955,1998-09-30 00:00:00.000001,2026-08-17 00:00:00.000001,1826,,,,,1826,reachable,screen
USGS-01362200,1963-10-01 00:00:00.000001,2026-08-17 00:00:00.000001,1826,,,,,1826,reachable,screen
USGS-01362230,1996-12-18 00:00:00.000001,2026-08-17 00:00:00.000001,1826,,,,,1826,reachable,screen
USGS-01362232,2022-08-18 00:00:00.000001,2026-08-18 00:00:00.000001,136,,,,,136,reachable,screen
USGS-01362297,2021-10-23 00:00:00.000001,2024-09-30 00:00:00.000001,435,,,,,435,reachable,screen
USGS-0136230002,2003-08-01 00:00:00.000001,2026-08-17 00:00:00.000001,1826,,,,,1826,reachable,screen
USGS-01362322,2016-11-14 00:00:00.000001,2026-08-17 00:00:00.000001,1826,,,,,1826,reachable,screen
USGS-01362336,2016-11-15 00:00:00.000001,2026-08-17 00:00:00.000001,1826,,,,,1826,reachable,screen
USGS-01362342,1997-10-01 00:00:00.000001,2026-08-17 00:00:00.000001,1826,,,,,1826,reachable,screen
USGS-01362357,2012-05-29 00:00:00.000001,2026-08-17 00:00:00.000001,1826,,,,,1826,reachable,screen
USGS-01362368,2016-12-15 00:00:00.000001,2026-08-02 00:00:00.000001,1826,,,,,1826,reachable,screen
USGS-01362370,1997-02-01 00:00:00.000001,2026-08-17 00:00:00.000001,1826,,,,,1826,reachable,screen
USGS-01362487,2010-09-30 00:00:00.000001,2026-08-17 00:00:00.000001,1826,,,,,1826,reachable,screen
USGS-01362497,1997-10-01 00:00:00.000001,2026-08-17 00:00:00.000001,1826,,,,,1826,reachable,screen
USGS-01362500,1931-10-01 00:00:00.000001,2026-08-17 00:00:00.000001,1826,,,,,1826,reachable,screen
USGS-01363382,2000-08-11 00:00:00.000001,2026-08-17 00:00:00.000001,1826,,,,,1826,reachable,screen
USGS-01363556,2013-11-08 00:00:00.000001,2026-08-17 00:00:00.000001,1826,,,,,1826,reachable,screen
USGS-01364500,1907-04-04 00:00:00.000001,2026-08-17 00:00:00.000001,1826,,,,,1826,reachable,screen
USGS-01365000,1937-02-04 00:00:00.000001,2026-08-17 00:00:00.000001,1826,,,,,1826,reachable,screen
USGS-01365100,2018-12-20 00:00:00.000001,2026-08-18 00:00:00.000001,1473,,,,,1473,reachable,screen
USGS-01365500,1938-11-09 00:00:00.000001,2026-08-18 00:00:00.000001,1826,,,,,1826,reachable,screen
USGS-01365505,2018-09-13 00:00:00.000001,2026-08-19 00:00:00.000001,1571,,,,,1571,reachable,screen
USGS-01365550,2018-09-14 00:00:00.000001,2026-08-17 00:00:00.000001,1570,,,,,1570,reachable,screen
USGS-01367500,1901-07-08 00:00:00.000001,2026-08-17 00:00:00.000001,1826,,,,,1826,reachable,screen
USGS-01367715,,,0,0.0,0.0,,,0,unreachable,individual fetch
USGS-01368050,2018-05-19 00:00:00.000001,2026-03-31 00:00:00.000001,1688,,,,,1688,reachable,screen
USGS-01370520,2018-06-14 00:00:00.000001,2026-08-18 00:00:00.000001,1662,,,,,1662,reachable,screen
USGS-01371500,1924-09-23 00:00:00.000001,2026-08-17 00:00:00.000001,1826,,,,,1826,reachable,screen
USGS-01372500,1928-08-07 00:00:00.000001,2026-08-17 00:00:00.000001,1826,,,,,1826,reachable,screen
USGS-0137449480,1995-10-01 00:00:00.000001,2026-08-18 00:00:00.000001,1826,,,,,1826,reachable,screen
USGS-01374505,1994-03-31 00:00:00.000001,2026-08-17 00:00:00.000001,1826,,,,,1826,reachable,screen
USGS-01374531,1994-06-01 00:00:00.000001,2026-08-17 00:00:00.000001,1826,,,,,1826,reachable,screen
USGS-01374559,1995-10-01 00:00:00.000001,2026-08-17 00:00:00.000001,1826,,,,,1826,reachable,screen
USGS-01374581,2001-10-31 00:00:00.000001,2026-08-17 00:00:00.000001,1826,,,,,1826,reachable,screen
USGS-01374598,1996-08-16 00:00:00.000001,2026-08-17 00:00:00.000001,1826,,,,,1826,reachable,screen
USGS-0137462010,1994-03-29 00:00:00.000001,2026-08-17 00:00:00.000001,1826,,,,,1826,reachable,screen
USGS-01374701,1994-01-25 00:00:00.000001,2026-08-17 00:00:00.000001,1826,,,,,1826,reachable,screen
USGS-01374781,2006-12-08 00:00:00.000001,2026-08-17 00:00:00.000001,1826,,,,,1826,reachable,screen
USGS-01374821,1994-03-23 00:00:00.000001,2026-08-17 00:00:00.000001,1826,,,,,1826,reachable,screen
USGS-01374890,1995-12-08 00:00:00.000001,2026-08-17 00:00:00.000001,1826,,,,,1826,reachable,screen
USGS-01374901,1994-03-17 00:00:00.000001,2026-08-17 00:00:00.000001,1826,,,,,1826,reachable,screen
USGS-01374930,1995-10-01 00:00:00.000001,2026-08-17 00:00:00.000001,1826,,,,,1826,reachable,screen
USGS-01374941,1994-03-23 00:00:00.000001,2026-08-17 00:00:00.000001,1826,,,,,1826,reachable,screen
USGS-01375000,1933-07-29 00:00:00.000001,2026-08-17 00:00:00.000001,1826,,,,,1826,reachable,screen
USGS-01376534,2010-02-01 00:00:00.000001,2013-04-30 00:00:00.000001,0,0.0,1185.0,2010-02-01,2013-04-30,0,unreachable,individual fetch
USGS-01376558,2010-11-19 00:00:00.000001,2013-04-30 00:00:00.000001,0,0.0,894.0,2010-11-19,2013-04-30,0,unreachable,individual fetch
USGS-01376800,1958-12-01 00:00:00.000001,2026-08-17 00:00:00.000001,1826,,,,,1826,reachable,screen
USGS-01377000,1941-10-01 00:00:00.000001,2026-08-18 00:00:00.000001,1826,,,,,1826,reachable,screen
USGS-01377370,2004-04-01 00:00:00.000001,2026-08-18 00:00:00.000001,1826,,,,,1826,reachable,screen
USGS-01377500,1934-10-01 00:00:00.000001,2026-08-18 00:00:00.000001,1826,,,,,1826,reachable,screen
USGS-01378500,1921-10-01 00:00:00.000001,2026-08-18 00:00:00.000001,1826,,,,,1826,reachable,screen
USGS-01379000,1903-12-01 00:00:00.000001,2026-08-18 00:00:00.000001,1826,,,,,1826,reachable,screen
USGS-01379500,1903-03-01 00:00:00.000001,2026-08-18 00:00:00.000001,1826,,,,,1826,reachable,screen
USGS-01379530,1965-10-01 00:00:00.000001,2026-08-18 00:00:00.000001,1826,,,,,1826,reachable,screen
USGS-01379700,1984-10-16 00:00:00.000001,1996-07-21 00:00:00.000001,0,0.0,4103.0,1984-10-16,1996-07-21,0,unreachable,individual fetch
USGS-01379773,1982-10-01 00:00:00.000001,2026-08-18 00:00:00.000001,1826,,,,,1826,reachable,screen
USGS-01379780,1984-10-01 00:00:00.000001,2026-08-18 00:00:00.000001,1826,,,,,1826,reachable,screen
USGS-01379845,2012-02-01 00:00:00.000001,2026-08-18 00:00:00.000001,1826,,,,,1826,reachable,screen
USGS-01380100,2016-10-18 00:00:00.000001,2016-12-13 00:00:00.000001,0,0.0,57.0,2016-10-18,2016-12-13,0,unreachable,individual fetch
USGS-01380450,1937-10-01 00:00:00.000001,2026-08-18 00:00:00.000001,1826,,,,,1826,reachable,screen
USGS-01381000,1906-01-01 00:00:00.000001,2026-08-18 00:00:00.000001,1826,,,,,1826,reachable,screen
USGS-01381400,1995-08-24 00:00:00.000001,2026-08-18 00:00:00.000001,1826,,,,,1826,reachable,screen
USGS-01381500,1921-10-01 00:00:00.000001,2026-08-18 00:00:00.000001,1826,,,,,1826,reachable,screen
USGS-01381800,1996-10-01 00:00:00.000001,2026-08-18 00:00:00.000001,1826,,,,,1826,reachable,screen
USGS-01381900,1979-10-01 00:00:00.000001,2026-08-18 00:00:00.000001,1826,,,,,1826,reachable,screen
USGS-01382210,2010-04-16 00:00:00.000001,2026-08-18 00:00:00.000001,1826,,,,,1826,reachable,screen
USGS-01382385,2010-04-08 00:00:00.000001,2026-08-18 00:00:00.000001,1826,,,,,1826,reachable,screen
USGS-01382500,1922-10-01 00:00:00.000001,2026-08-18 00:00:00.000001,1826,,,,,1826,reachable,screen
USGS-01382800,1993-10-01 00:00:00.000001,2026-08-18 00:00:00.000001,1826,,,,,1826,reachable,screen
USGS-01383500,1919-05-13 00:00:00.000001,2026-08-18 00:00:00.000001,1826,,,,,1826,reachable,screen
USGS-01384500,1934-10-01 00:00:00.000001,2026-08-18 00:00:00.000001,1826,,,,,1826,reachable,screen
USGS-01386000,1934-10-01 00:00:00.000001,2026-08-18 00:00:00.000001,1826,,,,,1826,reachable,screen
USGS-01387000,1912-09-15 00:00:00.000001,2026-08-18 00:00:00.000001,1826,,,,,1826,reachable,screen
USGS-01387095,2020-06-26 00:00:00.000001,2026-08-18 00:00:00.000001,919,,,,,919,reachable,screen
USGS-01387400,1979-06-28 00:00:00.000001,2026-08-17 00:00:00.000001,1826,,,,,1826,reachable,screen
USGS-01387420,1979-06-28 00:00:00.000001,2026-08-18 00:00:00.000001,1826,,,,,1826,reachable,screen
USGS-01387450,1958-08-01 00:00:00.000001,2026-08-18 00:00:00.000001,1826,,,,,1826,reachable,screen
USGS-01387500,1902-10-01 00:00:00.000001,2026-08-18 00:00:00.000001,1826,,,,,1826,reachable,screen
USGS-01387905,2008-10-01 00:00:00.000001,2026-08-18 00:00:00.000001,1826,,,,,1826,reachable,screen
USGS-01388000,1921-10-01 00:00:00.000001,2026-08-18 00:00:00.000001,1826,,,,,1826,reachable,screen
USGS-01388500,1903-03-01 00:00:00.000001,2026-08-18 00:00:00.000001,1826,,,,,1826,reachable,screen
USGS-01389010,2012-12-01 00:00:00.000001,2026-08-18 00:00:00.000001,1826,,,,,1826,reachable,screen
USGS-01389500,1897-08-16 00:00:00.000001,2026-08-18 00:00:00.000001,1826,,,,,1826,reachable,screen
USGS-01389550,2007-08-01 00:00:00.000001,2026-08-18 00:00:00.000001,1826,,,,,1826,reachable,screen
USGS-01389890,2007-04-01 00:00:00.000001,2026-08-18 00:00:00.000001,1826,,,,,1826,reachable,screen
USGS-01390450,2003-10-01 00:00:00.000001,2026-08-17 00:00:00.000001,1826,,,,,1826,reachable,screen
USGS-01390500,1954-10-01 00:00:00.000001,2026-08-18 00:00:00.000001,1826,,,,,1826,reachable,screen
USGS-01391000,1954-10-01 00:00:00.000001,2026-08-18 00:00:00.000001,1826,,,,,1826,reachable,screen
USGS-01391102,2012-10-01 00:00:00.000001,2026-08-18 00:00:00.000001,1826,,,,,1826,reachable,screen
USGS-01391500,1923-10-01 00:00:00.000001,2026-08-18 00:00:00.000001,1826,,,,,1826,reachable,screen
USGS-01392500,1937-05-26 00:00:00.000001,2026-08-19 00:00:00.000001,1826,,,,,1826,reachable,screen
USGS-01393450,1921-10-01 00:00:00.000001,2026-08-18 00:00:00.000001,1826,,,,,1826,reachable,screen
USGS-01394500,1938-10-01 00:00:00.000001,2026-08-18 00:00:00.000001,1826,,,,,1826,reachable,screen
USGS-01395000,1921-10-01 00:00:00.000001,2026-08-18 00:00:00.000001,1826,,,,,1826,reachable,screen
USGS-01396000,1939-10-01 00:00:00.000001,1996-10-14 00:00:00.000001,0,0.0,20834.0,1939-10-01,1996-10-14,0,unreachable,individual fetch
USGS-01396001,1979-10-01 00:00:00.000001,1985-09-29 00:00:00.000001,0,0.0,2191.0,1979-10-01,1985-09-29,0,unreachable,individual fetch
USGS-01396190,1999-01-01 00:00:00.000001,2012-09-29 00:00:00.000001,0,0.0,5021.0,1999-01-01,2012-09-29,0,unreachable,individual fetch
USGS-01396500,1918-10-01 00:00:00.000001,2026-08-18 00:00:00.000001,1826,,,,,1826,reachable,screen
USGS-01396582,1978-03-24 00:00:00.000001,2026-08-18 00:00:00.000001,1826,,,,,1826,reachable,screen
USGS-01396660,1977-07-29 00:00:00.000001,2026-08-18 00:00:00.000001,1826,,,,,1826,reachable,screen
USGS-01396800,1960-10-01 00:00:00.000001,2026-08-18 00:00:00.000001,1826,,,,,1826,reachable,screen
USGS-01397000,1903-10-01 00:00:00.000001,2026-08-18 00:00:00.000001,1826,,,,,1826,reachable,screen
USGS-01398000,1930-10-01 00:00:00.000001,2026-08-18 00:00:00.000001,1826,,,,,1826,reachable,screen
USGS-01398107,1978-06-07 00:00:00.000001,1996-04-10 00:00:00.000001,0,0.0,6518.0,1978-06-07,1996-04-10,0,unreachable,individual fetch
USGS-01398500,1921-10-01 00:00:00.000001,2026-08-18 00:00:00.000001,1826,,,,,1826,reachable,screen
USGS-01399100,2006-06-27 00:00:00.000001,2026-08-18 00:00:00.000001,954,,,,,954,reachable,screen
USGS-01399190,1976-10-01 00:00:00.000001,1987-09-30 00:00:00.000001,0,0.0,4017.0,1976-10-01,1987-09-30,0,unreachable,individual fetch
USGS-01399200,1975-10-01 00:00:00.000001,1987-09-30 00:00:00.000001,0,0.0,4383.0,1975-10-01,1987-09-30,0,unreachable,individual fetch
USGS-01399500,1921-10-01 00:00:00.000001,2026-08-18 00:00:00.000001,1826,,,,,1826,reachable,screen
USGS-01399670,2017-09-30 00:00:00.000001,2026-08-17 00:00:00.000001,1826,,,,,1826,reachable,screen
USGS-01400000,1923-06-14 00:00:00.000001,2026-08-18 00:00:00.000001,1826,,,,,1826,reachable,screen
USGS-01400500,1903-10-01 00:00:00.000001,2026-08-18 00:00:00.000001,1826,,,,,1826,reachable,screen
USGS-01401000,1953-10-01 00:00:00.000001,2026-08-18 00:00:00.000001,1826,,,,,1826,reachable,screen
USGS-01401301,,,0,0.0,0.0,,,0,unreachable,individual fetch
USGS-01401650,1980-07-01 00:00:00.000001,2026-08-18 00:00:00.000001,1826,,,,,1826,reachable,screen
USGS-01402000,1921-08-04 00:00:00.000001,2026-08-18 00:00:00.000001,1826,,,,,1826,reachable,screen
USGS-01402630,2012-10-01 00:00:00.000001,2026-08-18 00:00:00.000001,1826,,,,,1826,reachable,screen
USGS-01403060,1903-09-01 00:00:00.000001,2026-08-18 00:00:00.000001,1826,,,,,1826,reachable,screen
USGS-01403150,1979-06-21 00:00:00.000001,2026-08-18 00:00:00.000001,1826,,,,,1826,reachable,screen
USGS-01403400,1979-06-27 00:00:00.000001,2026-08-17 00:00:00.000001,1249,,,,,1249,reachable,screen
USGS-01403500,1981-09-30 00:00:00.000001,1984-12-31 00:00:00.000001,0,0.0,1189.0,1981-09-30,1984-12-31,0,unreachable,individual fetch
USGS-01403535,1980-07-01 00:00:00.000001,2000-09-29 00:00:00.000001,0,0.0,7396.0,1980-07-01,2000-09-29,0,unreachable,individual fetch
USGS-01403540,1974-10-01 00:00:00.000001,2026-08-18 00:00:00.000001,1826,,,,,1826,reachable,screen
USGS-01403900,1972-06-16 00:00:00.000001,2026-08-18 00:00:00.000001,1826,,,,,1826,reachable,screen
USGS-01405030,1988-12-22 00:00:00.000001,2026-08-18 00:00:00.000001,1826,,,,,1826,reachable,screen
USGS-01405400,1957-01-01 00:00:00.000001,2026-08-18 00:00:00.000001,1826,,,,,1826,reachable,screen
USGS-01406050,2000-10-01 00:00:00.000001,2026-08-18 00:00:00.000001,1826,,,,,1826,reachable,screen
USGS-01407290,2003-08-12 00:00:00.000001,2026-08-18 00:00:00.000001,1826,,,,,1826,reachable,screen
USGS-01407500,1922-07-28 00:00:00.000001,2026-08-18 00:00:00.000001,1826,,,,,1826,reachable,screen
USGS-01407705,1966-10-01 00:00:00.000001,2026-08-18 00:00:00.000001,1826,,,,,1826,reachable,screen
USGS-01407760,1966-10-01 00:00:00.000001,2026-08-18 00:00:00.000001,1826,,,,,1826,reachable,screen
USGS-01408000,1931-10-01 00:00:00.000001,2026-08-18 00:00:00.000001,1826,,,,,1826,reachable,screen
USGS-01408029,1989-11-08 00:00:00.000001,2026-08-18 00:00:00.000001,1826,,,,,1826,reachable,screen
USGS-01408120,1972-10-01 00:00:00.000001,2026-08-18 00:00:00.000001,1826,,,,,1826,reachable,screen
USGS-01408150,1992-06-12 00:00:00.000001,1999-03-31 00:00:00.000001,0,0.0,2484.0,1992-06-12,1999-03-31,0,unreachable,individual fetch
USGS-01408500,1928-10-01 00:00:00.000001,2026-08-18 00:00:00.000001,1826,,,,,1826,reachable,screen
USGS-01408900,1932-07-07 00:00:00.000001,2026-08-18 00:00:00.000001,1826,,,,,1826,reachable,screen
USGS-01409280,1973-10-01 00:00:00.000001,2026-08-17 00:00:00.000001,1826,,,,,1826,reachable,screen
USGS-01409400,1957-09-01 00:00:00.000001,2026-08-18 00:00:00.000001,1826,,,,,1826,reachable,screen
USGS-01409810,1974-10-01 00:00:00.000001,2026-08-18 00:00:00.000001,1826,,,,,1826,reachable,screen
USGS-01410000,1930-10-01 00:00:00.000001,2026-08-18 00:00:00.000001,1826,,,,,1826,reachable,screen
USGS-01410150,1978-01-01 00:00:00.000001,2026-08-18 00:00:00.000001,1826,,,,,1826,reachable,screen
USGS-01410784,1996-03-28 00:00:00.000001,2026-08-18 00:00:00.000001,1826,,,,,1826,reachable,screen
USGS-01410820,1972-06-21 00:00:00.000001,2026-08-18 00:00:00.000001,1826,,,,,1826,reachable,screen
USGS-01411000,1925-09-08 00:00:00.000001,2026-08-18 00:00:00.000001,1826,,,,,1826,reachable,screen
USGS-01411300,1969-12-16 00:00:00.000001,2026-08-18 00:00:00.000001,1521,,,,,1521,reachable,screen
USGS-01411500,1932-10-01 00:00:00.000001,2026-08-18 00:00:00.000001,1826,,,,,1826,reachable,screen
USGS-01412000,1931-06-01 00:00:00.000001,2024-11-05 00:00:00.000001,735,,,,,735,reachable,screen
USGS-01412080,2019-10-02 00:00:00.000001,2026-08-18 00:00:00.000001,1187,,,,,1187,reachable,screen
USGS-01412800,1977-10-01 00:00:00.000001,2026-08-18 00:00:00.000001,1826,,,,,1826,reachable,screen
USGS-01413088,2000-06-07 00:00:00.000001,2026-08-17 00:00:00.000001,1826,,,,,1826,reachable,screen
USGS-01413398,1997-10-01 00:00:00.000001,2026-08-18 00:00:00.000001,1826,,,,,1826,reachable,screen
USGS-01413408,1996-12-05 00:00:00.000001,2026-08-17 00:00:00.000001,1826,,,,,1826,reachable,screen
USGS-01413500,1937-02-01 00:00:00.000001,2026-08-17 00:00:00.000001,1826,,,,,1826,reachable,screen
USGS-01414000,1941-10-01 00:00:00.000001,2026-08-18 00:00:00.000001,1826,,,,,1826,reachable,screen
USGS-01414500,1937-02-01 00:00:00.000001,2026-08-17 00:00:00.000001,1826,,,,,1826,reachable,screen
USGS-01415000,1937-02-01 00:00:00.000001,2026-08-17 00:00:00.000001,1826,,,,,1826,reachable,screen
USGS-01415460,2008-08-01 00:00:00.000001,2024-09-30 00:00:00.000001,1135,,,,,1135,reachable,screen
USGS-01417000,1941-07-01 00:00:00.000001,2026-08-17 00:00:00.000001,1826,,,,,1826,reachable,screen
USGS-01417500,1934-10-01 00:00:00.000001,2026-08-17 00:00:00.000001,1826,,,,,1826,reachable,screen
USGS-01419500,1937-08-29 00:00:00.000001,2026-08-17 00:00:00.000001,1584,,,,,1584,reachable,screen
USGS-01420500,1913-07-25 00:00:00.000001,2026-08-17 00:00:00.000001,1826,,,,,1826,reachable,screen
USGS-01421000,1912-11-19 00:00:00.000001,2025-12-08 00:00:00.000001,1826,,,,,1826,reachable,screen
USGS-01421610,2000-08-11 00:00:00.000001,2026-08-17 00:00:00.000001,1826,,,,,1826,reachable,screen
USGS-01421618,1997-10-01 00:00:00.000001,2026-08-17 00:00:00.000001,1826,,,,,1826,reachable,screen
USGS-01421900,1937-04-01 00:00:00.000001,2026-08-17 00:00:00.000001,1826,,,,,1826,reachable,screen
USGS-01422500,1937-10-01 00:00:00.000001,2026-08-17 00:00:00.000001,1826,,,,,1826,reachable,screen
USGS-01422747,1998-10-01 00:00:00.000001,2026-08-17 00:00:00.000001,1826,,,,,1826,reachable,screen
USGS-01422779,2017-12-13 00:00:00.000001,2026-08-17 00:00:00.000001,1826,,,,,1826,reachable,screen
USGS-01423000,1950-10-01 00:00:00.000001,2026-08-17 00:00:00.000001,1826,,,,,1826,reachable,screen
USGS-0142400103,1952-10-01 00:00:00.000001,2026-08-17 00:00:00.000001,1826,,,,,1826,reachable,screen
USGS-01425000,1952-07-01 00:00:00.000001,2026-08-17 00:00:00.000001,1826,,,,,1826,reachable,screen
USGS-01425805,2019-12-13 00:00:00.000001,2026-08-18 00:00:00.000001,1115,,,,,1115,reachable,screen
USGS-01426500,1912-11-15 00:00:00.000001,2026-08-17 00:00:00.000001,1826,,,,,1826,reachable,screen
USGS-01427195,2018-09-30 00:00:00.000001,2026-08-17 00:00:00.000001,1554,,,,,1554,reachable,screen
USGS-01427207,2006-07-28 00:00:00.000001,2026-08-17 00:00:00.000001,1826,,,,,1826,reachable,screen
USGS-01427500,1940-10-01 00:00:00.000001,2026-08-18 00:00:00.000001,1554,,,,,1554,reachable,screen
USGS-01427510,1975-06-27 00:00:00.000001,2026-08-18 00:00:00.000001,1826,,,,,1826,reachable,screen
USGS-01428000,1946-10-01 00:00:00.000001,2026-08-17 00:00:00.000001,1598,,,,,1598,reachable,screen
USGS-01428500,1940-10-01 00:00:00.000001,2026-08-18 00:00:00.000001,1826,,,,,1826,reachable,screen
USGS-01428750,1986-10-01 00:00:00.000001,2026-08-17 00:00:00.000001,1826,,,,,1826,reachable,screen
USGS-01429000,1944-10-01 00:00:00.000001,2026-08-17 00:00:00.000001,1826,,,,,1826,reachable,screen
USGS-01429301,2018-10-24 00:00:00.000001,2026-08-18 00:00:00.000001,1530,,,,,1530,reachable,screen
USGS-01429500,1943-10-01 00:00:00.000001,2026-08-17 00:00:00.000001,1790,,,,,1790,reachable,screen
USGS-01430000,1948-10-01 00:00:00.000001,2026-08-18 00:00:00.000001,1826,,,,,1826,reachable,screen
USGS-01431500,1908-10-01 00:00:00.000001,2026-08-17 00:00:00.000001,1826,,,,,1826,reachable,screen
USGS-01432055,2021-06-11 00:00:00.000001,2026-08-17 00:00:00.000001,569,,,,,569,reachable,screen
USGS-01432110,2007-07-27 00:00:00.000001,2026-08-17 00:00:00.000001,1826,,,,,1826,reachable,screen
USGS-01432160,2018-10-01 00:00:00.000001,2026-08-17 00:00:00.000001,1553,,,,,1553,reachable,screen
USGS-01432495,2018-10-01 00:00:00.000001,2026-08-17 00:00:00.000001,1553,,,,,1553,reachable,screen
USGS-01432900,2002-10-01 00:00:00.000001,2026-08-17 00:00:00.000001,1826,,,,,1826,reachable,screen
USGS-01433005,2019-08-02 00:00:00.000001,2026-08-18 00:00:00.000001,1248,,,,,1248,reachable,screen
USGS-01433500,1939-08-15 00:00:00.000001,2026-08-18 00:00:00.000001,1826,,,,,1826,reachable,screen
USGS-01434000,1904-10-01 00:00:00.000001,2026-08-17 00:00:00.000001,1826,,,,,1826,reachable,screen
USGS-0143400680,1990-10-01 00:00:00.000001,2026-08-17 00:00:00.000001,1191,,,,,1191,reachable,screen
USGS-01434017,1991-07-01 00:00:00.000001,2026-08-18 00:00:00.000001,1826,,,,,1826,reachable,screen
USGS-01434021,1991-01-01 00:00:00.000001,2026-08-17 00:00:00.000001,1202,,,,,1202,reachable,screen
USGS-01434025,1983-06-08 00:00:00.000001,2026-08-17 00:00:00.000001,1826,,,,,1826,reachable,screen
USGS-01434498,1991-07-01 00:00:00.000001,2026-08-17 00:00:00.000001,1826,,,,,1826,reachable,screen
USGS-01435000,1937-11-01 00:00:00.000001,2026-08-17 00:00:00.000001,1826,,,,,1826,reachable,screen
USGS-01436000,1941-10-01 00:00:00.000001,2026-08-18 00:00:00.000001,1826,,,,,1826,reachable,screen
USGS-01436655,2019-11-23 00:00:00.000001,2026-08-12 00:00:00.000001,1135,,,,,1135,reachable,screen
USGS-01436690,1992-10-01 00:00:00.000001,2026-08-17 00:00:00.000001,1826,,,,,1826,reachable,screen
USGS-01437100,2019-12-11 00:00:00.000001,2026-08-17 00:00:00.000001,1117,,,,,1117,reachable,screen
USGS-01437349,2020-07-24 00:00:00.000001,2026-08-17 00:00:00.000001,891,,,,,891,reachable,screen
USGS-01437500,1937-07-31 00:00:00.000001,2026-08-17 00:00:00.000001,1826,,,,,1826,reachable,screen
USGS-01438500,1939-10-01 00:00:00.000001,2026-08-18 00:00:00.000001,1826,,,,,1826,reachable,screen
USGS-01439500,1908-10-01 00:00:00.000001,2026-08-17 00:00:00.000001,1826,,,,,1826,reachable,screen
USGS-01439590,2005-10-01 00:00:00.000001,2026-08-18 00:00:00.000001,1826,,,,,1826,reachable,screen
USGS-01440000,1923-10-01 00:00:00.000001,2026-08-18 00:00:00.000001,1826,,,,,1826,reachable,screen
USGS-01440200,,,0,0.0,0.0,,,0,unreachable,individual fetch
USGS-01440400,1957-10-01 00:00:00.000001,2026-08-17 00:00:00.000001,1826,,,,,1826,reachable,screen
USGS-01440485,2001-04-18 00:00:00.000001,2026-08-17 00:00:00.000001,1826,,,,,1826,reachable,screen
USGS-01441495,2002-06-21 00:00:00.000001,2024-09-30 00:00:00.000001,1826,,,,,1826,reachable,screen
USGS-01442500,1950-10-01 00:00:00.000001,2026-08-17 00:00:00.000001,1826,,,,,1826,reachable,screen
USGS-01443280,1992-08-06 00:00:00.000001,2026-08-18 00:00:00.000001,1826,,,,,1826,reachable,screen
USGS-01443500,1921-10-01 00:00:00.000001,2026-08-18 00:00:00.000001,1826,,,,,1826,reachable,screen
USGS-01443900,1966-10-01 00:00:00.000001,2026-08-18 00:00:00.000001,1826,,,,,1826,reachable,screen
USGS-01445000,1939-10-01 00:00:00.000001,2026-08-18 00:00:00.000001,1826,,,,,1826,reachable,screen
USGS-01445500,1921-10-01 00:00:00.000001,2026-08-18 00:00:00.000001,1826,,,,,1826,reachable,screen
USGS-01446000,1922-10-01 00:00:00.000001,2026-08-18 00:00:00.000001,1826,,,,,1826,reachable,screen
USGS-01446500,1922-10-01 00:00:00.000001,2026-08-18 00:00:00.000001,1826,,,,,1826,reachable,screen
USGS-01446775,2005-11-29 00:00:00.000001,2026-08-17 00:00:00.000001,1826,,,,,1826,reachable,screen
USGS-01446776,2005-11-17 00:00:00.000001,2026-08-02 00:00:00.000001,1826,,,,,1826,reachable,screen
USGS-01447500,1943-10-01 00:00:00.000001,2026-08-17 00:00:00.000001,1826,,,,,1826,reachable,screen
USGS-01447680,1965-04-01 00:00:00.000001,2026-08-17 00:00:00.000001,1826,,,,,1826,reachable,screen
USGS-01447720,1961-10-01 00:00:00.000001,2026-08-17 00:00:00.000001,1826,,,,,1826,reachable,screen
USGS-01447800,1957-10-01 00:00:00.000001,2026-08-17 00:00:00.000001,1826,,,,,1826,reachable,screen
USGS-01449000,1982-10-01 00:00:00.000001,2026-08-18 00:00:00.000001,1826,,,,,1826,reachable,screen
USGS-01449360,1966-10-01 00:00:00.000001,2026-08-17 00:00:00.000001,1826,,,,,1826,reachable,screen
USGS-01449800,1967-08-01 00:00:00.000001,2026-08-17 00:00:00.000001,1826,,,,,1826,reachable,screen
USGS-01450500,1939-10-01 00:00:00.000001,2026-08-17 00:00:00.000001,1826,,,,,1826,reachable,screen
USGS-01451000,1946-10-01 00:00:00.000001,2026-08-17 00:00:00.000001,1826,,,,,1826,reachable,screen
USGS-01451380,2019-11-13 00:00:00.000001,2026-08-18 00:00:00.000001,1145,,,,,1145,reachable,screen
USGS-01451400,2020-03-10 00:00:00.000001,2026-08-18 00:00:00.000001,1027,,,,,1027,reachable,screen
USGS-01451500,1945-10-01 00:00:00.000001,2026-08-18 00:00:00.000001,1826,,,,,1826,reachable,screen
USGS-01451630,2020-01-17 00:00:00.000001,2026-08-18 00:00:00.000001,1080,,,,,1080,reachable,screen
USGS-01451650,1986-10-01 00:00:00.000001,2026-08-18 00:00:00.000001,1826,,,,,1826,reachable,screen
USGS-01451800,1966-02-01 00:00:00.000001,2026-08-17 00:00:00.000001,1826,,,,,1826,reachable,screen
USGS-01452000,1944-10-01 00:00:00.000001,2026-08-17 00:00:00.000001,1826,,,,,1826,reachable,screen
USGS-01452500,1948-10-01 00:00:00.000001,2026-08-17 00:00:00.000001,1826,,,,,1826,reachable,screen
USGS-01453000,1902-10-01 00:00:00.000001,2026-08-17 00:00:00.000001,1826,,,,,1826,reachable,screen
USGS-01454700,1966-10-01 00:00:00.000001,2026-08-17 00:00:00.000001,1554,,,,,1554,reachable,screen
USGS-01455290,2018-08-23 00:00:00.000001,2026-08-18 00:00:00.000001,1592,,,,,1592,reachable,screen
USGS-01455500,1928-07-01 00:00:00.000001,2026-08-18 00:00:00.000001,1826,,,,,1826,reachable,screen
USGS-01457000,1903-10-01 00:00:00.000001,2026-08-18 00:00:00.000001,1826,,,,,1826,reachable,screen
USGS-01457500,2018-10-01 00:00:00.000001,2026-08-18 00:00:00.000001,1553,,,,,1553,reachable,screen
USGS-01459500,1935-10-01 00:00:00.000001,2026-08-17 00:00:00.000001,1826,,,,,1826,reachable,screen
USGS-01460378,2017-02-03 00:00:00.000001,2026-08-18 00:00:00.000001,1826,,,,,1826,reachable,screen
USGS-01460440,1989-10-23 00:00:00.000001,2026-08-18 00:00:00.000001,1826,,,,,1826,reachable,screen
USGS-01460500,,,0,0.0,0.0,,,0,unreachable,individual fetch
USGS-01460860,,,0,0.0,0.0,,,0,unreachable,individual fetch
USGS-01463500,1912-10-01 00:00:00.000001,2026-08-18 00:00:00.000001,1826,,,,,1826,reachable,screen
USGS-01463620,1972-09-22 00:00:00.000001,2026-08-18 00:00:00.000001,1826,,,,,1826,reachable,screen
USGS-01463740,2008-11-01 00:00:00.000001,2026-08-18 00:00:00.000001,1826,,,,,1826,reachable,screen
USGS-01464000,1923-10-01 00:00:00.000001,2026-08-18 00:00:00.000001,1826,,,,,1826,reachable,screen
USGS-01464290,2019-10-31 00:00:00.000001,2026-08-17 00:00:00.000001,1158,,,,,1158,reachable,screen
USGS-01464500,1940-08-10 00:00:00.000001,2026-08-18 00:00:00.000001,1826,,,,,1826,reachable,screen
USGS-01464645,1985-11-16 00:00:00.000001,2026-08-17 00:00:00.000001,1826,,,,,1826,reachable,screen
USGS-01464720,1990-12-19 00:00:00.000001,2026-08-18 00:00:00.000001,1826,,,,,1826,reachable,screen
USGS-01464750,1986-12-05 00:00:00.000001,2026-08-17 00:00:00.000001,1826,,,,,1826,reachable,screen
USGS-01464899,2020-09-22 00:00:00.000001,2026-08-17 00:00:00.000001,831,,,,,831,reachable,screen
USGS-01464907,1998-11-25 00:00:00.000001,2026-08-17 00:00:00.000001,1826,,,,,1826,reachable,screen
USGS-01464930,1994-01-01 00:00:00.000001,1995-12-31 00:00:00.000001,0,0.0,730.0,1994-01-01,1995-12-31,0,unreachable,individual fetch
USGS-01464984,1985-11-09 00:00:00.000001,2026-08-17 00:00:00.000001,761,,,,,761,reachable,screen
USGS-01465200,2018-10-01 00:00:00.000001,2026-08-18 00:00:00.000001,1553,,,,,1553,reachable,screen
USGS-01465500,1934-10-01 00:00:00.000001,2026-08-17 00:00:00.000001,1826,,,,,1826,reachable,screen
USGS-01465798,1965-07-01 00:00:00.000001,2026-08-18 00:00:00.000001,1826,,,,,1826,reachable,screen
USGS-01465850,1961-07-01 00:00:00.000001,2026-08-18 00:00:00.000001,1826,,,,,1826,reachable,screen
USGS-0146587310,2019-12-14 00:00:00.000001,2024-10-20 00:00:00.000001,1114,,,,,1114,reachable,screen
USGS-01465880,,,0,0.0,0.0,,,0,unreachable,individual fetch
USGS-01466500,1953-10-01 00:00:00.000001,2026-08-18 00:00:00.000001,1826,,,,,1826,reachable,screen
USGS-01466900,1998-05-11 00:00:00.000001,2026-08-18 00:00:00.000001,1826,,,,,1826,reachable,screen
USGS-01467000,1921-10-01 00:00:00.000001,2026-08-18 00:00:00.000001,1826,,,,,1826,reachable,screen
USGS-01467024,,,0,0.0,0.0,,,0,unreachable,individual fetch
USGS-01467031,2010-03-10 00:00:00.000001,2015-10-06 00:00:00.000001,0,0.0,2037.0,2010-03-10,2015-10-06,0,unreachable,individual fetch
USGS-01467042,1964-08-13 00:00:00.000001,2026-08-17 00:00:00.000001,1826,,,,,1826,reachable,screen
USGS-01467048,1965-06-01 00:00:00.000001,2026-08-18 00:00:00.000001,1826,,,,,1826,reachable,screen
USGS-01467081,1967-10-01 00:00:00.000001,2026-08-18 00:00:00.000001,1826,,,,,1826,reachable,screen
USGS-01467086,1965-10-01 00:00:00.000001,2026-08-17 00:00:00.000001,1826,,,,,1826,reachable,screen
USGS-01467087,1982-07-01 00:00:00.000001,2026-08-17 00:00:00.000001,1826,,,,,1826,reachable,screen
USGS-01467150,1963-10-01 00:00:00.000001,2026-08-18 00:00:00.000001,1826,,,,,1826,reachable,screen
USGS-01467200,,,0,0.0,0.0,,,0,unreachable,individual fetch
USGS-01468500,1947-10-01 00:00:00.000001,2026-08-17 00:00:00.000001,1826,,,,,1826,reachable,screen
USGS-01469500,1919-10-01 00:00:00.000001,2026-08-17 00:00:00.000001,1826,,,,,1826,reachable,screen
USGS-01470500,1947-08-01 00:00:00.000001,2026-08-17 00:00:00.000001,1826,,,,,1826,reachable,screen
USGS-01470755,2012-03-23 00:00:00.000001,2026-08-17 00:00:00.000001,1826,,,,,1826,reachable,screen
USGS-01470761,2020-03-14 00:00:00.000001,2026-08-17 00:00:00.000001,1023,,,,,1023,reachable,screen
USGS-01470779,1974-11-22 00:00:00.000001,2026-08-17 00:00:00.000001,1826,,,,,1826,reachable,screen
USGS-01470960,1965-05-01 00:00:00.000001,2026-08-18 00:00:00.000001,1826,,,,,1826,reachable,screen
USGS-01471000,1950-10-01 00:00:00.000001,2026-08-17 00:00:00.000001,1826,,,,,1826,reachable,screen
USGS-01471510,1914-10-01 00:00:00.000001,2026-08-17 00:00:00.000001,1826,,,,,1826,reachable,screen
USGS-01471875,1993-10-01 00:00:00.000001,2026-08-17 00:00:00.000001,1556,,,,,1556,reachable,screen
USGS-01472000,1927-10-01 00:00:00.000001,2026-08-17 00:00:00.000001,1826,,,,,1826,reachable,screen
USGS-01472157,1968-10-01 00:00:00.000001,2026-08-17 00:00:00.000001,1826,,,,,1826,reachable,screen
USGS-01472198,1981-08-24 00:00:00.000001,2026-08-17 00:00:00.000001,1826,,,,,1826,reachable,screen
USGS-01472199,1981-10-01 00:00:00.000001,2026-08-17 00:00:00.000001,1826,,,,,1826,reachable,screen
USGS-01472620,1983-10-01 00:00:00.000001,2026-08-17 00:00:00.000001,1826,,,,,1826,reachable,screen
USGS-01472810,1991-01-18 00:00:00.000001,2026-08-17 00:00:00.000001,1826,,,,,1826,reachable,screen
USGS-01473000,1914-10-01 00:00:00.000001,2026-08-17 00:00:00.000001,1826,,,,,1826,reachable,screen
USGS-01473169,1982-10-01 00:00:00.000001,2026-08-17 00:00:00.000001,1826,,,,,1826,reachable,screen
USGS-01473470,2020-01-01 00:00:00.000001,2026-08-18 00:00:00.000001,1096,,,,,1096,reachable,screen
USGS-01473500,1927-10-01 00:00:00.000001,2026-08-17 00:00:00.000001,1826,,,,,1826,reachable,screen
USGS-01473730,,,0,0.0,0.0,,,0,unreachable,individual fetch
USGS-01473900,1961-09-01 00:00:00.000001,2026-08-17 00:00:00.000001,1826,,,,,1826,reachable,screen
USGS-01474000,1965-10-01 00:00:00.000001,2026-08-17 00:00:00.000001,1826,,,,,1826,reachable,screen
USGS-01474500,1931-10-01 00:00:00.000001,2026-08-17 00:00:00.000001,1826,,,,,1826,reachable,screen
USGS-01475001,1940-04-05 00:00:00.000001,2026-08-18 00:00:00.000001,1826,,,,,1826,reachable,screen
USGS-01475510,1964-02-01 00:00:00.000001,2026-08-17 00:00:00.000001,1504,,,,,1504,reachable,screen
USGS-01475530,1964-10-01 00:00:00.000001,2026-08-17 00:00:00.000001,1826,,,,,1826,reachable,screen
USGS-01475548,2005-10-18 00:00:00.000001,2026-08-17 00:00:00.000001,1826,,,,,1826,reachable,screen
USGS-01475850,1981-10-01 00:00:00.000001,2026-08-17 00:00:00.000001,1826,,,,,1826,reachable,screen
USGS-01476480,1986-10-01 00:00:00.000001,2026-08-18 00:00:00.000001,1826,,,,,1826,reachable,screen
USGS-01477000,1931-10-01 00:00:00.000001,2026-08-17 00:00:00.000001,1826,,,,,1826,reachable,screen
USGS-01477070,2020-01-30 00:00:00.000001,2026-08-18 00:00:00.000001,1067,,,,,1067,reachable,screen
USGS-01477120,1966-04-01 00:00:00.000001,2026-08-18 00:00:00.000001,1826,,,,,1826,reachable,screen
USGS-01477800,1945-12-01 00:00:00.000001,2026-08-18 00:00:00.000001,1826,,,,,1826,reachable,screen
USGS-01478000,1943-04-01 00:00:00.000001,2026-08-18 00:00:00.000001,1826,,,,,1826,reachable,screen
USGS-01478100,2020-07-01 00:00:00.000001,2026-08-17 00:00:00.000001,914,,,,,914,reachable,screen
USGS-01478120,2007-10-01 00:00:00.000001,2026-08-17 00:00:00.000001,1826,,,,,1826,reachable,screen
USGS-01478137,1997-07-10 00:00:00.000001,2026-08-17 00:00:00.000001,1123,,,,,1123,reachable,screen
USGS-01478185,2020-02-21 00:00:00.000001,2026-08-17 00:00:00.000001,1045,,,,,1045,reachable,screen
USGS-01478220,2020-03-10 00:00:00.000001,2026-08-18 00:00:00.000001,1027,,,,,1027,reachable,screen
USGS-01478245,1996-08-01 00:00:00.000001,2026-08-18 00:00:00.000001,1826,,,,,1826,reachable,screen
USGS-01478650,1994-03-01 00:00:00.000001,2026-08-18 00:00:00.000001,1826,,,,,1826,reachable,screen
USGS-01478950,2019-10-01 00:00:00.000001,2026-08-18 00:00:00.000001,1188,,,,,1188,reachable,screen
USGS-01479000,1931-10-01 00:00:00.000001,2026-08-18 00:00:00.000001,1826,,,,,1826,reachable,screen
USGS-01479820,1988-01-01 00:00:00.000001,2026-08-17 00:00:00.000001,1826,,,,,1826,reachable,screen
USGS-01480000,1943-04-01 00:00:00.000001,2026-08-17 00:00:00.000001,1826,,,,,1826,reachable,screen
USGS-01480015,1988-10-01 00:00:00.000001,2026-08-18 00:00:00.000001,1826,,,,,1826,reachable,screen
USGS-01480017,2015-05-15 00:00:00.000001,2026-08-18 00:00:00.000001,1826,,,,,1826,reachable,screen
USGS-01480300,1960-06-01 00:00:00.000001,2026-08-17 00:00:00.000001,1826,,,,,1826,reachable,screen
USGS-01480400,1995-02-01 00:00:00.000001,2026-08-17 00:00:00.000001,1826,,,,,1826,reachable,screen
USGS-01480500,1943-10-01 00:00:00.000001,2026-08-17 00:00:00.000001,1826,,,,,1826,reachable,screen
USGS-01480617,1970-01-01 00:00:00.000001,2026-08-17 00:00:00.000001,1826,,,,,1826,reachable,screen
USGS-01480629,2020-02-14 00:00:00.000001,2026-08-18 00:00:00.000001,1052,,,,,1052,reachable,screen
USGS-01480638,2002-12-24 00:00:00.000001,2024-09-30 00:00:00.000001,1826,,,,,1826,reachable,screen
USGS-01480675,1966-08-01 00:00:00.000001,2026-08-17 00:00:00.000001,1826,,,,,1826,reachable,screen
USGS-01480685,1973-06-01 00:00:00.000001,2026-08-17 00:00:00.000001,1826,,,,,1826,reachable,screen
USGS-01480700,1965-10-01 00:00:00.000001,2026-08-17 00:00:00.000001,1826,,,,,1826,reachable,screen
USGS-01480870,1972-02-01 00:00:00.000001,2026-08-17 00:00:00.000001,1826,,,,,1826,reachable,screen
USGS-01481000,1911-10-01 00:00:00.000001,2026-08-17 00:00:00.000001,1826,,,,,1826,reachable,screen
USGS-01481500,1946-10-01 00:00:00.000001,2026-08-18 00:00:00.000001,1826,,,,,1826,reachable,screen
USGS-01482100,,,0,0.0,0.0,,,0,unreachable,individual fetch
USGS-01482500,1940-04-01 00:00:00.000001,2026-08-18 00:00:00.000001,1826,,,,,1826,reachable,screen
USGS-01482695,,,0,0.0,0.0,,,0,unreachable,individual fetch
USGS-01483155,2001-04-01 00:00:00.000001,2026-08-18 00:00:00.000001,1826,,,,,1826,reachable,screen
USGS-01483200,1956-10-01 00:00:00.000001,2026-08-17 00:00:00.000001,1826,,,,,1826,reachable,screen
USGS-01483700,1958-01-01 00:00:00.000001,2026-08-17 00:00:00.000001,1826,,,,,1826,reachable,screen
USGS-01484080,,,0,0.0,0.0,,,0,unreachable,individual fetch
USGS-01484085,,,0,0.0,0.0,,,0,unreachable,individual fetch
USGS-01484100,1958-05-01 00:00:00.000001,2026-08-18 00:00:00.000001,1826,,,,,1826,reachable,screen
USGS-01484525,1986-05-01 00:00:00.000001,2026-08-18 00:00:00.000001,1826,,,,,1826,reachable,screen
USGS-01484695,1998-08-21 00:00:00.000001,2026-08-18 00:00:00.000001,1757,,,,,1757,reachable,screen
USGS-0148471320,1999-12-01 00:00:00.000001,2026-08-18 00:00:00.000001,1826,,,,,1826,reachable,screen
USGS-01485000,1949-12-01 00:00:00.000001,2026-08-18 00:00:00.000001,1826,,,,,1826,reachable,screen
USGS-01485500,1949-12-01 00:00:00.000001,2026-08-18 00:00:00.000001,1826,,,,,1826,reachable,screen
USGS-01486000,1951-05-01 00:00:00.000001,2026-08-18 00:00:00.000001,1826,,,,,1826,reachable,screen
USGS-01487000,1943-04-01 00:00:00.000001,2026-08-18 00:00:00.000001,1826,,,,,1826,reachable,screen
USGS-01488500,1943-04-01 00:00:00.000001,2026-08-18 00:00:00.000001,1826,,,,,1826,reachable,screen
USGS-01490000,1951-05-01 00:00:00.000001,2026-08-18 00:00:00.000001,1826,,,,,1826,reachable,screen
USGS-01491000,1948-01-01 00:00:00.000001,2026-08-18 00:00:00.000001,1826,,,,,1826,reachable,screen
USGS-01491500,1951-04-01 00:00:00.000001,2026-08-18 00:00:00.000001,1826,,,,,1826,reachable,screen
USGS-01492500,1951-06-26 00:00:00.000001,2026-08-18 00:00:00.000001,1826,,,,,1826,reachable,screen
USGS-01493000,1948-01-01 00:00:00.000001,2026-08-18 00:00:00.000001,1826,,,,,1826,reachable,screen
USGS-01493112,1996-07-23 00:00:00.000001,2026-08-18 00:00:00.000001,1826,,,,,1826,reachable,screen
USGS-01493500,1951-05-31 00:00:00.000001,2026-08-18 00:00:00.000001,1826,,,,,1826,reachable,screen
USGS-01494850,2007-10-01 00:00:00.000001,2026-08-17 00:00:00.000001,1826,,,,,1826,reachable,screen
USGS-01495000,1932-04-01 00:00:00.000001,2026-08-18 00:00:00.000001,1826,,,,,1826,reachable,screen
USGS-01500000,1940-08-08 00:00:00.000001,2026-08-17 00:00:00.000001,1826,,,,,1826,reachable,screen
USGS-01500500,1938-06-08 00:00:00.000001,2026-08-17 00:00:00.000001,1826,,,,,1826,reachable,screen
USGS-01502500,1929-11-22 00:00:00.000001,2026-08-17 00:00:00.000001,1826,,,,,1826,reachable,screen
USGS-01502632,2009-10-01 00:00:00.000001,2026-08-17 00:00:00.000001,1826,,,,,1826,reachable,screen
USGS-01502731,2009-10-01 00:00:00.000001,2026-08-18 00:00:00.000001,1826,,,,,1826,reachable,screen
USGS-01503000,1913-01-01 00:00:00.000001,2026-08-18 00:00:00.000001,1826,,,,,1826,reachable,screen
USGS-01505000,1938-05-31 00:00:00.000001,2026-08-17 00:00:00.000001,1826,,,,,1826,reachable,screen
USGS-01505810,2008-09-18 00:00:00.000001,2026-08-18 00:00:00.000001,1826,,,,,1826,reachable,screen
USGS-01507000,1937-02-20 00:00:00.000001,2026-08-17 00:00:00.000001,1826,,,,,1826,reachable,screen
USGS-01509000,1938-05-20 00:00:00.000001,2026-08-17 00:00:00.000001,1826,,,,,1826,reachable,screen
USGS-01510000,1938-06-24 00:00:00.000001,2026-08-17 00:00:00.000001,1826,,,,,1826,reachable,screen
USGS-01512500,1912-11-11 00:00:00.000001,2026-08-17 00:00:00.000001,1826,,,,,1826,reachable,screen
USGS-01513500,1938-10-01 00:00:00.000001,2026-08-17 00:00:00.000001,1826,,,,,1826,reachable,screen
USGS-01513550,2015-04-04 00:00:00.000001,2026-08-17 00:00:00.000001,1826,,,,,1826,reachable,screen
USGS-01513831,2009-10-01 00:00:00.000001,2026-08-17 00:00:00.000001,1826,,,,,1826,reachable,screen
USGS-01514000,1930-10-01 00:00:00.000001,2026-08-17 00:00:00.000001,1826,,,,,1826,reachable,screen
USGS-01514850,2015-04-11 00:00:00.000001,2026-08-17 00:00:00.000001,1826,,,,,1826,reachable,screen
USGS-01515000,1937-03-01 00:00:00.000001,2026-08-17 00:00:00.000001,1826,,,,,1826,reachable,screen
USGS-01516350,1976-07-01 00:00:00.000001,2026-08-18 00:00:00.000001,1826,,,,,1826,reachable,screen
USGS-01516500,1954-05-01 00:00:00.000001,2026-08-17 00:00:00.000001,1826,,,,,1826,reachable,screen
USGS-01518000,1938-10-01 00:00:00.000001,2026-08-18 00:00:00.000001,1826,,,,,1826,reachable,screen
USGS-01518420,2018-10-01 00:00:00.000001,2026-08-17 00:00:00.000001,1553,,,,,1553,reachable,screen
USGS-01518700,1976-07-01 00:00:00.000001,2026-08-17 00:00:00.000001,1826,,,,,1826,reachable,screen
USGS-01518862,1983-08-01 00:00:00.000001,2026-08-17 00:00:00.000001,1826,,,,,1826,reachable,screen
USGS-01519200,2018-10-01 00:00:00.000001,2026-08-18 00:00:00.000001,1553,,,,,1553,reachable,screen
USGS-01520000,1951-10-01 00:00:00.000001,2026-08-17 00:00:00.000001,1826,,,,,1826,reachable,screen
USGS-01520500,1930-01-11 00:00:00.000001,2025-09-30 00:00:00.000001,1826,,,,,1826,reachable,screen
USGS-01521500,1937-01-30 00:00:00.000001,2026-08-17 00:00:00.000001,1826,,,,,1826,reachable,screen
USGS-01523500,1940-10-01 00:00:00.000001,2026-08-18 00:00:00.000001,1826,,,,,1826,reachable,screen
USGS-01524500,1942-08-07 00:00:00.000001,2026-08-17 00:00:00.000001,1826,,,,,1826,reachable,screen
USGS-01525500,1930-01-12 00:00:00.000001,2026-08-17 00:00:00.000001,1826,,,,,1826,reachable,screen
USGS-01525981,2000-10-01 00:00:00.000001,2026-08-18 00:00:00.000001,1826,,,,,1826,reachable,screen
USGS-01526500,1918-07-12 00:00:00.000001,2026-08-17 00:00:00.000001,1826,,,,,1826,reachable,screen
USGS-01527500,1938-06-01 00:00:00.000001,2026-08-17 00:00:00.000001,1826,,,,,1826,reachable,screen
USGS-01529500,1918-07-11 00:00:00.000001,2026-08-17 00:00:00.000001,1826,,,,,1826,reachable,screen
USGS-01529950,1974-10-01 00:00:00.000001,2025-09-30 00:00:00.000001,1826,,,,,1826,reachable,screen
USGS-01530332,2009-10-01 00:00:00.000001,2026-08-17 00:00:00.000001,1826,,,,,1826,reachable,screen
USGS-01531000,1903-09-07 00:00:00.000001,2026-08-17 00:00:00.000001,1826,,,,,1826,reachable,screen
USGS-01531250,1962-10-01 00:00:00.000001,2026-08-17 00:00:00.000001,1826,,,,,1826,reachable,screen
USGS-01531325,2010-07-22 00:00:00.000001,2026-08-17 00:00:00.000001,1826,,,,,1826,reachable,screen
USGS-01531500,1913-10-01 00:00:00.000001,2026-08-18 00:00:00.000001,1826,,,,,1826,reachable,screen
USGS-01531908,2010-07-31 00:00:00.000001,2026-08-17 00:00:00.000001,1826,,,,,1826,reachable,screen
USGS-01532000,1914-02-01 00:00:00.000001,2026-08-17 00:00:00.000001,1826,,,,,1826,reachable,screen
USGS-01533400,1976-10-01 00:00:00.000001,2026-08-18 00:00:00.000001,1826,,,,,1826,reachable,screen
USGS-01534000,1914-02-01 00:00:00.000001,2026-08-17 00:00:00.000001,1826,,,,,1826,reachable,screen
USGS-01534300,1958-10-01 00:00:00.000001,2026-08-17 00:00:00.000001,1826,,,,,1826,reachable,screen
USGS-01534500,1940-02-01 00:00:00.000001,2026-08-17 00:00:00.000001,1826,,,,,1826,reachable,screen
USGS-01534860,2008-09-30 00:00:00.000001,2026-08-17 00:00:00.000001,1826,,,,,1826,reachable,screen
USGS-01536000,1938-10-01 00:00:00.000001,2026-08-17 00:00:00.000001,1826,,,,,1826,reachable,screen
USGS-01536500,1899-04-01 00:00:00.000001,2026-08-18 00:00:00.000001,1826,,,,,1826,reachable,screen
USGS-01538000,1919-10-01 00:00:00.000001,2026-08-17 00:00:00.000001,1826,,,,,1826,reachable,screen
USGS-01538510,1973-12-08 00:00:00.000001,2026-08-17 00:00:00.000001,25,,,,,25,reachable,screen
USGS-01538700,2014-10-01 00:00:00.000001,2026-08-17 00:00:00.000001,1826,,,,,1826,reachable,screen
USGS-01539000,1938-06-04 00:00:00.000001,2026-08-17 00:00:00.000001,1826,,,,,1826,reachable,screen
USGS-01540500,1905-04-01 00:00:00.000001,2026-08-17 00:00:00.000001,1826,,,,,1826,reachable,screen
USGS-01541000,1913-10-01 00:00:00.000001,2026-08-18 00:00:00.000001,1826,,,,,1826,reachable,screen
USGS-01541200,1955-10-01 00:00:00.000001,2026-08-17 00:00:00.000001,1826,,,,,1826,reachable,screen
USGS-01541248,2024-10-01 00:00:00.000001,2026-08-18 00:00:00.000001,0,0.0,685.0,2024-10-01,2026-08-18,0,unreachable,individual fetch
USGS-01541303,1978-10-01 00:00:00.000001,2026-08-17 00:00:00.000001,1826,,,,,1826,reachable,screen
USGS-01541500,1913-10-01 00:00:00.000001,2026-08-18 00:00:00.000001,1826,,,,,1826,reachable,screen
USGS-01542500,1940-03-01 00:00:00.000001,2026-08-17 00:00:00.000001,1826,,,,,1826,reachable,screen
USGS-01542810,1964-09-01 00:00:00.000001,2026-08-17 00:00:00.000001,1826,,,,,1826,reachable,screen
USGS-01543000,1913-10-01 00:00:00.000001,2026-08-17 00:00:00.000001,1826,,,,,1826,reachable,screen
USGS-01543500,1938-10-01 00:00:00.000001,2026-08-18 00:00:00.000001,1826,,,,,1826,reachable,screen
USGS-01543693,2010-10-28 00:00:00.000001,2026-08-17 00:00:00.000001,1826,,,,,1826,reachable,screen
USGS-01543700,2018-10-01 00:00:00.000001,2026-08-17 00:00:00.000001,1553,,,,,1553,reachable,screen
USGS-01544000,1953-10-01 00:00:00.000001,2026-08-18 00:00:00.000001,1826,,,,,1826,reachable,screen
USGS-01544500,1940-10-01 00:00:00.000001,2026-08-17 00:00:00.000001,1826,,,,,1826,reachable,screen
USGS-01545000,1954-10-01 00:00:00.000001,2026-08-17 00:00:00.000001,1826,,,,,1826,reachable,screen
USGS-01545500,1907-10-01 00:00:00.000001,2026-08-17 00:00:00.000001,1826,,,,,1826,reachable,screen
USGS-01545600,1964-12-01 00:00:00.000001,2026-08-17 00:00:00.000001,1826,,,,,1826,reachable,screen
USGS-01545800,2017-10-01 00:00:00.000001,2026-08-17 00:00:00.000001,1826,,,,,1826,reachable,screen
USGS-01546400,1984-11-08 00:00:00.000001,2026-08-17 00:00:00.000001,1826,,,,,1826,reachable,screen
USGS-01546500,1940-10-01 00:00:00.000001,2026-08-18 00:00:00.000001,1826,,,,,1826,reachable,screen
USGS-01547100,1967-05-01 00:00:00.000001,2026-08-18 00:00:00.000001,1826,,,,,1826,reachable,screen
USGS-01547200,1955-10-01 00:00:00.000001,2026-08-17 00:00:00.000001,1826,,,,,1826,reachable,screen
USGS-01547500,1954-05-01 00:00:00.000001,2026-08-17 00:00:00.000001,1826,,,,,1826,reachable,screen
USGS-01547700,1955-10-01 00:00:00.000001,2026-08-18 00:00:00.000001,1826,,,,,1826,reachable,screen
USGS-01547950,1968-10-01 00:00:00.000001,2026-08-18 00:00:00.000001,1826,,,,,1826,reachable,screen
USGS-01548005,2016-04-01 00:00:00.000001,2026-08-18 00:00:00.000001,1826,,,,,1826,reachable,screen
USGS-01548500,1918-10-01 00:00:00.000001,2026-08-17 00:00:00.000001,1826,,,,,1826,reachable,screen
USGS-01549500,1940-10-01 00:00:00.000001,2026-08-17 00:00:00.000001,1826,,,,,1826,reachable,screen
USGS-01549700,1957-10-01 00:00:00.000001,2026-08-17 00:00:00.000001,1826,,,,,1826,reachable,screen
USGS-01549760,2014-10-01 00:00:00.000001,2026-08-18 00:00:00.000001,1826,,,,,1826,reachable,screen
USGS-01550000,1913-12-01 00:00:00.000001,2026-08-17 00:00:00.000001,1826,,,,,1826,reachable,screen
USGS-01551500,1895-03-01 00:00:00.000001,2026-08-17 00:00:00.000001,1826,,,,,1826,reachable,screen
USGS-01552000,1925-10-01 00:00:00.000001,2026-08-17 00:00:00.000001,1826,,,,,1826,reachable,screen
USGS-01552500,1940-10-01 00:00:00.000001,2026-08-17 00:00:00.000001,1826,,,,,1826,reachable,screen
USGS-01553025,2015-07-09 00:00:00.000001,2026-08-17 00:00:00.000001,1826,,,,,1826,reachable,screen
USGS-01553500,1939-10-01 00:00:00.000001,2026-08-18 00:00:00.000001,1826,,,,,1826,reachable,screen
USGS-01553700,1979-05-01 00:00:00.000001,2026-08-18 00:00:00.000001,1826,,,,,1826,reachable,screen
USGS-01553850,2013-01-11 00:00:00.000001,2026-08-18 00:00:00.000001,1826,,,,,1826,reachable,screen
USGS-01554000,1937-10-01 00:00:00.000001,2026-08-17 00:00:00.000001,1826,,,,,1826,reachable,screen
USGS-01555000,1929-10-01 00:00:00.000001,2026-08-18 00:00:00.000001,1826,,,,,1826,reachable,screen
USGS-01555500,1929-10-01 00:00:00.000001,2026-08-17 00:00:00.000001,1826,,,,,1826,reachable,screen
USGS-01556000,1916-10-01 00:00:00.000001,2026-08-17 00:00:00.000001,1826,,,,,1826,reachable,screen
USGS-01557500,1944-10-01 00:00:00.000001,2026-08-17 00:00:00.000001,1826,,,,,1826,reachable,screen
USGS-01558000,1938-10-01 00:00:00.000001,2026-08-18 00:00:00.000001,1826,,,,,1826,reachable,screen
USGS-01559000,1941-10-01 00:00:00.000001,2026-08-17 00:00:00.000001,1826,,,,,1826,reachable,screen
USGS-01560000,1939-10-01 00:00:00.000001,2026-08-18 00:00:00.000001,1826,,,,,1826,reachable,screen
USGS-01562000,1911-10-01 00:00:00.000001,2026-08-17 00:00:00.000001,1826,,,,,1826,reachable,screen
USGS-01563200,1946-10-01 00:00:00.000001,2026-08-17 00:00:00.000001,1826,,,,,1826,reachable,screen
USGS-01563500,1937-10-01 00:00:00.000001,2026-08-17 00:00:00.000001,1826,,,,,1826,reachable,screen
USGS-01564500,1938-06-01 00:00:00.000001,2026-08-17 00:00:00.000001,1826,,,,,1826,reachable,screen
USGS-01564512,2017-10-01 00:00:00.000001,2026-08-17 00:00:00.000001,1826,,,,,1826,reachable,screen
USGS-01564895,2016-04-01 00:00:00.000001,2026-08-18 00:00:00.000001,1826,,,,,1826,reachable,screen
USGS-01565000,1939-10-01 00:00:00.000001,2026-08-17 00:00:00.000001,1826,,,,,1826,reachable,screen
USGS-01566000,1911-09-01 00:00:00.000001,2026-08-17 00:00:00.000001,1826,,,,,1826,reachable,screen
USGS-01567000,1899-04-01 00:00:00.000001,2026-08-17 00:00:00.000001,1826,,,,,1826,reachable,screen
USGS-01567500,1954-02-01 00:00:00.000001,2026-08-17 00:00:00.000001,1826,,,,,1826,reachable,screen
USGS-01568000,1929-10-01 00:00:00.000001,2026-08-17 00:00:00.000001,1826,,,,,1826,reachable,screen
USGS-01570000,1911-10-01 00:00:00.000001,2026-08-17 00:00:00.000001,1826,,,,,1826,reachable,screen
USGS-01570500,1890-10-01 00:00:00.000001,2026-08-17 00:00:00.000001,1826,,,,,1826,reachable,screen
USGS-01571005,2012-09-13 00:00:00.000001,2026-08-17 00:00:00.000001,1826,,,,,1826,reachable,screen
USGS-01571184,2005-11-01 00:00:00.000001,2026-08-17 00:00:00.000001,1826,,,,,1826,reachable,screen
USGS-01571500,1910-01-01 00:00:00.000001,2026-08-17 00:00:00.000001,1826,,,,,1826,reachable,screen
USGS-01572025,1988-10-01 00:00:00.000001,2026-08-17 00:00:00.000001,1826,,,,,1826,reachable,screen
USGS-01572190,1988-10-01 00:00:00.000001,2026-08-17 00:00:00.000001,1826,,,,,1826,reachable,screen
USGS-01573000,1919-01-01 00:00:00.000001,2026-08-17 00:00:00.000001,1826,,,,,1826,reachable,screen
USGS-01573160,1975-10-24 00:00:00.000001,2026-08-17 00:00:00.000001,1826,,,,,1826,reachable,screen
USGS-01573208,2022-12-07 00:00:00.000001,2026-08-18 00:00:00.000001,25,,,,,25,reachable,screen
USGS-01573560,1975-10-01 00:00:00.000001,2026-08-17 00:00:00.000001,1826,,,,,1826,reachable,screen
USGS-01573660,2020-03-03 00:00:00.000001,2026-08-17 00:00:00.000001,1034,,,,,1034,reachable,screen
USGS-01573684,2023-12-07 00:00:00.000001,2026-08-18 00:00:00.000001,0,0.0,984.0,2023-12-07,2026-08-18,0,unreachable,individual fetch
USGS-01573695,2012-01-07 00:00:00.000001,2026-08-17 00:00:00.000001,1826,,,,,1826,reachable,screen
USGS-01573710,2011-06-11 00:00:00.000001,2026-08-17 00:00:00.000001,1826,,,,,1826,reachable,screen
USGS-01573825,2003-09-01 00:00:00.000001,2026-08-17 00:00:00.000001,1826,,,,,1826,reachable,screen
USGS-01573849,2004-10-29 00:00:00.000001,2026-08-17 00:00:00.000001,1826,,,,,1826,reachable,screen
USGS-01574000,1928-10-01 00:00:00.000001,2026-08-17 00:00:00.000001,1826,,,,,1826,reachable,screen
USGS-01574500,1929-05-01 00:00:00.000001,2026-08-18 00:00:00.000001,3652,,,,,3652,reachable,screen
USGS-01575500,1940-08-01 00:00:00.000001,2026-08-17 00:00:00.000001,1554,,,,,1554,reachable,screen
USGS-01575598,2019-10-01 00:00:00.000001,2026-08-18 00:00:00.000001,1188,,,,,1188,reachable,screen
USGS-01575900,2020-12-04 00:00:00.000001,2026-08-18 00:00:00.000001,758,,,,,758,reachable,screen
USGS-01576000,1931-10-01 00:00:00.000001,2026-08-17 00:00:00.000001,1826,,,,,1826,reachable,screen
USGS-01576007,2020-03-04 00:00:00.000001,2026-08-18 00:00:00.000001,1033,,,,,1033,reachable,screen
USGS-01576045,2020-01-09 00:00:00.000001,2026-08-18 00:00:00.000001,1088,,,,,1088,reachable,screen
USGS-01576381,2023-11-30 00:00:00.000001,2026-08-18 00:00:00.000001,0,0.0,991.0,2023-11-30,2026-08-18,0,unreachable,individual fetch
USGS-01576500,1928-10-01 00:00:00.000001,2026-08-18 00:00:00.000001,1826,,,,,1826,reachable,screen
USGS-015765195,2008-10-01 00:00:00.000001,2026-08-17 00:00:00.000001,1826,,,,,1826,reachable,screen
USGS-01576754,1984-10-01 00:00:00.000001,2026-08-17 00:00:00.000001,1826,,,,,1826,reachable,screen
USGS-01576767,2012-10-01 00:00:00.000001,2026-08-17 00:00:00.000001,1826,,,,,1826,reachable,screen
USGS-01576787,1977-02-24 00:00:00.000001,2026-08-17 00:00:00.000001,1826,,,,,1826,reachable,screen
USGS-01577500,1928-10-01 00:00:00.000001,2026-08-18 00:00:00.000001,1826,,,,,1826,reachable,screen
USGS-01578310,1967-10-01 00:00:00.000001,2026-08-18 00:00:00.000001,1826,,,,,1826,reachable,screen
USGS-01578475,2005-12-20 00:00:00.000001,2026-08-17 00:00:00.000001,1826,,,,,1826,reachable,screen
USGS-01580000,1926-10-01 00:00:00.000001,2026-08-17 00:00:00.000001,1826,,,,,1826,reachable,screen
USGS-01580520,2000-01-01 00:00:00.000001,2026-08-17 00:00:00.000001,1826,,,,,1826,reachable,screen
USGS-01580700,2007-10-01 00:00:00.000001,2026-08-18 00:00:00.000001,1826,,,,,1826,reachable,screen
USGS-01581500,1944-06-01 00:00:00.000001,2026-08-18 00:00:00.000001,1826,,,,,1826,reachable,screen
USGS-01581590,2022-06-30 00:00:00.000001,2026-08-18 00:00:00.000001,185,,,,,185,reachable,screen
USGS-01581649,2004-10-01 00:00:00.000001,2026-08-17 00:00:00.000001,1826,,,,,1826,reachable,screen
USGS-01581700,1967-08-01 00:00:00.000001,2026-08-18 00:00:00.000001,1826,,,,,1826,reachable,screen
USGS-01581750,2015-09-30 00:00:00.000001,2026-08-18 00:00:00.000001,1826,,,,,1826,reachable,screen
USGS-01581752,2001-10-01 00:00:00.000001,2026-08-18 00:00:00.000001,1826,,,,,1826,reachable,screen
USGS-0158175320,2009-10-01 00:00:00.000001,2026-08-18 00:00:00.000001,1826,,,,,1826,reachable,screen
USGS-01581810,2000-04-01 00:00:00.000001,2026-08-18 00:00:00.000001,1826,,,,,1826,reachable,screen
USGS-01581830,2000-03-25 00:00:00.000001,2026-08-18 00:00:00.000001,1826,,,,,1826,reachable,screen
USGS-01581870,2000-03-25 00:00:00.000001,2026-08-18 00:00:00.000001,1826,,,,,1826,reachable,screen
USGS-01581920,2000-07-19 00:00:00.000001,2026-08-18 00:00:00.000001,1826,,,,,1826,reachable,screen
USGS-01581960,1999-10-01 00:00:00.000001,2026-08-18 00:00:00.000001,1826,,,,,1826,reachable,screen
USGS-01582000,1944-07-01 00:00:00.000001,2026-08-18 00:00:00.000001,1826,,,,,1826,reachable,screen
USGS-01582500,1977-10-01 00:00:00.000001,2026-08-18 00:00:00.000001,1826,,,,,1826,reachable,screen
USGS-01583100,1982-05-10 00:00:00.000001,2026-08-18 00:00:00.000001,1826,,,,,1826,reachable,screen
USGS-01583500,1944-09-01 00:00:00.000001,2026-08-18 00:00:00.000001,1826,,,,,1826,reachable,screen
USGS-01583570,1983-01-01 00:00:00.000001,2026-08-18 00:00:00.000001,1826,,,,,1826,reachable,screen
USGS-01583580,1964-08-01 00:00:00.000001,2026-08-17 00:00:00.000001,1826,,,,,1826,reachable,screen
USGS-01583600,1982-10-01 00:00:00.000001,2026-08-17 00:00:00.000001,1826,,,,,1826,reachable,screen
USGS-01583800,2013-10-01 00:00:00.000001,2026-08-18 00:00:00.000001,1826,,,,,1826,reachable,screen
USGS-0158397967,2001-10-01 00:00:00.000001,2026-08-18 00:00:00.000001,1826,,,,,1826,reachable,screen
USGS-01584050,1975-10-01 00:00:00.000001,2026-08-17 00:00:00.000001,1826,,,,,1826,reachable,screen
USGS-01584500,1926-11-01 00:00:00.000001,2026-08-17 00:00:00.000001,1826,,,,,1826,reachable,screen
USGS-01585075,2015-09-30 00:00:00.000001,2026-08-18 00:00:00.000001,1826,,,,,1826,reachable,screen
USGS-01585090,1995-01-01 00:00:00.000001,2026-08-18 00:00:00.000001,1826,,,,,1826,reachable,screen
USGS-01585100,1959-02-01 00:00:00.000001,2026-08-17 00:00:00.000001,1826,,,,,1826,reachable,screen
USGS-01585104,1999-10-01 00:00:00.000001,2026-08-18 00:00:00.000001,1826,,,,,1826,reachable,screen
USGS-01585200,1957-07-01 00:00:00.000001,2026-08-18 00:00:00.000001,1826,,,,,1826,reachable,screen
USGS-01585219,2013-10-01 00:00:00.000001,2026-08-18 00:00:00.000001,1826,,,,,1826,reachable,screen
USGS-01585500,1949-10-01 00:00:00.000001,2026-08-18 00:00:00.000001,1826,,,,,1826,reachable,screen
USGS-01586000,1945-09-22 00:00:00.000001,2026-08-18 00:00:00.000001,1826,,,,,1826,reachable,screen
USGS-01586210,1982-10-01 00:00:00.000001,2026-08-18 00:00:00.000001,1826,,,,,1826,reachable,screen
USGS-01586610,1982-10-01 00:00:00.000001,2026-08-18 00:00:00.000001,1826,,,,,1826,reachable,screen
USGS-01589000,1944-05-22 00:00:00.000001,2026-08-18 00:00:00.000001,1826,,,,,1826,reachable,screen
USGS-01589025,2010-10-01 00:00:00.000001,2026-08-18 00:00:00.000001,1826,,,,,1826,reachable,screen
USGS-01589035,2010-10-01 00:00:00.000001,2026-08-17 00:00:00.000001,1826,,,,,1826,reachable,screen
USGS-01589100,1957-08-01 00:00:00.000001,2026-08-18 00:00:00.000001,1826,,,,,1826,reachable,screen
USGS-01589197,1998-10-01 00:00:00.000001,2026-08-18 00:00:00.000001,1826,,,,,1826,reachable,screen
USGS-01589230,2019-09-12 00:00:00.000001,2026-08-18 00:00:00.000001,1207,,,,,1207,reachable,screen
USGS-01589290,2005-09-30 00:00:00.000001,2026-08-18 00:00:00.000001,1826,,,,,1826,reachable,screen
USGS-01589300,1957-02-01 00:00:00.000001,2026-08-18 00:00:00.000001,1826,,,,,1826,reachable,screen
USGS-01589312,2007-10-01 00:00:00.000001,2025-09-11 00:00:00.000001,1826,,,,,1826,reachable,screen
USGS-01589315,2007-10-01 00:00:00.000001,2025-09-10 00:00:00.000001,1826,,,,,1826,reachable,screen
USGS-01589316,2008-01-01 00:00:00.000001,2025-09-10 00:00:00.000001,1826,,,,,1826,reachable,screen
USGS-01589317,2008-04-01 00:00:00.000001,2025-09-11 00:00:00.000001,1826,,,,,1826,reachable,screen
USGS-01589320,2008-01-01 00:00:00.000001,2025-09-10 00:00:00.000001,1826,,,,,1826,reachable,screen
USGS-01589330,1959-10-01 00:00:00.000001,2026-08-18 00:00:00.000001,1826,,,,,1826,reachable,screen
USGS-01589352,1998-10-01 00:00:00.000001,2026-08-18 00:00:00.000001,1826,,,,,1826,reachable,screen
USGS-01589440,1966-04-01 00:00:00.000001,2026-08-18 00:00:00.000001,1826,,,,,1826,reachable,screen
USGS-01589500,1944-06-01 00:00:00.000001,2026-08-18 00:00:00.000001,1826,,,,,1826,reachable,screen
USGS-01589795,1989-08-29 00:00:00.000001,2026-08-18 00:00:00.000001,1826,,,,,1826,reachable,screen
USGS-01591000,1944-07-20 00:00:00.000001,2026-08-18 00:00:00.000001,1826,,,,,1826,reachable,screen
USGS-01591400,1978-06-06 00:00:00.000001,2026-08-18 00:00:00.000001,1826,,,,,1826,reachable,screen
USGS-01591610,1980-10-01 00:00:00.000001,2026-08-18 00:00:00.000001,1826,,,,,1826,reachable,screen
USGS-01591700,1978-06-07 00:00:00.000001,2026-08-18 00:00:00.000001,1826,,,,,1826,reachable,screen
USGS-01592500,1944-10-01 00:00:00.000001,2026-08-18 00:00:00.000001,1826,,,,,1826,reachable,screen
USGS-01593370,2012-10-01 00:00:00.000001,2026-04-23 00:00:00.000001,1826,,,,,1826,reachable,screen
USGS-01593450,2012-10-01 00:00:00.000001,2026-04-28 00:00:00.000001,1826,,,,,1826,reachable,screen
USGS-01593500,1932-04-01 00:00:00.000001,2026-08-18 00:00:00.000001,1826,,,,,1826,reachable,screen
USGS-01594000,1939-10-01 00:00:00.000001,2026-08-17 00:00:00.000001,1826,,,,,1826,reachable,screen
USGS-01594440,1977-06-27 00:00:00.000001,2026-08-18 00:00:00.000001,1826,,,,,1826,reachable,screen
USGS-01594526,1985-10-01 00:00:00.000001,2026-08-18 00:00:00.000001,1826,,,,,1826,reachable,screen
USGS-01595000,1956-07-01 00:00:00.000001,2026-08-17 00:00:00.000001,1826,,,,,1826,reachable,screen
USGS-01595300,1956-08-14 00:00:00.000001,2026-08-18 00:00:00.000001,1826,,,,,1826,reachable,screen
USGS-01595500,1949-10-01 00:00:00.000001,2026-08-17 00:00:00.000001,1826,,,,,1826,reachable,screen
USGS-01595800,1966-07-01 00:00:00.000001,2026-08-18 00:00:00.000001,1826,,,,,1826,reachable,screen
USGS-01596500,1948-09-18 00:00:00.000001,2026-08-18 00:00:00.000001,1826,,,,,1826,reachable,screen
USGS-01597500,1948-10-01 00:00:00.000001,2026-08-18 00:00:00.000001,1826,,,,,1826,reachable,screen
USGS-01598500,1899-06-27 00:00:00.000001,2026-08-18 00:00:00.000001,1826,,,,,1826,reachable,screen
USGS-01599000,1905-05-01 00:00:00.000001,2026-08-18 00:00:00.000001,1826,,,,,1826,reachable,screen
USGS-01601000,1951-07-01 00:00:00.000001,2026-08-17 00:00:00.000001,1826,,,,,1826,reachable,screen
USGS-01601500,1905-05-01 00:00:00.000001,2026-08-18 00:00:00.000001,1826,,,,,1826,reachable,screen
USGS-01603000,1929-05-24 00:00:00.000001,2026-08-18 00:00:00.000001,1826,,,,,1826,reachable,screen
USGS-01604500,1938-09-01 00:00:00.000001,2026-08-18 00:00:00.000001,1826,,,,,1826,reachable,screen
USGS-01605500,1940-05-01 00:00:00.000001,2026-08-18 00:00:00.000001,1826,,,,,1826,reachable,screen
USGS-01606000,1940-03-01 00:00:00.000001,2026-08-18 00:00:00.000001,1826,,,,,1826,reachable,screen
USGS-01606500,1928-06-25 00:00:00.000001,2026-08-18 00:00:00.000001,1826,,,,,1826,reachable,screen
USGS-01607500,1943-08-27 00:00:00.000001,2026-08-18 00:00:00.000001,1826,,,,,1826,reachable,screen
USGS-01608000,1928-06-24 00:00:00.000001,2026-08-18 00:00:00.000001,1826,,,,,1826,reachable,screen
USGS-01608070,1993-10-01 00:00:00.000001,2002-09-29 00:00:00.000001,0,0.0,3286.0,1993-10-01,2002-09-29,0,unreachable,individual fetch
USGS-01608500,1899-07-01 00:00:00.000001,2026-08-18 00:00:00.000001,1826,,,,,1826,reachable,screen
USGS-01609000,1928-07-12 00:00:00.000001,2026-08-18 00:00:00.000001,1826,,,,,1826,reachable,screen
USGS-01610000,1938-10-01 00:00:00.000001,2026-08-18 00:00:00.000001,1826,,,,,1826,reachable,screen
USGS-01610155,1967-07-01 00:00:00.000001,2026-08-18 00:00:00.000001,1826,,,,,1826,reachable,screen
USGS-01610400,2002-01-26 00:00:00.000001,2026-08-18 00:00:00.000001,1826,,,,,1826,reachable,screen
USGS-01611500,1922-12-12 00:00:00.000001,2026-08-18 00:00:00.000001,1826,,,,,1826,reachable,screen
USGS-01613000,1932-10-01 00:00:00.000001,2026-08-18 00:00:00.000001,1826,,,,,1826,reachable,screen
USGS-01613030,2011-10-01 00:00:00.000001,2026-08-18 00:00:00.000001,1826,,,,,1826,reachable,screen
USGS-01613050,1965-10-01 00:00:00.000001,2026-08-17 00:00:00.000001,1826,,,,,1826,reachable,screen
USGS-01613095,2005-10-01 00:00:00.000001,2026-08-18 00:00:00.000001,1826,,,,,1826,reachable,screen
USGS-01613525,2005-03-01 00:00:00.000001,2026-08-18 00:00:00.000001,1826,,,,,1826,reachable,screen
USGS-01613900,1960-08-01 00:00:00.000001,2026-08-18 00:00:00.000001,1826,,,,,1826,reachable,screen
USGS-01614000,1928-10-01 00:00:00.000001,2026-08-18 00:00:00.000001,1826,,,,,1826,reachable,screen
USGS-01614500,1928-06-01 00:00:00.000001,2026-08-18 00:00:00.000001,1826,,,,,1826,reachable,screen
USGS-01615000,1943-10-01 00:00:00.000001,2026-08-18 00:00:00.000001,1826,,,,,1826,reachable,screen
USGS-01616100,2002-08-22 00:00:00.000001,2026-08-17 00:00:00.000001,1826,,,,,1826,reachable,screen
USGS-01616400,2011-10-01 00:00:00.000001,2026-08-18 00:00:00.000001,1826,,,,,1826,reachable,screen
USGS-01616425,2003-04-01 00:00:00.000001,2026-08-18 00:00:00.000001,1826,,,,,1826,reachable,screen
USGS-01616500,1947-07-23 00:00:00.000001,2026-08-18 00:00:00.000001,1826,,,,,1826,reachable,screen
USGS-01617000,1948-10-01 00:00:00.000001,2026-08-18 00:00:00.000001,1826,,,,,1826,reachable,screen
USGS-01617800,1963-10-01 00:00:00.000001,2026-08-18 00:00:00.000001,1826,,,,,1826,reachable,screen
USGS-01618000,1928-08-01 00:00:00.000001,2026-08-18 00:00:00.000001,1826,,,,,1826,reachable,screen
USGS-01618100,2008-03-27 00:00:00.000001,2026-08-18 00:00:00.000001,1826,,,,,1826,reachable,screen
USGS-01619000,1948-05-01 00:00:00.000001,2026-08-18 00:00:00.000001,1826,,,,,1826,reachable,screen
USGS-01619500,1897-07-01 00:00:00.000001,2026-08-18 00:00:00.000001,1826,,,,,1826,reachable,screen
USGS-01620500,1946-10-01 00:00:00.000001,2026-08-18 00:00:00.000001,1826,,,,,1826,reachable,screen
USGS-01621050,1993-04-13 00:00:00.000001,2026-08-18 00:00:00.000001,1826,,,,,1826,reachable,screen
USGS-01622000,1926-06-01 00:00:00.000001,2026-08-18 00:00:00.000001,1826,,,,,1826,reachable,screen
USGS-01625000,1927-10-01 00:00:00.000001,2026-08-18 00:00:00.000001,1826,,,,,1826,reachable,screen
USGS-01626000,1952-10-01 00:00:00.000001,2026-08-18 00:00:00.000001,1826,,,,,1826,reachable,screen
USGS-01626850,1974-04-23 00:00:00.000001,2026-08-18 00:00:00.000001,1826,,,,,1826,reachable,screen
USGS-01627500,1925-02-15 00:00:00.000001,2026-08-18 00:00:00.000001,1826,,,,,1826,reachable,screen
USGS-01628500,1930-10-01 00:00:00.000001,2026-08-18 00:00:00.000001,1826,,,,,1826,reachable,screen
USGS-01629500,1925-04-01 00:00:00.000001,2026-08-18 00:00:00.000001,1826,,,,,1826,reachable,screen
USGS-01631000,1930-09-22 00:00:00.000001,2026-08-18 00:00:00.000001,1826,,,,,1826,reachable,screen
USGS-01632000,1925-04-01 00:00:00.000001,2026-08-18 00:00:00.000001,1826,,,,,1826,reachable,screen
USGS-01632082,1985-08-09 00:00:00.000001,2026-08-18 00:00:00.000001,1826,,,,,1826,reachable,screen
USGS-01632900,1960-08-01 00:00:00.000001,2026-08-18 00:00:00.000001,1826,,,,,1826,reachable,screen
USGS-01633000,1943-10-01 00:00:00.000001,2026-08-18 00:00:00.000001,1826,,,,,1826,reachable,screen
USGS-01634000,1925-04-01 00:00:00.000001,2026-08-18 00:00:00.000001,1826,,,,,1826,reachable,screen
USGS-01634500,1937-10-01 00:00:00.000001,2026-08-18 00:00:00.000001,1826,,,,,1826,reachable,screen
USGS-01635500,1932-04-01 00:00:00.000001,2026-08-18 00:00:00.000001,1826,,,,,1826,reachable,screen
USGS-01636316,2002-08-22 00:00:00.000001,2026-08-18 00:00:00.000001,1826,,,,,1826,reachable,screen
USGS-01636464,2008-04-01 00:00:00.000001,2026-08-18 00:00:00.000001,1826,,,,,1826,reachable,screen
USGS-01636500,1895-04-01 00:00:00.000001,2026-08-17 00:00:00.000001,1826,,,,,1826,reachable,screen
USGS-01636690,2001-10-01 00:00:00.000001,2026-08-18 00:00:00.000001,1826,,,,,1826,reachable,screen
USGS-01637500,1947-08-01 00:00:00.000001,2026-08-18 00:00:00.000001,1826,,,,,1826,reachable,screen
USGS-01638350,2001-07-01 00:00:00.000001,2026-08-18 00:00:00.000001,1826,,,,,1826,reachable,screen
USGS-01638420,2001-07-20 00:00:00.000001,2026-08-18 00:00:00.000001,1826,,,,,1826,reachable,screen
USGS-01638480,1970-10-31 00:00:00.000001,2026-08-18 00:00:00.000001,1826,,,,,1826,reachable,screen
USGS-01638500,1895-02-01 00:00:00.000001,2026-08-17 00:00:00.000001,1826,,,,,1826,reachable,screen
USGS-01639000,1942-05-01 00:00:00.000001,2026-08-18 00:00:00.000001,1826,,,,,1826,reachable,screen
USGS-01639500,1947-10-01 00:00:00.000001,2026-08-18 00:00:00.000001,1826,,,,,1826,reachable,screen
USGS-01642190,2003-10-01 00:00:00.000001,2026-08-18 00:00:00.000001,1826,,,,,1826,reachable,screen
USGS-01642198,2017-08-31 00:00:00.000001,2025-03-30 00:00:00.000001,1826,,,,,1826,reachable,screen
USGS-01642199,2017-10-01 00:00:00.000001,2025-03-30 00:00:00.000001,1826,,,,,1826,reachable,screen
USGS-01642600,2024-08-07 00:00:00.000001,2026-08-17 00:00:00.000001,0,0.0,740.0,2024-08-07,2026-08-18,0,unreachable,individual fetch
USGS-01643000,1929-10-01 00:00:00.000001,2026-08-18 00:00:00.000001,1826,,,,,1826,reachable,screen
USGS-01643395,2004-01-26 00:00:00.000001,2026-08-17 00:00:00.000001,1826,,,,,1826,reachable,screen
USGS-01643500,1948-07-29 00:00:00.000001,2026-08-18 00:00:00.000001,1826,,,,,1826,reachable,screen
USGS-01643580,2023-06-22 00:00:00.000001,2026-08-18 00:00:00.000001,0,0.0,1154.0,2023-06-22,2026-08-18,0,unreachable,individual fetch
USGS-01643590,2001-08-23 00:00:00.000001,2026-08-18 00:00:00.000001,1826,,,,,1826,reachable,screen
USGS-01643700,1965-10-01 00:00:00.000001,2026-08-18 00:00:00.000001,1826,,,,,1826,reachable,screen
USGS-01643805,2001-07-19 00:00:00.000001,2026-08-18 00:00:00.000001,1826,,,,,1826,reachable,screen
USGS-01643880,2001-07-18 00:00:00.000001,2026-08-18 00:00:00.000001,1826,,,,,1826,reachable,screen
USGS-01644000,1909-07-12 00:00:00.000001,2026-08-18 00:00:00.000001,1826,,,,,1826,reachable,screen
USGS-01644280,2001-10-01 00:00:00.000001,2026-08-18 00:00:00.000001,1826,,,,,1826,reachable,screen
USGS-01644371,2004-05-19 00:00:00.000001,2026-08-17 00:00:00.000001,1826,,,,,1826,reachable,screen
USGS-01644372,2004-06-05 00:00:00.000001,2026-08-17 00:00:00.000001,1826,,,,,1826,reachable,screen
USGS-01644375,2004-06-24 00:00:00.000001,2026-08-18 00:00:00.000001,1826,,,,,1826,reachable,screen
USGS-01644380,2004-06-01 00:00:00.000001,2026-08-18 00:00:00.000001,1826,,,,,1826,reachable,screen
USGS-01644388,2013-06-01 00:00:00.000001,2026-08-18 00:00:00.000001,1826,,,,,1826,reachable,screen
USGS-01644390,2010-10-01 00:00:00.000001,2026-08-18 00:00:00.000001,1826,,,,,1826,reachable,screen
USGS-01645000,1930-09-26 00:00:00.000001,2026-08-18 00:00:00.000001,1826,,,,,1826,reachable,screen
USGS-01645704,2007-09-21 00:00:00.000001,2026-08-18 00:00:00.000001,1826,,,,,1826,reachable,screen
USGS-01645762,2007-09-20 00:00:00.000001,2026-08-18 00:00:00.000001,1826,,,,,1826,reachable,screen
USGS-0164578734,2021-03-12 00:00:00.000001,2026-08-18 00:00:00.000001,660,,,,,660,reachable,screen
USGS-0164579522,2021-02-26 00:00:00.000001,2026-08-18 00:00:00.000001,674,,,,,674,reachable,screen
USGS-01646000,1935-04-01 00:00:00.000001,2026-08-18 00:00:00.000001,1826,,,,,1826,reachable,screen
USGS-01646305,2008-01-10 00:00:00.000001,2026-08-18 00:00:00.000001,1826,,,,,1826,reachable,screen
USGS-01646500,1930-03-01 00:00:00.000001,2026-08-18 00:00:00.000001,1826,,,,,1826,reachable,screen
USGS-01647850,2006-11-18 00:00:00.000001,2026-08-18 00:00:00.000001,1826,,,,,1826,reachable,screen
USGS-01648000,1929-10-01 00:00:00.000001,2026-03-18 00:00:00.000001,1826,,,,,1826,reachable,screen
USGS-01648010,2012-10-01 00:00:00.000001,2026-08-18 00:00:00.000001,1826,,,,,1826,reachable,screen
USGS-01648011,2022-08-12 00:00:00.000001,2025-11-16 00:00:00.000001,142,,,,,142,reachable,screen
USGS-01649150,2006-11-10 00:00:00.000001,2026-08-18 00:00:00.000001,1826,,,,,1826,reachable,screen
USGS-01649190,2007-10-01 00:00:00.000001,2026-08-18 00:00:00.000001,1826,,,,,1826,reachable,screen
USGS-01649500,1938-08-01 00:00:00.000001,2026-08-18 00:00:00.000001,1826,,,,,1826,reachable,screen
USGS-01650500,1923-10-01 00:00:00.000001,2026-08-18 00:00:00.000001,1826,,,,,1826,reachable,screen
USGS-01650800,2008-10-01 00:00:00.000001,2026-08-18 00:00:00.000001,1826,,,,,1826,reachable,screen
USGS-01651003,2023-05-26 00:00:00.000001,2026-08-18 00:00:00.000001,0,0.0,1177.0,2023-05-26,2026-08-18,0,unreachable,individual fetch
USGS-01651730,,,0,0.0,0.0,,,0,unreachable,individual fetch
USGS-01651770,2012-10-01 00:00:00.000001,2026-08-18 00:00:00.000001,1826,,,,,1826,reachable,screen
USGS-01651800,1992-06-19 00:00:00.000001,2026-08-18 00:00:00.000001,1826,,,,,1826,reachable,screen
USGS-01651827,,,0,0.0,0.0,,,0,unreachable,individual fetch
USGS-01652090,2023-03-15 00:00:00.000001,2026-08-18 00:00:00.000001,0,0.0,1253.0,2023-03-15,2026-08-18,0,unreachable,individual fetch
USGS-01652500,1951-05-04 00:00:00.000001,2026-08-18 00:00:00.000001,1826,,,,,1826,reachable,screen
USGS-01652620,2023-03-15 00:00:00.000001,2026-08-18 00:00:00.000001,0,0.0,1252.0,2023-03-15,2026-08-18,0,unreachable,individual fetch
USGS-01653000,1955-06-01 00:00:00.000001,2026-08-18 00:00:00.000001,1826,,,,,1826,reachable,screen
USGS-01653600,1965-10-01 00:00:00.000001,2026-08-18 00:00:00.000001,1826,,,,,1826,reachable,screen
USGS-01654000,1947-10-01 00:00:00.000001,2026-08-18 00:00:00.000001,1826,,,,,1826,reachable,screen
USGS-01654107,2022-10-14 00:00:00.000001,2026-08-18 00:00:00.000001,79,,,,,79,reachable,screen
USGS-01654500,1947-10-01 00:00:00.000001,2026-08-18 00:00:00.000001,1826,,,,,1826,reachable,screen
USGS-01654670,2024-08-30 00:00:00.000001,2026-08-17 00:00:00.000001,0,0.0,708.0,2024-08-30,2026-08-17,0,unreachable,individual fetch
USGS-01656000,1950-10-01 00:00:00.000001,2026-08-18 00:00:00.000001,1826,,,,,1826,reachable,screen
USGS-01656903,2007-09-21 00:00:00.000001,2026-08-18 00:00:00.000001,1826,,,,,1826,reachable,screen
USGS-01658000,1949-11-28 00:00:00.000001,2026-08-17 00:00:00.000001,1826,,,,,1826,reachable,screen
USGS-01658500,1951-05-01 00:00:00.000001,2026-08-18 00:00:00.000001,1826,,,,,1826,reachable,screen
USGS-01660400,1971-09-01 00:00:00.000001,2026-08-18 00:00:00.000001,1826,,,,,1826,reachable,screen
USGS-01660920,1983-06-14 00:00:00.000001,2026-08-18 00:00:00.000001,1826,,,,,1826,reachable,screen
USGS-01661050,1968-10-01 00:00:00.000001,2026-08-18 00:00:00.000001,1826,,,,,1826,reachable,screen
USGS-01661500,1946-06-21 00:00:00.000001,2026-08-18 00:00:00.000001,1826,,,,,1826,reachable,screen
USGS-01662800,1958-05-01 00:00:00.000001,2026-08-18 00:00:00.000001,1826,,,,,1826,reachable,screen
USGS-01663500,1942-08-01 00:00:00.000001,2026-08-18 00:00:00.000001,1552,,,,,1552,reachable,screen
USGS-01664000,1942-10-01 00:00:00.000001,2026-08-18 00:00:00.000001,1826,,,,,1826,reachable,screen
USGS-01665500,1942-10-01 00:00:00.000001,2026-08-18 00:00:00.000001,1826,,,,,1826,reachable,screen
USGS-01666500,1943-07-29 00:00:00.000001,2026-08-18 00:00:00.000001,1826,,,,,1826,reachable,screen
USGS-01667500,1930-10-01 00:00:00.000001,2026-08-18 00:00:00.000001,1826,,,,,1826,reachable,screen
USGS-01668000,1907-09-19 00:00:00.000001,2026-08-18 00:00:00.000001,1826,,,,,1826,reachable,screen
USGS-01669000,1951-10-01 00:00:00.000001,2026-08-18 00:00:00.000001,1826,,,,,1826,reachable,screen
USGS-01669520,1981-08-14 00:00:00.000001,2026-08-18 00:00:00.000001,1826,,,,,1826,reachable,screen
USGS-016701405,,,0,0.0,0.0,,,0,unreachable,individual fetch
USGS-01670200,,,0,0.0,0.0,,,0,unreachable,individual fetch
USGS-01670400,1978-10-01 00:00:00.000001,2026-08-18 00:00:00.000001,1826,,,,,1826,reachable,screen
USGS-01671020,1979-10-01 00:00:00.000001,2026-08-18 00:00:00.000001,1826,,,,,1826,reachable,screen
USGS-01671100,1961-10-01 00:00:00.000001,2026-08-18 00:00:00.000001,1826,,,,,1826,reachable,screen
USGS-01671200,2024-03-21 00:00:00.000001,2026-08-18 00:00:00.000001,0,0.0,864.0,2024-03-21,2026-08-18,0,unreachable,individual fetch
USGS-01672500,1930-10-01 00:00:00.000001,2026-08-18 00:00:00.000001,1826,,,,,1826,reachable,screen
USGS-01673000,1941-10-01 00:00:00.000001,2026-08-18 00:00:00.000001,1826,,,,,1826,reachable,screen
USGS-01673550,1977-10-01 00:00:00.000001,2026-08-18 00:00:00.000001,1825,,,,,1825,reachable,screen
USGS-0167357970,2016-07-14 00:00:00.000001,2026-08-16 00:00:00.000001,1826,,,,,1826,reachable,screen
USGS-01673800,1962-10-01 00:00:00.000001,2026-08-18 00:00:00.000001,1826,,,,,1826,reachable,screen
USGS-01674000,1942-10-01 00:00:00.000001,2026-08-18 00:00:00.000001,1826,,,,,1826,reachable,screen
USGS-01674182,2012-10-22 00:00:00.000001,2026-08-18 00:00:00.000001,1826,,,,,1826,reachable,screen
USGS-01674500,1941-09-19 00:00:00.000001,2026-08-18 00:00:00.000001,1826,,,,,1826,reachable,screen
USGS-02011400,1974-10-01 00:00:00.000001,2026-08-18 00:00:00.000001,1826,,,,,1826,reachable,screen
USGS-02011460,1974-07-01 00:00:00.000001,2026-08-18 00:00:00.000001,1826,,,,,1826,reachable,screen
USGS-02011470,1984-10-01 00:00:00.000001,2026-08-18 00:00:00.000001,1826,,,,,1826,reachable,screen
USGS-02011490,1984-10-01 00:00:00.000001,2026-08-18 00:00:00.000001,1826,,,,,1826,reachable,screen
USGS-02011500,1951-10-01 00:00:00.000001,2026-08-18 00:00:00.000001,1826,,,,,1826,reachable,screen
USGS-02011800,1973-10-01 00:00:00.000001,2026-08-18 00:00:00.000001,1826,,,,,1826,reachable,screen
USGS-02013000,1928-10-01 00:00:00.000001,2026-08-18 00:00:00.000001,1826,,,,,1826,reachable,screen
USGS-02013100,1974-10-01 00:00:00.000001,2026-08-18 00:00:00.000001,1826,,,,,1826,reachable,screen
USGS-02014000,1928-10-01 00:00:00.000001,2026-08-18 00:00:00.000001,1826,,,,,1826,reachable,screen
USGS-02015700,1960-08-01 00:00:00.000001,2026-08-18 00:00:00.000001,1826,,,,,1826,reachable,screen
USGS-02016000,1925-10-01 00:00:00.000001,2026-08-18 00:00:00.000001,1826,,,,,1826,reachable,screen
USGS-02016500,1925-04-01 00:00:00.000001,2026-08-18 00:00:00.000001,1826,,,,,1826,reachable,screen
USGS-02017500,1926-10-01 00:00:00.000001,2026-08-18 00:00:00.000001,1826,,,,,1826,reachable,screen
USGS-02018000,1925-04-01 00:00:00.000001,2026-08-18 00:00:00.000001,1826,,,,,1826,reachable,screen
USGS-02018500,1943-10-01 00:00:00.000001,2026-08-18 00:00:00.000001,1826,,,,,1826,reachable,screen
USGS-02019500,1910-10-01 00:00:00.000001,2026-08-18 00:00:00.000001,1826,,,,,1826,reachable,screen
USGS-02020500,1938-10-01 00:00:00.000001,2026-08-18 00:00:00.000001,1826,,,,,1826,reachable,screen
USGS-02021500,1928-10-01 00:00:00.000001,2026-08-18 00:00:00.000001,1826,,,,,1826,reachable,screen
USGS-02022500,1927-04-01 00:00:00.000001,2026-08-18 00:00:00.000001,1826,,,,,1826,reachable,screen
USGS-02024000,1938-10-01 00:00:00.000001,2026-08-18 00:00:00.000001,1826,,,,,1826,reachable,screen
USGS-02024752,2005-10-01 00:00:00.000001,2026-08-18 00:00:00.000001,1826,,,,,1826,reachable,screen
USGS-02024915,2002-11-08 00:00:00.000001,2026-08-18 00:00:00.000001,1826,,,,,1826,reachable,screen
USGS-02025500,1927-04-01 00:00:00.000001,2026-08-18 00:00:00.000001,1826,,,,,1826,reachable,screen
USGS-02025652,2012-02-09 00:00:00.000001,2026-08-18 00:00:00.000001,1826,,,,,1826,reachable,screen
USGS-02026000,1925-04-01 00:00:00.000001,2026-08-18 00:00:00.000001,1826,,,,,1826,reachable,screen
USGS-02027000,1938-10-01 00:00:00.000001,2026-08-18 00:00:00.000001,1826,,,,,1826,reachable,screen
USGS-02027500,1949-10-01 00:00:00.000001,2026-08-18 00:00:00.000001,1826,,,,,1826,reachable,screen
USGS-02028500,1943-04-01 00:00:00.000001,2026-08-18 00:00:00.000001,1826,,,,,1826,reachable,screen
USGS-02029000,1924-10-01 00:00:00.000001,2026-08-18 00:00:00.000001,1826,,,,,1826,reachable,screen
USGS-02030000,1938-10-01 00:00:00.000001,2026-08-18 00:00:00.000001,1825,,,,,1825,reachable,screen
USGS-02030500,1926-04-01 00:00:00.000001,2026-08-18 00:00:00.000001,1826,,,,,1826,reachable,screen
USGS-02031000,1942-10-01 00:00:00.000001,2026-08-18 00:00:00.000001,1826,,,,,1826,reachable,screen
USGS-02032250,1979-10-01 00:00:00.000001,2026-08-18 00:00:00.000001,1826,,,,,1826,reachable,screen
USGS-02032515,1979-08-09 00:00:00.000001,2026-08-18 00:00:00.000001,857,,,,,857,reachable,screen
USGS-02032640,1993-10-01 00:00:00.000001,2026-08-18 00:00:00.000001,1701,,,,,1701,reachable,screen
USGS-02034000,1934-10-01 00:00:00.000001,2026-08-18 00:00:00.000001,1826,,,,,1826,reachable,screen
USGS-02035000,1899-01-01 00:00:00.000001,2026-08-18 00:00:00.000001,1826,,,,,1826,reachable,screen
USGS-02036500,1944-10-01 00:00:00.000001,2026-08-18 00:00:00.000001,1824,,,,,1824,reachable,screen
USGS-02037000,1936-10-01 00:00:00.000001,2026-08-18 00:00:00.000001,1826,,,,,1826,reachable,screen
USGS-02037500,1934-10-01 00:00:00.000001,2026-08-18 00:00:00.000001,1826,,,,,1826,reachable,screen
USGS-02038850,1966-04-27 00:00:00.000001,2026-08-18 00:00:00.000001,1826,,,,,1826,reachable,screen
USGS-02039000,1946-10-01 00:00:00.000001,2026-08-18 00:00:00.000001,1826,,,,,1826,reachable,screen
USGS-02039500,1926-04-01 00:00:00.000001,2026-08-18 00:00:00.000001,1826,,,,,1826,reachable,screen
USGS-02040000,1926-04-01 00:00:00.000001,2026-08-18 00:00:00.000001,1826,,,,,1826,reachable,screen
USGS-02040892,2011-06-23 00:00:00.000001,2026-08-18 00:00:00.000001,1826,,,,,1826,reachable,screen
USGS-02041000,1946-10-01 00:00:00.000001,2026-08-18 00:00:00.000001,1826,,,,,1826,reachable,screen
USGS-02041650,1969-10-01 00:00:00.000001,2026-08-18 00:00:00.000001,1826,,,,,1826,reachable,screen
USGS-02042500,1942-01-01 00:00:00.000001,2026-08-18 00:00:00.000001,1826,,,,,1826,reachable,screen
USGS-0204309906,,,0,0.0,0.0,,,0,unreachable,individual fetch
USGS-0204382800,,,0,0.0,0.0,,,0,unreachable,individual fetch
USGS-02044500,1950-10-01 00:00:00.000001,2026-08-18 00:00:00.000001,1826,,,,,1826,reachable,screen
USGS-02045320,2013-01-30 00:00:00.000001,2026-08-18 00:00:00.000001,1825,,,,,1825,reachable,screen
USGS-02045500,1930-10-01 00:00:00.000001,2026-08-18 00:00:00.000001,1826,,,,,1826,reachable,screen
USGS-02046000,1946-10-01 00:00:00.000001,2026-08-18 00:00:00.000001,1826,,,,,1826,reachable,screen
USGS-02047000,1941-09-24 00:00:00.000001,2026-08-18 00:00:00.000001,1826,,,,,1826,reachable,screen
USGS-02047370,,,0,0.0,0.0,,,0,unreachable,individual fetch
USGS-02047500,1941-10-01 00:00:00.000001,2026-08-18 00:00:00.000001,1826,,,,,1826,reachable,screen
USGS-02047783,2013-04-26 00:00:00.000001,2026-08-18 00:00:00.000001,1826,,,,,1826,reachable,screen
USGS-02049500,1944-08-26 00:00:00.000001,2026-08-18 00:00:00.000001,1826,,,,,1826,reachable,screen
USGS-02050000,,,0,0.0,0.0,,,0,unreachable,individual fetch
USGS-02051000,1946-10-01 00:00:00.000001,2026-08-18 00:00:00.000001,1826,,,,,1826,reachable,screen
USGS-02051190,2013-01-31 00:00:00.000001,2026-08-18 00:00:00.000001,1826,,,,,1826,reachable,screen
USGS-02051500,1929-01-01 00:00:00.000001,2026-08-18 00:00:00.000001,1826,,,,,1826,reachable,screen
USGS-02052000,1951-01-30 00:00:00.000001,2026-08-18 00:00:00.000001,1826,,,,,1826,reachable,screen
USGS-02052090,2012-11-27 00:00:00.000001,2026-08-18 00:00:00.000001,1826,,,,,1826,reachable,screen
USGS-02053200,1958-04-01 00:00:00.000001,2026-08-17 00:00:00.000001,1826,,,,,1826,reachable,screen
USGS-02053500,1950-02-01 00:00:00.000001,2026-08-18 00:00:00.000001,1826,,,,,1826,reachable,screen
USGS-02053800,1960-10-01 00:00:00.000001,2026-08-18 00:00:00.000001,1826,,,,,1826,reachable,screen
USGS-02054500,1943-10-01 00:00:00.000001,2026-08-18 00:00:00.000001,1826,,,,,1826,reachable,screen
USGS-02054530,1991-12-12 00:00:00.000001,2026-08-18 00:00:00.000001,1826,,,,,1826,reachable,screen
USGS-02055000,1899-02-13 00:00:00.000001,2026-08-18 00:00:00.000001,1826,,,,,1826,reachable,screen
USGS-02055100,1956-05-01 00:00:00.000001,2026-08-18 00:00:00.000001,1826,,,,,1826,reachable,screen
USGS-02055379,2019-09-13 00:00:00.000001,2024-10-07 00:00:00.000001,1206,,,,,1206,reachable,screen
USGS-0205551460,2016-08-09 00:00:00.000001,2024-10-07 00:00:00.000001,1826,,,,,1826,reachable,screen
USGS-0205551614,2019-09-26 00:00:00.000001,2026-08-17 00:00:00.000001,1193,,,,,1193,reachable,screen
USGS-02056000,1926-10-01 00:00:00.000001,2026-08-18 00:00:00.000001,1826,,,,,1826,reachable,screen
USGS-02056650,1974-07-01 00:00:00.000001,2026-08-18 00:00:00.000001,1826,,,,,1826,reachable,screen
USGS-02056900,1976-10-01 00:00:00.000001,2026-08-18 00:00:00.000001,1826,,,,,1826,reachable,screen
USGS-02058400,1963-06-01 00:00:00.000001,2026-08-18 00:00:00.000001,1826,,,,,1826,reachable,screen
USGS-02059500,1930-10-01 00:00:00.000001,2026-08-18 00:00:00.000001,1826,,,,,1826,reachable,screen
USGS-02060500,1980-09-30 00:00:00.000001,2026-08-18 00:00:00.000001,1826,,,,,1826,reachable,screen
USGS-02061500,1937-04-01 00:00:00.000001,2026-08-18 00:00:00.000001,1826,,,,,1826,reachable,screen
USGS-02062500,1923-10-01 00:00:00.000001,2026-08-18 00:00:00.000001,1826,,,,,1826,reachable,screen
USGS-02064000,1929-10-01 00:00:00.000001,2026-08-18 00:00:00.000001,1826,,,,,1826,reachable,screen
USGS-02065500,1946-10-01 00:00:00.000001,2026-08-18 00:00:00.000001,1826,,,,,1826,reachable,screen
USGS-02066000,1901-10-01 00:00:00.000001,2026-08-18 00:00:00.000001,1825,,,,,1825,reachable,screen
USGS-02068500,1924-09-01 00:00:00.000001,2026-08-18 00:00:00.000001,1826,,,,,1826,reachable,screen
USGS-02069000,1923-10-01 00:00:00.000001,2026-08-18 00:00:00.000001,1826,,,,,1826,reachable,screen
USGS-02069700,1962-10-01 00:00:00.000001,2026-08-18 00:00:00.000001,1826,,,,,1826,reachable,screen
USGS-02070000,1928-10-01 00:00:00.000001,2026-08-18 00:00:00.000001,1826,,,,,1826,reachable,screen
USGS-02070500,1929-08-01 00:00:00.000001,2026-08-18 00:00:00.000001,1826,,,,,1826,reachable,screen
USGS-02071000,1939-12-01 00:00:00.000001,2026-08-18 00:00:00.000001,1826,,,,,1826,reachable,screen
USGS-02071530,1994-10-01 00:00:00.000001,2026-08-18 00:00:00.000001,1826,,,,,1826,reachable,screen
USGS-02072000,1946-10-01 00:00:00.000001,2026-08-18 00:00:00.000001,1826,,,,,1826,reachable,screen
USGS-02072500,1939-04-01 00:00:00.000001,2026-08-18 00:00:00.000001,1826,,,,,1826,reachable,screen
USGS-02073000,1929-10-01 00:00:00.000001,2026-08-18 00:00:00.000001,1826,,,,,1826,reachable,screen
USGS-02074000,1939-10-01 00:00:00.000001,2026-08-17 00:00:00.000001,1826,,,,,1826,reachable,screen
USGS-02074500,1929-10-01 00:00:00.000001,2026-08-18 00:00:00.000001,1826,,,,,1826,reachable,screen
USGS-02075045,1995-10-01 00:00:00.000001,2026-08-18 00:00:00.000001,1824,,,,,1824,reachable,screen
USGS-02075500,1950-10-01 00:00:00.000001,2026-08-18 00:00:00.000001,1826,,,,,1826,reachable,screen
USGS-02076000,2015-10-01 00:00:00.000001,2026-08-18 00:00:00.000001,1826,,,,,1826,reachable,screen
USGS-02077000,1904-10-01 00:00:00.000001,2026-08-18 00:00:00.000001,1826,,,,,1826,reachable,screen
USGS-02077200,1964-08-01 00:00:00.000001,2026-08-18 00:00:00.000001,1826,,,,,1826,reachable,screen
USGS-02077303,1973-10-01 00:00:00.000001,2026-08-18 00:00:00.000001,1762,,,,,1762,reachable,screen
USGS-02077670,1977-07-29 00:00:00.000001,2026-08-18 00:00:00.000001,1810,,,,,1810,reachable,screen
USGS-02079640,1961-10-01 00:00:00.000001,2026-08-18 00:00:00.000001,1826,,,,,1826,reachable,screen
USGS-02080500,1912-01-01 00:00:00.000001,2026-08-18 00:00:00.000001,1826,,,,,1826,reachable,screen
USGS-02081022,,,0,0.0,0.0,,,0,unreachable,individual fetch
USGS-02081054,,,0,0.0,0.0,,,0,unreachable,individual fetch
USGS-0208111310,1987-06-01 00:00:00.000001,2026-08-17 00:00:00.000001,1824,,,,,1824,reachable,screen
USGS-02081500,1939-10-01 00:00:00.000001,2026-08-18 00:00:00.000001,1826,,,,,1826,reachable,screen
USGS-02081747,1963-11-07 00:00:00.000001,2026-08-18 00:00:00.000001,1826,,,,,1826,reachable,screen
USGS-02081942,2012-04-10 00:00:00.000001,2026-08-18 00:00:00.000001,1826,,,,,1826,reachable,screen
USGS-0208250410,2011-08-19 00:00:00.000001,2026-08-17 00:00:00.000001,1826,,,,,1826,reachable,screen
USGS-02082585,1976-08-01 00:00:00.000001,2026-08-18 00:00:00.000001,1826,,,,,1826,reachable,screen
USGS-02082950,1959-10-01 00:00:00.000001,2026-08-18 00:00:00.000001,1826,,,,,1826,reachable,screen
USGS-02083000,1926-10-01 00:00:00.000001,2026-08-18 00:00:00.000001,1826,,,,,1826,reachable,screen
USGS-02083500,1896-08-01 00:00:00.000001,2026-08-18 00:00:00.000001,1826,,,,,1826,reachable,screen
USGS-02084000,1997-04-23 00:00:00.000001,2026-08-18 00:00:00.000001,1823,,,,,1823,reachable,screen
USGS-02084557,1977-04-20 00:00:00.000001,2026-08-18 00:00:00.000001,1826,,,,,1826,reachable,screen
USGS-02085000,1927-10-01 00:00:00.000001,2026-08-18 00:00:00.000001,1826,,,,,1826,reachable,screen
USGS-02085070,1963-09-01 00:00:00.000001,2026-08-18 00:00:00.000001,1826,,,,,1826,reachable,screen
USGS-0208521324,1987-09-30 00:00:00.000001,2026-08-18 00:00:00.000001,1826,,,,,1826,reachable,screen
USGS-0208524090,1994-10-01 00:00:00.000001,2026-08-18 00:00:00.000001,1826,,,,,1826,reachable,screen
USGS-0208524975,1995-10-24 00:00:00.000001,2026-08-18 00:00:00.000001,1823,,,,,1823,reachable,screen
USGS-02085500,1925-08-01 00:00:00.000001,2026-08-18 00:00:00.000001,1826,,,,,1826,reachable,screen
USGS-02086500,1927-09-01 00:00:00.000001,2026-08-18 00:00:00.000001,1826,,,,,1826,reachable,screen
USGS-02086624,1982-10-01 00:00:00.000001,2026-08-18 00:00:00.000001,1826,,,,,1826,reachable,screen
USGS-0208675010,2008-08-01 00:00:00.000001,2026-08-17 00:00:00.000001,1826,,,,,1826,reachable,screen
USGS-02086799,2023-11-04 00:00:00.000001,2026-08-18 00:00:00.000001,0,0.0,1018.0,2023-11-04,2026-08-18,0,unreachable,individual fetch
USGS-02086849,1982-10-01 00:00:00.000001,2026-08-17 00:00:00.000001,1826,,,,,1826,reachable,screen
USGS-02087183,1970-06-26 00:00:00.000001,2026-08-17 00:00:00.000001,1826,,,,,1826,reachable,screen
USGS-0208726005,1987-12-01 00:00:00.000001,2026-08-17 00:00:00.000001,1826,,,,,1826,reachable,screen
USGS-02087275,1997-06-01 00:00:00.000001,2026-08-18 00:00:00.000001,1824,,,,,1824,reachable,screen
USGS-02087324,1990-06-01 00:00:00.000001,2026-08-17 00:00:00.000001,1826,,,,,1826,reachable,screen
USGS-0208732534,1987-08-19 00:00:00.000001,2026-08-17 00:00:00.000001,1826,,,,,1826,reachable,screen
USGS-0208732593,,,0,0.0,0.0,,,0,unreachable,individual fetch
USGS-0208732885,1984-01-01 00:00:00.000001,2026-08-18 00:00:00.000001,1826,,,,,1826,reachable,screen
USGS-02087337,2018-07-31 00:00:00.000001,2026-08-19 00:00:00.000001,1614,,,,,1614,reachable,screen
USGS-0208734210,2018-08-08 00:00:00.000001,2026-08-19 00:00:00.000001,1607,,,,,1607,reachable,screen
USGS-0208734795,2018-08-08 00:00:00.000001,2026-08-19 00:00:00.000001,1607,,,,,1607,reachable,screen
USGS-0208735012,1992-06-26 00:00:00.000001,2026-08-18 00:00:00.000001,1826,,,,,1826,reachable,screen
USGS-02087359,1996-05-01 00:00:00.000001,2026-08-18 00:00:00.000001,1826,,,,,1826,reachable,screen
USGS-02087500,1927-08-01 00:00:00.000001,2026-08-18 00:00:00.000001,1826,,,,,1826,reachable,screen
USGS-02087570,1970-10-01 00:00:00.000001,1991-09-29 00:00:00.000001,0,0.0,7669.0,1970-10-01,1991-09-29,0,unreachable,individual fetch
USGS-02087580,2002-03-01 00:00:00.000001,2026-08-18 00:00:00.000001,1826,,,,,1826,reachable,screen
USGS-0208758850,1987-12-01 00:00:00.000001,2026-08-18 00:00:00.000001,1826,,,,,1826,reachable,screen
USGS-0208773375,2008-10-01 00:00:00.000001,2026-08-18 00:00:00.000001,1826,,,,,1826,reachable,screen
USGS-02088000,1939-10-01 00:00:00.000001,2026-08-18 00:00:00.000001,1819,,,,,1819,reachable,screen
USGS-02088383,2008-10-01 00:00:00.000001,2026-08-18 00:00:00.000001,1826,,,,,1826,reachable,screen
USGS-02088500,1930-03-01 00:00:00.000001,2026-08-18 00:00:00.000001,1826,,,,,1826,reachable,screen
USGS-02089000,1930-03-01 00:00:00.000001,2026-08-18 00:00:00.000001,1826,,,,,1826,reachable,screen
USGS-02089500,1930-03-01 00:00:00.000001,2026-08-17 00:00:00.000001,1826,,,,,1826,reachable,screen
USGS-02090380,1964-10-01 00:00:00.000001,2026-08-18 00:00:00.000001,1826,,,,,1826,reachable,screen
USGS-02090504,2021-03-12 00:00:00.000001,2026-08-17 00:00:00.000001,660,,,,,660,reachable,screen
USGS-02091000,1954-04-01 00:00:00.000001,2026-08-18 00:00:00.000001,1826,,,,,1826,reachable,screen
USGS-02091500,1928-12-01 00:00:00.000001,2026-08-18 00:00:00.000001,1826,,,,,1826,reachable,screen
USGS-02091814,1996-10-01 00:00:00.000001,2026-08-18 00:00:00.000001,1826,,,,,1826,reachable,screen
USGS-0209205053,1996-07-01 00:00:00.000001,2008-06-30 00:00:00.000001,0,0.0,4785.0,1996-07-01,2008-06-30,0,unreachable,individual fetch
USGS-02092500,1951-01-01 00:00:00.000001,2026-08-18 00:00:00.000001,1826,,,,,1826,reachable,screen
USGS-02092554,,,0,0.0,0.0,,,0,unreachable,individual fetch
USGS-02093000,1949-09-01 00:00:00.000001,2026-08-16 00:00:00.000001,1826,,,,,1826,reachable,screen
USGS-02093800,1955-10-01 00:00:00.000001,2026-08-17 00:00:00.000001,1826,,,,,1826,reachable,screen
USGS-02093877,2004-04-01 00:00:00.000001,2026-08-18 00:00:00.000001,1826,,,,,1826,reachable,screen
USGS-0209399200,1999-06-01 00:00:00.000001,2026-08-17 00:00:00.000001,1825,,,,,1825,reachable,screen
USGS-02094500,1928-10-01 00:00:00.000001,2026-08-18 00:00:00.000001,1826,,,,,1826,reachable,screen
USGS-02094659,1999-06-01 00:00:00.000001,2026-08-18 00:00:00.000001,1826,,,,,1826,reachable,screen
USGS-02094770,1998-08-01 00:00:00.000001,2026-08-17 00:00:00.000001,1826,,,,,1826,reachable,screen
USGS-02094775,1998-08-01 00:00:00.000001,2026-08-18 00:00:00.000001,1826,,,,,1826,reachable,screen
USGS-02095000,1928-09-01 00:00:00.000001,2026-08-18 00:00:00.000001,1826,,,,,1826,reachable,screen
USGS-02095181,1999-06-01 00:00:00.000001,2026-08-18 00:00:00.000001,1824,,,,,1824,reachable,screen
USGS-02095271,1998-08-01 00:00:00.000001,2026-08-18 00:00:00.000001,1826,,,,,1826,reachable,screen
USGS-02095500,1928-09-01 00:00:00.000001,2026-08-18 00:00:00.000001,1826,,,,,1826,reachable,screen
USGS-0209553650,1998-08-01 00:00:00.000001,2026-08-18 00:00:00.000001,1826,,,,,1826,reachable,screen
USGS-02096500,1928-10-01 00:00:00.000001,2026-08-18 00:00:00.000001,1821,,,,,1821,reachable,screen
USGS-02096846,1988-11-01 00:00:00.000001,2026-08-18 00:00:00.000001,1826,,,,,1826,reachable,screen
USGS-02096960,1973-09-26 00:00:00.000001,2026-08-18 00:00:00.000001,1826,,,,,1826,reachable,screen
USGS-0209722970,2008-08-01 00:00:00.000001,2026-08-18 00:00:00.000001,1826,,,,,1826,reachable,screen
USGS-0209725960,2017-06-16 00:00:00.000001,2026-08-19 00:00:00.000001,1826,,,,,1826,reachable,screen
USGS-02097280,2008-08-01 00:00:00.000001,2026-08-18 00:00:00.000001,1826,,,,,1826,reachable,screen
USGS-02097314,1982-10-01 00:00:00.000001,2026-08-17 00:00:00.000001,1826,,,,,1826,reachable,screen
USGS-0209734440,2012-10-06 00:00:00.000001,2026-08-17 00:00:00.000001,1826,,,,,1826,reachable,screen
USGS-02097386,2019-07-27 00:00:00.000001,2026-08-18 00:00:00.000001,1254,,,,,1254,reachable,screen
USGS-0209741955,1982-10-01 00:00:00.000001,2026-08-17 00:00:00.000001,1826,,,,,1826,reachable,screen
USGS-02097464,1988-11-01 00:00:00.000001,2026-08-18 00:00:00.000001,1826,,,,,1826,reachable,screen
USGS-02097517,1982-11-01 00:00:00.000001,2026-08-18 00:00:00.000001,1826,,,,,1826,reachable,screen
USGS-0209782609,1999-09-01 00:00:00.000001,2026-08-18 00:00:00.000001,1824,,,,,1824,reachable,screen
USGS-02098206,2011-10-03 00:00:00.000001,2026-08-18 00:00:00.000001,1814,,,,,1814,reachable,screen
USGS-02099000,1928-10-01 00:00:00.000001,2026-08-18 00:00:00.000001,1822,,,,,1822,reachable,screen
USGS-02100500,1923-04-01 00:00:00.000001,2026-08-18 00:00:00.000001,1826,,,,,1826,reachable,screen
USGS-0210166029,1988-05-01 00:00:00.000001,2026-08-18 00:00:00.000001,1826,,,,,1826,reachable,screen
USGS-02101726,2009-01-16 00:00:00.000001,2026-08-18 00:00:00.000001,1826,,,,,1826,reachable,screen
USGS-02101800,1958-07-01 00:00:00.000001,2026-08-18 00:00:00.000001,1809,,,,,1809,reachable,screen
USGS-02102000,1930-08-01 00:00:00.000001,2026-08-17 00:00:00.000001,1826,,,,,1826,reachable,screen
USGS-02102192,1972-06-01 00:00:00.000001,2026-08-18 00:00:00.000001,1826,,,,,1826,reachable,screen
USGS-02102500,1924-01-01 00:00:00.000001,2026-08-18 00:00:00.000001,1826,,,,,1826,reachable,screen
USGS-02102907,2021-09-30 00:00:00.000001,2026-08-17 00:00:00.000001,458,,,,,458,reachable,screen
USGS-02102908,1968-06-01 00:00:00.000001,2026-08-18 00:00:00.000001,1826,,,,,1826,reachable,screen
USGS-02103000,1938-10-01 00:00:00.000001,2026-08-18 00:00:00.000001,1826,,,,,1826,reachable,screen
USGS-0210307880,2021-05-07 00:00:00.000001,2026-08-18 00:00:00.000001,604,,,,,604,reachable,screen
USGS-02103770,2024-04-18 00:00:00.000001,2026-08-19 00:00:00.000001,0,0.0,854.0,2024-04-18,2026-08-19,0,unreachable,individual fetch
USGS-0210382325,2021-02-27 00:00:00.000001,2026-08-18 00:00:00.000001,673,,,,,673,reachable,screen
USGS-0210398250,,,0,0.0,0.0,,,0,unreachable,individual fetch
USGS-02104000,,,0,0.0,0.0,,,0,unreachable,individual fetch
USGS-02104220,1988-07-01 00:00:00.000001,2026-08-18 00:00:00.000001,1826,,,,,1826,reachable,screen
USGS-02105500,1937-10-01 00:00:00.000001,2026-08-18 00:00:00.000001,1826,,,,,1826,reachable,screen
USGS-02105769,1969-07-01 00:00:00.000001,2026-08-18 00:00:00.000001,1826,,,,,1826,reachable,screen
USGS-02106500,1951-10-01 00:00:00.000001,2026-08-17 00:00:00.000001,1826,,,,,1826,reachable,screen
USGS-02108000,1940-08-01 00:00:00.000001,2026-08-18 00:00:00.000001,1826,,,,,1826,reachable,screen
USGS-02108566,2003-11-14 00:00:00.000001,2005-12-12 00:00:00.000001,0,0.0,745.0,2003-11-14,2005-12-12,0,unreachable,individual fetch
USGS-02109500,1939-08-01 00:00:00.000001,2026-08-18 00:00:00.000001,1826,,,,,1826,reachable,screen
USGS-02110400,2005-11-17 00:00:00.000001,2019-08-17 00:00:00.000001,551,,,,,551,reachable,screen
USGS-02110500,1950-03-14 00:00:00.000001,2026-08-17 00:00:00.000001,1826,,,,,1826,reachable,screen
USGS-02110550,2013-06-22 00:00:00.000001,2026-08-17 00:00:00.000001,1809,,,,,1809,reachable,screen
USGS-02110701,2000-02-11 00:00:00.000001,2026-08-17 00:00:00.000001,1677,,,,,1677,reachable,screen
USGS-02110760,2001-02-17 00:00:00.000001,2010-05-09 00:00:00.000001,0,0.0,3185.0,2001-02-17,2010-05-09,0,unreachable,individual fetch
USGS-02110777,1989-10-01 00:00:00.000001,2000-09-29 00:00:00.000001,0,0.0,3852.0,1989-10-01,2000-09-29,0,unreachable,individual fetch
USGS-02110815,1989-10-01 00:00:00.000001,2000-09-29 00:00:00.000001,0,0.0,3721.0,1989-10-01,2000-09-29,0,unreachable,individual fetch
USGS-02111000,1939-10-01 00:00:00.000001,2026-08-18 00:00:00.000001,1826,,,,,1826,reachable,screen
USGS-02111180,1965-10-01 00:00:00.000001,2026-08-18 00:00:00.000001,1799,,,,,1799,reachable,screen
USGS-0211139110,2007-11-01 00:00:00.000001,2026-08-18 00:00:00.000001,1821,,,,,1821,reachable,screen
USGS-02111500,1939-10-01 00:00:00.000001,2026-08-17 00:00:00.000001,1826,,,,,1826,reachable,screen
USGS-02112000,1903-04-01 00:00:00.000001,2026-08-18 00:00:00.000001,1826,,,,,1826,reachable,screen
USGS-02112250,1964-04-01 00:00:00.000001,2026-08-18 00:00:00.000001,1826,,,,,1826,reachable,screen
USGS-02113850,1964-04-01 00:00:00.000001,2026-08-18 00:00:00.000001,1826,,,,,1826,reachable,screen
USGS-02114450,1960-08-01 00:00:00.000001,2026-08-18 00:00:00.000001,1826,,,,,1826,reachable,screen
USGS-02115360,1964-07-01 00:00:00.000001,2026-08-17 00:00:00.000001,1826,,,,,1826,reachable,screen
USGS-02116500,1928-08-01 00:00:00.000001,2026-08-18 00:00:00.000001,1826,,,,,1826,reachable,screen
USGS-02118000,1938-10-01 00:00:00.000001,2026-08-18 00:00:00.000001,1826,,,,,1826,reachable,screen
USGS-02118500,1951-01-01 00:00:00.000001,2026-08-18 00:00:00.000001,1769,,,,,1769,reachable,screen
USGS-02120780,1979-04-01 00:00:00.000001,2026-08-17 00:00:00.000001,1826,,,,,1826,reachable,screen
USGS-02121500,1988-10-01 00:00:00.000001,2026-08-18 00:00:00.000001,1826,,,,,1826,reachable,screen
USGS-02123500,2019-03-27 00:00:00.000001,2026-08-19 00:00:00.000001,1376,,,,,1376,reachable,screen
USGS-02123629,2022-08-19 00:00:00.000001,2026-08-18 00:00:00.000001,135,,,,,135,reachable,screen
USGS-0212378405,2013-10-01 00:00:00.000001,2026-08-17 00:00:00.000001,1826,,,,,1826,reachable,screen
USGS-0212393300,2004-07-01 00:00:00.000001,2026-08-18 00:00:00.000001,1826,,,,,1826,reachable,screen
USGS-02124080,2003-07-21 00:00:00.000001,2026-08-18 00:00:00.000001,1826,,,,,1826,reachable,screen
USGS-0212414900,1994-12-01 00:00:00.000001,2026-08-18 00:00:00.000001,1826,,,,,1826,reachable,screen
USGS-0212419274,2002-09-24 00:00:00.000001,2026-08-18 00:00:00.000001,1826,,,,,1826,reachable,screen
USGS-02124269,2009-05-15 00:00:00.000001,2026-08-18 00:00:00.000001,1826,,,,,1826,reachable,screen
USGS-0212427947,2001-10-01 00:00:00.000001,2026-08-17 00:00:00.000001,1824,,,,,1824,reachable,screen
USGS-0212430293,2026-03-08 00:00:00.000001,2026-08-17 00:00:00.000001,0,0.0,164.0,2026-03-08,2026-08-18,0,unreachable,individual fetch
USGS-0212430653,2007-07-13 00:00:00.000001,2026-08-18 00:00:00.000001,1826,,,,,1826,reachable,screen
USGS-0212433550,2000-04-01 00:00:00.000001,2026-08-18 00:00:00.000001,1545,,,,,1545,reachable,screen
USGS-0212466000,2002-10-01 00:00:00.000001,2026-08-18 00:00:00.000001,1826,,,,,1826,reachable,screen
USGS-0212467451,2009-04-01 00:00:00.000001,2026-08-18 00:00:00.000001,1826,,,,,1826,reachable,screen
USGS-0212467595,2002-09-11 00:00:00.000001,2026-08-18 00:00:00.000001,1826,,,,,1826,reachable,screen
USGS-02126000,1929-10-01 00:00:00.000001,2026-08-17 00:00:00.000001,1826,,,,,1826,reachable,screen
USGS-02128000,1954-04-01 00:00:00.000001,2026-08-18 00:00:00.000001,1826,,,,,1826,reachable,screen
USGS-02129000,1906-09-01 00:00:00.000001,2026-08-18 00:00:00.000001,1826,,,,,1826,reachable,screen
USGS-02130000,2018-09-17 00:00:00.000001,2026-08-19 00:00:00.000001,1567,,,,,1567,reachable,screen
USGS-02130561,1990-11-03 00:00:00.000001,2026-08-17 00:00:00.000001,1826,,,,,1826,reachable,screen
USGS-02130840,2007-09-30 00:00:00.000001,2026-08-17 00:00:00.000001,1826,,,,,1826,reachable,screen
USGS-02130900,1959-10-01 00:00:00.000001,2026-08-18 00:00:00.000001,1826,,,,,1826,reachable,screen
USGS-02130910,1960-10-01 00:00:00.000001,2026-08-17 00:00:00.000001,1826,,,,,1826,reachable,screen
USGS-02130980,2001-10-01 00:00:00.000001,2026-08-17 00:00:00.000001,1826,,,,,1826,reachable,screen
USGS-02131000,1938-10-01 00:00:00.000001,2026-08-18 00:00:00.000001,1826,,,,,1826,reachable,screen
USGS-02131010,1996-10-01 00:00:00.000001,2026-08-18 00:00:00.000001,1824,,,,,1824,reachable,screen
USGS-02131309,1976-08-27 00:00:00.000001,1997-09-29 00:00:00.000001,0,0.0,7704.0,1976-08-27,1997-09-29,0,unreachable,individual fetch
USGS-021313485,,,0,0.0,0.0,,,0,unreachable,individual fetch
USGS-02131455,,,0,0.0,0.0,,,0,unreachable,individual fetch
USGS-02131472,1980-10-01 00:00:00.000001,2026-07-01 00:00:00.000001,1826,,,,,1826,reachable,screen
USGS-02131500,1942-10-01 00:00:00.000001,2026-08-17 00:00:00.000001,1826,,,,,1826,reachable,screen
USGS-02132000,1929-10-01 00:00:00.000001,2026-08-17 00:00:00.000001,1826,,,,,1826,reachable,screen
USGS-02132320,1987-06-01 00:00:00.000001,2026-08-18 00:00:00.000001,1826,,,,,1826,reachable,screen
USGS-02132500,1939-04-01 00:00:00.000001,1971-09-29 00:00:00.000001,0,0.0,11870.0,1939-04-01,1971-09-29,0,unreachable,individual fetch
USGS-02133500,1939-10-01 00:00:00.000001,2026-08-18 00:00:00.000001,1826,,,,,1826,reachable,screen
USGS-02133624,1987-06-01 00:00:00.000001,2026-08-18 00:00:00.000001,1817,,,,,1817,reachable,screen
USGS-02134170,2000-07-02 00:00:00.000001,2026-08-18 00:00:00.000001,1826,,,,,1826,reachable,screen
USGS-02134480,1985-10-01 00:00:00.000001,2026-08-18 00:00:00.000001,1826,,,,,1826,reachable,screen
USGS-02134500,1929-10-01 00:00:00.000001,2026-08-18 00:00:00.000001,1826,,,,,1826,reachable,screen
USGS-02134900,2017-05-23 00:00:00.000001,2026-08-17 00:00:00.000001,1826,,,,,1826,reachable,screen
USGS-02135000,1942-01-01 00:00:00.000001,2026-08-18 00:00:00.000001,1825,,,,,1825,reachable,screen
USGS-02135200,2001-07-25 00:00:00.000001,2026-08-18 00:00:00.000001,1770,,,,,1770,reachable,screen
USGS-02136000,1929-10-01 00:00:00.000001,2026-08-17 00:00:00.000001,1826,,,,,1826,reachable,screen
USGS-02136030,,,0,0.0,0.0,,,0,unreachable,individual fetch
USGS-02136361,1993-10-01 00:00:00.000001,2026-08-18 00:00:00.000001,1826,,,,,1826,reachable,screen
USGS-02137727,1980-10-01 00:00:00.000001,2026-08-18 00:00:00.000001,1826,,,,,1826,reachable,screen
USGS-02138500,1922-07-01 00:00:00.000001,2026-08-18 00:00:00.000001,1826,,,,,1826,reachable,screen
USGS-02138520,2008-12-10 00:00:00.000001,2026-08-18 00:00:00.000001,1826,,,,,1826,reachable,screen
USGS-02138816,2025-12-27 00:00:00.000001,2026-08-19 00:00:00.000001,0,0.0,236.0,2025-12-27,2026-08-19,0,unreachable,individual fetch
USGS-02140991,1985-05-01 00:00:00.000001,2026-08-18 00:00:00.000001,1826,,,,,1826,reachable,screen
USGS-0214183365,1993-03-07 00:00:00.000001,2026-08-18 00:00:00.000001,1180,,,,,1180,reachable,screen
USGS-0214192500,1993-04-01 00:00:00.000001,2026-08-17 00:00:00.000001,1171,,,,,1171,reachable,screen
USGS-0214196125,2017-03-21 00:00:00.000001,2026-08-18 00:00:00.000001,1826,,,,,1826,reachable,screen
USGS-02142000,1953-01-01 00:00:00.000001,2026-08-18 00:00:00.000001,1826,,,,,1826,reachable,screen
USGS-0214244102,2016-04-01 00:00:00.000001,2026-01-07 00:00:00.000001,1820,,,,,1820,reachable,screen
USGS-02142654,2006-05-01 00:00:00.000001,2026-08-18 00:00:00.000001,1826,,,,,1826,reachable,screen
USGS-0214265808,2007-08-17 00:00:00.000001,2026-08-18 00:00:00.000001,1810,,,,,1810,reachable,screen
USGS-0214265828,2015-07-31 00:00:00.000001,2026-08-17 00:00:00.000001,1825,,,,,1825,reachable,screen
USGS-0214266000,1996-11-26 00:00:00.000001,2026-08-18 00:00:00.000001,1826,,,,,1826,reachable,screen
USGS-0214266080,2002-10-01 00:00:00.000001,2026-08-18 00:00:00.000001,1826,,,,,1826,reachable,screen
USGS-0214269560,1990-06-13 00:00:00.000001,2026-08-18 00:00:00.000001,1826,,,,,1826,reachable,screen
USGS-02142900,1965-06-01 00:00:00.000001,2026-08-17 00:00:00.000001,1826,,,,,1826,reachable,screen
USGS-02142914,2004-05-01 00:00:00.000001,2026-08-17 00:00:00.000001,1824,,,,,1824,reachable,screen
USGS-0214291555,1998-10-01 00:00:00.000001,2026-08-17 00:00:00.000001,1826,,,,,1826,reachable,screen
USGS-0214295600,1994-10-01 00:00:00.000001,2026-08-18 00:00:00.000001,1826,,,,,1826,reachable,screen
USGS-0214297160,2003-01-01 00:00:00.000001,2026-08-17 00:00:00.000001,1795,,,,,1795,reachable,screen
USGS-02143000,1925-08-01 00:00:00.000001,2026-08-18 00:00:00.000001,1826,,,,,1826,reachable,screen
USGS-02143040,1961-10-01 00:00:00.000001,2026-08-18 00:00:00.000001,1826,,,,,1826,reachable,screen
USGS-02143500,1951-09-01 00:00:00.000001,2026-08-17 00:00:00.000001,1826,,,,,1826,reachable,screen
USGS-02144000,1953-01-01 00:00:00.000001,2026-08-18 00:00:00.000001,1826,,,,,1826,reachable,screen
USGS-02145000,1942-02-01 00:00:00.000001,2026-08-18 00:00:00.000001,1826,,,,,1826,reachable,screen
USGS-02145268,2018-06-28 00:00:00.000001,2026-08-18 00:00:00.000001,1648,,,,,1648,reachable,screen
USGS-02145642,1999-10-01 00:00:00.000001,2003-09-29 00:00:00.000001,0,0.0,1442.0,1999-10-01,2003-09-29,0,unreachable,individual fetch
USGS-021457492,2008-04-09 00:00:00.000001,2026-08-18 00:00:00.000001,1826,,,,,1826,reachable,screen
USGS-02145910,2018-03-09 00:00:00.000001,2026-08-18 00:00:00.000001,1759,,,,,1759,reachable,screen
USGS-021459367,2006-09-29 00:00:00.000001,2026-06-30 00:00:00.000001,1826,,,,,1826,reachable,screen
USGS-02146000,1895-10-01 00:00:00.000001,2026-08-17 00:00:00.000001,1826,,,,,1826,reachable,screen
USGS-02146110,2006-12-07 00:00:00.000001,2026-08-17 00:00:00.000001,1825,,,,,1825,reachable,screen
USGS-02146211,1981-09-30 00:00:00.000001,2026-08-18 00:00:00.000001,1826,,,,,1826,reachable,screen
USGS-0214627970,2000-06-01 00:00:00.000001,2026-08-18 00:00:00.000001,1826,,,,,1826,reachable,screen
USGS-02146285,2000-10-01 00:00:00.000001,2026-08-18 00:00:00.000001,1719,,,,,1719,reachable,screen
USGS-02146300,1962-05-01 00:00:00.000001,2026-08-17 00:00:00.000001,1826,,,,,1826,reachable,screen
USGS-02146315,1998-07-01 00:00:00.000001,2026-08-17 00:00:00.000001,1826,,,,,1826,reachable,screen
USGS-02146348,1998-10-01 00:00:00.000001,2026-08-17 00:00:00.000001,1826,,,,,1826,reachable,screen
USGS-02146381,1994-10-01 00:00:00.000001,2026-08-18 00:00:00.000001,1826,,,,,1826,reachable,screen
USGS-02146409,1994-10-01 00:00:00.000001,2026-08-18 00:00:00.000001,1826,,,,,1826,reachable,screen
USGS-0214642825,1998-04-01 00:00:00.000001,2026-08-18 00:00:00.000001,1824,,,,,1824,reachable,screen
USGS-0214643820,2004-07-16 00:00:00.000001,2026-08-17 00:00:00.000001,1826,,,,,1826,reachable,screen
USGS-0214645022,2026-03-24 00:00:00.000001,2026-08-17 00:00:00.000001,1826,,,,,1826,reachable,screen
USGS-02146470,1982-12-01 00:00:00.000001,2026-08-18 00:00:00.000001,1824,,,,,1824,reachable,screen
USGS-02146507,1977-10-01 00:00:00.000001,2026-08-18 00:00:00.000001,1826,,,,,1826,reachable,screen
USGS-02146530,1997-06-01 00:00:00.000001,2026-08-17 00:00:00.000001,1826,,,,,1826,reachable,screen
USGS-0214655255,1999-06-01 00:00:00.000001,2026-08-17 00:00:00.000001,1826,,,,,1826,reachable,screen
USGS-02146562,1999-07-01 00:00:00.000001,2026-08-17 00:00:00.000001,1826,,,,,1826,reachable,screen
USGS-0214657975,1999-06-01 00:00:00.000001,2026-08-18 00:00:00.000001,1826,,,,,1826,reachable,screen
USGS-02146600,1962-04-01 00:00:00.000001,2026-08-17 00:00:00.000001,1826,,,,,1826,reachable,screen
USGS-02146670,1997-07-01 00:00:00.000001,2026-08-17 00:00:00.000001,1553,,,,,1553,reachable,screen
USGS-02146700,1962-04-01 00:00:00.000001,2026-08-17 00:00:00.000001,1826,,,,,1826,reachable,screen
USGS-02146750,1974-04-01 00:00:00.000001,2026-08-17 00:00:00.000001,1826,,,,,1826,reachable,screen
USGS-0214676115,2005-10-01 00:00:00.000001,2026-08-18 00:00:00.000001,1702,,,,,1702,reachable,screen
USGS-0214678175,1998-05-01 00:00:00.000001,2026-08-18 00:00:00.000001,1826,,,,,1826,reachable,screen
USGS-02146800,2006-04-01 00:00:00.000001,2026-08-17 00:00:00.000001,1826,,,,,1826,reachable,screen
USGS-0214685800,2007-10-01 00:00:00.000001,2026-08-18 00:00:00.000001,1826,,,,,1826,reachable,screen
USGS-02147020,1992-01-25 00:00:00.000001,2026-08-17 00:00:00.000001,1826,,,,,1826,reachable,screen
USGS-021473415,2008-04-11 00:00:00.000001,2026-07-01 00:00:00.000001,1826,,,,,1826,reachable,screen
USGS-021473426,1998-08-24 00:00:00.000001,2026-08-18 00:00:00.000001,1822,,,,,1822,reachable,screen
USGS-021473428,1998-10-01 00:00:00.000001,2026-08-18 00:00:00.000001,0,0.0,1130.0,1998-10-01,2026-08-18,0,unreachable,individual fetch
USGS-02147403,2001-02-15 00:00:00.000001,2026-08-17 00:00:00.000001,1826,,,,,1826,reachable,screen
USGS-02147500,1951-03-01 00:00:00.000001,2026-08-18 00:00:00.000001,1826,,,,,1826,reachable,screen
USGS-02147801,2021-10-30 00:00:00.000001,2026-08-18 00:00:00.000001,428,,,,,428,reachable,screen
USGS-02148000,1929-10-01 00:00:00.000001,2026-08-18 00:00:00.000001,1826,,,,,1826,reachable,screen
USGS-02149000,1951-01-01 00:00:00.000001,2026-08-18 00:00:00.000001,1826,,,,,1826,reachable,screen
USGS-02150495,1998-10-01 00:00:00.000001,2026-08-18 00:00:00.000001,1826,,,,,1826,reachable,screen
USGS-02151500,1925-07-01 00:00:00.000001,2026-08-18 00:00:00.000001,1826,,,,,1826,reachable,screen
USGS-02152100,1959-03-01 00:00:00.000001,2026-08-18 00:00:00.000001,1826,,,,,1826,reachable,screen
USGS-02152474,2008-04-01 00:00:00.000001,2026-08-18 00:00:00.000001,1826,,,,,1826,reachable,screen
USGS-02153200,1997-09-24 00:00:00.000001,2026-08-18 00:00:00.000001,1825,,,,,1825,reachable,screen
USGS-0215329875,2024-06-26 00:00:00.000001,2026-08-18 00:00:00.000001,0,0.0,784.0,2024-06-26,2026-08-18,0,unreachable,individual fetch
USGS-02153551,1998-10-30 00:00:00.000001,2026-08-18 00:00:00.000001,1826,,,,,1826,reachable,screen
USGS-02153590,2006-04-01 00:00:00.000001,2026-08-18 00:00:00.000001,1368,,,,,1368,reachable,screen
USGS-02153700,2006-03-31 00:00:00.000001,2026-08-18 00:00:00.000001,1826,,,,,1826,reachable,screen
USGS-02153800,2000-11-15 00:00:00.000001,2003-10-06 00:00:00.000001,0,0.0,1056.0,2000-11-15,2003-10-06,0,unreachable,individual fetch
USGS-02154500,1930-04-01 00:00:00.000001,2026-08-18 00:00:00.000001,1826,,,,,1826,reachable,screen
USGS-02154790,1989-01-06 00:00:00.000001,2026-08-17 00:00:00.000001,1826,,,,,1826,reachable,screen
USGS-02155500,1929-12-01 00:00:00.000001,2026-08-18 00:00:00.000001,1826,,,,,1826,reachable,screen
USGS-021556525,1993-11-01 00:00:00.000001,2026-08-18 00:00:00.000001,1826,,,,,1826,reachable,screen
USGS-02155800,2022-09-08 00:00:00.000001,2026-08-18 00:00:00.000001,115,,,,,115,reachable,screen
USGS-02156300,2012-06-21 00:00:00.000001,2026-08-18 00:00:00.000001,1826,,,,,1826,reachable,screen
USGS-02156370,2012-08-23 00:00:00.000001,2026-08-18 00:00:00.000001,1234,,,,,1234,reachable,screen
USGS-021564493,2012-03-27 00:00:00.000001,2026-08-18 00:00:00.000001,1826,,,,,1826,reachable,screen
USGS-02156500,1938-10-01 00:00:00.000001,2026-08-18 00:00:00.000001,1826,,,,,1826,reachable,screen
USGS-021569983,2022-08-17 00:00:00.000001,2026-08-17 00:00:00.000001,137,,,,,137,reachable,screen
USGS-02156999,2007-05-30 00:00:00.000001,2026-08-18 00:00:00.000001,241,,,,,241,reachable,screen
USGS-02157000,1950-10-01 00:00:00.000001,2026-08-17 00:00:00.000001,1492,,,,,1492,reachable,screen
USGS-02157470,2002-02-15 00:00:00.000001,2026-08-18 00:00:00.000001,1245,,,,,1245,reachable,screen
USGS-02157475,,,0,0.0,0.0,,,0,unreachable,individual fetch
USGS-02157490,2002-03-07 00:00:00.000001,2026-08-18 00:00:00.000001,267,,,,,267,reachable,screen
USGS-02157510,2000-02-12 00:00:00.000001,2026-08-18 00:00:00.000001,1826,,,,,1826,reachable,screen
USGS-02157530,2024-09-25 00:00:00.000001,2026-08-18 00:00:00.000001,0,0.0,691.0,2024-09-25,2026-08-18,0,unreachable,individual fetch
USGS-02158408,2001-02-17 00:00:00.000001,2026-08-18 00:00:00.000001,897,,,,,897,reachable,screen
USGS-02159500,1929-10-01 00:00:00.000001,2026-08-18 00:00:00.000001,0,0.0,10074.0,1929-10-01,2026-08-18,0,unreachable,individual fetch
USGS-02160000,1940-07-01 00:00:00.000001,1971-09-29 00:00:00.000001,0,0.0,11413.0,1940-07-01,1971-09-29,0,unreachable,individual fetch
USGS-02160105,1973-10-01 00:00:00.000001,2026-02-10 00:00:00.000001,1826,,,,,1826,reachable,screen
USGS-02160300,,,0,0.0,0.0,,,0,unreachable,individual fetch
USGS-02160325,2004-08-10 00:00:00.000001,2026-08-17 00:00:00.000001,1826,,,,,1826,reachable,screen
USGS-02160326,1993-03-10 00:00:00.000001,2026-08-18 00:00:00.000001,1826,,,,,1826,reachable,screen
USGS-02160381,1994-07-06 00:00:00.000001,2026-08-18 00:00:00.000001,1826,,,,,1826,reachable,screen
USGS-02160390,1993-02-09 00:00:00.000001,2026-08-18 00:00:00.000001,1826,,,,,1826,reachable,screen
USGS-02160700,1973-10-01 00:00:00.000001,2026-08-18 00:00:00.000001,1826,,,,,1826,reachable,screen
USGS-02161000,1896-10-01 00:00:00.000001,2026-08-17 00:00:00.000001,1826,,,,,1826,reachable,screen
USGS-02162035,2011-07-02 00:00:00.000001,2026-08-18 00:00:00.000001,1826,,,,,1826,reachable,screen
USGS-02162093,1976-07-12 00:00:00.000001,2026-08-18 00:00:00.000001,1826,,,,,1826,reachable,screen
USGS-021622845,2017-02-08 00:00:00.000001,2026-08-19 00:00:00.000001,1826,,,,,1826,reachable,screen
USGS-021622847,2017-02-09 00:00:00.000001,2026-08-19 00:00:00.000001,1826,,,,,1826,reachable,screen
USGS-02162287,2017-03-02 00:00:00.000001,2026-08-18 00:00:00.000001,1826,,,,,1826,reachable,screen
USGS-02162290,2000-02-09 00:00:00.000001,2026-08-17 00:00:00.000001,1826,,,,,1826,reachable,screen
USGS-02162350,1980-10-01 00:00:00.000001,2026-08-18 00:00:00.000001,1826,,,,,1826,reachable,screen
USGS-021623950,2017-02-02 00:00:00.000001,2026-08-19 00:00:00.000001,1826,,,,,1826,reachable,screen
USGS-021623957,2016-12-19 00:00:00.000001,2026-08-18 00:00:00.000001,1826,,,,,1826,reachable,screen
USGS-021623975,2011-01-28 00:00:00.000001,2026-08-18 00:00:00.000001,1826,,,,,1826,reachable,screen
USGS-021624101,2023-11-07 00:00:00.000001,2026-08-18 00:00:00.000001,0,0.0,1016.0,2023-11-07,2026-08-18,0,unreachable,individual fetch
USGS-02162500,1942-01-09 00:00:00.000001,2026-08-18 00:00:00.000001,1826,,,,,1826,reachable,screen
USGS-02162550,2022-08-19 00:00:00.000001,2026-08-18 00:00:00.000001,135,,,,,135,reachable,screen
USGS-02163001,1995-05-02 00:00:00.000001,2026-08-18 00:00:00.000001,1826,,,,,1826,reachable,screen
USGS-02163500,1939-03-24 00:00:00.000001,2026-08-18 00:00:00.000001,1826,,,,,1826,reachable,screen
USGS-02164000,1941-11-21 00:00:00.000001,2026-08-18 00:00:00.000001,1826,,,,,1826,reachable,screen
USGS-02164110,1993-09-01 00:00:00.000001,2026-08-17 00:00:00.000001,1826,,,,,1826,reachable,screen
USGS-021650905,2004-11-25 00:00:00.000001,2026-08-17 00:00:00.000001,1821,,,,,1821,reachable,screen
USGS-02165200,1967-01-25 00:00:00.000001,2026-08-18 00:00:00.000001,1826,,,,,1826,reachable,screen
USGS-021652801,2008-08-22 00:00:00.000001,2026-08-18 00:00:00.000001,1826,,,,,1826,reachable,screen
USGS-02166501,1994-10-13 00:00:00.000001,2026-08-17 00:00:00.000001,1825,,,,,1825,reachable,screen
USGS-02167000,1926-10-01 00:00:00.000001,2026-08-18 00:00:00.000001,1826,,,,,1826,reachable,screen
USGS-02167450,1990-03-30 00:00:00.000001,2026-08-18 00:00:00.000001,1826,,,,,1826,reachable,screen
USGS-02167582,1990-02-27 00:00:00.000001,2026-08-18 00:00:00.000001,1826,,,,,1826,reachable,screen
USGS-02167705,1990-03-07 00:00:00.000001,2026-08-05 00:00:00.000001,1667,,,,,1667,reachable,screen
USGS-02168504,1988-10-01 00:00:00.000001,2026-08-17 00:00:00.000001,1826,,,,,1826,reachable,screen
USGS-02168810,2019-12-19 00:00:00.000001,2026-08-17 00:00:00.000001,1093,,,,,1093,reachable,screen
USGS-02169000,1925-08-14 00:00:00.000001,2026-08-17 00:00:00.000001,1826,,,,,1826,reachable,screen
USGS-02169500,1939-10-01 00:00:00.000001,2026-08-17 00:00:00.000001,1826,,,,,1826,reachable,screen
USGS-02169505,2011-05-30 00:00:00.000001,2026-08-18 00:00:00.000001,1554,,,,,1554,reachable,screen
USGS-02169570,1966-10-01 00:00:00.000001,2026-08-17 00:00:00.000001,1826,,,,,1826,reachable,screen
USGS-02169630,1966-07-16 00:00:00.000001,1993-09-29 00:00:00.000001,0,0.0,9938.0,1966-07-16,1993-09-29,0,unreachable,individual fetch
USGS-02171500,1942-05-01 00:00:00.000001,2026-08-18 00:00:00.000001,1814,,,,,1814,reachable,screen
USGS-02171645,1986-10-01 00:00:00.000001,2026-08-18 00:00:00.000001,1805,,,,,1805,reachable,screen
USGS-02171700,,,0,0.0,0.0,,,0,unreachable,individual fetch
USGS-02172002,1978-10-01 00:00:00.000001,2026-08-18 00:00:00.000001,1715,,,,,1715,reachable,screen
USGS-02172040,,,0,0.0,0.0,,,0,unreachable,individual fetch
USGS-021720677,,,0,0.0,0.0,,,0,unreachable,individual fetch
USGS-021720698,,,0,0.0,0.0,,,0,unreachable,individual fetch
USGS-02172300,1995-10-01 00:00:00.000001,2026-08-18 00:00:00.000001,1826,,,,,1826,reachable,screen
USGS-02172558,2014-10-10 00:00:00.000001,2026-08-18 00:00:00.000001,1826,,,,,1826,reachable,screen
USGS-02172640,1980-10-01 00:00:00.000001,2000-09-29 00:00:00.000001,0,0.0,6967.0,1980-10-01,2000-09-29,0,unreachable,individual fetch
USGS-02173000,1931-08-04 00:00:00.000001,2026-08-18 00:00:00.000001,1826,,,,,1826,reachable,screen
USGS-02173030,1991-06-29 00:00:00.000001,2026-08-17 00:00:00.000001,1826,,,,,1826,reachable,screen
USGS-02173051,1991-04-09 00:00:00.000001,2026-08-18 00:00:00.000001,1826,,,,,1826,reachable,screen
USGS-02173212,2008-04-08 00:00:00.000001,2026-08-18 00:00:00.000001,1826,,,,,1826,reachable,screen
USGS-02173299,2020-04-18 00:00:00.000001,2026-08-17 00:00:00.000001,988,,,,,988,reachable,screen
USGS-02173500,1938-12-01 00:00:00.000001,2026-08-17 00:00:00.000001,1826,,,,,1826,reachable,screen
USGS-02174000,1945-10-01 00:00:00.000001,2026-08-18 00:00:00.000001,1003,,,,,1003,reachable,screen
USGS-02174055,2022-02-03 00:00:00.000001,2026-08-18 00:00:00.000001,332,,,,,332,reachable,screen
USGS-02174250,,,0,0.0,0.0,,,0,unreachable,individual fetch
USGS-02175000,1939-01-01 00:00:00.000001,2026-08-18 00:00:00.000001,1826,,,,,1826,reachable,screen
USGS-02175148,,,0,0.0,0.0,,,0,unreachable,individual fetch
USGS-02175500,1951-02-14 00:00:00.000001,2026-08-18 00:00:00.000001,1826,,,,,1826,reachable,screen
USGS-02176500,1951-02-13 00:00:00.000001,2026-08-18 00:00:00.000001,1826,,,,,1826,reachable,screen
USGS-02176930,2009-09-18 00:00:00.000001,2026-08-19 00:00:00.000001,1826,,,,,1826,reachable,screen
USGS-02177000,1939-10-01 00:00:00.000001,2026-08-18 00:00:00.000001,1826,,,,,1826,reachable,screen
USGS-02178400,1964-07-15 00:00:00.000001,2026-08-17 00:00:00.000001,1826,,,,,1826,reachable,screen
USGS-02180400,2020-07-29 00:00:00.000001,2026-08-19 00:00:00.000001,886,,,,,886,reachable,screen
USGS-02181350,2014-11-21 00:00:00.000001,2026-08-18 00:00:00.000001,1826,,,,,1826,reachable,screen
USGS-02181580,1997-11-15 00:00:00.000001,2026-08-18 00:00:00.000001,1825,,,,,1825,reachable,screen
USGS-02185010,2020-06-26 00:00:00.000001,2026-08-18 00:00:00.000001,918,,,,,918,reachable,screen
USGS-02185200,1967-03-04 00:00:00.000001,2003-09-30 00:00:00.000001,0,0.0,26719.0,1967-03-04,2003-09-30,0,unreachable,individual fetch
USGS-02186000,1954-08-01 00:00:00.000001,2026-08-17 00:00:00.000001,1826,,,,,1826,reachable,screen
USGS-02186645,1989-04-01 00:00:00.000001,2026-08-19 00:00:00.000001,0,0.0,6495.0,1989-04-01,2026-08-19,0,unreachable,individual fetch
USGS-02186702,2012-10-10 00:00:00.000001,2026-08-18 00:00:00.000001,1826,,,,,1826,reachable,screen
USGS-02187910,1989-05-25 00:00:00.000001,2026-08-17 00:00:00.000001,1826,,,,,1826,reachable,screen
USGS-02188600,1986-10-01 00:00:00.000001,2026-08-17 00:00:00.000001,1826,,,,,1826,reachable,screen
USGS-02191227,2014-09-10 00:00:00.000001,2026-08-17 00:00:00.000001,1826,,,,,1826,reachable,screen
USGS-02191300,1897-07-01 00:00:00.000001,2026-08-18 00:00:00.000001,1826,,,,,1826,reachable,screen
USGS-02192000,1926-11-01 00:00:00.000001,2026-08-18 00:00:00.000001,1826,,,,,1826,reachable,screen
USGS-02192500,1940-01-01 00:00:00.000001,2026-08-17 00:00:00.000001,1826,,,,,1826,reachable,screen
USGS-02193340,1986-04-16 00:00:00.000001,2026-08-18 00:00:00.000001,1826,,,,,1826,reachable,screen
USGS-02193500,1949-10-01 00:00:00.000001,2026-08-17 00:00:00.000001,1826,,,,,1826,reachable,screen
USGS-02195150,,,0,0.0,0.0,,,0,unreachable,individual fetch
USGS-02195320,2004-12-28 00:00:00.000001,2026-08-18 00:00:00.000001,1826,,,,,1826,reachable,screen
USGS-02195470,2022-09-29 00:00:00.000001,2026-08-17 00:00:00.000001,94,,,,,94,reachable,screen
USGS-02196000,1929-11-01 00:00:00.000001,2026-08-18 00:00:00.000001,1826,,,,,1826,reachable,screen
USGS-02196485,1996-10-01 00:00:00.000001,2026-08-18 00:00:00.000001,1786,,,,,1786,reachable,screen
USGS-02196670,,,0,0.0,0.0,,,0,unreachable,individual fetch
USGS-02196689,1989-10-01 00:00:00.000001,2003-01-27 00:00:00.000001,0,0.0,4190.0,1989-10-01,2003-01-27,0,unreachable,individual fetch
USGS-02196690,2005-04-06 00:00:00.000001,2024-09-24 00:00:00.000001,1826,,,,,1826,reachable,screen
USGS-02196835,2001-10-01 00:00:00.000001,2026-08-18 00:00:00.000001,527,,,,,527,reachable,screen
USGS-021968385,2018-05-24 00:00:00.000001,2026-08-18 00:00:00.000001,1683,,,,,1683,reachable,screen
USGS-02197000,1883-10-01 00:00:00.000001,2026-08-17 00:00:00.000001,1826,,,,,1826,reachable,screen
USGS-02197020,2001-10-01 00:00:00.000001,2026-08-18 00:00:00.000001,1826,,,,,1826,reachable,screen
USGS-02197300,1966-06-10 00:00:00.000001,2002-09-29 00:00:00.000001,0,0.0,13261.0,1966-06-10,2002-09-29,0,unreachable,individual fetch
USGS-021973269,2005-01-22 00:00:00.000001,2026-08-18 00:00:00.000001,1602,,,,,1602,reachable,screen
USGS-02197500,1939-10-01 00:00:00.000001,2026-08-18 00:00:00.000001,1826,,,,,1826,reachable,screen
USGS-02197598,2005-06-15 00:00:00.000001,2026-08-18 00:00:00.000001,1826,,,,,1826,reachable,screen
USGS-02197830,1969-07-01 00:00:00.000001,2026-08-18 00:00:00.000001,1826,,,,,1826,reachable,screen
USGS-02198000,1937-04-14 00:00:00.000001,2026-08-17 00:00:00.000001,1826,,,,,1826,reachable,screen
USGS-02198100,1986-06-07 00:00:00.000001,2026-08-18 00:00:00.000001,1826,,,,,1826,reachable,screen
USGS-02198500,1929-10-01 00:00:00.000001,2026-08-18 00:00:00.000001,1825,,,,,1825,reachable,screen
USGS-02198690,2017-03-21 00:00:00.000001,2026-08-17 00:00:00.000001,1826,,,,,1826,reachable,screen
USGS-02198810,,,0,0.0,0.0,,,0,unreachable,individual fetch
USGS-02198840,,,0,0.0,0.0,,,0,unreachable,individual fetch
USGS-02198920,,,0,0.0,0.0,,,0,unreachable,individual fetch
USGS-02198950,,,0,0.0,0.0,,,0,unreachable,individual fetch
USGS-02198955,,,0,0.0,0.0,,,0,unreachable,individual fetch
USGS-021989773,,,0,0.0,0.0,,,0,unreachable,individual fetch
USGS-021989792,,,0,0.0,0.0,,,0,unreachable,individual fetch
USGS-02198980,,,0,0.0,0.0,,,0,unreachable,individual fetch
USGS-02200120,2009-12-17 00:00:00.000001,2026-08-18 00:00:00.000001,1826,,,,,1826,reachable,screen
USGS-02201000,1980-05-07 00:00:00.000001,2026-08-18 00:00:00.000001,1826,,,,,1826,reachable,screen
USGS-02201230,2003-02-27 00:00:00.000001,2026-08-17 00:00:00.000001,1826,,,,,1826,reachable,screen
USGS-02202040,2002-09-27 00:00:00.000001,2026-08-18 00:00:00.000001,1826,,,,,1826,reachable,screen
USGS-02202190,2009-06-17 00:00:00.000001,2026-08-18 00:00:00.000001,1826,,,,,1826,reachable,screen
USGS-02202500,1937-04-27 00:00:00.000001,2026-08-17 00:00:00.000001,1826,,,,,1826,reachable,screen
USGS-02202600,1980-02-14 00:00:00.000001,2026-08-17 00:00:00.000001,1826,,,,,1826,reachable,screen
USGS-02202680,2009-12-17 00:00:00.000001,2026-08-18 00:00:00.000001,1826,,,,,1826,reachable,screen
USGS-02203000,1937-05-26 00:00:00.000001,2026-08-18 00:00:00.000001,1826,,,,,1826,reachable,screen
USGS-02203518,2009-06-10 00:00:00.000001,2026-08-18 00:00:00.000001,1826,,,,,1826,reachable,screen
USGS-02203536,,,0,0.0,0.0,,,0,unreachable,individual fetch
USGS-02203557,2007-10-19 00:00:00.000001,2026-06-22 00:00:00.000001,1826,,,,,1826,reachable,screen
USGS-02203655,2002-11-20 00:00:00.000001,2026-08-17 00:00:00.000001,1826,,,,,1826,reachable,screen
USGS-02203800,2024-05-29 00:00:00.000001,2026-08-19 00:00:00.000001,0,0.0,810.0,2024-05-29,2026-08-19,0,unreachable,individual fetch
USGS-02203831,2012-04-11 00:00:00.000001,2026-08-17 00:00:00.000001,1826,,,,,1826,reachable,screen
USGS-02203863,2010-02-10 00:00:00.000001,2026-08-17 00:00:00.000001,1824,,,,,1824,reachable,screen
USGS-02203873,2013-01-01 00:00:00.000001,2026-08-18 00:00:00.000001,1826,,,,,1826,reachable,screen
USGS-02203900,1979-08-23 00:00:00.000001,2026-08-18 00:00:00.000001,1826,,,,,1826,reachable,screen
USGS-02203950,2010-02-13 00:00:00.000001,2026-08-18 00:00:00.000001,1826,,,,,1826,reachable,screen
USGS-02203960,2012-02-24 00:00:00.000001,2026-08-17 00:00:00.000001,1826,,,,,1826,reachable,screen
USGS-02204037,2012-05-08 00:00:00.000001,2026-08-18 00:00:00.000001,1826,,,,,1826,reachable,screen
USGS-02204070,1983-10-01 00:00:00.000001,2026-08-18 00:00:00.000001,1826,,,,,1826,reachable,screen
USGS-02204130,2002-11-02 00:00:00.000001,2026-08-18 00:00:00.000001,1826,,,,,1826,reachable,screen
USGS-02204285,1977-08-09 00:00:00.000001,2026-08-18 00:00:00.000001,1826,,,,,1826,reachable,screen
USGS-02204520,2010-04-30 00:00:00.000001,2026-08-18 00:00:00.000001,1825,,,,,1825,reachable,screen
USGS-02205522,2003-03-28 00:00:00.000001,2026-08-17 00:00:00.000001,0,0.0,5754.0,2003-03-28,2026-08-18,0,unreachable,individual fetch
USGS-02205865,2010-02-26 00:00:00.000001,2026-08-17 00:00:00.000001,1826,,,,,1826,reachable,screen
USGS-02206500,1942-10-01 00:00:00.000001,2026-08-17 00:00:00.000001,1826,,,,,1826,reachable,screen
USGS-02207120,1996-05-18 00:00:00.000001,2026-08-17 00:00:00.000001,1826,,,,,1826,reachable,screen
USGS-02207135,2012-11-02 00:00:00.000001,2026-08-18 00:00:00.000001,1826,,,,,1826,reachable,screen
USGS-02207160,2013-07-30 00:00:00.000001,2026-08-17 00:00:00.000001,1826,,,,,1826,reachable,screen
USGS-02207185,2001-03-01 00:00:00.000001,2026-08-18 00:00:00.000001,1826,,,,,1826,reachable,screen
USGS-02207220,2002-11-27 00:00:00.000001,2026-08-18 00:00:00.000001,1826,,,,,1826,reachable,screen
USGS-02207335,2001-11-01 00:00:00.000001,2026-08-18 00:00:00.000001,1826,,,,,1826,reachable,screen
USGS-02207385,1998-10-05 00:00:00.000001,2026-08-17 00:00:00.000001,1826,,,,,1826,reachable,screen
USGS-02207400,1998-10-20 00:00:00.000001,2026-08-17 00:00:00.000001,1826,,,,,1826,reachable,screen
USGS-02207418,2001-10-12 00:00:00.000001,2026-08-17 00:00:00.000001,1826,,,,,1826,reachable,screen
USGS-02207435,2001-10-16 00:00:00.000001,2026-08-18 00:00:00.000001,1826,,,,,1826,reachable,screen
USGS-02207448,2002-06-22 00:00:00.000001,2026-08-17 00:00:00.000001,0,0.0,6733.0,2002-06-22,2026-08-18,0,unreachable,individual fetch
USGS-02208000,2009-11-18 00:00:00.000001,2026-08-17 00:00:00.000001,1826,,,,,1826,reachable,screen
USGS-02208050,,,0,0.0,0.0,,,0,unreachable,individual fetch
USGS-02208130,2006-10-01 00:00:00.000001,2026-07-24 00:00:00.000001,0,0.0,3899.0,2006-10-01,2026-07-24,0,unreachable,individual fetch
USGS-02208150,2001-03-07 00:00:00.000001,2026-08-18 00:00:00.000001,1826,,,,,1826,reachable,screen
USGS-02208450,1972-01-26 00:00:00.000001,2026-08-17 00:00:00.000001,1826,,,,,1826,reachable,screen
USGS-02208485,2014-09-10 00:00:00.000001,2026-08-18 00:00:00.000001,1826,,,,,1826,reachable,screen
USGS-02208487,2014-09-10 00:00:00.000001,2026-08-18 00:00:00.000001,1826,,,,,1826,reachable,screen
USGS-02208493,2010-09-09 00:00:00.000001,2026-08-18 00:00:00.000001,1826,,,,,1826,reachable,screen
USGS-02209000,1928-10-01 00:00:00.000001,2026-08-17 00:00:00.000001,1826,,,,,1826,reachable,screen
USGS-02209360,2010-05-07 00:00:00.000001,2026-08-18 00:00:00.000001,1826,,,,,1826,reachable,screen
USGS-02210500,1906-05-18 00:00:00.000001,2026-08-18 00:00:00.000001,1826,,,,,1826,reachable,screen
USGS-02211375,2003-10-17 00:00:00.000001,2026-08-18 00:00:00.000001,1826,,,,,1826,reachable,screen
USGS-02211800,2009-05-14 00:00:00.000001,2026-08-18 00:00:00.000001,1826,,,,,1826,reachable,screen
USGS-02212600,1964-07-07 00:00:00.000001,2026-08-18 00:00:00.000001,1826,,,,,1826,reachable,screen
USGS-02212735,2009-06-24 00:00:00.000001,2026-08-18 00:00:00.000001,1826,,,,,1826,reachable,screen
USGS-02213000,1893-02-01 00:00:00.000001,2026-08-18 00:00:00.000001,1826,,,,,1826,reachable,screen
USGS-02213500,1937-04-01 00:00:00.000001,2026-08-18 00:00:00.000001,1826,,,,,1826,reachable,screen
USGS-02214075,2009-12-10 00:00:00.000001,2026-08-17 00:00:00.000001,1826,,,,,1826,reachable,screen
USGS-02214590,2009-12-10 00:00:00.000001,2026-08-17 00:00:00.000001,1826,,,,,1826,reachable,screen
USGS-02215000,1928-10-01 00:00:00.000001,2026-08-18 00:00:00.000001,1826,,,,,1826,reachable,screen
USGS-02215100,1986-04-01 00:00:00.000001,2026-08-18 00:00:00.000001,1826,,,,,1826,reachable,screen
USGS-02215260,2009-10-08 00:00:00.000001,2026-08-18 00:00:00.000001,1826,,,,,1826,reachable,screen
USGS-02215500,1936-10-01 00:00:00.000001,2026-08-17 00:00:00.000001,1826,,,,,1826,reachable,screen
USGS-02215900,2009-11-18 00:00:00.000001,2026-08-17 00:00:00.000001,1826,,,,,1826,reachable,screen
USGS-02216180,1983-01-01 00:00:00.000001,2026-08-17 00:00:00.000001,1826,,,,,1826,reachable,screen
USGS-02217274,2001-06-29 00:00:00.000001,2026-08-17 00:00:00.000001,1826,,,,,1826,reachable,screen
USGS-02217297,2007-07-18 00:00:00.000001,2026-08-17 00:00:00.000001,1826,,,,,1826,reachable,screen
USGS-02217475,1987-03-01 00:00:00.000001,2026-08-18 00:00:00.000001,1826,,,,,1826,reachable,screen
USGS-02217500,1901-10-01 00:00:00.000001,2026-08-18 00:00:00.000001,1826,,,,,1826,reachable,screen
USGS-02217615,2009-11-21 00:00:00.000001,2026-08-18 00:00:00.000001,1826,,,,,1826,reachable,screen
USGS-02217643,2012-09-21 00:00:00.000001,2026-08-18 00:00:00.000001,1826,,,,,1826,reachable,screen
USGS-02217770,2002-08-10 00:00:00.000001,2026-08-18 00:00:00.000001,1826,,,,,1826,reachable,screen
USGS-02218300,1977-08-01 00:00:00.000001,2026-08-18 00:00:00.000001,1826,,,,,1826,reachable,screen
USGS-02218565,2001-07-13 00:00:00.000001,2026-08-18 00:00:00.000001,1826,,,,,1826,reachable,screen
USGS-02218900,2020-02-21 00:00:00.000001,2026-08-19 00:00:00.000001,1045,,,,,1045,reachable,screen
USGS-02219000,1944-07-01 00:00:00.000001,2026-08-18 00:00:00.000001,1826,,,,,1826,reachable,screen
USGS-02220788,2010-09-09 00:00:00.000001,2026-08-18 00:00:00.000001,1826,,,,,1826,reachable,screen
USGS-02220900,1977-08-01 00:00:00.000001,2026-08-18 00:00:00.000001,1826,,,,,1826,reachable,screen
USGS-02221525,1977-04-27 00:00:00.000001,2026-08-18 00:00:00.000001,1825,,,,,1825,reachable,screen
USGS-02223000,1903-09-01 00:00:00.000001,2026-08-18 00:00:00.000001,1826,,,,,1826,reachable,screen
USGS-02223056,1992-11-04 00:00:00.000001,2026-08-18 00:00:00.000001,1719,,,,,1719,reachable,screen
USGS-02223110,1993-01-28 00:00:00.000001,2026-08-18 00:00:00.000001,1824,,,,,1824,reachable,screen
USGS-02223190,2009-06-11 00:00:00.000001,2026-08-17 00:00:00.000001,1826,,,,,1826,reachable,screen
USGS-02223248,1992-11-01 00:00:00.000001,2026-08-18 00:00:00.000001,1824,,,,,1824,reachable,screen
USGS-02223360,2009-06-20 00:00:00.000001,2026-08-18 00:00:00.000001,1826,,,,,1826,reachable,screen
USGS-02223382,1992-11-04 00:00:00.000001,1996-10-02 00:00:00.000001,0,0.0,1126.0,1992-11-04,1996-10-02,0,unreachable,individual fetch
USGS-02223500,1897-10-01 00:00:00.000001,2026-08-18 00:00:00.000001,1826,,,,,1826,reachable,screen
USGS-02224500,1937-10-01 00:00:00.000001,2026-08-17 00:00:00.000001,1826,,,,,1826,reachable,screen
USGS-02224940,2008-12-12 00:00:00.000001,2026-08-18 00:00:00.000001,1825,,,,,1825,reachable,screen
USGS-02225000,1949-08-14 00:00:00.000001,2026-08-18 00:00:00.000001,1826,,,,,1826,reachable,screen
USGS-02225270,2009-06-05 00:00:00.000001,2026-08-18 00:00:00.000001,1826,,,,,1826,reachable,screen
USGS-02225500,1903-06-24 00:00:00.000001,2026-08-17 00:00:00.000001,1826,,,,,1826,reachable,screen
USGS-02226000,1931-10-01 00:00:00.000001,2026-08-18 00:00:00.000001,1826,,,,,1826,reachable,screen
USGS-02226160,,,0,0.0,0.0,,,0,unreachable,individual fetch
USGS-02226362,2009-06-30 00:00:00.000001,2026-08-18 00:00:00.000001,1826,,,,,1826,reachable,screen
USGS-02226500,1937-03-29 00:00:00.000001,2026-08-18 00:00:00.000001,1826,,,,,1826,reachable,screen
USGS-02227270,2009-10-01 00:00:00.000001,2026-08-17 00:00:00.000001,1826,,,,,1826,reachable,screen
USGS-02227500,1951-01-27 00:00:00.000001,2026-08-18 00:00:00.000001,1826,,,,,1826,reachable,screen
USGS-02228000,1930-03-21 00:00:00.000001,2026-08-18 00:00:00.000001,1826,,,,,1826,reachable,screen
USGS-02228070,,,0,0.0,0.0,,,0,unreachable,individual fetch
USGS-02228500,1921-01-26 00:00:00.000001,2026-08-18 00:00:00.000001,1826,,,,,1826,reachable,screen
USGS-02231000,1926-10-01 00:00:00.000001,2026-08-17 00:00:00.000001,1826,,,,,1826,reachable,screen
USGS-02231175,,,0,0.0,0.0,,,0,unreachable,individual fetch
USGS-02231254,,,0,0.0,0.0,,,0,unreachable,individual fetch
USGS-02231291,2013-09-12 00:00:00.000001,2026-08-17 00:00:00.000001,1759,,,,,1759,reachable,screen
USGS-02231322,2016-09-20 00:00:00.000001,2025-11-18 00:00:00.000001,1809,,,,,1809,reachable,screen
USGS-02231342,1977-06-01 00:00:00.000001,2026-08-17 00:00:00.000001,1826,,,,,1826,reachable,screen
USGS-02231396,1995-12-14 00:00:00.000001,2026-08-17 00:00:00.000001,1826,,,,,1826,reachable,screen
USGS-02231600,1953-10-01 00:00:00.000001,2026-08-17 00:00:00.000001,1826,,,,,1826,reachable,screen
USGS-02232000,1939-10-01 00:00:00.000001,2026-08-17 00:00:00.000001,1826,,,,,1826,reachable,screen
USGS-02232155,1994-08-16 00:00:00.000001,2025-11-17 00:00:00.000001,1694,,,,,1694,reachable,screen
USGS-02232200,1956-01-01 00:00:00.000001,2026-08-17 00:00:00.000001,1826,,,,,1826,reachable,screen
USGS-02232400,1953-10-01 00:00:00.000001,2026-08-17 00:00:00.000001,1717,,,,,1717,reachable,screen
USGS-02232415,1997-01-15 00:00:00.000001,2026-08-17 00:00:00.000001,1569,,,,,1569,reachable,screen
USGS-02232500,1933-10-01 00:00:00.000001,2026-08-17 00:00:00.000001,1826,,,,,1826,reachable,screen
USGS-02233475,1996-10-01 00:00:00.000001,2026-08-17 00:00:00.000001,1826,,,,,1826,reachable,screen
USGS-02233484,2001-12-04 00:00:00.000001,2026-08-17 00:00:00.000001,1826,,,,,1826,reachable,screen
USGS-02233500,1935-10-01 00:00:00.000001,2026-08-17 00:00:00.000001,1826,,,,,1826,reachable,screen
USGS-02234000,1981-10-01 00:00:00.000001,2026-08-17 00:00:00.000001,1826,,,,,1826,reachable,screen
USGS-02234308,1996-10-01 00:00:00.000001,2026-08-17 00:00:00.000001,1467,,,,,1467,reachable,screen
USGS-02234324,1972-02-01 00:00:00.000001,2026-08-18 00:00:00.000001,1826,,,,,1826,reachable,screen
USGS-02234344,1999-06-21 00:00:00.000001,2026-08-17 00:00:00.000001,1826,,,,,1826,reachable,screen
USGS-02234384,1972-02-01 00:00:00.000001,2026-08-17 00:00:00.000001,1826,,,,,1826,reachable,screen
USGS-02234400,1972-01-24 00:00:00.000001,2026-08-17 00:00:00.000001,1826,,,,,1826,reachable,screen
USGS-02234435,1993-01-16 00:00:00.000001,2025-11-19 00:00:00.000001,1793,,,,,1793,reachable,screen
USGS-02234500,1987-05-01 00:00:00.000001,2026-08-17 00:00:00.000001,1826,,,,,1826,reachable,screen
USGS-02234990,1972-02-01 00:00:00.000001,2026-08-17 00:00:00.000001,1826,,,,,1826,reachable,screen
USGS-02235000,1935-10-01 00:00:00.000001,2026-08-17 00:00:00.000001,1826,,,,,1826,reachable,screen
USGS-02235200,1967-08-07 00:00:00.000001,2026-08-17 00:00:00.000001,1826,,,,,1826,reachable,screen
USGS-02236000,1933-10-01 00:00:00.000001,2026-08-18 00:00:00.000001,1826,,,,,1826,reachable,screen
USGS-02236125,1994-02-10 00:00:00.000001,2026-08-18 00:00:00.000001,1826,,,,,1826,reachable,screen
USGS-02236350,1979-07-01 00:00:00.000001,2026-08-17 00:00:00.000001,1826,,,,,1826,reachable,screen
USGS-02236500,1958-07-17 00:00:00.000001,2026-08-17 00:00:00.000001,1825,,,,,1825,reachable,screen
USGS-02236605,2005-06-11 00:00:00.000001,2026-08-17 00:00:00.000001,1826,,,,,1826,reachable,screen
USGS-02236900,1957-03-01 00:00:00.000001,2026-08-17 00:00:00.000001,1826,,,,,1826,reachable,screen
USGS-02237293,1970-01-01 00:00:00.000001,2026-08-17 00:00:00.000001,1826,,,,,1826,reachable,screen
USGS-02237700,1958-07-01 00:00:00.000001,2026-08-17 00:00:00.000001,1825,,,,,1825,reachable,screen
USGS-02237734,1992-01-10 00:00:00.000001,2026-08-17 00:00:00.000001,1826,,,,,1826,reachable,screen
USGS-02238000,,,0,0.0,0.0,,,0,unreachable,individual fetch
USGS-02238500,2008-10-01 00:00:00.000001,2026-08-17 00:00:00.000001,1826,,,,,1826,reachable,screen
USGS-02239000,1930-03-01 00:00:00.000001,2026-08-18 00:00:00.000001,1826,,,,,1826,reachable,screen
USGS-02239501,1932-10-01 00:00:00.000001,2026-08-17 00:00:00.000001,1826,,,,,1826,reachable,screen
USGS-02240000,1930-02-13 00:00:00.000001,2026-08-17 00:00:00.000001,1826,,,,,1826,reachable,screen
USGS-02240500,1930-03-01 00:00:00.000001,2026-08-17 00:00:00.000001,1826,,,,,1826,reachable,screen
USGS-02243000,1942-08-01 00:00:00.000001,2026-08-17 00:00:00.000001,1826,,,,,1826,reachable,screen
USGS-02243960,1968-10-01 00:00:00.000001,2026-08-18 00:00:00.000001,1826,,,,,1826,reachable,screen
USGS-02244040,1992-10-02 00:00:00.000001,2026-08-18 00:00:00.000001,1816,,,,,1816,reachable,screen
USGS-02244333,2010-10-21 00:00:00.000001,2025-11-18 00:00:00.000001,1826,,,,,1826,reachable,screen
USGS-02244440,1978-01-01 00:00:00.000001,2026-08-18 00:00:00.000001,1814,,,,,1814,reachable,screen
USGS-02245260,1992-05-01 00:00:00.000001,2026-08-18 00:00:00.000001,1684,,,,,1684,reachable,screen
USGS-02245500,1939-10-01 00:00:00.000001,2026-08-18 00:00:00.000001,1826,,,,,1826,reachable,screen
USGS-02246000,1931-10-01 00:00:00.000001,2026-08-18 00:00:00.000001,1826,,,,,1826,reachable,screen
USGS-02246160,2026-04-21 00:00:00.000001,2026-08-18 00:00:00.000001,0,0.0,118.0,2026-04-21,2026-08-18,0,unreachable,individual fetch
USGS-022462002,2026-04-21 00:00:00.000001,2026-08-18 00:00:00.000001,0,0.0,120.0,2026-04-21,2026-08-18,0,unreachable,individual fetch
USGS-02246318,2002-03-21 00:00:00.000001,2026-08-18 00:00:00.000001,1826,,,,,1826,reachable,screen
USGS-02246459,1993-11-17 00:00:00.000001,2026-08-13 00:00:00.000001,1790,,,,,1790,reachable,screen
USGS-02246500,1971-10-01 00:00:00.000001,2026-08-17 00:00:00.000001,1808,,,,,1808,reachable,screen
USGS-02246515,1990-01-03 00:00:00.000001,2026-08-18 00:00:00.000001,1826,,,,,1826,reachable,screen
USGS-02246518,2026-04-21 00:00:00.000001,2026-08-18 00:00:00.000001,0,0.0,116.0,2026-04-21,2026-08-18,0,unreachable,individual fetch
USGS-02246621,2016-01-13 00:00:00.000001,2026-08-17 00:00:00.000001,1813,,,,,1813,reachable,screen
USGS-02246751,2015-10-01 00:00:00.000001,2025-12-07 00:00:00.000001,1800,,,,,1800,reachable,screen
USGS-02246804,2016-01-08 00:00:00.000001,2025-10-10 00:00:00.000001,1811,,,,,1811,reachable,screen
USGS-02246825,2015-10-01 00:00:00.000001,2026-08-17 00:00:00.000001,1812,,,,,1812,reachable,screen
USGS-02247222,2001-12-06 00:00:00.000001,2025-11-18 00:00:00.000001,1805,,,,,1805,reachable,screen
USGS-02247510,1964-10-01 00:00:00.000001,2026-08-17 00:00:00.000001,1826,,,,,1826,reachable,screen
USGS-02248000,1951-05-01 00:00:00.000001,2026-08-17 00:00:00.000001,1826,,,,,1826,reachable,screen
USGS-02248380,1995-12-05 00:00:00.000001,2026-08-18 00:00:00.000001,1759,,,,,1759,reachable,screen
USGS-02249007,1991-01-17 00:00:00.000001,2026-08-17 00:00:00.000001,1826,,,,,1826,reachable,screen
USGS-02249500,1951-04-01 00:00:00.000001,2026-08-17 00:00:00.000001,1826,,,,,1826,reachable,screen
USGS-02250030,1981-02-25 00:00:00.000001,2026-08-17 00:00:00.000001,1801,,,,,1801,reachable,screen
USGS-02251000,1993-08-30 00:00:00.000001,2026-08-17 00:00:00.000001,1826,,,,,1826,reachable,screen
USGS-02251500,1987-01-22 00:00:00.000001,2026-08-17 00:00:00.000001,1826,,,,,1826,reachable,screen
USGS-02251767,1991-11-16 00:00:00.000001,2026-08-17 00:00:00.000001,1826,,,,,1826,reachable,screen
USGS-02252500,1950-11-21 00:00:00.000001,2026-08-18 00:00:00.000001,1823,,,,,1823,reachable,screen
USGS-02253000,1949-01-01 00:00:00.000001,2026-08-17 00:00:00.000001,1515,,,,,1515,reachable,screen
USGS-02253500,1950-10-01 00:00:00.000001,2026-08-17 00:00:00.000001,1826,,,,,1826,reachable,screen
USGS-02255600,2003-08-20 00:00:00.000001,2026-08-17 00:00:00.000001,1826,,,,,1826,reachable,screen
USGS-02256500,1931-04-22 00:00:00.000001,2026-08-17 00:00:00.000001,1826,,,,,1826,reachable,screen
USGS-02257000,1997-05-09 00:00:00.000001,2026-08-17 00:00:00.000001,1820,,,,,1820,reachable,screen
USGS-02257750,2017-02-04 00:00:00.000001,2026-08-18 00:00:00.000001,1826,,,,,1826,reachable,screen
USGS-02257790,2017-02-09 00:00:00.000001,2026-08-18 00:00:00.000001,1826,,,,,1826,reachable,screen
USGS-02258800,2017-12-01 00:00:00.000001,2026-08-17 00:00:00.000001,1825,,,,,1825,reachable,screen
USGS-02259100,2017-02-02 00:00:00.000001,2026-08-18 00:00:00.000001,1826,,,,,1826,reachable,screen
USGS-02262900,1959-09-01 00:00:00.000001,2026-08-17 00:00:00.000001,1826,,,,,1826,reachable,screen
USGS-02263800,1958-10-01 00:00:00.000001,2026-08-17 00:00:00.000001,1826,,,,,1826,reachable,screen
USGS-02263869,1972-06-16 00:00:00.000001,2026-08-18 00:00:00.000001,1826,,,,,1826,reachable,screen
USGS-02264000,1945-08-01 00:00:00.000001,2026-08-18 00:00:00.000001,1826,,,,,1826,reachable,screen
USGS-02264003,2002-10-01 00:00:00.000001,2026-08-17 00:00:00.000001,1826,,,,,1826,reachable,screen
USGS-02264030,2010-10-01 00:00:00.000001,2026-08-18 00:00:00.000001,1710,,,,,1710,reachable,screen
USGS-02264051,1986-10-01 00:00:00.000001,2026-08-17 00:00:00.000001,1826,,,,,1826,reachable,screen
USGS-02264060,1986-10-01 00:00:00.000001,2026-08-18 00:00:00.000001,1826,,,,,1826,reachable,screen
USGS-02264100,1966-05-03 00:00:00.000001,2026-08-18 00:00:00.000001,1826,,,,,1826,reachable,screen
USGS-02264141,2008-11-19 00:00:00.000001,2026-08-18 00:00:00.000001,1826,,,,,1826,reachable,screen
USGS-02264495,1968-10-01 00:00:00.000001,2026-08-18 00:00:00.000001,1826,,,,,1826,reachable,screen
USGS-02266025,1986-10-01 00:00:00.000001,2026-08-17 00:00:00.000001,1825,,,,,1825,reachable,screen
USGS-02266200,1966-05-04 00:00:00.000001,2026-08-18 00:00:00.000001,1826,,,,,1826,reachable,screen
USGS-02266205,1986-10-01 00:00:00.000001,2026-08-18 00:00:00.000001,1826,,,,,1826,reachable,screen
USGS-02266291,1986-10-01 00:00:00.000001,2026-08-17 00:00:00.000001,1826,,,,,1826,reachable,screen
USGS-02266293,2011-12-13 00:00:00.000001,2025-11-20 00:00:00.000001,1826,,,,,1826,reachable,screen
USGS-02266295,1986-10-01 00:00:00.000001,2026-08-18 00:00:00.000001,1820,,,,,1820,reachable,screen
USGS-02266299,2022-10-13 00:00:00.000001,2026-08-19 00:00:00.000001,80,,,,,80,reachable,screen
USGS-02266300,1966-05-03 00:00:00.000001,2026-08-17 00:00:00.000001,1826,,,,,1826,reachable,screen
USGS-02266480,1969-02-01 00:00:00.000001,2026-08-18 00:00:00.000001,1826,,,,,1826,reachable,screen
USGS-02266496,1989-10-01 00:00:00.000001,2026-08-18 00:00:00.000001,1826,,,,,1826,reachable,screen
USGS-02266500,1939-10-01 00:00:00.000001,2026-08-18 00:00:00.000001,1826,,,,,1826,reachable,screen
USGS-02268390,1991-04-01 00:00:00.000001,2026-08-18 00:00:00.000001,1658,,,,,1658,reachable,screen
USGS-02269520,1991-03-01 00:00:00.000001,2026-08-18 00:00:00.000001,1826,,,,,1826,reachable,screen
USGS-02270000,1954-10-01 00:00:00.000001,2026-08-18 00:00:00.000001,1826,,,,,1826,reachable,screen
USGS-02270500,1939-06-21 00:00:00.000001,2026-08-17 00:00:00.000001,1777,,,,,1777,reachable,screen
USGS-02271500,1946-10-01 00:00:00.000001,2026-08-18 00:00:00.000001,1826,,,,,1826,reachable,screen
USGS-02272650,2003-10-01 00:00:00.000001,2025-11-19 00:00:00.000001,1826,,,,,1826,reachable,screen
USGS-02272676,2003-09-25 00:00:00.000001,2026-08-18 00:00:00.000001,1826,,,,,1826,reachable,screen
USGS-02273230,2003-08-19 00:00:00.000001,2025-11-18 00:00:00.000001,1809,,,,,1809,reachable,screen
USGS-02273630,2003-10-10 00:00:00.000001,2026-08-17 00:00:00.000001,1826,,,,,1826,reachable,screen
USGS-02274005,2003-07-10 00:00:00.000001,2026-08-17 00:00:00.000001,1732,,,,,1732,reachable,screen
USGS-02274010,2003-08-07 00:00:00.000001,2026-08-17 00:00:00.000001,1826,,,,,1826,reachable,screen
USGS-02274325,2004-08-12 00:00:00.000001,2026-08-18 00:00:00.000001,1741,,,,,1741,reachable,screen
USGS-02274490,2003-09-04 00:00:00.000001,2026-08-17 00:00:00.000001,1826,,,,,1826,reachable,screen
USGS-02274505,2003-10-01 00:00:00.000001,2026-08-17 00:00:00.000001,1826,,,,,1826,reachable,screen
USGS-02275197,2003-10-01 00:00:00.000001,2026-08-17 00:00:00.000001,1826,,,,,1826,reachable,screen
USGS-02276877,1931-04-01 00:00:00.000001,2026-08-18 00:00:00.000001,1804,,,,,1804,reachable,screen
USGS-02276998,2017-07-15 00:00:00.000001,2026-08-18 00:00:00.000001,1824,,,,,1824,reachable,screen
USGS-02277600,1971-04-01 00:00:00.000001,2026-08-18 00:00:00.000001,1826,,,,,1826,reachable,screen
USGS-02280500,1957-03-22 00:00:00.000001,2026-08-17 00:00:00.000001,1771,,,,,1771,reachable,screen
USGS-02281200,1957-10-01 00:00:00.000001,2026-08-17 00:00:00.000001,1806,,,,,1806,reachable,screen
USGS-02283500,1957-02-01 00:00:00.000001,2026-08-18 00:00:00.000001,1788,,,,,1788,reachable,screen
USGS-02286400,1957-10-01 00:00:00.000001,2026-08-18 00:00:00.000001,1808,,,,,1808,reachable,screen
USGS-02287497,1991-02-06 00:00:00.000001,2026-08-18 00:00:00.000001,1824,,,,,1824,reachable,screen
USGS-02288800,1960-09-01 00:00:00.000001,2025-05-15 00:00:00.000001,1826,,,,,1826,reachable,screen
USGS-02288900,1963-10-01 00:00:00.000001,2025-05-15 00:00:00.000001,1826,,,,,1826,reachable,screen
USGS-02289019,1963-10-01 00:00:00.000001,2026-08-18 00:00:00.000001,1826,,,,,1826,reachable,screen
USGS-02289035,2012-09-28 00:00:00.000001,2026-08-18 00:00:00.000001,1792,,,,,1792,reachable,screen
USGS-02289041,1963-10-01 00:00:00.000001,2026-08-18 00:00:00.000001,1826,,,,,1826,reachable,screen
USGS-02289054,2018-11-06 00:00:00.000001,2025-09-08 00:00:00.000001,1505,,,,,1505,reachable,screen
USGS-02289056,2018-11-07 00:00:00.000001,2025-09-08 00:00:00.000001,1512,,,,,1512,reachable,screen
USGS-02289060,1963-10-01 00:00:00.000001,2025-05-16 00:00:00.000001,1826,,,,,1826,reachable,screen
USGS-02289080,2014-12-24 00:00:00.000001,2025-05-16 00:00:00.000001,1826,,,,,1826,reachable,screen
USGS-02289085,2014-12-19 00:00:00.000001,2025-09-15 00:00:00.000001,1823,,,,,1823,reachable,screen
USGS-02289500,1940-02-01 00:00:00.000001,2026-08-18 00:00:00.000001,1697,,,,,1697,reachable,screen
USGS-022907085,2014-10-22 00:00:00.000001,2025-06-17 00:00:00.000001,1777,,,,,1777,reachable,screen
USGS-0229070854,,,0,0.0,0.0,,,0,unreachable,individual fetch
USGS-022907647,1992-02-28 00:00:00.000001,2026-08-17 00:00:00.000001,1806,,,,,1806,reachable,screen
USGS-02290765,1992-03-01 00:00:00.000001,2026-08-18 00:00:00.000001,1825,,,,,1825,reachable,screen
USGS-02290766,1994-06-11 00:00:00.000001,2026-08-17 00:00:00.000001,1820,,,,,1820,reachable,screen
USGS-02290767,1994-06-16 00:00:00.000001,2026-08-18 00:00:00.000001,1826,,,,,1826,reachable,screen
USGS-02290768,1994-06-16 00:00:00.000001,2026-08-18 00:00:00.000001,1824,,,,,1824,reachable,screen
USGS-02290769,1968-10-01 00:00:00.000001,2026-08-18 00:00:00.000001,1653,,,,,1653,reachable,screen
USGS-022908205,,,0,0.0,0.0,,,0,unreachable,individual fetch
USGS-022908295,2003-10-27 00:00:00.000001,2026-08-17 00:00:00.000001,1774,,,,,1774,reachable,screen
USGS-02290878,2001-02-23 00:00:00.000001,2026-08-18 00:00:00.000001,1803,,,,,1803,reachable,screen
USGS-02290888,2001-03-29 00:00:00.000001,2025-11-09 00:00:00.000001,1594,,,,,1594,reachable,screen
USGS-02290918,2001-03-27 00:00:00.000001,2026-08-18 00:00:00.000001,1809,,,,,1809,reachable,screen
USGS-02291001,2013-07-16 00:00:00.000001,2026-01-06 00:00:00.000001,1778,,,,,1778,reachable,screen
USGS-02291500,1940-06-01 00:00:00.000001,2026-08-18 00:00:00.000001,1823,,,,,1823,reachable,screen
USGS-02291524,1987-11-04 00:00:00.000001,2026-08-17 00:00:00.000001,1826,,,,,1826,reachable,screen
USGS-02291580,1987-02-04 00:00:00.000001,2026-08-18 00:00:00.000001,1826,,,,,1826,reachable,screen
USGS-02291597,1987-02-03 00:00:00.000001,2026-08-18 00:00:00.000001,1826,,,,,1826,reachable,screen
USGS-02291669,1987-12-15 00:00:00.000001,2026-04-15 00:00:00.000001,1826,,,,,1826,reachable,screen
USGS-02291673,1987-12-09 00:00:00.000001,2026-08-18 00:00:00.000001,1826,,,,,1826,reachable,screen
USGS-02291710,2004-11-10 00:00:00.000001,2026-08-18 00:00:00.000001,1826,,,,,1826,reachable,screen
USGS-02292010,2008-05-19 00:00:00.000001,2026-08-18 00:00:00.000001,1826,,,,,1826,reachable,screen
USGS-02292490,2018-12-04 00:00:00.000001,2026-08-17 00:00:00.000001,1488,,,,,1488,reachable,screen
USGS-02292740,2018-11-16 00:00:00.000001,2026-08-18 00:00:00.000001,1503,,,,,1503,reachable,screen
USGS-02292780,1985-09-30 00:00:00.000001,2026-08-17 00:00:00.000001,1466,,,,,1466,reachable,screen
USGS-02292900,1966-05-01 00:00:00.000001,2026-08-17 00:00:00.000001,1821,,,,,1821,reachable,screen
USGS-022929176,2007-11-02 00:00:00.000001,2026-08-18 00:00:00.000001,1536,,,,,1536,reachable,screen
USGS-02293055,2007-11-22 00:00:00.000001,2026-08-18 00:00:00.000001,1470,,,,,1470,reachable,screen
USGS-02293090,2007-12-28 00:00:00.000001,2026-08-18 00:00:00.000001,1539,,,,,1539,reachable,screen
USGS-02293230,1994-04-13 00:00:00.000001,2026-08-18 00:00:00.000001,1802,,,,,1802,reachable,screen
USGS-02293262,2009-10-01 00:00:00.000001,2026-08-17 00:00:00.000001,1826,,,,,1826,reachable,screen
USGS-02293987,1991-03-01 00:00:00.000001,2026-08-18 00:00:00.000001,1826,,,,,1826,reachable,screen
USGS-02294161,2005-07-08 00:00:00.000001,2026-08-17 00:00:00.000001,1826,,,,,1826,reachable,screen
USGS-02294217,1987-04-01 00:00:00.000001,2026-08-17 00:00:00.000001,1826,,,,,1826,reachable,screen
USGS-02294261,2017-05-01 00:00:00.000001,2026-08-18 00:00:00.000001,1826,,,,,1826,reachable,screen
USGS-02294290,2009-02-07 00:00:00.000001,2026-08-18 00:00:00.000001,1826,,,,,1826,reachable,screen
USGS-02294330,2008-12-24 00:00:00.000001,2026-08-17 00:00:00.000001,1826,,,,,1826,reachable,screen
USGS-02294405,1986-07-01 00:00:00.000001,2026-08-17 00:00:00.000001,1826,,,,,1826,reachable,screen
USGS-02294491,1963-12-01 00:00:00.000001,2026-08-17 00:00:00.000001,415,,,,,415,reachable,screen
USGS-02294650,1939-10-01 00:00:00.000001,2026-08-17 00:00:00.000001,1826,,,,,1826,reachable,screen
USGS-02294655,2002-05-15 00:00:00.000001,2026-08-17 00:00:00.000001,1826,,,,,1826,reachable,screen
USGS-02294747,2002-12-01 00:00:00.000001,2026-08-17 00:00:00.000001,1826,,,,,1826,reachable,screen
USGS-02294760,2002-12-01 00:00:00.000001,2026-08-17 00:00:00.000001,1826,,,,,1826,reachable,screen
USGS-02294775,2002-05-15 00:00:00.000001,2026-08-18 00:00:00.000001,1826,,,,,1826,reachable,screen
USGS-02294781,2001-10-01 00:00:00.000001,2026-08-18 00:00:00.000001,1826,,,,,1826,reachable,screen
USGS-02294898,1974-06-01 00:00:00.000001,2026-08-18 00:00:00.000001,1826,,,,,1826,reachable,screen
USGS-02295013,1964-03-01 00:00:00.000001,2026-08-18 00:00:00.000001,1826,,,,,1826,reachable,screen
USGS-02295163,2000-11-21 00:00:00.000001,2026-08-18 00:00:00.000001,1170,,,,,1170,reachable,screen
USGS-02295194,2010-12-01 00:00:00.000001,2026-08-18 00:00:00.000001,1826,,,,,1826,reachable,screen
USGS-02295420,1963-10-01 00:00:00.000001,2026-08-17 00:00:00.000001,1826,,,,,1826,reachable,screen
USGS-02295580,2012-09-30 00:00:00.000001,2026-08-18 00:00:00.000001,1826,,,,,1826,reachable,screen
USGS-02295637,1933-09-01 00:00:00.000001,2026-08-17 00:00:00.000001,1826,,,,,1826,reachable,screen
USGS-02296260,2004-04-01 00:00:00.000001,2026-08-17 00:00:00.000001,1826,,,,,1826,reachable,screen
USGS-02296389,2004-04-01 00:00:00.000001,2025-11-18 00:00:00.000001,669,,,,,669,reachable,screen
USGS-02296500,1950-05-01 00:00:00.000001,2026-08-18 00:00:00.000001,1826,,,,,1826,reachable,screen
USGS-02296750,1931-04-01 00:00:00.000001,2026-08-17 00:00:00.000001,1826,,,,,1826,reachable,screen
USGS-02297100,1950-05-01 00:00:00.000001,2026-08-18 00:00:00.000001,1826,,,,,1826,reachable,screen
USGS-02297155,1977-10-01 00:00:00.000001,2026-08-17 00:00:00.000001,1826,,,,,1826,reachable,screen
USGS-02297251,2019-10-23 00:00:00.000001,2026-08-18 00:00:00.000001,1166,,,,,1166,reachable,screen
USGS-02297310,1950-05-01 00:00:00.000001,2026-08-18 00:00:00.000001,1826,,,,,1826,reachable,screen
USGS-02297600,2009-10-01 00:00:00.000001,2026-08-17 00:00:00.000001,1826,,,,,1826,reachable,screen
USGS-02297635,2009-10-01 00:00:00.000001,2026-08-18 00:00:00.000001,606,,,,,606,reachable,screen
USGS-02298110,2007-04-01 00:00:00.000001,2026-08-18 00:00:00.000001,1826,,,,,1826,reachable,screen
USGS-02298123,1963-10-01 00:00:00.000001,2026-08-18 00:00:00.000001,1826,,,,,1826,reachable,screen
USGS-02298170,2009-10-01 00:00:00.000001,2026-08-17 00:00:00.000001,689,,,,,689,reachable,screen
USGS-02298202,1965-01-01 00:00:00.000001,2026-08-17 00:00:00.000001,1826,,,,,1826,reachable,screen
USGS-02298488,1998-12-23 00:00:00.000001,2026-08-18 00:00:00.000001,1826,,,,,1826,reachable,screen
USGS-02298492,1999-01-01 00:00:00.000001,2026-08-17 00:00:00.000001,1826,,,,,1826,reachable,screen
USGS-02298495,1999-01-01 00:00:00.000001,2026-08-17 00:00:00.000001,1826,,,,,1826,reachable,screen
USGS-02298527,1999-01-01 00:00:00.000001,2026-08-17 00:00:00.000001,1826,,,,,1826,reachable,screen
USGS-02298530,1999-04-01 00:00:00.000001,2026-08-17 00:00:00.000001,1826,,,,,1826,reachable,screen
USGS-02298554,2001-10-01 00:00:00.000001,2026-08-17 00:00:00.000001,1826,,,,,1826,reachable,screen
USGS-02298608,1963-02-05 00:00:00.000001,2026-08-17 00:00:00.000001,1826,,,,,1826,reachable,screen
USGS-02298760,1983-10-19 00:00:00.000001,2026-08-17 00:00:00.000001,1826,,,,,1826,reachable,screen
USGS-02298830,1936-09-01 00:00:00.000001,2026-08-17 00:00:00.000001,1826,,,,,1826,reachable,screen
USGS-02298880,2008-03-01 00:00:00.000001,2026-08-17 00:00:00.000001,1826,,,,,1826,reachable,screen
USGS-02299410,1980-10-01 00:00:00.000001,2026-08-17 00:00:00.000001,1826,,,,,1826,reachable,screen
USGS-02299450,2001-06-28 00:00:00.000001,2026-08-17 00:00:00.000001,1824,,,,,1824,reachable,screen
USGS-02299472,2007-07-18 00:00:00.000001,2026-08-17 00:00:00.000001,1818,,,,,1818,reachable,screen
USGS-02299482,2007-04-18 00:00:00.000001,2026-08-18 00:00:00.000001,1729,,,,,1729,reachable,screen
USGS-02299861,1991-08-01 00:00:00.000001,2026-08-17 00:00:00.000001,1826,,,,,1826,reachable,screen
USGS-02299950,1966-04-20 00:00:00.000001,2026-08-17 00:00:00.000001,1826,,,,,1826,reachable,screen
USGS-02300017,2007-04-01 00:00:00.000001,2026-08-18 00:00:00.000001,1826,,,,,1826,reachable,screen
USGS-02300018,2000-10-01 00:00:00.000001,2026-08-18 00:00:00.000001,1826,,,,,1826,reachable,screen
USGS-02300033,2005-12-21 00:00:00.000001,2025-11-18 00:00:00.000001,1826,,,,,1826,reachable,screen
USGS-02300075,2007-04-01 00:00:00.000001,2026-08-18 00:00:00.000001,1826,,,,,1826,reachable,screen
USGS-02300082,2005-11-10 00:00:00.000001,2026-08-18 00:00:00.000001,1707,,,,,1707,reachable,screen
USGS-02300100,1963-09-01 00:00:00.000001,2026-08-18 00:00:00.000001,1825,,,,,1825,reachable,screen
USGS-02300210,2000-10-01 00:00:00.000001,2026-08-18 00:00:00.000001,1826,,,,,1826,reachable,screen
USGS-02300300,1987-10-01 00:00:00.000001,2026-08-18 00:00:00.000001,1826,,,,,1826,reachable,screen
USGS-02300500,1939-04-01 00:00:00.000001,2026-08-17 00:00:00.000001,1826,,,,,1826,reachable,screen
USGS-02300700,1956-10-01 00:00:00.000001,2026-08-18 00:00:00.000001,1826,,,,,1826,reachable,screen
USGS-02300882,2008-09-26 00:00:00.000001,2026-08-18 00:00:00.000001,1826,,,,,1826,reachable,screen
USGS-02301000,1950-05-01 00:00:00.000001,2026-08-17 00:00:00.000001,1826,,,,,1826,reachable,screen
USGS-02301150,2008-10-01 00:00:00.000001,2026-08-18 00:00:00.000001,1826,,,,,1826,reachable,screen
USGS-02301300,1963-01-01 00:00:00.000001,2026-08-18 00:00:00.000001,1826,,,,,1826,reachable,screen
USGS-02301328,2023-10-13 00:00:00.000001,2025-12-02 00:00:00.000001,0,0.0,782.0,2023-10-13,2025-12-02,0,unreachable,individual fetch
USGS-02301405,2023-08-20 00:00:00.000001,2025-10-27 00:00:00.000001,0,0.0,800.0,2023-08-20,2025-10-27,0,unreachable,individual fetch
USGS-02301500,1932-10-01 00:00:00.000001,2026-08-17 00:00:00.000001,1826,,,,,1826,reachable,screen
USGS-02301718,2015-03-20 00:00:00.000001,2026-08-18 00:00:00.000001,1750,,,,,1750,reachable,screen
USGS-02301738,1999-02-01 00:00:00.000001,2026-08-17 00:00:00.000001,1826,,,,,1826,reachable,screen
USGS-02301740,1999-02-01 00:00:00.000001,2026-08-17 00:00:00.000001,1824,,,,,1824,reachable,screen
USGS-02301745,1999-02-08 00:00:00.000001,2026-08-17 00:00:00.000001,1826,,,,,1826,reachable,screen
USGS-02301750,1984-10-01 00:00:00.000001,2026-08-17 00:00:00.000001,1826,,,,,1826,reachable,screen
USGS-02301793,1999-02-03 00:00:00.000001,2026-08-17 00:00:00.000001,1826,,,,,1826,reachable,screen
USGS-02301900,1964-01-01 00:00:00.000001,2026-08-18 00:00:00.000001,1826,,,,,1826,reachable,screen
USGS-02301990,1983-10-01 00:00:00.000001,2026-08-17 00:00:00.000001,1826,,,,,1826,reachable,screen
USGS-02302010,1983-10-01 00:00:00.000001,2026-08-18 00:00:00.000001,1822,,,,,1822,reachable,screen
USGS-02302500,1951-01-01 00:00:00.000001,2026-08-18 00:00:00.000001,1826,,,,,1826,reachable,screen
USGS-02303000,1939-10-01 00:00:00.000001,2026-08-17 00:00:00.000001,1826,,,,,1826,reachable,screen
USGS-02303205,1992-04-01 00:00:00.000001,2026-08-17 00:00:00.000001,1826,,,,,1826,reachable,screen
USGS-02303330,1972-07-01 00:00:00.000001,2026-08-17 00:00:00.000001,1826,,,,,1826,reachable,screen
USGS-02303348,2011-11-03 00:00:00.000001,2026-08-18 00:00:00.000001,1826,,,,,1826,reachable,screen
USGS-02303350,1974-06-01 00:00:00.000001,2026-08-17 00:00:00.000001,1826,,,,,1826,reachable,screen
USGS-02303400,1963-01-01 00:00:00.000001,2026-08-18 00:00:00.000001,1826,,,,,1826,reachable,screen
USGS-02303410,2011-10-07 00:00:00.000001,2026-08-17 00:00:00.000001,1826,,,,,1826,reachable,screen
USGS-02303420,1974-06-01 00:00:00.000001,2026-08-17 00:00:00.000001,1826,,,,,1826,reachable,screen
USGS-02303800,1964-03-01 00:00:00.000001,2026-08-17 00:00:00.000001,1826,,,,,1826,reachable,screen
USGS-02304000,1933-10-01 00:00:00.000001,2026-08-17 00:00:00.000001,1684,,,,,1684,reachable,screen
USGS-02304500,1938-10-01 00:00:00.000001,2026-08-17 00:00:00.000001,1811,,,,,1811,reachable,screen
USGS-02304510,2003-07-02 00:00:00.000001,2026-08-17 00:00:00.000001,1480,,,,,1480,reachable,screen
USGS-02305851,1999-02-01 00:00:00.000001,2026-08-17 00:00:00.000001,1826,,,,,1826,reachable,screen
USGS-02306500,1951-10-01 00:00:00.000001,2026-08-17 00:00:00.000001,1808,,,,,1808,reachable,screen
USGS-02306647,1985-10-01 00:00:00.000001,2026-08-17 00:00:00.000001,1826,,,,,1826,reachable,screen
USGS-023066535,2016-10-19 00:00:00.000001,2026-08-18 00:00:00.000001,1820,,,,,1820,reachable,screen
USGS-02306774,1985-10-01 00:00:00.000001,2026-08-18 00:00:00.000001,1826,,,,,1826,reachable,screen
USGS-02306950,1993-06-01 00:00:00.000001,2026-08-18 00:00:00.000001,1826,,,,,1826,reachable,screen
USGS-02307000,1953-01-01 00:00:00.000001,2026-08-18 00:00:00.000001,1826,,,,,1826,reachable,screen
USGS-02307200,1981-04-09 00:00:00.000001,2026-08-18 00:00:00.000001,1826,,,,,1826,reachable,screen
USGS-02307323,1970-08-19 00:00:00.000001,2026-08-18 00:00:00.000001,1826,,,,,1826,reachable,screen
USGS-02307359,1950-09-01 00:00:00.000001,2026-08-17 00:00:00.000001,1826,,,,,1826,reachable,screen
USGS-02307445,2006-08-29 00:00:00.000001,2026-08-17 00:00:00.000001,1826,,,,,1826,reachable,screen
USGS-02307496,2020-03-25 00:00:00.000001,2026-08-18 00:00:00.000001,1008,,,,,1008,reachable,screen
USGS-02307498,1974-10-01 00:00:00.000001,2026-08-17 00:00:00.000001,1748,,,,,1748,reachable,screen
USGS-02307668,1995-10-01 00:00:00.000001,2026-08-17 00:00:00.000001,1826,,,,,1826,reachable,screen
USGS-02307674,2009-10-01 00:00:00.000001,2026-08-18 00:00:00.000001,1826,,,,,1826,reachable,screen
USGS-02307780,2003-10-01 00:00:00.000001,2026-08-18 00:00:00.000001,1826,,,,,1826,reachable,screen
USGS-02308950,2018-05-17 00:00:00.000001,2026-08-18 00:00:00.000001,1689,,,,,1689,reachable,screen
USGS-02309200,2016-11-18 00:00:00.000001,2026-08-18 00:00:00.000001,1826,,,,,1826,reachable,screen
USGS-02309415,1999-08-09 00:00:00.000001,2026-08-18 00:00:00.000001,1826,,,,,1826,reachable,screen
USGS-02309421,2002-06-13 00:00:00.000001,2026-08-18 00:00:00.000001,1826,,,,,1826,reachable,screen
USGS-02309425,1999-08-09 00:00:00.000001,2026-08-18 00:00:00.000001,1826,,,,,1826,reachable,screen
USGS-02309447,2017-07-08 00:00:00.000001,2026-08-18 00:00:00.000001,1804,,,,,1804,reachable,screen
USGS-02309740,2014-02-08 00:00:00.000001,2026-08-17 00:00:00.000001,1826,,,,,1826,reachable,screen
USGS-02309848,1970-02-01 00:00:00.000001,2026-08-18 00:00:00.000001,1826,,,,,1826,reachable,screen
USGS-02310000,1946-06-01 00:00:00.000001,2026-08-18 00:00:00.000001,1826,,,,,1826,reachable,screen
USGS-02310280,1983-10-01 00:00:00.000001,2026-08-17 00:00:00.000001,1826,,,,,1826,reachable,screen
USGS-02310286,2007-10-01 00:00:00.000001,2026-08-18 00:00:00.000001,1826,,,,,1826,reachable,screen
USGS-02310288,2014-03-07 00:00:00.000001,2026-08-17 00:00:00.000001,1826,,,,,1826,reachable,screen
USGS-02310300,1963-04-01 00:00:00.000001,2026-08-18 00:00:00.000001,1826,,,,,1826,reachable,screen
USGS-02310308,2013-12-05 00:00:00.000001,2026-08-17 00:00:00.000001,1786,,,,,1786,reachable,screen
USGS-02310356,2019-10-10 00:00:00.000001,2026-08-18 00:00:00.000001,1179,,,,,1179,reachable,screen
USGS-02310368,2011-10-25 00:00:00.000001,2017-09-06 00:00:00.000001,0,0.0,2136.0,2011-10-25,2017-09-06,0,unreachable,individual fetch
USGS-02310525,1993-10-01 00:00:00.000001,2026-08-17 00:00:00.000001,1822,,,,,1822,reachable,screen
USGS-02310650,1997-02-20 00:00:00.000001,2026-08-18 00:00:00.000001,1607,,,,,1607,reachable,screen
USGS-02310689,2012-03-10 00:00:00.000001,2026-08-18 00:00:00.000001,1666,,,,,1666,reachable,screen
USGS-02310700,2004-05-18 00:00:00.000001,2026-08-17 00:00:00.000001,1749,,,,,1749,reachable,screen
USGS-02310740,2016-06-23 00:00:00.000001,2026-08-18 00:00:00.000001,1670,,,,,1670,reachable,screen
USGS-02310750,1964-03-01 00:00:00.000001,2026-08-17 00:00:00.000001,756,,,,,756,reachable,screen
USGS-02310947,1967-01-01 00:00:00.000001,2026-08-18 00:00:00.000001,1826,,,,,1826,reachable,screen
USGS-02311000,1930-02-11 00:00:00.000001,2026-08-17 00:00:00.000001,1826,,,,,1826,reachable,screen
USGS-02311500,1930-03-01 00:00:00.000001,2026-08-18 00:00:00.000001,1826,,,,,1826,reachable,screen
USGS-02312000,1928-09-01 00:00:00.000001,2026-08-17 00:00:00.000001,1826,,,,,1826,reachable,screen
USGS-02312180,1966-10-01 00:00:00.000001,2026-08-18 00:00:00.000001,1826,,,,,1826,reachable,screen
USGS-02312200,1958-08-01 00:00:00.000001,2026-08-17 00:00:00.000001,1826,,,,,1826,reachable,screen
USGS-02312300,2004-03-01 00:00:00.000001,2026-08-18 00:00:00.000001,1826,,,,,1826,reachable,screen
USGS-02312500,1939-10-01 00:00:00.000001,2026-08-18 00:00:00.000001,1826,,,,,1826,reachable,screen
USGS-02312558,2004-03-01 00:00:00.000001,2026-08-18 00:00:00.000001,1826,,,,,1826,reachable,screen
USGS-02312598,2005-10-27 00:00:00.000001,2026-08-18 00:00:00.000001,1826,,,,,1826,reachable,screen
USGS-02312600,1983-10-01 00:00:00.000001,2026-08-18 00:00:00.000001,1826,,,,,1826,reachable,screen
USGS-02312640,1963-10-01 00:00:00.000001,2026-08-18 00:00:00.000001,1826,,,,,1826,reachable,screen
USGS-02312645,1979-03-30 00:00:00.000001,2026-08-17 00:00:00.000001,1826,,,,,1826,reachable,screen
USGS-02312667,1982-02-09 00:00:00.000001,2026-08-18 00:00:00.000001,1826,,,,,1826,reachable,screen
USGS-02312675,2006-03-24 00:00:00.000001,2026-08-18 00:00:00.000001,1826,,,,,1826,reachable,screen
USGS-02312700,1962-10-01 00:00:00.000001,2026-08-18 00:00:00.000001,1708,,,,,1708,reachable,screen
USGS-02312720,1965-08-10 00:00:00.000001,2026-08-18 00:00:00.000001,1826,,,,,1826,reachable,screen
USGS-02312722,2005-10-01 00:00:00.000001,2026-08-17 00:00:00.000001,1826,,,,,1826,reachable,screen
USGS-02312762,2001-10-01 00:00:00.000001,2026-08-18 00:00:00.000001,1826,,,,,1826,reachable,screen
USGS-02313000,1928-09-01 00:00:00.000001,2026-08-17 00:00:00.000001,1826,,,,,1826,reachable,screen
USGS-02313098,2013-11-15 00:00:00.000001,2026-08-17 00:00:00.000001,1818,,,,,1818,reachable,screen
USGS-02313100,1965-01-01 00:00:00.000001,2026-08-18 00:00:00.000001,1826,,,,,1826,reachable,screen
USGS-02313200,2019-03-21 00:00:00.000001,2026-08-18 00:00:00.000001,1382,,,,,1382,reachable,screen
USGS-02313230,1969-10-01 00:00:00.000001,2026-08-18 00:00:00.000001,1822,,,,,1822,reachable,screen
USGS-02313250,1970-01-01 00:00:00.000001,2026-08-17 00:00:00.000001,1819,,,,,1819,reachable,screen
USGS-02313700,1963-04-01 00:00:00.000001,2026-08-18 00:00:00.000001,1751,,,,,1751,reachable,screen
USGS-02314500,1927-01-28 00:00:00.000001,2026-08-18 00:00:00.000001,1826,,,,,1826,reachable,screen
USGS-02315500,1906-06-01 00:00:00.000001,2026-08-18 00:00:00.000001,1826,,,,,1826,reachable,screen
USGS-02315550,1974-10-01 00:00:00.000001,2026-08-17 00:00:00.000001,1826,,,,,1826,reachable,screen
USGS-02315920,2009-06-17 00:00:00.000001,2026-08-18 00:00:00.000001,1826,,,,,1826,reachable,screen
USGS-02316000,1937-04-26 00:00:00.000001,2026-08-17 00:00:00.000001,1826,,,,,1826,reachable,screen
USGS-02317500,1921-01-28 00:00:00.000001,2026-08-18 00:00:00.000001,1826,,,,,1826,reachable,screen
USGS-02317620,1976-07-28 00:00:00.000001,2026-08-18 00:00:00.000001,1826,,,,,1826,reachable,screen
USGS-023177483,1988-06-11 00:00:00.000001,2026-08-18 00:00:00.000001,1826,,,,,1826,reachable,screen
USGS-02317755,1976-10-20 00:00:00.000001,2019-08-29 00:00:00.000001,332,,,,,332,reachable,screen
USGS-02317797,2010-02-01 00:00:00.000001,2026-07-14 00:00:00.000001,1826,,,,,1826,reachable,screen
USGS-02318000,1940-06-12 00:00:00.000001,2026-08-17 00:00:00.000001,1826,,,,,1826,reachable,screen
USGS-02318380,2009-11-17 00:00:00.000001,2026-08-18 00:00:00.000001,1826,,,,,1826,reachable,screen
USGS-02318500,1928-10-01 00:00:00.000001,2026-08-17 00:00:00.000001,1826,,,,,1826,reachable,screen
USGS-02319000,1931-10-01 00:00:00.000001,2026-08-18 00:00:00.000001,1826,,,,,1826,reachable,screen
USGS-02319300,2004-11-10 00:00:00.000001,2018-09-30 00:00:00.000001,273,,,,,273,reachable,screen
USGS-02319394,2000-11-01 00:00:00.000001,2026-08-17 00:00:00.000001,1826,,,,,1826,reachable,screen
USGS-02319500,1927-02-01 00:00:00.000001,2026-08-17 00:00:00.000001,1826,,,,,1826,reachable,screen
USGS-02319800,1996-10-01 00:00:00.000001,2026-08-17 00:00:00.000001,1825,,,,,1825,reachable,screen
USGS-02320000,1927-02-01 00:00:00.000001,2026-08-17 00:00:00.000001,1826,,,,,1826,reachable,screen
USGS-02320500,1931-07-01 00:00:00.000001,2026-08-17 00:00:00.000001,1825,,,,,1825,reachable,screen
USGS-02320700,1957-09-01 00:00:00.000001,2025-11-30 00:00:00.000001,1826,,,,,1826,reachable,screen
USGS-02321000,1950-01-01 00:00:00.000001,2026-08-18 00:00:00.000001,1825,,,,,1825,reachable,screen
USGS-02321500,1931-10-01 00:00:00.000001,2026-08-18 00:00:00.000001,1826,,,,,1826,reachable,screen
USGS-02321898,2011-10-01 00:00:00.000001,2026-08-17 00:00:00.000001,1826,,,,,1826,reachable,screen
USGS-02321958,2015-10-01 00:00:00.000001,2026-08-18 00:00:00.000001,1727,,,,,1727,reachable,screen
USGS-02321975,1992-10-01 00:00:00.000001,2026-08-18 00:00:00.000001,1087,,,,,1087,reachable,screen
USGS-02322500,1927-10-01 00:00:00.000001,2026-08-18 00:00:00.000001,1826,,,,,1826,reachable,screen
USGS-02322700,2002-02-05 00:00:00.000001,2026-08-17 00:00:00.000001,1826,,,,,1826,reachable,screen
USGS-02322800,2000-11-01 00:00:00.000001,2026-08-17 00:00:00.000001,1826,,,,,1826,reachable,screen
USGS-02323000,1932-06-01 00:00:00.000001,2026-08-17 00:00:00.000001,1826,,,,,1826,reachable,screen
USGS-02323500,1930-10-01 00:00:00.000001,2026-08-18 00:00:00.000001,1826,,,,,1826,reachable,screen
USGS-02323592,1999-06-24 00:00:00.000001,2026-08-17 00:00:00.000001,919,,,,,919,reachable,screen
USGS-02324000,1950-03-01 00:00:00.000001,2025-12-01 00:00:00.000001,1826,,,,,1826,reachable,screen
USGS-02324170,1987-09-30 00:00:00.000001,2026-08-18 00:00:00.000001,593,,,,,593,reachable,screen
USGS-02324400,1955-10-01 00:00:00.000001,2026-08-18 00:00:00.000001,1826,,,,,1826,reachable,screen
USGS-02324500,1946-09-01 00:00:00.000001,2002-09-29 00:00:00.000001,0,0.0,20361.0,1946-09-01,2002-09-29,0,unreachable,individual fetch
USGS-02325000,1977-08-10 00:00:00.000001,2025-07-01 00:00:00.000001,1826,,,,,1826,reachable,screen
USGS-02325543,2021-03-11 00:00:00.000001,2025-11-30 00:00:00.000001,517,,,,,517,reachable,screen
USGS-02326000,1950-02-01 00:00:00.000001,2026-08-17 00:00:00.000001,1826,,,,,1826,reachable,screen
USGS-02326050,2021-03-05 00:00:00.000001,2026-08-18 00:00:00.000001,535,,,,,535,reachable,screen
USGS-02326500,1950-03-01 00:00:00.000001,2026-08-17 00:00:00.000001,1826,,,,,1826,reachable,screen
USGS-02326526,2008-10-01 00:00:00.000001,2025-12-29 00:00:00.000001,1824,,,,,1824,reachable,screen
USGS-02326900,1956-10-01 00:00:00.000001,2026-08-17 00:00:00.000001,1826,,,,,1826,reachable,screen
USGS-02327022,2004-10-22 00:00:00.000001,2026-08-17 00:00:00.000001,1789,,,,,1789,reachable,screen
USGS-02327031,,,0,0.0,0.0,,,0,unreachable,individual fetch
USGS-02327033,1998-10-01 00:00:00.000001,2025-11-17 00:00:00.000001,702,,,,,702,reachable,screen
USGS-02327100,1964-06-01 00:00:00.000001,2026-08-17 00:00:00.000001,1826,,,,,1826,reachable,screen
USGS-02327355,2009-06-24 00:00:00.000001,2026-08-18 00:00:00.000001,1826,,,,,1826,reachable,screen
USGS-02327500,1937-08-11 00:00:00.000001,2026-08-18 00:00:00.000001,1826,,,,,1826,reachable,screen
USGS-02328522,1998-10-01 00:00:00.000001,2026-08-17 00:00:00.000001,1826,,,,,1826,reachable,screen
USGS-02329000,1926-10-01 00:00:00.000001,2026-08-18 00:00:00.000001,1826,,,,,1826,reachable,screen
USGS-02329342,1991-11-15 00:00:00.000001,2026-08-18 00:00:00.000001,1797,,,,,1797,reachable,screen
USGS-02329500,1950-04-01 00:00:00.000001,2026-08-18 00:00:00.000001,1826,,,,,1826,reachable,screen
USGS-02329600,1985-10-01 00:00:00.000001,2026-08-17 00:00:00.000001,1826,,,,,1826,reachable,screen
USGS-02330000,1926-07-01 00:00:00.000001,2026-08-18 00:00:00.000001,1826,,,,,1826,reachable,screen
USGS-02330100,1950-04-01 00:00:00.000001,2025-12-02 00:00:00.000001,1826,,,,,1826,reachable,screen
USGS-02330150,1996-08-07 00:00:00.000001,2025-07-01 00:00:00.000001,1826,,,,,1826,reachable,screen
USGS-02330400,1996-12-11 00:00:00.000001,2025-07-01 00:00:00.000001,1826,,,,,1826,reachable,screen
USGS-02330450,1981-05-05 00:00:00.000001,2026-08-18 00:00:00.000001,1826,,,,,1826,reachable,screen
USGS-02331000,1940-02-21 00:00:00.000001,2026-08-18 00:00:00.000001,1826,,,,,1826,reachable,screen
USGS-023312495,2007-01-18 00:00:00.000001,2026-08-18 00:00:00.000001,1826,,,,,1826,reachable,screen
USGS-02331600,1957-07-31 00:00:00.000001,2026-08-18 00:00:00.000001,1826,,,,,1826,reachable,screen
USGS-02333500,1929-07-08 00:00:00.000001,2026-08-18 00:00:00.000001,1826,,,,,1826,reachable,screen
USGS-02334430,1942-01-27 00:00:00.000001,2026-08-17 00:00:00.000001,1826,,,,,1826,reachable,screen
USGS-02334480,1995-10-01 00:00:00.000001,2026-08-18 00:00:00.000001,1826,,,,,1826,reachable,screen
USGS-02334578,2001-05-10 00:00:00.000001,2026-08-18 00:00:00.000001,1826,,,,,1826,reachable,screen
USGS-02334620,2003-12-15 00:00:00.000001,2026-08-18 00:00:00.000001,1826,,,,,1826,reachable,screen
USGS-02334653,2010-07-17 00:00:00.000001,2026-08-18 00:00:00.000001,1826,,,,,1826,reachable,screen
USGS-02334885,1984-10-01 00:00:00.000001,2026-08-18 00:00:00.000001,1826,,,,,1826,reachable,screen
USGS-02335000,1903-01-01 00:00:00.000001,2026-08-17 00:00:00.000001,1826,,,,,1826,reachable,screen
USGS-02335350,1997-10-01 00:00:00.000001,2026-08-18 00:00:00.000001,1826,,,,,1826,reachable,screen
USGS-02335450,1976-07-07 00:00:00.000001,2026-08-17 00:00:00.000001,1826,,,,,1826,reachable,screen
USGS-02335580,2007-03-08 00:00:00.000001,2026-08-18 00:00:00.000001,1826,,,,,1826,reachable,screen
USGS-02335700,1960-05-01 00:00:00.000001,2026-08-18 00:00:00.000001,1826,,,,,1826,reachable,screen
USGS-02335757,2004-03-27 00:00:00.000001,2026-08-18 00:00:00.000001,1826,,,,,1826,reachable,screen
USGS-02335790,2007-05-11 00:00:00.000001,2026-08-18 00:00:00.000001,1826,,,,,1826,reachable,screen
USGS-02335815,2000-10-02 00:00:00.000001,2026-08-18 00:00:00.000001,1826,,,,,1826,reachable,screen
USGS-023358685,2007-04-28 00:00:00.000001,2026-08-17 00:00:00.000001,1826,,,,,1826,reachable,screen
USGS-02335870,1984-10-01 00:00:00.000001,2026-08-18 00:00:00.000001,1826,,,,,1826,reachable,screen
USGS-02335880,2018-06-14 00:00:00.000001,2026-08-18 00:00:00.000001,1662,,,,,1662,reachable,screen
USGS-02335910,2007-03-22 00:00:00.000001,2026-08-17 00:00:00.000001,1826,,,,,1826,reachable,screen
USGS-02336000,1928-08-01 00:00:00.000001,2026-08-17 00:00:00.000001,1826,,,,,1826,reachable,screen
USGS-02336030,2001-06-08 00:00:00.000001,2026-06-16 00:00:00.000001,1826,,,,,1826,reachable,screen
USGS-02336106,2019-03-25 00:00:00.000001,2026-08-19 00:00:00.000001,1378,,,,,1378,reachable,screen
USGS-02336120,2003-05-10 00:00:00.000001,2026-08-17 00:00:00.000001,1826,,,,,1826,reachable,screen
USGS-02336152,2010-02-03 00:00:00.000001,2026-08-17 00:00:00.000001,1826,,,,,1826,reachable,screen
USGS-023362095,2012-03-09 00:00:00.000001,2026-08-17 00:00:00.000001,1826,,,,,1826,reachable,screen
USGS-02336240,2003-05-01 00:00:00.000001,2026-08-17 00:00:00.000001,1826,,,,,1826,reachable,screen
USGS-02336300,1958-06-20 00:00:00.000001,2026-08-17 00:00:00.000001,1826,,,,,1826,reachable,screen
USGS-02336313,2005-10-01 00:00:00.000001,2025-12-11 00:00:00.000001,1826,,,,,1826,reachable,screen
USGS-02336340,2012-03-03 00:00:00.000001,2026-08-18 00:00:00.000001,1826,,,,,1826,reachable,screen
USGS-02336360,2003-05-24 00:00:00.000001,2026-08-18 00:00:00.000001,1826,,,,,1826,reachable,screen
USGS-02336410,1994-08-23 00:00:00.000001,2026-08-17 00:00:00.000001,1826,,,,,1826,reachable,screen
USGS-02336490,1981-03-03 00:00:00.000001,2026-08-18 00:00:00.000001,1826,,,,,1826,reachable,screen
USGS-02336517,2003-04-01 00:00:00.000001,2025-09-14 00:00:00.000001,273,,,,,273,reachable,screen
USGS-02336526,2002-12-04 00:00:00.000001,2026-08-17 00:00:00.000001,1825,,,,,1825,reachable,screen
USGS-02336635,1995-10-01 00:00:00.000001,2026-08-18 00:00:00.000001,1826,,,,,1826,reachable,screen
USGS-02336728,1994-09-01 00:00:00.000001,2026-08-17 00:00:00.000001,1826,,,,,1826,reachable,screen
USGS-02336840,2007-03-17 00:00:00.000001,2026-08-18 00:00:00.000001,1826,,,,,1826,reachable,screen
USGS-02336870,2007-03-22 00:00:00.000001,2026-08-18 00:00:00.000001,1826,,,,,1826,reachable,screen
USGS-02336910,2010-04-08 00:00:00.000001,2026-08-18 00:00:00.000001,1826,,,,,1826,reachable,screen
USGS-02336968,1998-07-14 00:00:00.000001,2026-08-18 00:00:00.000001,1826,,,,,1826,reachable,screen
USGS-02336986,2007-03-16 00:00:00.000001,2026-08-18 00:00:00.000001,1826,,,,,1826,reachable,screen
USGS-02337000,1904-05-18 00:00:00.000001,2026-08-18 00:00:00.000001,1826,,,,,1826,reachable,screen
USGS-02337040,1998-09-01 00:00:00.000001,2026-08-18 00:00:00.000001,1822,,,,,1822,reachable,screen
USGS-02337170,1965-07-16 00:00:00.000001,2026-08-18 00:00:00.000001,1826,,,,,1826,reachable,screen
USGS-02337410,2007-06-01 00:00:00.000001,2026-08-18 00:00:00.000001,1826,,,,,1826,reachable,screen
USGS-02337498,2008-02-21 00:00:00.000001,2026-08-18 00:00:00.000001,1826,,,,,1826,reachable,screen
USGS-02337500,1954-09-15 00:00:00.000001,2026-08-18 00:00:00.000001,1826,,,,,1826,reachable,screen
USGS-02338000,1938-10-01 00:00:00.000001,2026-08-18 00:00:00.000001,1826,,,,,1826,reachable,screen
USGS-02338500,1928-06-01 00:00:00.000001,2026-08-17 00:00:00.000001,1826,,,,,1826,reachable,screen
USGS-02338523,2001-12-13 00:00:00.000001,2026-08-18 00:00:00.000001,1826,,,,,1826,reachable,screen
USGS-02338660,1978-10-01 00:00:00.000001,2026-08-17 00:00:00.000001,1826,,,,,1826,reachable,screen
USGS-02338840,1978-10-01 00:00:00.000001,2026-08-18 00:00:00.000001,1826,,,,,1826,reachable,screen
USGS-02339495,2006-07-26 00:00:00.000001,2026-08-17 00:00:00.000001,1826,,,,,1826,reachable,screen
USGS-02339500,1896-08-01 00:00:00.000001,2026-08-17 00:00:00.000001,1825,,,,,1825,reachable,screen
USGS-02341460,1929-10-01 00:00:00.000001,2026-08-17 00:00:00.000001,1826,,,,,1826,reachable,screen
USGS-02341800,1968-04-01 00:00:00.000001,2026-08-18 00:00:00.000001,1826,,,,,1826,reachable,screen
USGS-02342500,1946-10-01 00:00:00.000001,2026-08-17 00:00:00.000001,1826,,,,,1826,reachable,screen
USGS-02342850,1964-06-01 00:00:00.000001,2026-08-18 00:00:00.000001,1826,,,,,1826,reachable,screen
USGS-02342881,2009-09-18 00:00:00.000001,2026-08-18 00:00:00.000001,1826,,,,,1826,reachable,screen
USGS-02342937,,,0,0.0,0.0,,,0,unreachable,individual fetch
USGS-02343225,2008-05-22 00:00:00.000001,2026-08-18 00:00:00.000001,1826,,,,,1826,reachable,screen
USGS-023432415,2026-04-05 00:00:00.000001,2026-08-19 00:00:00.000001,0,0.0,135.0,2026-04-05,2026-08-19,0,unreachable,individual fetch
USGS-02343805,2009-09-01 00:00:00.000001,2019-06-30 00:00:00.000001,546,,,,,546,reachable,screen
USGS-02343940,2002-01-19 00:00:00.000001,2026-08-18 00:00:00.000001,1826,,,,,1826,reachable,screen
USGS-02344143,2018-11-30 00:00:00.000001,2026-08-17 00:00:00.000001,1493,,,,,1493,reachable,screen
USGS-02344350,1985-05-07 00:00:00.000001,2026-08-16 00:00:00.000001,1826,,,,,1826,reachable,screen
USGS-02344396,2007-11-03 00:00:00.000001,2026-08-18 00:00:00.000001,1826,,,,,1826,reachable,screen
USGS-02344424,2014-09-05 00:00:00.000001,2026-08-17 00:00:00.000001,1826,,,,,1826,reachable,screen
USGS-02344478,2003-09-19 00:00:00.000001,2026-08-18 00:00:00.000001,1826,,,,,1826,reachable,screen
USGS-02344500,1937-03-01 00:00:00.000001,2026-08-17 00:00:00.000001,1826,,,,,1826,reachable,screen
USGS-02344605,2008-06-28 00:00:00.000001,2026-08-17 00:00:00.000001,1826,,,,,1826,reachable,screen
USGS-02344620,2007-12-15 00:00:00.000001,2026-08-18 00:00:00.000001,1825,,,,,1825,reachable,screen
USGS-02344630,2011-10-01 00:00:00.000001,2026-08-17 00:00:00.000001,1826,,,,,1826,reachable,screen
USGS-02344655,2014-08-22 00:00:00.000001,2026-08-18 00:00:00.000001,1826,,,,,1826,reachable,screen
USGS-02344673,2014-08-21 00:00:00.000001,2026-08-17 00:00:00.000001,1826,,,,,1826,reachable,screen
USGS-02344700,1964-09-01 00:00:00.000001,2026-08-18 00:00:00.000001,1826,,,,,1826,reachable,screen
USGS-02344872,2004-07-01 00:00:00.000001,2026-08-17 00:00:00.000001,1826,,,,,1826,reachable,screen
USGS-02346180,1966-05-20 00:00:00.000001,2026-08-18 00:00:00.000001,1826,,,,,1826,reachable,screen
USGS-02346310,2003-09-20 00:00:00.000001,2026-08-17 00:00:00.000001,1826,,,,,1826,reachable,screen
USGS-02347500,1911-07-01 00:00:00.000001,2026-08-18 00:00:00.000001,1826,,,,,1826,reachable,screen
USGS-02349605,1904-10-01 00:00:00.000001,2026-08-18 00:00:00.000001,1826,,,,,1826,reachable,screen
USGS-02349900,1958-06-20 00:00:00.000001,2026-08-18 00:00:00.000001,1826,,,,,1826,reachable,screen
USGS-02350512,1929-10-01 00:00:00.000001,2026-08-18 00:00:00.000001,1826,,,,,1826,reachable,screen
USGS-02350600,1951-10-01 00:00:00.000001,2026-08-18 00:00:00.000001,1826,,,,,1826,reachable,screen
USGS-02350900,1985-03-07 00:00:00.000001,2026-08-18 00:00:00.000001,1826,,,,,1826,reachable,screen
USGS-02351500,2001-05-31 00:00:00.000001,2026-08-18 00:00:00.000001,1826,,,,,1826,reachable,screen
USGS-02351890,1979-12-15 00:00:00.000001,2026-08-18 00:00:00.000001,1826,,,,,1826,reachable,screen
USGS-02352500,1901-10-01 00:00:00.000001,2026-08-17 00:00:00.000001,1826,,,,,1826,reachable,screen
USGS-02353000,1938-04-01 00:00:00.000001,2026-08-17 00:00:00.000001,1826,,,,,1826,reachable,screen
USGS-02353265,2001-05-31 00:00:00.000001,2026-08-17 00:00:00.000001,1826,,,,,1826,reachable,screen
USGS-02353400,1959-06-09 00:00:00.000001,2026-08-18 00:00:00.000001,1826,,,,,1826,reachable,screen
USGS-02353500,1905-09-01 00:00:00.000001,2026-08-17 00:00:00.000001,1792,,,,,1792,reachable,screen
USGS-02354350,2010-07-28 00:00:00.000001,2026-08-17 00:00:00.000001,1804,,,,,1804,reachable,screen
USGS-02354475,2005-10-01 00:00:00.000001,2026-08-17 00:00:00.000001,1725,,,,,1725,reachable,screen
USGS-02354500,1939-10-01 00:00:00.000001,2026-08-18 00:00:00.000001,1826,,,,,1826,reachable,screen
USGS-02354800,1995-04-15 00:00:00.000001,2026-08-17 00:00:00.000001,0,0.0,8986.0,1995-04-15,2026-08-18,0,unreachable,individual fetch
USGS-02355350,1995-04-15 00:00:00.000001,2026-08-17 00:00:00.000001,1701,,,,,1701,reachable,screen
USGS-02355662,2002-05-08 00:00:00.000001,2026-08-17 00:00:00.000001,1826,,,,,1826,reachable,screen
USGS-02356000,1907-10-01 00:00:00.000001,2026-08-18 00:00:00.000001,1825,,,,,1825,reachable,screen
USGS-02356638,2011-05-18 00:00:00.000001,2026-08-17 00:00:00.000001,400,,,,,400,reachable,screen
USGS-02357000,1937-06-11 00:00:00.000001,2026-08-18 00:00:00.000001,1826,,,,,1826,reachable,screen
USGS-02357150,1996-05-24 00:00:00.000001,2026-08-18 00:00:00.000001,1521,,,,,1521,reachable,screen
USGS-02358000,1922-07-01 00:00:00.000001,2026-08-17 00:00:00.000001,1826,,,,,1826,reachable,screen
USGS-02358700,1957-10-01 00:00:00.000001,2026-08-18 00:00:00.000001,1826,,,,,1826,reachable,screen
USGS-02358754,1955-10-01 00:00:00.000001,2026-08-17 00:00:00.000001,1549,,,,,1549,reachable,screen
USGS-02358789,1999-10-01 00:00:00.000001,2026-08-17 00:00:00.000001,1826,,,,,1826,reachable,screen
USGS-02359000,1912-12-01 00:00:00.000001,2026-08-17 00:00:00.000001,1826,,,,,1826,reachable,screen
USGS-02359170,1977-09-08 00:00:00.000001,2026-08-17 00:00:00.000001,1825,,,,,1825,reachable,screen
USGS-02359500,1935-10-01 00:00:00.000001,2026-08-18 00:00:00.000001,1826,,,,,1826,reachable,screen
USGS-02361000,1921-12-01 00:00:00.000001,2026-08-17 00:00:00.000001,1826,,,,,1826,reachable,screen
USGS-02361500,1921-12-01 00:00:00.000001,2026-08-17 00:00:00.000001,1826,,,,,1826,reachable,screen
USGS-02362240,1985-08-07 00:00:00.000001,2024-03-12 00:00:00.000001,1801,,,,,1801,reachable,screen
USGS-02363000,1938-10-01 00:00:00.000001,2026-08-17 00:00:00.000001,1826,,,,,1826,reachable,screen
USGS-02364500,1904-09-01 00:00:00.000001,2026-08-17 00:00:00.000001,1826,,,,,1826,reachable,screen
USGS-02365200,1976-07-01 00:00:00.000001,2026-08-17 00:00:00.000001,1826,,,,,1826,reachable,screen
USGS-02365470,1998-10-01 00:00:00.000001,2025-07-29 00:00:00.000001,1826,,,,,1826,reachable,screen
USGS-02365500,1929-10-01 00:00:00.000001,2026-08-17 00:00:00.000001,1826,,,,,1826,reachable,screen
USGS-02365769,1998-10-01 00:00:00.000001,2025-07-08 00:00:00.000001,1826,,,,,1826,reachable,screen
USGS-02366000,1950-04-01 00:00:00.000001,2026-08-17 00:00:00.000001,1826,,,,,1826,reachable,screen
USGS-02366500,1930-10-01 00:00:00.000001,2026-08-17 00:00:00.000001,1826,,,,,1826,reachable,screen
USGS-02366996,1998-10-01 00:00:00.000001,2025-07-14 00:00:00.000001,1826,,,,,1826,reachable,screen
USGS-02367310,1966-03-17 00:00:00.000001,2025-12-18 00:00:00.000001,1826,,,,,1826,reachable,screen
USGS-02367900,1998-10-01 00:00:00.000001,2026-08-17 00:00:00.000001,1826,,,,,1826,reachable,screen
USGS-02368000,1938-08-01 00:00:00.000001,2026-08-17 00:00:00.000001,1826,,,,,1826,reachable,screen
USGS-02368500,1951-03-01 00:00:00.000001,2026-08-17 00:00:00.000001,1826,,,,,1826,reachable,screen
USGS-02369000,1938-08-01 00:00:00.000001,2026-08-17 00:00:00.000001,1826,,,,,1826,reachable,screen
USGS-02369600,2001-09-30 00:00:00.000001,2026-08-17 00:00:00.000001,1627,,,,,1627,reachable,screen
USGS-02369800,1967-10-01 00:00:00.000001,2026-08-17 00:00:00.000001,1826,,,,,1826,reachable,screen
USGS-02370000,1950-04-01 00:00:00.000001,2026-08-17 00:00:00.000001,1826,,,,,1826,reachable,screen
USGS-02370500,1938-12-01 00:00:00.000001,2026-08-17 00:00:00.000001,1826,,,,,1826,reachable,screen
USGS-02371500,1937-10-01 00:00:00.000001,2026-08-17 00:00:00.000001,1826,,,,,1826,reachable,screen
USGS-02372250,1974-10-01 00:00:00.000001,2026-08-17 00:00:00.000001,1826,,,,,1826,reachable,screen
USGS-02372422,1999-06-17 00:00:00.000001,2026-08-17 00:00:00.000001,1470,,,,,1470,reachable,screen
USGS-02372430,2009-10-01 00:00:00.000001,2026-08-05 00:00:00.000001,1629,,,,,1629,reachable,screen
USGS-02373000,1937-10-01 00:00:00.000001,2026-08-17 00:00:00.000001,1826,,,,,1826,reachable,screen
USGS-02374250,1999-04-16 00:00:00.000001,2026-08-17 00:00:00.000001,1826,,,,,1826,reachable,screen
USGS-02374500,1937-10-01 00:00:00.000001,2026-08-17 00:00:00.000001,1826,,,,,1826,reachable,screen
USGS-02374700,1999-03-26 00:00:00.000001,2026-08-17 00:00:00.000001,1826,,,,,1826,reachable,screen
USGS-02374745,1999-03-10 00:00:00.000001,2026-08-17 00:00:00.000001,1826,,,,,1826,reachable,screen
USGS-02374950,2000-05-24 00:00:00.000001,2026-08-17 00:00:00.000001,1826,,,,,1826,reachable,screen
USGS-02375000,1939-01-01 00:00:00.000001,2026-08-17 00:00:00.000001,1826,,,,,1826,reachable,screen
USGS-02375500,1934-10-01 00:00:00.000001,2026-08-17 00:00:00.000001,1826,,,,,1826,reachable,screen
USGS-02376033,1983-11-20 00:00:00.000001,2026-08-17 00:00:00.000001,1795,,,,,1795,reachable,screen
USGS-02376100,1987-10-01 00:00:00.000001,2025-07-28 00:00:00.000001,1826,,,,,1826,reachable,screen
USGS-02376115,1987-10-01 00:00:00.000001,2026-08-17 00:00:00.000001,1826,,,,,1826,reachable,screen
USGS-02376293,1998-10-01 00:00:00.000001,2025-07-27 00:00:00.000001,1826,,,,,1826,reachable,screen
USGS-02376500,1941-06-09 00:00:00.000001,2026-08-18 00:00:00.000001,1826,,,,,1826,reachable,screen
USGS-02377570,1987-10-01 00:00:00.000001,2026-08-17 00:00:00.000001,1826,,,,,1826,reachable,screen
USGS-02378170,2007-12-05 00:00:00.000001,2024-11-21 00:00:00.000001,1826,,,,,1826,reachable,screen
USGS-02378185,,,0,0.0,0.0,,,0,unreachable,individual fetch
USGS-02378300,1999-07-21 00:00:00.000001,2026-08-17 00:00:00.000001,1826,,,,,1826,reachable,screen
USGS-02378500,1953-07-01 00:00:00.000001,2026-08-17 00:00:00.000001,1826,,,,,1826,reachable,screen
USGS-0237854520,2021-06-10 00:00:00.000001,2026-08-17 00:00:00.000001,570,,,,,570,reachable,screen
USGS-02378780,2017-01-04 00:00:00.000001,2020-10-24 00:00:00.000001,1028,,,,,1028,reachable,screen
USGS-02379500,1937-03-17 00:00:00.000001,2026-08-17 00:00:00.000001,1826,,,,,1826,reachable,screen
USGS-02380500,1938-10-01 00:00:00.000001,2026-08-18 00:00:00.000001,1826,,,,,1826,reachable,screen
USGS-02381090,2008-01-11 00:00:00.000001,2026-08-18 00:00:00.000001,1826,,,,,1826,reachable,screen
USGS-02381600,1974-10-01 00:00:00.000001,2026-08-18 00:00:00.000001,1826,,,,,1826,reachable,screen
USGS-02382200,1973-11-01 00:00:00.000001,2026-08-18 00:00:00.000001,1826,,,,,1826,reachable,screen
USGS-02382500,1896-09-01 00:00:00.000001,2026-08-17 00:00:00.000001,1826,,,,,1826,reachable,screen
USGS-02383500,1938-11-11 00:00:00.000001,2026-08-17 00:00:00.000001,1825,,,,,1825,reachable,screen
USGS-02384500,1981-10-01 00:00:00.000001,2026-08-17 00:00:00.000001,1826,,,,,1826,reachable,screen
USGS-02384540,1985-01-30 00:00:00.000001,2026-08-18 00:00:00.000001,1826,,,,,1826,reachable,screen
USGS-02385170,2005-01-13 00:00:00.000001,2026-08-18 00:00:00.000001,1826,,,,,1826,reachable,screen
USGS-02385500,1943-08-01 00:00:00.000001,2026-08-17 00:00:00.000001,1826,,,,,1826,reachable,screen
USGS-02385800,1960-06-01 00:00:00.000001,2026-08-17 00:00:00.000001,1826,,,,,1826,reachable,screen
USGS-02387000,1937-06-05 00:00:00.000001,2026-08-17 00:00:00.000001,1826,,,,,1826,reachable,screen
USGS-02387500,1892-11-01 00:00:00.000001,2026-08-17 00:00:00.000001,1826,,,,,1826,reachable,screen
USGS-02387600,2005-03-19 00:00:00.000001,2026-08-17 00:00:00.000001,1826,,,,,1826,reachable,screen
USGS-02388320,1982-03-02 00:00:00.000001,2026-08-18 00:00:00.000001,1826,,,,,1826,reachable,screen
USGS-02388350,2016-11-07 00:00:00.000001,2026-08-17 00:00:00.000001,1826,,,,,1826,reachable,screen
USGS-02388500,1939-10-01 00:00:00.000001,2026-08-18 00:00:00.000001,1826,,,,,1826,reachable,screen
USGS-02388975,2007-10-23 00:00:00.000001,2026-08-18 00:00:00.000001,1826,,,,,1826,reachable,screen
USGS-02389050,,,0,0.0,0.0,,,0,unreachable,individual fetch
USGS-02389150,2002-06-12 00:00:00.000001,2026-08-17 00:00:00.000001,1826,,,,,1826,reachable,screen
USGS-02390000,1939-04-01 00:00:00.000001,2026-08-17 00:00:00.000001,1826,,,,,1826,reachable,screen
USGS-02390050,2014-01-15 00:00:00.000001,2026-08-17 00:00:00.000001,1826,,,,,1826,reachable,screen
USGS-02390140,2005-09-22 00:00:00.000001,2026-08-18 00:00:00.000001,1826,,,,,1826,reachable,screen
USGS-02391540,2005-09-22 00:00:00.000001,2026-08-17 00:00:00.000001,1826,,,,,1826,reachable,screen
USGS-02391840,2007-11-30 00:00:00.000001,2026-08-18 00:00:00.000001,1826,,,,,1826,reachable,screen
USGS-02391860,2008-07-18 00:00:00.000001,2026-08-18 00:00:00.000001,1826,,,,,1826,reachable,screen
USGS-02392000,1896-10-01 00:00:00.000001,2026-08-17 00:00:00.000001,1826,,,,,1826,reachable,screen
USGS-02392360,2005-10-01 00:00:00.000001,2026-08-18 00:00:00.000001,1826,,,,,1826,reachable,screen
USGS-02392780,2005-09-01 00:00:00.000001,2026-08-18 00:00:00.000001,1826,,,,,1826,reachable,screen
USGS-02392920,2016-11-17 00:00:00.000001,2026-08-17 00:00:00.000001,1826,,,,,1826,reachable,screen
USGS-02392950,1998-07-14 00:00:00.000001,2026-08-17 00:00:00.000001,1826,,,,,1826,reachable,screen
USGS-02392975,1998-07-14 00:00:00.000001,2026-08-18 00:00:00.000001,1826,,,,,1826,reachable,screen
USGS-02393377,2007-04-13 00:00:00.000001,2026-08-17 00:00:00.000001,1826,,,,,1826,reachable,screen
USGS-02393419,2005-09-23 00:00:00.000001,2026-08-18 00:00:00.000001,1826,,,,,1826,reachable,screen
USGS-02394000,1938-09-01 00:00:00.000001,2026-08-18 00:00:00.000001,1826,,,,,1826,reachable,screen
USGS-02394670,2010-10-01 00:00:00.000001,2026-08-17 00:00:00.000001,1826,,,,,1826,reachable,screen
USGS-02394682,2019-10-23 00:00:00.000001,2026-08-18 00:00:00.000001,1166,,,,,1166,reachable,screen
USGS-02394820,2010-07-22 00:00:00.000001,2026-08-17 00:00:00.000001,1825,,,,,1825,reachable,screen
USGS-02395000,1928-07-18 00:00:00.000001,2026-08-17 00:00:00.000001,1826,,,,,1826,reachable,screen
USGS-02395120,1980-05-02 00:00:00.000001,2026-08-17 00:00:00.000001,1826,,,,,1826,reachable,screen
USGS-02395980,1904-08-01 00:00:00.000001,2026-08-18 00:00:00.000001,1826,,,,,1826,reachable,screen
USGS-02397000,1896-10-01 00:00:00.000001,2026-08-18 00:00:00.000001,1826,,,,,1826,reachable,screen
USGS-02397410,1981-05-04 00:00:00.000001,2017-09-29 00:00:00.000001,0,0.0,8617.0,1981-05-04,2017-09-29,0,unreachable,individual fetch
USGS-02397500,1942-10-01 00:00:00.000001,2025-03-11 00:00:00.000001,1826,,,,,1826,reachable,screen
USGS-02397530,2012-10-01 00:00:00.000001,2026-08-18 00:00:00.000001,1826,,,,,1826,reachable,screen
USGS-02398000,1937-03-11 00:00:00.000001,2026-08-18 00:00:00.000001,1826,,,,,1826,reachable,screen
USGS-02398037,1999-12-15 00:00:00.000001,2003-02-10 00:00:00.000001,0,0.0,1154.0,1999-12-15,2003-02-10,0,unreachable,individual fetch
USGS-02398300,1959-01-01 00:00:00.000001,2026-08-17 00:00:00.000001,1826,,,,,1826,reachable,screen
USGS-02399200,1958-10-01 00:00:00.000001,2026-08-17 00:00:00.000001,1826,,,,,1826,reachable,screen
USGS-02400100,1962-10-01 00:00:00.000001,2026-08-17 00:00:00.000001,1826,,,,,1826,reachable,screen
USGS-02400496,,,0,0.0,0.0,,,0,unreachable,individual fetch
USGS-02400680,2002-10-01 00:00:00.000001,2026-08-17 00:00:00.000001,1826,,,,,1826,reachable,screen
USGS-02401000,1943-10-01 00:00:00.000001,2026-08-17 00:00:00.000001,1826,,,,,1826,reachable,screen
USGS-02401330,,,0,0.0,0.0,,,0,unreachable,individual fetch
USGS-02401390,1965-10-01 00:00:00.000001,2026-08-17 00:00:00.000001,1826,,,,,1826,reachable,screen
USGS-02401895,2013-11-01 00:00:00.000001,2026-08-17 00:00:00.000001,1826,,,,,1826,reachable,screen
USGS-02403170,2022-11-02 00:00:00.000001,2024-07-29 00:00:00.000001,60,,,,,60,reachable,screen
USGS-02403310,2002-10-01 00:00:00.000001,2026-08-17 00:00:00.000001,1826,,,,,1826,reachable,screen
USGS-02404400,1960-10-01 00:00:00.000001,2026-08-17 00:00:00.000001,1826,,,,,1826,reachable,screen
USGS-02405500,1951-12-01 00:00:00.000001,2026-08-17 00:00:00.000001,1826,,,,,1826,reachable,screen
USGS-02406500,1900-08-17 00:00:00.000001,2026-08-17 00:00:00.000001,1826,,,,,1826,reachable,screen
USGS-02406930,2010-07-14 00:00:00.000001,2026-08-17 00:00:00.000001,1826,,,,,1826,reachable,screen
USGS-02407000,1913-10-01 00:00:00.000001,2026-08-17 00:00:00.000001,1826,,,,,1826,reachable,screen
USGS-02407514,2005-10-01 00:00:00.000001,2026-08-17 00:00:00.000001,1826,,,,,1826,reachable,screen
USGS-02408150,2014-11-19 00:00:00.000001,2026-08-17 00:00:00.000001,1826,,,,,1826,reachable,screen
USGS-02408540,1980-10-01 00:00:00.000001,2026-08-17 00:00:00.000001,1826,,,,,1826,reachable,screen
USGS-02411590,,,0,0.0,0.0,,,0,unreachable,individual fetch
USGS-02411930,1999-12-13 00:00:00.000001,2026-08-17 00:00:00.000001,1826,,,,,1826,reachable,screen
USGS-02412000,1952-07-01 00:00:00.000001,2026-08-17 00:00:00.000001,1826,,,,,1826,reachable,screen
USGS-02413000,1937-04-01 00:00:00.000001,2026-08-18 00:00:00.000001,1826,,,,,1826,reachable,screen
USGS-02413205,2023-08-20 00:00:00.000001,2026-08-19 00:00:00.000001,0,0.0,1096.0,2023-08-20,2026-08-19,0,unreachable,individual fetch
USGS-02413210,2000-02-01 00:00:00.000001,2026-08-17 00:00:00.000001,1826,,,,,1826,reachable,screen
USGS-02413215,2023-08-20 00:00:00.000001,2026-08-19 00:00:00.000001,0,0.0,1092.0,2023-08-20,2026-08-19,0,unreachable,individual fetch
USGS-02413300,1975-10-01 00:00:00.000001,2026-08-17 00:00:00.000001,1826,,,,,1826,reachable,screen
USGS-02414300,,,0,0.0,0.0,,,0,unreachable,individual fetch
USGS-02414500,1923-10-01 00:00:00.000001,2026-08-17 00:00:00.000001,1788,,,,,1788,reachable,screen
USGS-02414715,1985-11-15 00:00:00.000001,2026-08-17 00:00:00.000001,1826,,,,,1826,reachable,screen
USGS-02415000,1952-07-01 00:00:00.000001,2026-08-17 00:00:00.000001,1826,,,,,1826,reachable,screen
USGS-02416360,2021-10-16 00:00:00.000001,2024-07-29 00:00:00.000001,442,,,,,442,reachable,screen
USGS-02418230,1999-11-09 00:00:00.000001,2026-08-17 00:00:00.000001,1826,,,,,1826,reachable,screen
USGS-02418760,2002-10-08 00:00:00.000001,2026-08-17 00:00:00.000001,1826,,,,,1826,reachable,screen
USGS-02419000,1939-10-01 00:00:00.000001,2026-08-17 00:00:00.000001,1826,,,,,1826,reachable,screen
USGS-02419890,1995-10-01 00:00:00.000001,2026-08-17 00:00:00.000001,1817,,,,,1817,reachable,screen
USGS-02420000,1927-10-01 00:00:00.000001,2026-08-17 00:00:00.000001,1826,,,,,1826,reachable,screen
USGS-02421000,1952-07-01 00:00:00.000001,2026-08-17 00:00:00.000001,1798,,,,,1798,reachable,screen
USGS-02421480,2022-03-10 00:00:00.000001,2026-08-18 00:00:00.000001,297,,,,,297,reachable,screen
USGS-02422500,1938-10-01 00:00:00.000001,2026-08-17 00:00:00.000001,1826,,,,,1826,reachable,screen
USGS-02423110,,,0,0.0,0.0,,,0,unreachable,individual fetch
USGS-02423130,1988-10-01 00:00:00.000001,2026-08-17 00:00:00.000001,1826,,,,,1826,reachable,screen
USGS-02423160,2011-08-08 00:00:00.000001,2026-08-17 00:00:00.000001,1826,,,,,1826,reachable,screen
USGS-02423380,1980-10-01 00:00:00.000001,2026-08-17 00:00:00.000001,1826,,,,,1826,reachable,screen
USGS-02423397,1995-06-16 00:00:00.000001,2026-08-17 00:00:00.000001,1826,,,,,1826,reachable,screen
USGS-02423400,1986-07-23 00:00:00.000001,2026-08-17 00:00:00.000001,1826,,,,,1826,reachable,screen
USGS-02423414,2003-08-01 00:00:00.000001,2026-08-17 00:00:00.000001,1826,,,,,1826,reachable,screen
USGS-02423425,1975-08-01 00:00:00.000001,2026-08-17 00:00:00.000001,1772,,,,,1772,reachable,screen
USGS-02423496,1988-05-01 00:00:00.000001,2026-08-17 00:00:00.000001,1826,,,,,1826,reachable,screen
USGS-02423500,1938-10-01 00:00:00.000001,2026-08-17 00:00:00.000001,1826,,,,,1826,reachable,screen
USGS-0242354650,2018-02-01 00:00:00.000001,2026-08-17 00:00:00.000001,1782,,,,,1782,reachable,screen
USGS-0242354750,1998-10-01 00:00:00.000001,2026-08-17 00:00:00.000001,1826,,,,,1826,reachable,screen
USGS-02423555,1996-09-30 00:00:00.000001,2026-08-17 00:00:00.000001,1826,,,,,1826,reachable,screen
USGS-02423571,2017-10-03 00:00:00.000001,2026-08-18 00:00:00.000001,1826,,,,,1826,reachable,screen
USGS-02423586,2001-02-23 00:00:00.000001,2026-08-17 00:00:00.000001,1739,,,,,1739,reachable,screen
USGS-02423630,1964-10-01 00:00:00.000001,2026-08-17 00:00:00.000001,1826,,,,,1826,reachable,screen
USGS-02423647,1975-10-01 00:00:00.000001,1984-09-29 00:00:00.000001,0,0.0,3287.0,1975-10-01,1984-09-29,0,unreachable,individual fetch
USGS-02423800,1957-12-01 00:00:00.000001,2026-08-18 00:00:00.000001,0,0.0,5947.0,1957-12-01,2026-08-18,0,unreachable,individual fetch
USGS-02424000,1901-08-01 00:00:00.000001,2026-08-17 00:00:00.000001,1826,,,,,1826,reachable,screen
USGS-02425000,1938-10-01 00:00:00.000001,2026-08-17 00:00:00.000001,1826,,,,,1826,reachable,screen
USGS-02427020,2023-02-02 00:00:00.000001,2026-08-18 00:00:00.000001,0,0.0,1292.0,2023-02-02,2026-08-18,0,unreachable,individual fetch
USGS-02427250,1989-10-01 00:00:00.000001,2026-08-17 00:00:00.000001,1826,,,,,1826,reachable,screen
USGS-02428400,1975-10-01 00:00:00.000001,2026-08-19 00:00:00.000001,1826,,,,,1826,reachable,screen
USGS-02429000,1952-01-01 00:00:00.000001,2026-08-18 00:00:00.000001,0,0.0,8107.0,1952-01-01,2026-08-18,0,unreachable,individual fetch
USGS-02429540,,,0,0.0,0.0,,,0,unreachable,individual fetch
USGS-02429900,1973-06-01 00:00:00.000001,2003-09-29 00:00:00.000001,0,0.0,11078.0,1973-06-01,2003-09-29,0,unreachable,individual fetch
USGS-02429980,1972-10-01 00:00:00.000001,2004-05-17 00:00:00.000001,0,0.0,11552.0,1972-10-01,2004-05-17,0,unreachable,individual fetch
USGS-02430085,1975-06-10 00:00:00.000001,2026-08-18 00:00:00.000001,1826,,,,,1826,reachable,screen
USGS-02430161,,,0,0.0,0.0,,,0,unreachable,individual fetch
USGS-02430615,1975-06-09 00:00:00.000001,2024-07-29 00:00:00.000001,0,0.0,13607.0,1975-06-09,2024-07-29,0,unreachable,individual fetch
USGS-02430626,,,0,0.0,0.0,,,0,unreachable,individual fetch
USGS-02430680,1982-10-01 00:00:00.000001,2026-08-18 00:00:00.000001,1826,,,,,1826,reachable,screen
USGS-02430880,1975-07-22 00:00:00.000001,2026-08-17 00:00:00.000001,1822,,,,,1822,reachable,screen
USGS-02431000,1928-08-13 00:00:00.000001,2026-08-17 00:00:00.000001,1826,,,,,1826,reachable,screen
USGS-02431011,,,0,0.0,0.0,,,0,unreachable,individual fetch
USGS-02432500,1997-09-30 00:00:00.000001,2026-08-17 00:00:00.000001,1306,,,,,1306,reachable,screen
USGS-02433151,,,0,0.0,0.0,,,0,unreachable,individual fetch
USGS-02433496,,,0,0.0,0.0,,,0,unreachable,individual fetch
USGS-02433500,1944-10-01 00:00:00.000001,2026-08-17 00:00:00.000001,1824,,,,,1824,reachable,screen
USGS-02435020,1970-10-01 00:00:00.000001,2026-08-17 00:00:00.000001,1826,,,,,1826,reachable,screen
USGS-02436500,1939-10-01 00:00:00.000001,2026-08-18 00:00:00.000001,1824,,,,,1824,reachable,screen
USGS-02437000,,,0,0.0,0.0,,,0,unreachable,individual fetch
USGS-02437100,1984-05-03 00:00:00.000001,2026-08-17 00:00:00.000001,1826,,,,,1826,reachable,screen
USGS-02438000,1951-01-01 00:00:00.000001,2026-08-17 00:00:00.000001,1826,,,,,1826,reachable,screen
USGS-02439400,1966-07-27 00:00:00.000001,2026-08-18 00:00:00.000001,1826,,,,,1826,reachable,screen
USGS-02440500,1943-10-01 00:00:00.000001,2004-09-29 00:00:00.000001,0,0.0,13676.0,1943-10-01,2004-09-29,0,unreachable,individual fetch
USGS-02441300,1963-08-01 00:00:00.000001,2019-04-06 00:00:00.000001,449,,,,,449,reachable,screen
USGS-02441390,1899-10-01 00:00:00.000001,2015-09-29 00:00:00.000001,0,0.0,36430.0,1900-01-01,2015-09-29,0,unreachable,individual fetch
USGS-02442500,1954-08-01 00:00:00.000001,2011-11-07 00:00:00.000001,0,0.0,7706.0,1954-08-01,2011-11-07,0,unreachable,individual fetch
USGS-02443000,1943-10-01 00:00:00.000001,1991-02-24 00:00:00.000001,0,0.0,12292.0,1943-10-01,1991-02-24,0,unreachable,individual fetch
USGS-02443500,1928-08-10 00:00:00.000001,2026-08-17 00:00:00.000001,1826,,,,,1826,reachable,screen
USGS-02444160,1980-10-01 00:00:00.000001,2026-08-17 00:00:00.000001,1825,,,,,1825,reachable,screen
USGS-02446500,1928-09-01 00:00:00.000001,2026-08-17 00:00:00.000001,1826,,,,,1826,reachable,screen
USGS-02447025,1978-03-17 00:00:00.000001,2026-08-17 00:00:00.000001,1826,,,,,1826,reachable,screen
USGS-02448000,1928-08-08 00:00:00.000001,2026-08-17 00:00:00.000001,1826,,,,,1826,reachable,screen
USGS-02448500,1939-03-01 00:00:00.000001,2026-08-17 00:00:00.000001,1826,,,,,1826,reachable,screen
USGS-02448900,1990-10-01 00:00:00.000001,2026-08-16 00:00:00.000001,1826,,,,,1826,reachable,screen
USGS-02449838,2015-10-15 00:00:00.000001,2026-08-17 00:00:00.000001,1750,,,,,1750,reachable,screen
USGS-02449882,1992-10-01 00:00:00.000001,2026-08-17 00:00:00.000001,1826,,,,,1826,reachable,screen
USGS-02450000,1928-10-01 00:00:00.000001,2026-08-17 00:00:00.000001,123,,,,,123,reachable,screen
USGS-02450180,1976-10-01 00:00:00.000001,2026-08-17 00:00:00.000001,1826,,,,,1826,reachable,screen
USGS-02450250,1966-10-01 00:00:00.000001,2026-08-17 00:00:00.000001,1826,,,,,1826,reachable,screen
USGS-02450825,1980-10-01 00:00:00.000001,2026-08-17 00:00:00.000001,1826,,,,,1826,reachable,screen
USGS-02452505,2023-02-28 00:00:00.000001,2026-08-18 00:00:00.000001,0,0.0,1231.0,2023-02-28,2026-08-18,0,unreachable,individual fetch
USGS-02453000,1938-10-01 00:00:00.000001,2026-08-17 00:00:00.000001,1826,,,,,1826,reachable,screen
USGS-02453500,1900-06-02 00:00:00.000001,2026-08-17 00:00:00.000001,1826,,,,,1826,reachable,screen
USGS-02454000,1951-10-01 00:00:00.000001,2026-08-17 00:00:00.000001,381,,,,,381,reachable,screen
USGS-02455000,1936-12-01 00:00:00.000001,2026-08-17 00:00:00.000001,1826,,,,,1826,reachable,screen
USGS-02455185,1998-01-31 00:00:00.000001,2026-08-17 00:00:00.000001,1826,,,,,1826,reachable,screen
USGS-02455980,1988-07-01 00:00:00.000001,2026-08-17 00:00:00.000001,1825,,,,,1825,reachable,screen
USGS-02456000,1944-01-01 00:00:00.000001,2026-08-17 00:00:00.000001,1356,,,,,1356,reachable,screen
USGS-02456500,1928-10-01 00:00:00.000001,2026-08-17 00:00:00.000001,1826,,,,,1826,reachable,screen
USGS-02457595,1988-05-21 00:00:00.000001,2026-08-17 00:00:00.000001,1826,,,,,1826,reachable,screen
USGS-02457704,2019-04-10 00:00:00.000001,2025-07-06 00:00:00.000001,1362,,,,,1362,reachable,screen
USGS-02458148,1998-10-01 00:00:00.000001,2026-08-17 00:00:00.000001,1826,,,,,1826,reachable,screen
USGS-02458190,2012-02-15 00:00:00.000001,2026-08-17 00:00:00.000001,1588,,,,,1588,reachable,screen
USGS-02458450,1975-07-01 00:00:00.000001,2026-08-17 00:00:00.000001,1826,,,,,1826,reachable,screen
USGS-02458502,1997-10-01 00:00:00.000001,2026-08-17 00:00:00.000001,1826,,,,,1826,reachable,screen
USGS-02458600,1996-06-21 00:00:00.000001,2026-08-17 00:00:00.000001,1826,,,,,1826,reachable,screen
USGS-02460500,2020-09-30 00:00:00.000001,2026-08-17 00:00:00.000001,823,,,,,823,reachable,screen
USGS-02461130,,,0,0.0,0.0,,,0,unreachable,individual fetch
USGS-02461192,2017-01-05 00:00:00.000001,2026-08-17 00:00:00.000001,1826,,,,,1826,reachable,screen
USGS-02461405,,,0,0.0,0.0,,,0,unreachable,individual fetch
USGS-02461500,1975-05-14 00:00:00.000001,2026-08-17 00:00:00.000001,1826,,,,,1826,reachable,screen
USGS-02462000,1953-10-01 00:00:00.000001,2026-08-17 00:00:00.000001,1826,,,,,1826,reachable,screen
USGS-02464000,1938-12-01 00:00:00.000001,2026-08-17 00:00:00.000001,1826,,,,,1826,reachable,screen
USGS-02465000,1895-01-01 00:00:00.000001,2026-08-17 00:00:00.000001,1797,,,,,1797,reachable,screen
USGS-02465292,2002-07-25 00:00:00.000001,2026-08-17 00:00:00.000001,1826,,,,,1826,reachable,screen
USGS-02465493,1976-10-01 00:00:00.000001,2026-08-17 00:00:00.000001,1826,,,,,1826,reachable,screen
USGS-02466030,,,0,0.0,0.0,,,0,unreachable,individual fetch
USGS-02466500,1940-02-01 00:00:00.000001,2026-08-18 00:00:00.000001,0,0.0,6069.0,1940-02-01,2026-08-18,0,unreachable,individual fetch
USGS-02467000,1928-08-01 00:00:00.000001,2026-08-17 00:00:00.000001,1822,,,,,1822,reachable,screen
USGS-02467200,1996-04-20 00:00:00.000001,2003-09-29 00:00:00.000001,0,0.0,2718.0,1996-04-20,2003-09-29,0,unreachable,individual fetch
USGS-02467500,1938-10-01 00:00:00.000001,2026-08-17 00:00:00.000001,1826,,,,,1826,reachable,screen
USGS-02469500,1954-10-01 00:00:00.000001,2025-06-18 00:00:00.000001,641,,,,,641,reachable,screen
USGS-02469525,2014-10-01 00:00:00.000001,2026-08-17 00:00:00.000001,1826,,,,,1826,reachable,screen
USGS-02469761,1960-10-01 00:00:00.000001,2026-08-19 00:00:00.000001,1823,,,,,1823,reachable,screen
USGS-02469800,1956-10-01 00:00:00.000001,2026-08-17 00:00:00.000001,1826,,,,,1826,reachable,screen
USGS-02470072,1995-10-01 00:00:00.000001,2026-08-17 00:00:00.000001,1826,,,,,1826,reachable,screen
USGS-02471001,1951-10-01 00:00:00.000001,2026-08-17 00:00:00.000001,1826,,,,,1826,reachable,screen
USGS-02471078,1995-03-09 00:00:00.000001,2026-08-17 00:00:00.000001,1826,,,,,1826,reachable,screen
USGS-02472000,1938-09-12 00:00:00.000001,2026-08-17 00:00:00.000001,1826,,,,,1826,reachable,screen
USGS-02472500,1938-09-16 00:00:00.000001,2026-08-17 00:00:00.000001,1826,,,,,1826,reachable,screen
USGS-02472850,1994-10-01 00:00:00.000001,2026-08-18 00:00:00.000001,1824,,,,,1824,reachable,screen
USGS-02472980,2010-11-28 00:00:00.000001,2026-06-27 00:00:00.000001,779,,,,,779,reachable,screen
USGS-02473000,1938-09-15 00:00:00.000001,2026-08-17 00:00:00.000001,1826,,,,,1826,reachable,screen
USGS-02473460,1979-10-01 00:00:00.000001,2004-09-29 00:00:00.000001,0,0.0,8857.0,1979-10-01,2004-09-29,0,unreachable,individual fetch
USGS-02473500,1938-09-13 00:00:00.000001,2023-09-30 00:00:00.000001,1826,,,,,1826,reachable,screen
USGS-02473850,,,0,0.0,0.0,,,0,unreachable,individual fetch
USGS-02474500,1939-10-01 00:00:00.000001,2023-09-30 00:00:00.000001,1826,,,,,1826,reachable,screen
USGS-02474560,1983-12-09 00:00:00.000001,2026-08-17 00:00:00.000001,1826,,,,,1826,reachable,screen
USGS-02474600,1997-09-30 00:00:00.000001,2013-09-28 00:00:00.000001,0,0.0,4426.0,1997-09-30,2013-09-28,0,unreachable,individual fetch
USGS-02475000,1939-10-01 00:00:00.000001,2026-08-17 00:00:00.000001,1826,,,,,1826,reachable,screen
USGS-02475500,1938-08-20 00:00:00.000001,2026-08-17 00:00:00.000001,1772,,,,,1772,reachable,screen
USGS-02476500,1950-10-01 00:00:00.000001,2026-08-17 00:00:00.000001,1826,,,,,1826,reachable,screen
USGS-02476600,1968-10-01 00:00:00.000001,2026-08-17 00:00:00.000001,1826,,,,,1826,reachable,screen
USGS-02477000,1938-08-20 00:00:00.000001,2026-08-17 00:00:00.000001,1826,,,,,1826,reachable,screen
USGS-02477045,2021-10-07 00:00:00.000001,2026-08-18 00:00:00.000001,451,,,,,451,reachable,screen
USGS-02477500,1938-10-01 00:00:00.000001,2026-08-17 00:00:00.000001,1826,,,,,1826,reachable,screen
USGS-02478500,1938-09-14 00:00:00.000001,2026-08-17 00:00:00.000001,1825,,,,,1825,reachable,screen
USGS-02479000,1930-10-01 00:00:00.000001,2026-08-18 00:00:00.000001,1826,,,,,1826,reachable,screen
USGS-02479130,1970-10-01 00:00:00.000001,2026-08-18 00:00:00.000001,1826,,,,,1826,reachable,screen
USGS-02479155,1966-10-01 00:00:00.000001,2026-08-18 00:00:00.000001,1826,,,,,1826,reachable,screen
USGS-02479160,1971-10-01 00:00:00.000001,2014-10-05 00:00:00.000001,0,0.0,15710.0,1971-10-01,2014-10-05,0,unreachable,individual fetch
USGS-02479300,1961-09-30 00:00:00.000001,2026-08-17 00:00:00.000001,1826,,,,,1826,reachable,screen
USGS-02479310,1993-10-01 00:00:00.000001,2026-08-17 00:00:00.000001,1826,,,,,1826,reachable,screen
USGS-02479500,1945-10-01 00:00:00.000001,2026-08-17 00:00:00.000001,690,,,,,690,reachable,screen
USGS-02479560,1973-10-01 00:00:00.000001,2020-10-13 00:00:00.000001,1017,,,,,1017,reachable,screen
USGS-02479945,1990-06-22 00:00:00.000001,2026-08-17 00:00:00.000001,1826,,,,,1826,reachable,screen
USGS-02479980,1990-06-22 00:00:00.000001,2026-08-17 00:00:00.000001,1826,,,,,1826,reachable,screen
USGS-02480002,1990-06-21 00:00:00.000001,2026-08-17 00:00:00.000001,1826,,,,,1826,reachable,screen
USGS-02480020,2020-08-27 00:00:00.000001,2026-08-18 00:00:00.000001,857,,,,,857,reachable,screen
USGS-0248018020,,,0,0.0,0.0,,,0,unreachable,individual fetch
USGS-02480345,2019-03-28 00:00:00.000001,2024-08-07 00:00:00.000001,1375,,,,,1375,reachable,screen
USGS-02481000,1952-10-01 00:00:00.000001,2026-08-17 00:00:00.000001,1823,,,,,1823,reachable,screen
USGS-02481510,1971-08-01 00:00:00.000001,2026-08-17 00:00:00.000001,1826,,,,,1826,reachable,screen
USGS-02481660,,,0,0.0,0.0,,,0,unreachable,individual fetch
USGS-02481880,1980-12-30 00:00:00.000001,2026-06-27 00:00:00.000001,1416,,,,,1416,reachable,screen
USGS-02482000,1928-08-15 00:00:00.000001,2026-08-17 00:00:00.000001,1825,,,,,1825,reachable,screen
USGS-02482470,2011-08-11 00:00:00.000001,2026-07-18 00:00:00.000001,916,,,,,916,reachable,screen
USGS-02482550,1962-09-01 00:00:00.000001,2026-08-17 00:00:00.000001,1826,,,,,1826,reachable,screen
USGS-02483000,1974-08-28 00:00:00.000001,2026-08-17 00:00:00.000001,1813,,,,,1813,reachable,screen
USGS-02483001,1972-10-01 00:00:00.000001,2013-02-20 00:00:00.000001,0,0.0,14300.0,1972-10-01,2013-02-20,0,unreachable,individual fetch
USGS-02483500,1997-09-30 00:00:00.000001,2026-08-17 00:00:00.000001,1822,,,,,1822,reachable,screen
USGS-02484000,1938-08-17 00:00:00.000001,2026-08-17 00:00:00.000001,1826,,,,,1826,reachable,screen
USGS-02484500,1943-10-01 00:00:00.000001,2026-08-18 00:00:00.000001,1825,,,,,1825,reachable,screen
USGS-02484600,,,0,0.0,0.0,,,0,unreachable,individual fetch
USGS-02484650,,,0,0.0,0.0,,,0,unreachable,individual fetch
USGS-02484760,2007-04-02 00:00:00.000001,2026-06-20 00:00:00.000001,22,,,,,22,reachable,screen
USGS-02485498,,,0,0.0,0.0,,,0,unreachable,individual fetch
USGS-02485650,,,0,0.0,0.0,,,0,unreachable,individual fetch
USGS-02485700,1980-10-01 00:00:00.000001,2019-01-03 00:00:00.000001,1,,,,,1,reachable,screen
USGS-02485735,2020-03-06 00:00:00.000001,2026-08-18 00:00:00.000001,1029,,,,,1029,reachable,screen
USGS-02486000,1901-10-01 00:00:00.000001,2026-08-17 00:00:00.000001,1821,,,,,1821,reachable,screen
USGS-02486100,,,0,0.0,0.0,,,0,unreachable,individual fetch
USGS-02486900,,,0,0.0,0.0,,,0,unreachable,individual fetch
USGS-02487500,1928-10-01 00:00:00.000001,2026-08-17 00:00:00.000001,1826,,,,,1826,reachable,screen
USGS-02488000,1938-10-01 00:00:00.000001,2026-08-17 00:00:00.000001,1705,,,,,1705,reachable,screen
USGS-02488500,1938-10-01 00:00:00.000001,2026-08-17 00:00:00.000001,1401,,,,,1401,reachable,screen
USGS-02488700,1965-09-23 00:00:00.000001,2004-09-29 00:00:00.000001,0,0.0,14252.0,1965-09-23,2004-09-29,0,unreachable,individual fetch
USGS-02489000,1999-10-01 00:00:00.000001,2026-08-17 00:00:00.000001,1826,,,,,1826,reachable,screen
USGS-02489500,1938-10-01 00:00:00.000001,2026-08-17 00:00:00.000001,1826,,,,,1826,reachable,screen
USGS-02490500,1944-08-24 00:00:00.000001,2026-08-18 00:00:00.000001,1826,,,,,1826,reachable,screen
USGS-02491800,,,0,0.0,0.0,,,0,unreachable,individual fetch
USGS-02492000,1937-10-01 00:00:00.000001,2026-08-17 00:00:00.000001,1826,,,,,1826,reachable,screen
USGS-02492110,2007-10-01 00:00:00.000001,2023-08-21 00:00:00.000001,789,,,,,789,reachable,screen
USGS-02492111,2007-10-01 00:00:00.000001,2023-08-21 00:00:00.000001,882,,,,,882,reachable,screen
USGS-02492343,1996-09-30 00:00:00.000001,2026-08-18 00:00:00.000001,1824,,,,,1824,reachable,screen
USGS-02492360,1996-09-30 00:00:00.000001,2026-08-17 00:00:00.000001,1826,,,,,1826,reachable,screen
USGS-02492620,,,0,0.0,0.0,,,0,unreachable,individual fetch
USGS-02492700,2023-02-15 00:00:00.000001,2024-10-15 00:00:00.000001,0,0.0,602.0,2023-02-15,2024-10-15,0,unreachable,individual fetch
USGS-03007800,1974-10-01 00:00:00.000001,2026-08-17 00:00:00.000001,1826,,,,,1826,reachable,screen
USGS-03010500,1939-10-01 00:00:00.000001,2026-08-17 00:00:00.000001,1826,,,,,1826,reachable,screen
USGS-03010655,1973-10-09 00:00:00.000001,2026-08-17 00:00:00.000001,1826,,,,,1826,reachable,screen
USGS-03010820,2010-08-21 00:00:00.000001,2026-08-18 00:00:00.000001,1826,,,,,1826,reachable,screen
USGS-03011020,1903-09-04 00:00:00.000001,2026-08-17 00:00:00.000001,1826,,,,,1826,reachable,screen
USGS-03011800,1965-10-01 00:00:00.000001,2026-08-17 00:00:00.000001,1826,,,,,1826,reachable,screen
USGS-03012550,1965-10-01 00:00:00.000001,2026-08-17 00:00:00.000001,1826,,,,,1826,reachable,screen
USGS-03014500,1934-10-28 00:00:00.000001,2026-08-18 00:00:00.000001,1826,,,,,1826,reachable,screen
USGS-03015000,1939-11-01 00:00:00.000001,2026-08-18 00:00:00.000001,1826,,,,,1826,reachable,screen
USGS-03015310,1988-10-01 00:00:00.000001,2026-08-17 00:00:00.000001,1826,,,,,1826,reachable,screen
USGS-03015500,1909-10-01 00:00:00.000001,2026-08-17 00:00:00.000001,1826,,,,,1826,reachable,screen
USGS-03016000,1941-10-01 00:00:00.000001,2026-08-17 00:00:00.000001,1826,,,,,1826,reachable,screen
USGS-03017500,1938-03-01 00:00:00.000001,2026-08-17 00:00:00.000001,1826,,,,,1826,reachable,screen
USGS-03020000,1940-10-01 00:00:00.000001,2026-08-17 00:00:00.000001,1826,,,,,1826,reachable,screen
USGS-03020500,1932-10-01 00:00:00.000001,2026-08-16 00:00:00.000001,1826,,,,,1826,reachable,screen
USGS-03021350,1974-10-01 00:00:00.000001,2026-08-17 00:00:00.000001,1826,,,,,1826,reachable,screen
USGS-03021410,1974-09-12 00:00:00.000001,1993-09-30 00:00:00.000001,0,0.0,6959.0,1974-09-12,1993-09-30,0,unreachable,individual fetch
USGS-03021520,1971-10-01 00:00:00.000001,2026-08-17 00:00:00.000001,1825,,,,,1825,reachable,screen
USGS-03022540,1974-09-04 00:00:00.000001,2026-08-17 00:00:00.000001,1826,,,,,1826,reachable,screen
USGS-03022554,1974-10-01 00:00:00.000001,2026-08-18 00:00:00.000001,1826,,,,,1826,reachable,screen
USGS-03023100,1988-10-01 00:00:00.000001,2026-08-18 00:00:00.000001,1826,,,,,1826,reachable,screen
USGS-03024000,1932-10-01 00:00:00.000001,2026-08-17 00:00:00.000001,1826,,,,,1826,reachable,screen
USGS-03025500,1914-10-01 00:00:00.000001,2026-08-17 00:00:00.000001,1826,,,,,1826,reachable,screen
USGS-03026480,2012-09-30 00:00:00.000001,2025-09-30 00:00:00.000001,1826,,,,,1826,reachable,screen
USGS-03026500,1951-11-01 00:00:00.000001,2026-08-17 00:00:00.000001,1826,,,,,1826,reachable,screen
USGS-03027500,1948-10-01 00:00:00.000001,2026-08-17 00:00:00.000001,1826,,,,,1826,reachable,screen
USGS-03028000,1953-10-01 00:00:00.000001,2026-08-17 00:00:00.000001,1826,,,,,1826,reachable,screen
USGS-03028500,1945-10-01 00:00:00.000001,2026-08-17 00:00:00.000001,1826,,,,,1826,reachable,screen
USGS-03029000,2017-10-01 00:00:00.000001,2026-08-17 00:00:00.000001,1826,,,,,1826,reachable,screen
USGS-03029500,1938-10-01 00:00:00.000001,2026-08-17 00:00:00.000001,1826,,,,,1826,reachable,screen
USGS-03030500,1948-01-01 00:00:00.000001,2026-08-17 00:00:00.000001,1826,,,,,1826,reachable,screen
USGS-03031500,1932-10-01 00:00:00.000001,2026-08-17 00:00:00.000001,1826,,,,,1826,reachable,screen
USGS-03031882,2016-06-29 00:00:00.000001,2026-08-17 00:00:00.000001,1826,,,,,1826,reachable,screen
USGS-03032500,1918-10-01 00:00:00.000001,2026-08-17 00:00:00.000001,1826,,,,,1826,reachable,screen
USGS-03034000,1938-10-01 00:00:00.000001,2026-08-18 00:00:00.000001,1826,,,,,1826,reachable,screen
USGS-03034500,1939-10-01 00:00:00.000001,2026-08-17 00:00:00.000001,1826,,,,,1826,reachable,screen
USGS-03036000,1938-10-01 00:00:00.000001,2026-08-18 00:00:00.000001,1826,,,,,1826,reachable,screen
USGS-03036500,1904-09-01 00:00:00.000001,2026-08-17 00:00:00.000001,1826,,,,,1826,reachable,screen
USGS-03038000,1937-10-01 00:00:00.000001,2026-08-18 00:00:00.000001,1826,,,,,1826,reachable,screen
USGS-03039000,1918-10-01 00:00:00.000001,2026-08-17 00:00:00.000001,1826,,,,,1826,reachable,screen
USGS-03040000,1913-10-01 00:00:00.000001,2026-08-18 00:00:00.000001,1826,,,,,1826,reachable,screen
USGS-03041029,2001-12-12 00:00:00.000001,2026-08-17 00:00:00.000001,1826,,,,,1826,reachable,screen
USGS-03041500,1938-10-01 00:00:00.000001,2026-08-18 00:00:00.000001,1826,,,,,1826,reachable,screen
USGS-03042000,1952-02-01 00:00:00.000001,2026-08-18 00:00:00.000001,1826,,,,,1826,reachable,screen
USGS-03042280,1967-10-01 00:00:00.000001,2026-08-17 00:00:00.000001,1826,,,,,1826,reachable,screen
USGS-03042500,1951-10-01 00:00:00.000001,2026-08-18 00:00:00.000001,1826,,,,,1826,reachable,screen
USGS-03044000,1939-10-01 00:00:00.000001,2026-08-18 00:00:00.000001,1826,,,,,1826,reachable,screen
USGS-03044810,2006-10-01 00:00:00.000001,2026-08-17 00:00:00.000001,1826,,,,,1826,reachable,screen
USGS-03045000,1940-01-01 00:00:00.000001,2026-08-17 00:00:00.000001,1826,,,,,1826,reachable,screen
USGS-03047000,1939-10-01 00:00:00.000001,2026-08-17 00:00:00.000001,1826,,,,,1826,reachable,screen
USGS-03048500,1937-10-01 00:00:00.000001,2026-08-17 00:00:00.000001,1826,,,,,1826,reachable,screen
USGS-03048900,2014-10-01 00:00:00.000001,2026-08-17 00:00:00.000001,1435,,,,,1435,reachable,screen
USGS-03049500,1938-10-01 00:00:00.000001,2026-08-17 00:00:00.000001,1826,,,,,1826,reachable,screen
USGS-03049800,1962-10-01 00:00:00.000001,2026-08-17 00:00:00.000001,1826,,,,,1826,reachable,screen
USGS-03049807,2006-06-13 00:00:00.000001,2026-08-17 00:00:00.000001,0,0.0,3799.0,2006-06-13,2026-08-18,0,unreachable,individual fetch
USGS-03049819,2006-06-13 00:00:00.000001,2014-09-29 00:00:00.000001,0,0.0,3031.0,2006-06-13,2014-09-29,0,unreachable,individual fetch
USGS-03050000,1915-04-20 00:00:00.000001,2026-08-18 00:00:00.000001,1826,,,,,1826,reachable,screen
USGS-03050500,1944-10-01 00:00:00.000001,2004-09-29 00:00:00.000001,0,0.0,21914.0,1944-10-01,2004-09-29,0,unreachable,individual fetch
USGS-03051000,1907-06-05 00:00:00.000001,2026-08-18 00:00:00.000001,1826,,,,,1826,reachable,screen
USGS-03052000,1942-02-15 00:00:00.000001,2026-08-18 00:00:00.000001,1826,,,,,1826,reachable,screen
USGS-03052120,2011-10-01 00:00:00.000001,2026-08-18 00:00:00.000001,1240,,,,,1240,reachable,screen
USGS-03052450,2022-11-02 00:00:00.000001,2026-08-18 00:00:00.000001,60,,,,,60,reachable,screen
USGS-03052500,1946-10-01 00:00:00.000001,2026-08-18 00:00:00.000001,1826,,,,,1826,reachable,screen
USGS-03053500,1915-04-15 00:00:00.000001,2026-08-18 00:00:00.000001,1826,,,,,1826,reachable,screen
USGS-03054500,1940-04-01 00:00:00.000001,2026-08-18 00:00:00.000001,1826,,,,,1826,reachable,screen
USGS-03056000,1938-07-01 00:00:00.000001,2026-08-18 00:00:00.000001,1826,,,,,1826,reachable,screen
USGS-03056250,1984-10-01 00:00:00.000001,2026-08-18 00:00:00.000001,1826,,,,,1826,reachable,screen
USGS-03057000,1939-06-01 00:00:00.000001,2026-08-18 00:00:00.000001,1826,,,,,1826,reachable,screen
USGS-03058000,1946-08-01 00:00:00.000001,2026-08-18 00:00:00.000001,1826,,,,,1826,reachable,screen
USGS-03058500,1915-04-08 00:00:00.000001,2026-08-18 00:00:00.000001,1826,,,,,1826,reachable,screen
USGS-03061000,1907-06-02 00:00:00.000001,2026-08-18 00:00:00.000001,1826,,,,,1826,reachable,screen
USGS-03061500,1907-06-03 00:00:00.000001,2026-08-18 00:00:00.000001,1826,,,,,1826,reachable,screen
USGS-03062500,1946-03-01 00:00:00.000001,2026-08-18 00:00:00.000001,1826,,,,,1826,reachable,screen
USGS-03065000,1940-10-01 00:00:00.000001,2026-08-18 00:00:00.000001,1826,,,,,1826,reachable,screen
USGS-03066000,1921-05-01 00:00:00.000001,2026-08-18 00:00:00.000001,1825,,,,,1825,reachable,screen
USGS-03067510,2000-02-15 00:00:00.000001,2026-08-18 00:00:00.000001,1826,,,,,1826,reachable,screen
USGS-03068800,1973-08-31 00:00:00.000001,2026-08-18 00:00:00.000001,1826,,,,,1826,reachable,screen
USGS-03069500,1913-01-01 00:00:00.000001,2026-08-18 00:00:00.000001,1826,,,,,1826,reachable,screen
USGS-0307020015,2019-10-24 00:00:00.000001,2026-08-17 00:00:00.000001,1165,,,,,1165,reachable,screen
USGS-03070260,1996-10-01 00:00:00.000001,2026-08-18 00:00:00.000001,1826,,,,,1826,reachable,screen
USGS-03070500,1909-05-07 00:00:00.000001,2026-08-18 00:00:00.000001,1826,,,,,1826,reachable,screen
USGS-03072000,1941-01-01 00:00:00.000001,2026-08-17 00:00:00.000001,1825,,,,,1825,reachable,screen
USGS-03072655,1939-01-01 00:00:00.000001,2026-08-18 00:00:00.000001,1826,,,,,1826,reachable,screen
USGS-03073000,1931-10-01 00:00:00.000001,2026-08-17 00:00:00.000001,1826,,,,,1826,reachable,screen
USGS-03074500,1942-10-01 00:00:00.000001,2026-08-17 00:00:00.000001,1826,,,,,1826,reachable,screen
USGS-03075070,1933-10-01 00:00:00.000001,2026-05-29 00:00:00.000001,1826,,,,,1826,reachable,screen
USGS-03075500,2026-01-15 00:00:00.000001,2026-08-17 00:00:00.000001,1826,,,,,1826,reachable,screen
USGS-03075590,2023-11-01 00:00:00.000001,2026-08-18 00:00:00.000001,0,0.0,1020.0,2023-11-01,2026-08-18,0,unreachable,individual fetch
USGS-03075825,2016-08-24 00:00:00.000001,2026-08-18 00:00:00.000001,1826,,,,,1826,reachable,screen
USGS-03075850,2017-07-01 00:00:00.000001,2026-08-18 00:00:00.000001,1826,,,,,1826,reachable,screen
USGS-03075905,2007-10-01 00:00:00.000001,2026-08-18 00:00:00.000001,1826,,,,,1826,reachable,screen
USGS-03076100,2011-07-29 00:00:00.000001,2026-08-18 00:00:00.000001,1826,,,,,1826,reachable,screen
USGS-03076500,1898-08-17 00:00:00.000001,2026-08-18 00:00:00.000001,1826,,,,,1826,reachable,screen
USGS-03076600,1964-10-01 00:00:00.000001,2026-08-18 00:00:00.000001,1826,,,,,1826,reachable,screen
USGS-03077500,1940-04-01 00:00:00.000001,2026-08-18 00:00:00.000001,1826,,,,,1826,reachable,screen
USGS-03078000,1947-07-25 00:00:00.000001,2026-08-18 00:00:00.000001,1826,,,,,1826,reachable,screen
USGS-03079000,1920-10-01 00:00:00.000001,2026-08-17 00:00:00.000001,1826,,,,,1826,reachable,screen
USGS-03080000,1918-10-01 00:00:00.000001,2026-08-17 00:00:00.000001,1826,,,,,1826,reachable,screen
USGS-03081000,1940-10-01 00:00:00.000001,2026-08-18 00:00:00.000001,1826,,,,,1826,reachable,screen
USGS-03081500,2002-10-01 00:00:00.000001,2026-08-17 00:00:00.000001,1826,,,,,1826,reachable,screen
USGS-03082500,1908-08-01 00:00:00.000001,2026-08-17 00:00:00.000001,1826,,,,,1826,reachable,screen
USGS-03083500,1920-10-01 00:00:00.000001,2026-08-18 00:00:00.000001,1826,,,,,1826,reachable,screen
USGS-03084698,2004-08-09 00:00:00.000001,2026-08-18 00:00:00.000001,0,0.0,4391.0,2004-08-09,2026-08-18,0,unreachable,individual fetch
USGS-03084800,2004-05-12 00:00:00.000001,2014-09-29 00:00:00.000001,0,0.0,3581.0,2004-05-12,2014-09-29,0,unreachable,individual fetch
USGS-03085000,1939-01-01 00:00:00.000001,2026-08-17 00:00:00.000001,0,0.0,24527.0,1939-01-01,2017-02-26,0,unreachable,individual fetch
USGS-030850498,,,0,0.0,0.0,,,0,unreachable,individual fetch
USGS-03085100,,,0,0.0,0.0,,,0,unreachable,individual fetch
USGS-03085213,2004-05-01 00:00:00.000001,2026-08-17 00:00:00.000001,0,0.0,4489.0,2004-05-01,2026-08-18,0,unreachable,individual fetch
USGS-03085500,1919-10-01 00:00:00.000001,2026-08-17 00:00:00.000001,1826,,,,,1826,reachable,screen
USGS-03085947,,,0,0.0,0.0,,,0,unreachable,individual fetch
USGS-03085956,2000-10-01 00:00:00.000001,2009-09-29 00:00:00.000001,0,0.0,3286.0,2000-10-01,2009-09-29,0,unreachable,individual fetch
USGS-03086000,1933-10-01 00:00:00.000001,2026-08-18 00:00:00.000001,1826,,,,,1826,reachable,screen
USGS-03086500,1941-09-01 00:00:00.000001,1993-09-29 00:00:00.000001,0,0.0,19022.0,1941-09-01,1993-09-29,0,unreachable,individual fetch
USGS-03090500,2009-10-01 00:00:00.000001,2026-08-18 00:00:00.000001,1826,,,,,1826,reachable,screen
USGS-03091500,1929-08-01 00:00:00.000001,2026-08-18 00:00:00.000001,1826,,,,,1826,reachable,screen
USGS-03092090,1965-10-01 00:00:00.000001,2026-08-17 00:00:00.000001,88,,,,,88,reachable,screen
USGS-03092460,2009-10-01 00:00:00.000001,2026-08-18 00:00:00.000001,1826,,,,,1826,reachable,screen
USGS-03093000,1926-06-01 00:00:00.000001,2026-08-18 00:00:00.000001,1826,,,,,1826,reachable,screen
USGS-03094000,1940-10-01 00:00:00.000001,2026-08-18 00:00:00.000001,1826,,,,,1826,reachable,screen
USGS-03094704,2013-06-01 00:00:00.000001,2026-08-18 00:00:00.000001,1826,,,,,1826,reachable,screen
USGS-03095500,2009-09-30 00:00:00.000001,2026-08-17 00:00:00.000001,1826,,,,,1826,reachable,screen
USGS-03098600,1987-10-01 00:00:00.000001,2026-08-18 00:00:00.000001,1826,,,,,1826,reachable,screen
USGS-03098700,1999-04-01 00:00:00.000001,2026-08-17 00:00:00.000001,0,0.0,1621.0,1999-04-01,2026-08-18,0,unreachable,individual fetch
USGS-03099500,1943-07-01 00:00:00.000001,2026-08-18 00:00:00.000001,1826,,,,,1826,reachable,screen
USGS-03101500,1934-10-01 00:00:00.000001,2026-08-18 00:00:00.000001,1826,,,,,1826,reachable,screen
USGS-03102500,1914-01-01 00:00:00.000001,2026-08-17 00:00:00.000001,1824,,,,,1824,reachable,screen
USGS-03102850,1965-10-01 00:00:00.000001,2026-08-18 00:00:00.000001,1826,,,,,1826,reachable,screen
USGS-03102950,1965-10-01 00:00:00.000001,1994-09-29 00:00:00.000001,0,0.0,10591.0,1965-10-01,1994-09-29,0,unreachable,individual fetch
USGS-03103500,1938-03-01 00:00:00.000001,2026-08-18 00:00:00.000001,1826,,,,,1826,reachable,screen
USGS-03105500,1914-10-01 00:00:00.000001,2026-08-18 00:00:00.000001,1826,,,,,1826,reachable,screen
USGS-03106000,1919-10-01 00:00:00.000001,2026-08-17 00:00:00.000001,1825,,,,,1825,reachable,screen
USGS-03106300,1963-04-01 00:00:00.000001,2026-08-17 00:00:00.000001,1826,,,,,1826,reachable,screen
USGS-03106500,1911-10-01 00:00:00.000001,2026-08-17 00:00:00.000001,1825,,,,,1825,reachable,screen
USGS-03107500,1956-10-01 00:00:00.000001,2026-08-18 00:00:00.000001,1826,,,,,1826,reachable,screen
USGS-03108000,1941-10-01 00:00:00.000001,2026-08-17 00:00:00.000001,1826,,,,,1826,reachable,screen
USGS-03109500,1915-10-01 00:00:00.000001,2026-08-18 00:00:00.000001,1826,,,,,1826,reachable,screen
USGS-03110000,1940-11-01 00:00:00.000001,2026-08-18 00:00:00.000001,1826,,,,,1826,reachable,screen
USGS-03110830,1976-10-01 00:00:00.000001,2026-08-18 00:00:00.000001,1826,,,,,1826,reachable,screen
USGS-03111500,1941-10-01 00:00:00.000001,2026-08-18 00:00:00.000001,1826,,,,,1826,reachable,screen
USGS-03111548,1982-01-11 00:00:00.000001,2026-08-18 00:00:00.000001,1826,,,,,1826,reachable,screen
USGS-03111955,2012-01-06 00:00:00.000001,2018-04-24 00:00:00.000001,114,,,,,114,reachable,screen
USGS-03112000,1940-10-01 00:00:00.000001,2026-08-18 00:00:00.000001,1826,,,,,1826,reachable,screen
USGS-03113990,2003-06-01 00:00:00.000001,2026-08-18 00:00:00.000001,1826,,,,,1826,reachable,screen
USGS-0311404647,2020-10-01 00:00:00.000001,2026-08-18 00:00:00.000001,822,,,,,822,reachable,screen
USGS-03114283,2019-10-11 00:00:00.000001,2026-08-17 00:00:00.000001,1178,,,,,1178,reachable,screen
USGS-03114306,2013-09-30 00:00:00.000001,2026-08-18 00:00:00.000001,1826,,,,,1826,reachable,screen
USGS-03114350,2019-06-21 00:00:00.000001,2026-08-17 00:00:00.000001,1290,,,,,1290,reachable,screen
USGS-03114431,2019-10-09 00:00:00.000001,2026-08-17 00:00:00.000001,1180,,,,,1180,reachable,screen
USGS-03114500,1915-05-07 00:00:00.000001,2026-08-18 00:00:00.000001,1826,,,,,1826,reachable,screen
USGS-03115400,1958-09-13 00:00:00.000001,2026-08-18 00:00:00.000001,1826,,,,,1826,reachable,screen
USGS-03115644,2011-11-01 00:00:00.000001,2026-08-18 00:00:00.000001,1826,,,,,1826,reachable,screen
USGS-03115712,2011-11-01 00:00:00.000001,2026-08-18 00:00:00.000001,1826,,,,,1826,reachable,screen
USGS-03115786,2011-11-01 00:00:00.000001,2026-08-18 00:00:00.000001,1826,,,,,1826,reachable,screen
USGS-03115917,2017-07-07 00:00:00.000001,2026-08-17 00:00:00.000001,1826,,,,,1826,reachable,screen
USGS-03116000,2020-01-27 00:00:00.000001,2026-08-18 00:00:00.000001,1070,,,,,1070,reachable,screen
USGS-03116077,2001-09-30 00:00:00.000001,2026-08-18 00:00:00.000001,1826,,,,,1826,reachable,screen
USGS-03116196,2020-01-28 00:00:00.000001,2026-08-18 00:00:00.000001,1069,,,,,1069,reachable,screen
USGS-03117000,1938-04-01 00:00:00.000001,2026-08-18 00:00:00.000001,1826,,,,,1826,reachable,screen
USGS-03117500,1938-12-01 00:00:00.000001,2026-08-18 00:00:00.000001,1826,,,,,1826,reachable,screen
USGS-03118000,1941-10-01 00:00:00.000001,2026-08-18 00:00:00.000001,1826,,,,,1826,reachable,screen
USGS-03118500,1921-10-01 00:00:00.000001,2026-08-18 00:00:00.000001,1826,,,,,1826,reachable,screen
USGS-03120500,1938-10-01 00:00:00.000001,2026-08-18 00:00:00.000001,1826,,,,,1826,reachable,screen
USGS-03121500,1960-10-01 00:00:00.000001,2026-08-17 00:00:00.000001,1826,,,,,1826,reachable,screen
USGS-03122500,1923-10-01 00:00:00.000001,1991-09-29 00:00:00.000001,0,0.0,24836.0,1923-10-01,1991-09-29,0,unreachable,individual fetch
USGS-03124000,1938-10-01 00:00:00.000001,1991-09-29 00:00:00.000001,0,0.0,19357.0,1938-10-01,1991-09-29,0,unreachable,individual fetch
USGS-03124500,1931-07-29 00:00:00.000001,2026-08-18 00:00:00.000001,1826,,,,,1826,reachable,screen
USGS-03124800,,,0,0.0,0.0,,,0,unreachable,individual fetch
USGS-03125338,2022-10-01 00:00:00.000001,2023-09-30 00:00:00.000001,92,,,,,92,reachable,screen
USGS-03125900,2017-03-31 00:00:00.000001,2026-08-17 00:00:00.000001,1826,,,,,1826,reachable,screen
USGS-03126000,1939-02-01 00:00:00.000001,2026-08-18 00:00:00.000001,1826,,,,,1826,reachable,screen
USGS-03126910,2016-12-03 00:00:00.000001,2026-08-17 00:00:00.000001,1826,,,,,1826,reachable,screen
USGS-03127000,1939-01-01 00:00:00.000001,2026-08-17 00:00:00.000001,1826,,,,,1826,reachable,screen
USGS-03128500,1938-10-01 00:00:00.000001,2026-08-18 00:00:00.000001,1826,,,,,1826,reachable,screen
USGS-03129000,1921-10-01 00:00:00.000001,2026-08-18 00:00:00.000001,1826,,,,,1826,reachable,screen
USGS-03129197,2012-07-01 00:00:00.000001,2026-08-18 00:00:00.000001,1826,,,,,1826,reachable,screen
USGS-03130000,1938-11-01 00:00:00.000001,1991-09-29 00:00:00.000001,0,0.0,19326.0,1938-11-01,1991-09-29,0,unreachable,individual fetch
USGS-03130647,2024-05-14 00:00:00.000001,2026-08-18 00:00:00.000001,0,0.0,826.0,2024-05-14,2026-08-18,0,unreachable,individual fetch
USGS-03131122,2017-11-29 00:00:00.000001,2020-10-27 00:00:00.000001,1031,,,,,1031,reachable,screen
USGS-03131500,1931-06-01 00:00:00.000001,1991-09-29 00:00:00.000001,0,0.0,22036.0,1931-06-01,1991-09-29,0,unreachable,individual fetch
USGS-03131965,2017-07-21 00:00:00.000001,2020-10-27 00:00:00.000001,1031,,,,,1031,reachable,screen
USGS-03131982,2015-05-23 00:00:00.000001,2020-09-29 00:00:00.000001,1003,,,,,1003,reachable,screen
USGS-03133500,1938-11-01 00:00:00.000001,1991-09-29 00:00:00.000001,0,0.0,19326.0,1938-11-01,1991-09-29,0,unreachable,individual fetch
USGS-03135000,1938-10-01 00:00:00.000001,1993-09-29 00:00:00.000001,0,0.0,20088.0,1938-10-01,1993-09-29,0,unreachable,individual fetch
USGS-03136500,1953-03-01 00:00:00.000001,2026-08-18 00:00:00.000001,1826,,,,,1826,reachable,screen
USGS-03138500,1921-10-01 00:00:00.000001,1991-09-30 00:00:00.000001,0,0.0,25567.0,1921-10-01,1991-09-30,0,unreachable,individual fetch
USGS-03139000,1930-10-01 00:00:00.000001,2026-08-18 00:00:00.000001,1826,,,,,1826,reachable,screen
USGS-03140000,1936-11-01 00:00:00.000001,2026-08-18 00:00:00.000001,1826,,,,,1826,reachable,screen
USGS-03140500,1936-08-01 00:00:00.000001,2026-08-18 00:00:00.000001,1826,,,,,1826,reachable,screen
USGS-03141500,1938-09-01 00:00:00.000001,2026-08-18 00:00:00.000001,1826,,,,,1826,reachable,screen
USGS-03141870,2000-02-01 00:00:00.000001,2026-08-18 00:00:00.000001,1826,,,,,1826,reachable,screen
USGS-03142000,1926-07-01 00:00:00.000001,2026-08-18 00:00:00.000001,1826,,,,,1826,reachable,screen
USGS-03143500,1938-10-01 00:00:00.000001,1991-09-29 00:00:00.000001,0,0.0,19357.0,1938-10-01,1991-09-29,0,unreachable,individual fetch
USGS-03144000,1936-10-01 00:00:00.000001,2026-08-18 00:00:00.000001,1826,,,,,1826,reachable,screen
USGS-03144500,1921-10-01 00:00:00.000001,2026-08-18 00:00:00.000001,1826,,,,,1826,reachable,screen
USGS-03144816,2007-10-01 00:00:00.000001,2026-08-18 00:00:00.000001,1826,,,,,1826,reachable,screen
USGS-03145000,1939-10-01 00:00:00.000001,2026-08-18 00:00:00.000001,1826,,,,,1826,reachable,screen
USGS-03145173,2010-10-01 00:00:00.000001,2026-08-18 00:00:00.000001,1826,,,,,1826,reachable,screen
USGS-03145483,2007-10-01 00:00:00.000001,2026-08-18 00:00:00.000001,1826,,,,,1826,reachable,screen
USGS-03145534,2010-10-01 00:00:00.000001,2026-08-18 00:00:00.000001,1826,,,,,1826,reachable,screen
USGS-03146000,1939-10-01 00:00:00.000001,2026-08-18 00:00:00.000001,1826,,,,,1826,reachable,screen
USGS-03146277,2007-10-01 00:00:00.000001,2026-08-18 00:00:00.000001,0,0.0,1423.0,2007-10-01,2026-08-18,0,unreachable,individual fetch
USGS-03146402,2010-12-01 00:00:00.000001,2026-08-18 00:00:00.000001,1826,,,,,1826,reachable,screen
USGS-03146405,2007-10-01 00:00:00.000001,2010-09-29 00:00:00.000001,0,0.0,1095.0,2007-10-01,2010-09-29,0,unreachable,individual fetch
USGS-03146500,1939-10-01 00:00:00.000001,2026-08-18 00:00:00.000001,1826,,,,,1826,reachable,screen
USGS-03147500,1939-10-01 00:00:00.000001,2024-04-13 00:00:00.000001,0,0.0,19046.0,1939-10-01,2024-04-13,0,unreachable,individual fetch
USGS-03149500,1935-10-01 00:00:00.000001,2026-08-18 00:00:00.000001,1826,,,,,1826,reachable,screen
USGS-03150000,1921-10-01 00:00:00.000001,2026-08-18 00:00:00.000001,1826,,,,,1826,reachable,screen
USGS-03150500,2012-10-01 00:00:00.000001,2026-08-18 00:00:00.000001,1826,,,,,1826,reachable,screen
USGS-03151400,1973-12-14 00:00:00.000001,2026-08-18 00:00:00.000001,1826,,,,,1826,reachable,screen
USGS-03151600,1974-04-18 00:00:00.000001,2026-08-18 00:00:00.000001,75,,,,,75,reachable,screen
USGS-03151915,2020-01-24 00:00:00.000001,2026-08-17 00:00:00.000001,1073,,,,,1073,reachable,screen
USGS-03152000,1915-06-01 00:00:00.000001,2026-08-18 00:00:00.000001,1488,,,,,1488,reachable,screen
USGS-03154000,1928-10-01 00:00:00.000001,2026-08-18 00:00:00.000001,1826,,,,,1826,reachable,screen
USGS-03155000,1939-10-01 00:00:00.000001,2026-08-18 00:00:00.000001,1826,,,,,1826,reachable,screen
USGS-03155220,1915-06-01 00:00:00.000001,2026-08-18 00:00:00.000001,1826,,,,,1826,reachable,screen
USGS-03156400,1956-06-01 00:00:00.000001,2026-08-18 00:00:00.000001,437,,,,,437,reachable,screen
USGS-03157000,1939-10-01 00:00:00.000001,2026-08-18 00:00:00.000001,1826,,,,,1826,reachable,screen
USGS-03157500,1931-05-01 00:00:00.000001,2026-08-18 00:00:00.000001,1826,,,,,1826,reachable,screen
USGS-03159500,1915-10-01 00:00:00.000001,2026-08-18 00:00:00.000001,1826,,,,,1826,reachable,screen
USGS-03159540,1965-06-01 00:00:00.000001,2026-08-18 00:00:00.000001,1826,,,,,1826,reachable,screen
USGS-03161000,1924-10-01 00:00:00.000001,2026-08-18 00:00:00.000001,1826,,,,,1826,reachable,screen
USGS-03164000,1929-10-01 00:00:00.000001,2026-08-18 00:00:00.000001,1826,,,,,1826,reachable,screen
USGS-03165000,1944-10-01 00:00:00.000001,2026-08-18 00:00:00.000001,1825,,,,,1825,reachable,screen
USGS-03165500,1927-08-01 00:00:00.000001,2026-08-18 00:00:00.000001,1826,,,,,1826,reachable,screen
USGS-03167000,1908-10-01 00:00:00.000001,2026-08-18 00:00:00.000001,1826,,,,,1826,reachable,screen
USGS-03168000,1929-10-01 00:00:00.000001,2026-08-18 00:00:00.000001,1826,,,,,1826,reachable,screen
USGS-03170000,1928-10-01 00:00:00.000001,2026-08-18 00:00:00.000001,1826,,,,,1826,reachable,screen
USGS-03171000,1907-10-01 00:00:00.000001,2026-08-18 00:00:00.000001,1826,,,,,1826,reachable,screen
USGS-03173000,1938-04-01 00:00:00.000001,2026-08-18 00:00:00.000001,1826,,,,,1826,reachable,screen
USGS-03175500,1908-07-22 00:00:00.000001,2026-08-18 00:00:00.000001,1826,,,,,1826,reachable,screen
USGS-03176500,1927-10-01 00:00:00.000001,2026-08-18 00:00:00.000001,1826,,,,,1826,reachable,screen
USGS-03177120,2012-01-21 00:00:00.000001,2026-08-18 00:00:00.000001,1826,,,,,1826,reachable,screen
USGS-03177480,2012-01-13 00:00:00.000001,2020-01-30 00:00:00.000001,760,,,,,760,reachable,screen
USGS-03177710,1980-10-01 00:00:00.000001,2026-08-18 00:00:00.000001,1826,,,,,1826,reachable,screen
USGS-03178000,1944-10-01 00:00:00.000001,1998-09-29 00:00:00.000001,0,0.0,3650.0,1944-10-01,1998-09-29,0,unreachable,individual fetch
USGS-03179000,1950-07-28 00:00:00.000001,2026-08-18 00:00:00.000001,1826,,,,,1826,reachable,screen
USGS-03180500,1943-04-01 00:00:00.000001,2026-08-18 00:00:00.000001,1826,,,,,1826,reachable,screen
USGS-03181949,2019-09-26 00:00:00.000001,2026-08-17 00:00:00.000001,1193,,,,,1193,reachable,screen
USGS-03182500,1929-10-01 00:00:00.000001,2026-08-18 00:00:00.000001,1826,,,,,1826,reachable,screen
USGS-03182700,2019-09-30 00:00:00.000001,2026-08-17 00:00:00.000001,1189,,,,,1189,reachable,screen
USGS-03183500,1895-08-01 00:00:00.000001,2026-08-18 00:00:00.000001,1826,,,,,1826,reachable,screen
USGS-03184000,1936-06-12 00:00:00.000001,2026-08-18 00:00:00.000001,1826,,,,,1826,reachable,screen
USGS-03184500,1936-06-15 00:00:00.000001,2026-08-18 00:00:00.000001,0,0.0,25234.0,1936-06-15,2026-08-18,0,unreachable,individual fetch
USGS-03185000,1951-08-21 00:00:00.000001,2026-08-18 00:00:00.000001,1826,,,,,1826,reachable,screen
USGS-03185400,1981-02-19 00:00:00.000001,2026-08-18 00:00:00.000001,1826,,,,,1826,reachable,screen
USGS-03186500,1929-09-16 00:00:00.000001,2026-08-18 00:00:00.000001,1826,,,,,1826,reachable,screen
USGS-03187500,1944-10-01 00:00:00.000001,2026-08-18 00:00:00.000001,1826,,,,,1826,reachable,screen
USGS-03188900,2011-11-04 00:00:00.000001,2026-08-18 00:00:00.000001,1826,,,,,1826,reachable,screen
USGS-03189100,1964-10-01 00:00:00.000001,2026-08-18 00:00:00.000001,1826,,,,,1826,reachable,screen
USGS-03189600,1966-03-22 00:00:00.000001,2003-09-29 00:00:00.000001,0,0.0,12245.0,1966-03-22,2003-09-29,0,unreachable,individual fetch
USGS-03190000,1909-01-01 00:00:00.000001,2026-08-17 00:00:00.000001,1826,,,,,1826,reachable,screen
USGS-03191500,1945-10-01 00:00:00.000001,2026-08-18 00:00:00.000001,1826,,,,,1826,reachable,screen
USGS-03192000,1928-10-20 00:00:00.000001,2026-08-18 00:00:00.000001,1826,,,,,1826,reachable,screen
USGS-03193000,1877-04-01 00:00:00.000001,2026-08-18 00:00:00.000001,1826,,,,,1826,reachable,screen
USGS-03194700,1959-10-01 00:00:00.000001,2026-08-18 00:00:00.000001,1826,,,,,1826,reachable,screen
USGS-03196600,,,0,0.0,0.0,,,0,unreachable,individual fetch
USGS-03196800,1958-10-01 00:00:00.000001,2017-11-04 00:00:00.000001,0,0.0,8435.0,1958-10-01,2017-11-04,0,unreachable,individual fetch
USGS-03197000,1928-10-01 00:00:00.000001,2026-08-18 00:00:00.000001,1826,,,,,1826,reachable,screen
USGS-03197790,1985-04-01 00:00:00.000001,2026-08-18 00:00:00.000001,1175,,,,,1175,reachable,screen
USGS-03197950,2018-08-17 00:00:00.000001,2026-08-17 00:00:00.000001,1598,,,,,1598,reachable,screen
USGS-03198000,1939-06-01 00:00:00.000001,2026-08-18 00:00:00.000001,1826,,,,,1826,reachable,screen
USGS-03198350,1996-10-01 00:00:00.000001,2026-08-18 00:00:00.000001,1826,,,,,1826,reachable,screen
USGS-03198500,1908-07-01 00:00:00.000001,2026-08-18 00:00:00.000001,1826,,,,,1826,reachable,screen
USGS-03199000,2019-09-06 00:00:00.000001,2026-08-17 00:00:00.000001,1213,,,,,1213,reachable,screen
USGS-03200500,1908-07-01 00:00:00.000001,2026-08-18 00:00:00.000001,1826,,,,,1826,reachable,screen
USGS-03201000,1908-07-01 00:00:00.000001,2026-08-18 00:00:00.000001,1826,,,,,1826,reachable,screen
USGS-03201405,1998-10-01 00:00:00.000001,2026-08-18 00:00:00.000001,1826,,,,,1826,reachable,screen
USGS-03202000,1915-10-01 00:00:00.000001,2026-08-18 00:00:00.000001,1826,,,,,1826,reachable,screen
USGS-03202300,2019-10-09 00:00:00.000001,2026-08-18 00:00:00.000001,1180,,,,,1180,reachable,screen
USGS-03202400,1968-07-01 00:00:00.000001,2026-08-18 00:00:00.000001,1826,,,,,1826,reachable,screen
USGS-03202750,1974-06-28 00:00:00.000001,2026-08-18 00:00:00.000001,1826,,,,,1826,reachable,screen
USGS-03202928,2017-09-21 00:00:00.000001,2019-09-30 00:00:00.000001,638,,,,,638,reachable,screen
USGS-03203000,1929-01-01 00:00:00.000001,2018-09-29 00:00:00.000001,272,,,,,272,reachable,screen
USGS-03203600,1962-10-01 00:00:00.000001,2026-08-18 00:00:00.000001,1826,,,,,1826,reachable,screen
USGS-03204346,2019-11-13 00:00:00.000001,2026-08-17 00:00:00.000001,1145,,,,,1145,reachable,screen
USGS-03204500,1938-03-01 00:00:00.000001,2026-08-17 00:00:00.000001,1122,,,,,1122,reachable,screen
USGS-03205470,2000-11-01 00:00:00.000001,2026-08-18 00:00:00.000001,1826,,,,,1826,reachable,screen
USGS-03206600,1964-10-01 00:00:00.000001,2026-08-18 00:00:00.000001,1826,,,,,1826,reachable,screen
USGS-03207061,2019-11-14 00:00:00.000001,2022-11-01 00:00:00.000001,1084,,,,,1084,reachable,screen
USGS-03207800,1967-10-01 00:00:00.000001,2026-08-18 00:00:00.000001,1826,,,,,1826,reachable,screen
USGS-03207965,1973-10-01 00:00:00.000001,2026-08-17 00:00:00.000001,708,,,,,708,reachable,screen
USGS-03208500,1926-07-17 00:00:00.000001,2024-09-30 00:00:00.000001,1826,,,,,1826,reachable,screen
USGS-03208950,1963-10-01 00:00:00.000001,2026-08-18 00:00:00.000001,1826,,,,,1826,reachable,screen
USGS-03209000,1926-10-01 00:00:00.000001,2024-09-30 00:00:00.000001,1826,,,,,1826,reachable,screen
USGS-03209200,1962-10-01 00:00:00.000001,2022-09-29 00:00:00.000001,1700,,,,,1700,reachable,screen
USGS-03209410,,,0,0.0,0.0,,,0,unreachable,individual fetch
USGS-03209500,1937-10-01 00:00:00.000001,2026-08-17 00:00:00.000001,1826,,,,,1826,reachable,screen
USGS-03209800,1963-10-01 00:00:00.000001,2026-08-17 00:00:00.000001,1682,,,,,1682,reachable,screen
USGS-03210000,1941-04-01 00:00:00.000001,2026-08-17 00:00:00.000001,1826,,,,,1826,reachable,screen
USGS-03212500,1915-10-01 00:00:00.000001,2026-08-17 00:00:00.000001,1826,,,,,1826,reachable,screen
USGS-03212750,1985-01-29 00:00:00.000001,2026-08-18 00:00:00.000001,1826,,,,,1826,reachable,screen
USGS-03212980,1985-02-11 00:00:00.000001,2026-08-18 00:00:00.000001,1826,,,,,1826,reachable,screen
USGS-03213000,1930-06-01 00:00:00.000001,2026-08-17 00:00:00.000001,1189,,,,,1189,reachable,screen
USGS-03213500,1946-08-01 00:00:00.000001,2026-08-18 00:00:00.000001,1826,,,,,1826,reachable,screen
USGS-03213700,1967-10-01 00:00:00.000001,2026-08-18 00:00:00.000001,1826,,,,,1826,reachable,screen
USGS-03214500,1915-06-01 00:00:00.000001,2026-08-18 00:00:00.000001,1826,,,,,1826,reachable,screen
USGS-03215410,2012-02-07 00:00:00.000001,2026-08-17 00:00:00.000001,1826,,,,,1826,reachable,screen
USGS-03216070,2015-09-04 00:00:00.000001,2026-08-17 00:00:00.000001,1742,,,,,1742,reachable,screen
USGS-03216350,1966-10-01 00:00:00.000001,2026-08-17 00:00:00.000001,508,,,,,508,reachable,screen
USGS-03216500,1938-04-01 00:00:00.000001,2026-08-18 00:00:00.000001,1826,,,,,1826,reachable,screen
USGS-03216600,1968-10-01 00:00:00.000001,2026-08-18 00:00:00.000001,1826,,,,,1826,reachable,screen
USGS-03216777,2020-10-10 00:00:00.000001,2025-09-10 00:00:00.000001,813,,,,,813,reachable,screen
USGS-03217000,1940-08-05 00:00:00.000001,2026-08-17 00:00:00.000001,1826,,,,,1826,reachable,screen
USGS-03217424,2021-06-26 00:00:00.000001,2026-08-17 00:00:00.000001,554,,,,,554,reachable,screen
USGS-03217500,1926-10-01 00:00:00.000001,2026-08-18 00:00:00.000001,1826,,,,,1826,reachable,screen
USGS-03219500,1925-10-01 00:00:00.000001,2026-08-18 00:00:00.000001,1826,,,,,1826,reachable,screen
USGS-03219781,2021-08-16 00:00:00.000001,2026-08-17 00:00:00.000001,503,,,,,503,reachable,screen
USGS-03220000,1943-10-01 00:00:00.000001,2026-08-18 00:00:00.000001,1826,,,,,1826,reachable,screen
USGS-03221000,1921-04-01 00:00:00.000001,2026-08-18 00:00:00.000001,1826,,,,,1826,reachable,screen
USGS-03221646,2014-10-01 00:00:00.000001,2026-08-18 00:00:00.000001,1826,,,,,1826,reachable,screen
USGS-03223000,1946-10-01 00:00:00.000001,1998-09-29 00:00:00.000001,0,0.0,18992.0,1946-10-01,1998-09-29,0,unreachable,individual fetch
USGS-03223425,1996-10-01 00:00:00.000001,2026-08-18 00:00:00.000001,1826,,,,,1826,reachable,screen
USGS-03225500,1924-10-01 00:00:00.000001,2026-08-18 00:00:00.000001,1826,,,,,1826,reachable,screen
USGS-03226800,1955-10-01 00:00:00.000001,2026-08-18 00:00:00.000001,1826,,,,,1826,reachable,screen
USGS-03227107,2015-01-15 00:00:00.000001,2026-08-18 00:00:00.000001,1826,,,,,1826,reachable,screen
USGS-03227500,1920-10-01 00:00:00.000001,2026-08-18 00:00:00.000001,1826,,,,,1826,reachable,screen
USGS-03228300,1988-10-01 00:00:00.000001,2026-08-18 00:00:00.000001,1826,,,,,1826,reachable,screen
USGS-03228500,1938-10-01 00:00:00.000001,2026-08-18 00:00:00.000001,1826,,,,,1826,reachable,screen
USGS-03228689,2021-12-09 00:00:00.000001,2026-08-17 00:00:00.000001,388,,,,,388,reachable,screen
USGS-03228750,1973-11-01 00:00:00.000001,2026-08-18 00:00:00.000001,1826,,,,,1826,reachable,screen
USGS-03228805,1963-06-01 00:00:00.000001,2026-08-18 00:00:00.000001,1826,,,,,1826,reachable,screen
USGS-03229000,1923-10-01 00:00:00.000001,2026-08-17 00:00:00.000001,0,0.0,27034.0,1923-10-01,2026-08-18,0,unreachable,individual fetch
USGS-03229500,1921-10-01 00:00:00.000001,2026-08-18 00:00:00.000001,1826,,,,,1826,reachable,screen
USGS-03229610,2005-10-01 00:00:00.000001,2026-08-18 00:00:00.000001,1826,,,,,1826,reachable,screen
USGS-03229796,2005-07-01 00:00:00.000001,2026-08-18 00:00:00.000001,1826,,,,,1826,reachable,screen
USGS-03230310,1992-10-01 00:00:00.000001,2026-08-18 00:00:00.000001,1826,,,,,1826,reachable,screen
USGS-03230427,2023-01-06 00:00:00.000001,2026-08-18 00:00:00.000001,0,0.0,1321.0,2023-01-06,2026-08-18,0,unreachable,individual fetch
USGS-03230450,1992-09-30 00:00:00.000001,2026-08-18 00:00:00.000001,1826,,,,,1826,reachable,screen
USGS-03230500,1921-10-01 00:00:00.000001,2026-08-18 00:00:00.000001,1826,,,,,1826,reachable,screen
USGS-03230700,1973-10-01 00:00:00.000001,2026-08-18 00:00:00.000001,1826,,,,,1826,reachable,screen
USGS-03230800,1966-10-01 00:00:00.000001,2026-08-18 00:00:00.000001,1826,,,,,1826,reachable,screen
USGS-03230900,1966-07-01 00:00:00.000001,1997-09-29 00:00:00.000001,0,0.0,11414.0,1966-07-01,1997-09-29,0,unreachable,individual fetch
USGS-03231000,1926-10-01 00:00:00.000001,1991-09-29 00:00:00.000001,0,0.0,20543.0,1926-10-01,1991-09-29,0,unreachable,individual fetch
USGS-03231500,1920-10-01 00:00:00.000001,2026-08-18 00:00:00.000001,1826,,,,,1826,reachable,screen
USGS-03232000,1926-10-01 00:00:00.000001,2026-08-18 00:00:00.000001,1826,,,,,1826,reachable,screen
USGS-03232470,1967-10-01 00:00:00.000001,1991-09-29 00:00:00.000001,0,0.0,8765.0,1967-10-01,1991-09-29,0,unreachable,individual fetch
USGS-03232500,1939-10-01 00:00:00.000001,2026-08-18 00:00:00.000001,1826,,,,,1826,reachable,screen
USGS-03234000,1923-10-01 00:00:00.000001,2026-08-18 00:00:00.000001,1826,,,,,1826,reachable,screen
USGS-03234300,1985-10-01 00:00:00.000001,2026-08-18 00:00:00.000001,1826,,,,,1826,reachable,screen
USGS-03234500,1930-10-01 00:00:00.000001,2026-08-18 00:00:00.000001,1826,,,,,1826,reachable,screen
USGS-03237020,2001-12-01 00:00:00.000001,2026-08-18 00:00:00.000001,1826,,,,,1826,reachable,screen
USGS-03237280,1963-07-01 00:00:00.000001,2026-08-18 00:00:00.000001,1826,,,,,1826,reachable,screen
USGS-03237500,1926-10-01 00:00:00.000001,2026-08-18 00:00:00.000001,1826,,,,,1826,reachable,screen
USGS-03238140,2007-09-30 00:00:00.000001,2026-08-17 00:00:00.000001,1826,,,,,1826,reachable,screen
USGS-03238495,2012-04-01 00:00:00.000001,2026-08-18 00:00:00.000001,1826,,,,,1826,reachable,screen
USGS-03238745,2001-01-17 00:00:00.000001,2026-08-17 00:00:00.000001,1826,,,,,1826,reachable,screen
USGS-03238772,2001-03-10 00:00:00.000001,2026-08-17 00:00:00.000001,1826,,,,,1826,reachable,screen
USGS-03238785,2017-02-23 00:00:00.000001,2026-08-18 00:00:00.000001,1826,,,,,1826,reachable,screen
USGS-03240000,1952-08-01 00:00:00.000001,2026-08-18 00:00:00.000001,1826,,,,,1826,reachable,screen
USGS-03241500,1952-09-01 00:00:00.000001,2026-08-18 00:00:00.000001,1826,,,,,1826,reachable,screen
USGS-03244936,2004-09-30 00:00:00.000001,2026-08-18 00:00:00.000001,1826,,,,,1826,reachable,screen
USGS-03245500,1915-10-01 00:00:00.000001,2026-08-17 00:00:00.000001,1826,,,,,1826,reachable,screen
USGS-03246500,1949-03-01 00:00:00.000001,2026-08-18 00:00:00.000001,1826,,,,,1826,reachable,screen
USGS-03247500,1915-10-01 00:00:00.000001,2026-08-18 00:00:00.000001,1826,,,,,1826,reachable,screen
USGS-03248300,2001-04-25 00:00:00.000001,2026-08-18 00:00:00.000001,1826,,,,,1826,reachable,screen
USGS-03249500,1928-04-01 00:00:00.000001,2026-08-17 00:00:00.000001,80,,,,,80,reachable,screen
USGS-03249505,2003-10-01 00:00:00.000001,2026-08-17 00:00:00.000001,0,0.0,3556.0,2003-10-01,2026-08-18,0,unreachable,individual fetch
USGS-03250100,1967-08-24 00:00:00.000001,2026-08-17 00:00:00.000001,1826,,,,,1826,reachable,screen
USGS-03250190,2000-03-01 00:00:00.000001,2026-08-18 00:00:00.000001,1826,,,,,1826,reachable,screen
USGS-03250322,1996-12-20 00:00:00.000001,2026-08-17 00:00:00.000001,1826,,,,,1826,reachable,screen
USGS-03250500,1938-04-01 00:00:00.000001,2026-08-17 00:00:00.000001,1826,,,,,1826,reachable,screen
USGS-03251200,1991-06-01 00:00:00.000001,2026-08-17 00:00:00.000001,1826,,,,,1826,reachable,screen
USGS-03251500,1924-07-23 00:00:00.000001,2026-08-17 00:00:00.000001,1826,,,,,1826,reachable,screen
USGS-03251900,2015-09-30 00:00:00.000001,2026-08-19 00:00:00.000001,1826,,,,,1826,reachable,screen
USGS-03251980,,,0,0.0,0.0,,,0,unreachable,individual fetch
USGS-03252300,1991-10-01 00:00:00.000001,2026-08-17 00:00:00.000001,1826,,,,,1826,reachable,screen
USGS-03252500,1938-04-01 00:00:00.000001,2026-08-17 00:00:00.000001,159,,,,,159,reachable,screen
USGS-03253000,1928-10-01 00:00:00.000001,2026-08-17 00:00:00.000001,1826,,,,,1826,reachable,screen
USGS-03253500,1915-08-01 00:00:00.000001,2026-08-17 00:00:00.000001,1826,,,,,1826,reachable,screen
USGS-03254520,2007-06-22 00:00:00.000001,2026-08-17 00:00:00.000001,1826,,,,,1826,reachable,screen
USGS-03254550,1999-04-01 00:00:00.000001,2026-08-18 00:00:00.000001,1826,,,,,1826,reachable,screen
USGS-03254693,2013-06-21 00:00:00.000001,2026-08-18 00:00:00.000001,3652,,,,,3652,reachable,screen
USGS-03255349,2014-11-01 00:00:00.000001,2026-08-18 00:00:00.000001,1826,,,,,1826,reachable,screen
USGS-03255420,2012-10-01 00:00:00.000001,2026-08-18 00:00:00.000001,1826,,,,,1826,reachable,screen
USGS-03255500,1938-10-19 00:00:00.000001,1991-09-29 00:00:00.000001,0,0.0,19302.0,1938-10-19,1991-09-29,0,unreachable,individual fetch
USGS-03259000,1946-11-07 00:00:00.000001,2026-08-18 00:00:00.000001,1826,,,,,1826,reachable,screen
USGS-03260015,2007-08-01 00:00:00.000001,2026-08-17 00:00:00.000001,1826,,,,,1826,reachable,screen
USGS-03260050,2007-09-30 00:00:00.000001,2026-08-17 00:00:00.000001,1826,,,,,1826,reachable,screen
USGS-03260100,1999-04-09 00:00:00.000001,2026-08-17 00:00:00.000001,1826,,,,,1826,reachable,screen
USGS-03260270,,,0,0.0,0.0,,,0,unreachable,individual fetch
USGS-03260706,1992-06-01 00:00:00.000001,2026-08-18 00:00:00.000001,1826,,,,,1826,reachable,screen
USGS-03261500,1914-02-01 00:00:00.000001,2026-08-18 00:00:00.000001,1826,,,,,1826,reachable,screen
USGS-03261950,1964-10-01 00:00:00.000001,2026-08-18 00:00:00.000001,1826,,,,,1826,reachable,screen
USGS-03262000,1915-10-01 00:00:00.000001,2026-08-18 00:00:00.000001,1826,,,,,1826,reachable,screen
USGS-03262001,2000-12-01 00:00:00.000001,2026-08-17 00:00:00.000001,1826,,,,,1826,reachable,screen
USGS-03262500,2012-09-01 00:00:00.000001,2026-08-18 00:00:00.000001,1826,,,,,1826,reachable,screen
USGS-03262700,1962-10-01 00:00:00.000001,2026-08-18 00:00:00.000001,1826,,,,,1826,reachable,screen
USGS-03263000,1921-10-01 00:00:00.000001,2026-08-18 00:00:00.000001,1826,,,,,1826,reachable,screen
USGS-03264000,1930-10-01 00:00:00.000001,2026-08-18 00:00:00.000001,1826,,,,,1826,reachable,screen
USGS-03265000,1916-10-01 00:00:00.000001,2026-08-18 00:00:00.000001,1826,,,,,1826,reachable,screen
USGS-03266000,1925-10-01 00:00:00.000001,2026-08-18 00:00:00.000001,1826,,,,,1826,reachable,screen
USGS-03266560,1993-12-01 00:00:00.000001,2026-08-18 00:00:00.000001,1826,,,,,1826,reachable,screen
USGS-03267000,1925-10-01 00:00:00.000001,2026-08-18 00:00:00.000001,1826,,,,,1826,reachable,screen
USGS-03267900,1965-10-01 00:00:00.000001,2026-08-18 00:00:00.000001,1826,,,,,1826,reachable,screen
USGS-03269500,1904-01-01 00:00:00.000001,2026-08-18 00:00:00.000001,1826,,,,,1826,reachable,screen
USGS-03269817,2024-03-02 00:00:00.000001,2025-03-20 00:00:00.000001,0,0.0,384.0,2024-03-02,2025-03-20,0,unreachable,individual fetch
USGS-03270000,1914-12-01 00:00:00.000001,2026-08-18 00:00:00.000001,1826,,,,,1826,reachable,screen
USGS-03270500,1913-04-01 00:00:00.000001,2026-08-18 00:00:00.000001,1826,,,,,1826,reachable,screen
USGS-03271000,1938-10-01 00:00:00.000001,2026-08-18 00:00:00.000001,1826,,,,,1826,reachable,screen
USGS-03271300,2002-10-01 00:00:00.000001,2026-08-18 00:00:00.000001,1826,,,,,1826,reachable,screen
USGS-03271500,1916-10-01 00:00:00.000001,2026-08-18 00:00:00.000001,1826,,,,,1826,reachable,screen
USGS-03271620,2012-08-01 00:00:00.000001,2026-08-18 00:00:00.000001,1826,,,,,1826,reachable,screen
USGS-03272000,1914-05-01 00:00:00.000001,2026-08-18 00:00:00.000001,1826,,,,,1826,reachable,screen
USGS-03272100,1994-10-01 00:00:00.000001,2026-08-18 00:00:00.000001,1826,,,,,1826,reachable,screen
USGS-03272700,1970-12-01 00:00:00.000001,2026-08-18 00:00:00.000001,1826,,,,,1826,reachable,screen
USGS-03274000,1927-04-01 00:00:00.000001,2026-08-18 00:00:00.000001,1826,,,,,1826,reachable,screen
USGS-03274650,1970-10-01 00:00:00.000001,2026-08-17 00:00:00.000001,1826,,,,,1826,reachable,screen
USGS-03275000,1928-10-01 00:00:00.000001,2026-08-17 00:00:00.000001,1826,,,,,1826,reachable,screen
USGS-03275500,2017-10-21 00:00:00.000001,2026-08-18 00:00:00.000001,1826,,,,,1826,reachable,screen
USGS-03275600,1965-10-01 00:00:00.000001,2026-08-19 00:00:00.000001,1826,,,,,1826,reachable,screen
USGS-03276500,1915-10-01 00:00:00.000001,2026-08-17 00:00:00.000001,1826,,,,,1826,reachable,screen
USGS-03277075,1999-04-01 00:00:00.000001,2026-08-17 00:00:00.000001,1826,,,,,1826,reachable,screen
USGS-03277130,2000-12-01 00:00:00.000001,2026-08-17 00:00:00.000001,1826,,,,,1826,reachable,screen
USGS-03277200,1970-05-01 00:00:00.000001,2026-08-18 00:00:00.000001,1826,,,,,1826,reachable,screen
USGS-03277300,1998-10-01 00:00:00.000001,2026-08-17 00:00:00.000001,1826,,,,,1826,reachable,screen
USGS-03277500,1940-01-01 00:00:00.000001,2026-08-18 00:00:00.000001,1826,,,,,1826,reachable,screen
USGS-03280000,1928-06-01 00:00:00.000001,2026-08-17 00:00:00.000001,1744,,,,,1744,reachable,screen
USGS-03280700,1957-10-01 00:00:00.000001,2026-08-17 00:00:00.000001,1826,,,,,1826,reachable,screen
USGS-03280902,2021-11-17 00:00:00.000001,2026-08-18 00:00:00.000001,410,,,,,410,reachable,screen
USGS-03281000,1930-10-01 00:00:00.000001,2026-08-17 00:00:00.000001,1826,,,,,1826,reachable,screen
USGS-03281100,1964-10-01 00:00:00.000001,2026-08-17 00:00:00.000001,1826,,,,,1826,reachable,screen
USGS-03281500,1925-03-01 00:00:00.000001,2026-08-17 00:00:00.000001,1826,,,,,1826,reachable,screen
USGS-03282000,1925-10-01 00:00:00.000001,2026-08-18 00:00:00.000001,1826,,,,,1826,reachable,screen
USGS-03282040,1992-10-01 00:00:00.000001,2026-08-17 00:00:00.000001,1768,,,,,1768,reachable,screen
USGS-03282060,2004-08-19 00:00:00.000001,2026-08-17 00:00:00.000001,1826,,,,,1826,reachable,screen
USGS-03282120,2000-10-01 00:00:00.000001,2026-08-17 00:00:00.000001,1226,,,,,1226,reachable,screen
USGS-03282290,2002-09-30 00:00:00.000001,2026-08-17 00:00:00.000001,1826,,,,,1826,reachable,screen
USGS-03282500,1954-04-01 00:00:00.000001,2026-08-17 00:00:00.000001,1826,,,,,1826,reachable,screen
USGS-03283500,1930-10-01 00:00:00.000001,2026-08-17 00:00:00.000001,1826,,,,,1826,reachable,screen
USGS-03284000,1907-10-01 00:00:00.000001,2026-08-17 00:00:00.000001,1826,,,,,1826,reachable,screen
USGS-03284230,2009-10-01 00:00:00.000001,2026-08-17 00:00:00.000001,1826,,,,,1826,reachable,screen
USGS-03284500,1939-10-01 00:00:00.000001,2026-08-18 00:00:00.000001,1826,,,,,1826,reachable,screen
USGS-03284525,1997-09-04 00:00:00.000001,2026-08-17 00:00:00.000001,1826,,,,,1826,reachable,screen
USGS-03284533,2012-10-01 00:00:00.000001,2026-08-17 00:00:00.000001,1826,,,,,1826,reachable,screen
USGS-03284552,2012-10-01 00:00:00.000001,2026-08-17 00:00:00.000001,1826,,,,,1826,reachable,screen
USGS-03285000,1942-10-01 00:00:00.000001,2026-08-17 00:00:00.000001,1826,,,,,1826,reachable,screen
USGS-03286200,2008-09-30 00:00:00.000001,2026-08-17 00:00:00.000001,1327,,,,,1327,reachable,screen
USGS-03286500,1992-10-01 00:00:00.000001,2026-08-17 00:00:00.000001,1826,,,,,1826,reachable,screen
USGS-03287000,1925-10-01 00:00:00.000001,2026-08-17 00:00:00.000001,1826,,,,,1826,reachable,screen
USGS-03287250,2003-10-01 00:00:00.000001,2026-08-17 00:00:00.000001,1826,,,,,1826,reachable,screen
USGS-03287500,1925-10-01 00:00:00.000001,2026-08-17 00:00:00.000001,1826,,,,,1826,reachable,screen
USGS-03287590,1997-10-01 00:00:00.000001,2026-08-17 00:00:00.000001,1826,,,,,1826,reachable,screen
USGS-03287600,1997-10-01 00:00:00.000001,2026-08-17 00:00:00.000001,1824,,,,,1824,reachable,screen
USGS-03288100,1992-12-01 00:00:00.000001,2026-08-17 00:00:00.000001,1826,,,,,1826,reachable,screen
USGS-03288110,1992-12-12 00:00:00.000001,2026-08-18 00:00:00.000001,1826,,,,,1826,reachable,screen
USGS-03288180,2012-10-01 00:00:00.000001,2026-08-18 00:00:00.000001,1811,,,,,1811,reachable,screen
USGS-03288190,2012-10-01 00:00:00.000001,2026-08-17 00:00:00.000001,1826,,,,,1826,reachable,screen
USGS-03289000,1950-03-24 00:00:00.000001,2026-08-17 00:00:00.000001,1826,,,,,1826,reachable,screen
USGS-03289193,1997-10-01 00:00:00.000001,2026-08-17 00:00:00.000001,1826,,,,,1826,reachable,screen
USGS-03289200,1997-10-01 00:00:00.000001,2026-08-17 00:00:00.000001,1826,,,,,1826,reachable,screen
USGS-03289300,1982-09-01 00:00:00.000001,2026-08-17 00:00:00.000001,1826,,,,,1826,reachable,screen
USGS-03289500,1915-05-01 00:00:00.000001,2026-08-18 00:00:00.000001,1826,,,,,1826,reachable,screen
USGS-03290080,2012-09-01 00:00:00.000001,2026-08-17 00:00:00.000001,1826,,,,,1826,reachable,screen
USGS-03290500,1925-10-01 00:00:00.000001,2026-08-17 00:00:00.000001,1826,,,,,1826,reachable,screen
USGS-03291000,1941-10-01 00:00:00.000001,2026-08-17 00:00:00.000001,1826,,,,,1826,reachable,screen
USGS-03291500,1915-05-01 00:00:00.000001,2026-08-17 00:00:00.000001,1826,,,,,1826,reachable,screen
USGS-03291780,1969-10-01 00:00:00.000001,2026-08-17 00:00:00.000001,1826,,,,,1826,reachable,screen
USGS-03292470,1999-01-01 00:00:00.000001,2026-05-26 00:00:00.000001,1826,,,,,1826,reachable,screen
USGS-03292474,1996-10-01 00:00:00.000001,2026-08-18 00:00:00.000001,1826,,,,,1826,reachable,screen
USGS-03292475,1999-11-01 00:00:00.000001,2025-12-08 00:00:00.000001,1805,,,,,1805,reachable,screen
USGS-03292480,1998-12-01 00:00:00.000001,2026-08-18 00:00:00.000001,1826,,,,,1826,reachable,screen
USGS-03292494,2013-11-29 00:00:00.000001,2026-08-19 00:00:00.000001,1826,,,,,1826,reachable,screen
USGS-03292500,1939-12-12 00:00:00.000001,2026-08-17 00:00:00.000001,1826,,,,,1826,reachable,screen
USGS-03293000,1944-08-04 00:00:00.000001,2026-08-17 00:00:00.000001,1826,,,,,1826,reachable,screen
USGS-03293500,,,0,0.0,0.0,,,0,unreachable,individual fetch
USGS-03293510,2008-03-12 00:00:00.000001,2026-08-17 00:00:00.000001,1826,,,,,1826,reachable,screen
USGS-03293530,,,0,0.0,0.0,,,0,unreachable,individual fetch
USGS-03294000,1954-10-01 00:00:00.000001,2026-08-17 00:00:00.000001,1826,,,,,1826,reachable,screen
USGS-03294500,1928-01-01 00:00:00.000001,2026-08-17 00:00:00.000001,1826,,,,,1826,reachable,screen
USGS-03294550,1988-05-11 00:00:00.000001,2026-08-18 00:00:00.000001,1782,,,,,1782,reachable,screen
USGS-03294570,1999-08-01 00:00:00.000001,2026-08-17 00:00:00.000001,1826,,,,,1826,reachable,screen
USGS-03295400,1989-05-04 00:00:00.000001,2026-08-17 00:00:00.000001,1826,,,,,1826,reachable,screen
USGS-03295890,1981-07-01 00:00:00.000001,2026-08-17 00:00:00.000001,1826,,,,,1826,reachable,screen
USGS-03297800,2002-04-26 00:00:00.000001,2026-08-17 00:00:00.000001,1826,,,,,1826,reachable,screen
USGS-03297900,1991-09-30 00:00:00.000001,2026-08-17 00:00:00.000001,1826,,,,,1826,reachable,screen
USGS-03298000,1944-09-30 00:00:00.000001,2026-08-17 00:00:00.000001,1826,,,,,1826,reachable,screen
USGS-03298135,1996-01-17 00:00:00.000001,2025-11-23 00:00:00.000001,1826,,,,,1826,reachable,screen
USGS-03298150,1996-01-23 00:00:00.000001,2026-08-17 00:00:00.000001,1826,,,,,1826,reachable,screen
USGS-03298200,2000-11-01 00:00:00.000001,2026-08-17 00:00:00.000001,1826,,,,,1826,reachable,screen
USGS-03298250,1999-01-01 00:00:00.000001,2026-08-17 00:00:00.000001,1826,,,,,1826,reachable,screen
USGS-03298300,1998-10-01 00:00:00.000001,2026-08-17 00:00:00.000001,1826,,,,,1826,reachable,screen
USGS-03298500,1938-05-23 00:00:00.000001,2026-08-17 00:00:00.000001,1826,,,,,1826,reachable,screen
USGS-03298550,1992-04-01 00:00:00.000001,2026-08-18 00:00:00.000001,1826,,,,,1826,reachable,screen
USGS-03298940,,,0,0.0,0.0,,,0,unreachable,individual fetch
USGS-03299500,,,0,0.0,0.0,,,0,unreachable,individual fetch
USGS-03300400,1972-08-15 00:00:00.000001,2026-08-17 00:00:00.000001,1826,,,,,1826,reachable,screen
USGS-03301000,2019-09-03 00:00:00.000001,2026-08-17 00:00:00.000001,1826,,,,,1826,reachable,screen
USGS-03301500,1938-05-24 00:00:00.000001,2026-08-17 00:00:00.000001,1825,,,,,1825,reachable,screen
USGS-03301900,1997-09-18 00:00:00.000001,2026-08-17 00:00:00.000001,1826,,,,,1826,reachable,screen
USGS-03301940,1974-06-01 00:00:00.000001,2026-08-17 00:00:00.000001,1826,,,,,1826,reachable,screen
USGS-03302000,1944-08-01 00:00:00.000001,2026-08-17 00:00:00.000001,1826,,,,,1826,reachable,screen
USGS-03302030,1998-12-04 00:00:00.000001,2026-08-17 00:00:00.000001,1826,,,,,1826,reachable,screen
USGS-03302050,1999-01-01 00:00:00.000001,2026-08-17 00:00:00.000001,1826,,,,,1826,reachable,screen
USGS-03302220,1969-10-01 00:00:00.000001,2026-08-18 00:00:00.000001,1826,,,,,1826,reachable,screen
USGS-03302680,1970-06-27 00:00:00.000001,2026-08-18 00:00:00.000001,1826,,,,,1826,reachable,screen
USGS-03302800,1968-06-01 00:00:00.000001,2026-08-17 00:00:00.000001,1826,,,,,1826,reachable,screen
USGS-03303000,1931-04-01 00:00:00.000001,2026-08-17 00:00:00.000001,1826,,,,,1826,reachable,screen
USGS-03303280,1975-10-01 00:00:00.000001,2026-08-17 00:00:00.000001,1826,,,,,1826,reachable,screen
USGS-03303300,1961-09-01 00:00:00.000001,2026-08-17 00:00:00.000001,1826,,,,,1826,reachable,screen
USGS-03305000,1951-10-01 00:00:00.000001,2026-08-17 00:00:00.000001,1826,,,,,1826,reachable,screen
USGS-03306000,1930-10-01 00:00:00.000001,1994-09-30 00:00:00.000001,0,0.0,11871.0,1930-10-01,1994-09-30,0,unreachable,individual fetch
USGS-03307000,1939-10-01 00:00:00.000001,2026-08-17 00:00:00.000001,1826,,,,,1826,reachable,screen
USGS-03308500,1915-03-01 00:00:00.000001,2026-08-17 00:00:00.000001,1826,,,,,1826,reachable,screen
USGS-03309000,1938-07-01 00:00:00.000001,2026-08-17 00:00:00.000001,1826,,,,,1826,reachable,screen
USGS-03310000,1941-10-01 00:00:00.000001,2026-08-17 00:00:00.000001,1826,,,,,1826,reachable,screen
USGS-03310300,1959-10-01 00:00:00.000001,2026-08-17 00:00:00.000001,1826,,,,,1826,reachable,screen
USGS-03310400,1959-10-01 00:00:00.000001,2026-08-17 00:00:00.000001,1826,,,,,1826,reachable,screen
USGS-03313000,1941-10-01 00:00:00.000001,1994-09-30 00:00:00.000001,0,0.0,15704.0,1941-10-01,1994-09-30,0,unreachable,individual fetch
USGS-03313700,1968-06-01 00:00:00.000001,2026-08-17 00:00:00.000001,1826,,,,,1826,reachable,screen
USGS-03314000,1940-10-01 00:00:00.000001,2026-08-17 00:00:00.000001,1826,,,,,1826,reachable,screen
USGS-03314500,1938-06-01 00:00:00.000001,2026-08-17 00:00:00.000001,1826,,,,,1826,reachable,screen
USGS-03315500,1936-12-01 00:00:00.000001,1993-09-29 00:00:00.000001,0,0.0,20543.0,1936-12-01,1993-09-29,0,unreachable,individual fetch
USGS-03316500,1939-10-01 00:00:00.000001,2026-08-17 00:00:00.000001,1826,,,,,1826,reachable,screen
USGS-03318800,1956-10-01 00:00:00.000001,2026-08-17 00:00:00.000001,1826,,,,,1826,reachable,screen
USGS-03319000,1940-01-01 00:00:00.000001,2004-09-29 00:00:00.000001,0,0.0,20210.0,1940-01-01,2004-09-29,0,unreachable,individual fetch
USGS-03319600,1991-10-01 00:00:00.000001,2024-10-01 00:00:00.000001,1475,,,,,1475,reachable,screen
USGS-03320000,1930-04-01 00:00:00.000001,2026-08-17 00:00:00.000001,1826,,,,,1826,reachable,screen
USGS-03320500,1940-08-21 00:00:00.000001,2026-08-17 00:00:00.000001,1826,,,,,1826,reachable,screen
USGS-03321350,2011-09-10 00:00:00.000001,2026-08-17 00:00:00.000001,1826,,,,,1826,reachable,screen
USGS-03321500,2013-08-10 00:00:00.000001,2026-08-13 00:00:00.000001,1826,,,,,1826,reachable,screen
USGS-03322011,1986-10-01 00:00:00.000001,2026-08-17 00:00:00.000001,1826,,,,,1826,reachable,screen
USGS-03322485,2013-09-30 00:00:00.000001,2026-08-18 00:00:00.000001,1826,,,,,1826,reachable,screen
USGS-03322900,1964-10-01 00:00:00.000001,2026-08-17 00:00:00.000001,1826,,,,,1826,reachable,screen
USGS-03323000,1930-10-01 00:00:00.000001,2026-08-17 00:00:00.000001,1826,,,,,1826,reachable,screen
USGS-03324000,1944-04-01 00:00:00.000001,2026-08-17 00:00:00.000001,1826,,,,,1826,reachable,screen
USGS-03324095,2023-08-02 00:00:00.000001,2026-08-18 00:00:00.000001,0,0.0,1075.0,2023-08-02,2026-08-18,0,unreachable,individual fetch
USGS-03324112,2023-08-29 00:00:00.000001,2026-08-18 00:00:00.000001,0,0.0,1084.0,2023-08-29,2026-08-18,0,unreachable,individual fetch
USGS-03324200,1959-10-01 00:00:00.000001,2026-08-17 00:00:00.000001,1826,,,,,1826,reachable,screen
USGS-03324300,1957-03-01 00:00:00.000001,2026-08-17 00:00:00.000001,1826,,,,,1826,reachable,screen
USGS-03325000,1923-10-01 00:00:00.000001,2026-08-17 00:00:00.000001,1826,,,,,1826,reachable,screen
USGS-03325519,2017-05-27 00:00:00.000001,2026-08-18 00:00:00.000001,1826,,,,,1826,reachable,screen
USGS-03326500,1923-10-01 00:00:00.000001,2026-08-17 00:00:00.000001,1826,,,,,1826,reachable,screen
USGS-03327500,1943-10-01 00:00:00.000001,2026-08-17 00:00:00.000001,1826,,,,,1826,reachable,screen
USGS-03328000,1930-04-01 00:00:00.000001,2026-08-17 00:00:00.000001,1826,,,,,1826,reachable,screen
USGS-03328500,1943-10-01 00:00:00.000001,2026-08-17 00:00:00.000001,1826,,,,,1826,reachable,screen
USGS-03329000,1904-04-01 00:00:00.000001,2026-08-17 00:00:00.000001,1826,,,,,1826,reachable,screen
USGS-03329700,1944-04-01 00:00:00.000001,2026-08-16 00:00:00.000001,1826,,,,,1826,reachable,screen
USGS-03330241,1986-05-22 00:00:00.000001,2026-08-17 00:00:00.000001,1826,,,,,1826,reachable,screen
USGS-03330500,1949-10-01 00:00:00.000001,2026-08-17 00:00:00.000001,1826,,,,,1826,reachable,screen
USGS-03331500,2026-07-15 00:00:00.000001,2026-08-17 00:00:00.000001,0,0.0,33.0,2026-07-15,2026-08-18,0,reachable,cache corroboration (USGS API under-reported; see note)
USGS-03331753,2001-08-25 00:00:00.000001,2026-08-18 00:00:00.000001,1826,,,,,1826,reachable,screen
USGS-03332345,2016-05-13 00:00:00.000001,2026-08-18 00:00:00.000001,1826,,,,,1826,reachable,screen
USGS-03332349,2019-03-30 00:00:00.000001,2026-08-18 00:00:00.000001,1373,,,,,1373,reachable,screen
USGS-03332555,2008-12-13 00:00:00.000001,2026-08-17 00:00:00.000001,1826,,,,,1826,reachable,screen
USGS-03332605,2008-12-13 00:00:00.000001,2026-08-18 00:00:00.000001,1826,,,,,1826,reachable,screen
USGS-03333050,1986-10-01 00:00:00.000001,2026-08-18 00:00:00.000001,1826,,,,,1826,reachable,screen
USGS-03333450,1961-08-01 00:00:00.000001,2026-08-17 00:00:00.000001,1825,,,,,1825,reachable,screen
USGS-03333700,1955-10-01 00:00:00.000001,2026-08-18 00:00:00.000001,3652,,,,,3652,reachable,screen
USGS-03334000,1944-04-01 00:00:00.000001,2026-08-17 00:00:00.000001,1826,,,,,1826,reachable,screen
USGS-03334500,1944-04-01 00:00:00.000001,2026-08-17 00:00:00.000001,1826,,,,,1826,reachable,screen
USGS-03335000,1954-06-01 00:00:00.000001,2026-08-17 00:00:00.000001,1826,,,,,1826,reachable,screen
USGS-03335500,1923-10-01 00:00:00.000001,2026-08-18 00:00:00.000001,1826,,,,,1826,reachable,screen
USGS-033356848,2015-01-24 00:00:00.000001,2026-08-17 00:00:00.000001,1826,,,,,1826,reachable,screen
USGS-03335960,2019-03-20 00:00:00.000001,2026-08-18 00:00:00.000001,1383,,,,,1383,reachable,screen
USGS-03336000,1939-10-01 00:00:00.000001,2026-08-18 00:00:00.000001,1826,,,,,1826,reachable,screen
USGS-03336645,1978-10-01 00:00:00.000001,2026-08-18 00:00:00.000001,1826,,,,,1826,reachable,screen
USGS-03336890,2013-05-22 00:00:00.000001,2026-08-14 00:00:00.000001,1826,,,,,1826,reachable,screen
USGS-03336900,1958-10-01 00:00:00.000001,2026-08-18 00:00:00.000001,1826,,,,,1826,reachable,screen
USGS-03337000,1948-07-15 00:00:00.000001,2026-08-17 00:00:00.000001,1826,,,,,1826,reachable,screen
USGS-03337100,2001-12-23 00:00:00.000001,2026-08-17 00:00:00.000001,1826,,,,,1826,reachable,screen
USGS-03337570,2009-03-30 00:00:00.000001,2026-08-18 00:00:00.000001,1826,,,,,1826,reachable,screen
USGS-03338780,1988-10-01 00:00:00.000001,2014-11-12 00:00:00.000001,0,0.0,9539.0,1988-10-01,2014-11-12,0,unreachable,individual fetch
USGS-03339000,1914-10-01 00:00:00.000001,2026-08-17 00:00:00.000001,1826,,,,,1826,reachable,screen
USGS-03339280,1987-10-01 00:00:00.000001,2026-08-17 00:00:00.000001,1826,,,,,1826,reachable,screen
USGS-03339305,2019-10-26 00:00:00.000001,2026-08-18 00:00:00.000001,1163,,,,,1163,reachable,screen
USGS-03339500,1938-10-01 00:00:00.000001,2026-08-17 00:00:00.000001,1826,,,,,1826,reachable,screen
USGS-03340500,1927-10-01 00:00:00.000001,2026-08-17 00:00:00.000001,1826,,,,,1826,reachable,screen
USGS-03340800,1957-08-01 00:00:00.000001,2026-08-17 00:00:00.000001,1826,,,,,1826,reachable,screen
USGS-03340900,1956-10-01 00:00:00.000001,2018-02-12 00:00:00.000001,43,,,,,43,reachable,screen
USGS-03341300,1956-10-01 00:00:00.000001,2026-08-17 00:00:00.000001,1826,,,,,1826,reachable,screen
USGS-03341500,1927-10-01 00:00:00.000001,2026-08-17 00:00:00.000001,1822,,,,,1822,reachable,screen
USGS-03341558,,,0,0.0,0.0,,,0,unreachable,individual fetch
USGS-03342000,1938-10-01 00:00:00.000001,2026-08-17 00:00:00.000001,1826,,,,,1826,reachable,screen
USGS-03342500,1943-10-01 00:00:00.000001,2026-08-17 00:00:00.000001,1826,,,,,1826,reachable,screen
USGS-03343010,2009-01-15 00:00:00.000001,2026-08-18 00:00:00.000001,1826,,,,,1826,reachable,screen
USGS-03343400,1960-10-01 00:00:00.000001,2026-08-18 00:00:00.000001,1826,,,,,1826,reachable,screen
USGS-03345500,1908-08-16 00:00:00.000001,2026-08-17 00:00:00.000001,1826,,,,,1826,reachable,screen
USGS-03346000,1940-10-01 00:00:00.000001,2026-08-18 00:00:00.000001,1826,,,,,1826,reachable,screen
USGS-03346500,1930-03-14 00:00:00.000001,2026-08-18 00:00:00.000001,1826,,,,,1826,reachable,screen
USGS-03347000,1931-04-01 00:00:00.000001,2026-08-17 00:00:00.000001,1826,,,,,1826,reachable,screen
USGS-03348000,1925-10-01 00:00:00.000001,2026-08-17 00:00:00.000001,1826,,,,,1826,reachable,screen
USGS-03348130,1999-10-01 00:00:00.000001,2026-08-17 00:00:00.000001,1826,,,,,1826,reachable,screen
USGS-03348350,1968-05-01 00:00:00.000001,2026-08-18 00:00:00.000001,1826,,,,,1826,reachable,screen
USGS-033483827,2026-04-20 00:00:00.000001,2026-08-18 00:00:00.000001,0,0.0,121.0,2026-04-20,2026-08-18,0,unreachable,individual fetch
USGS-03349000,1946-10-01 00:00:00.000001,2026-08-18 00:00:00.000001,1826,,,,,1826,reachable,screen
USGS-03349210,2007-08-17 00:00:00.000001,2026-08-17 00:00:00.000001,1534,,,,,1534,reachable,screen
USGS-03349510,2004-07-13 00:00:00.000001,2026-08-18 00:00:00.000001,1826,,,,,1826,reachable,screen
USGS-03350500,1950-10-01 00:00:00.000001,2026-08-18 00:00:00.000001,1161,,,,,1161,reachable,screen
USGS-03350655,2008-10-28 00:00:00.000001,2026-08-17 00:00:00.000001,1826,,,,,1826,reachable,screen
USGS-03350660,2008-09-25 00:00:00.000001,2026-08-18 00:00:00.000001,1826,,,,,1826,reachable,screen
USGS-03350700,1967-06-27 00:00:00.000001,2026-08-17 00:00:00.000001,1826,,,,,1826,reachable,screen
USGS-03350800,,,0,0.0,0.0,,,0,unreachable,individual fetch
USGS-03351000,1929-10-01 00:00:00.000001,2026-08-18 00:00:00.000001,1826,,,,,1826,reachable,screen
USGS-03351072,2007-08-10 00:00:00.000001,2026-08-17 00:00:00.000001,1826,,,,,1826,reachable,screen
USGS-03351201,2011-10-01 00:00:00.000001,2026-08-18 00:00:00.000001,92,,,,,92,reachable,screen
USGS-03351310,1969-06-01 00:00:00.000001,2026-08-17 00:00:00.000001,1826,,,,,1826,reachable,screen
USGS-03351350,2017-09-30 00:00:00.000001,2026-08-18 00:00:00.000001,1826,,,,,1826,reachable,screen
USGS-03351500,1941-07-01 00:00:00.000001,2026-08-17 00:00:00.000001,1826,,,,,1826,reachable,screen
USGS-03351710,2021-11-30 00:00:00.000001,2026-08-17 00:00:00.000001,397,,,,,397,reachable,screen
USGS-033521504,2013-05-20 00:00:00.000001,2026-08-17 00:00:00.000001,1826,,,,,1826,reachable,screen
USGS-03352162,,,0,0.0,0.0,,,0,unreachable,individual fetch
USGS-03352500,1929-10-01 00:00:00.000001,2026-08-18 00:00:00.000001,1826,,,,,1826,reachable,screen
USGS-03352875,1985-10-01 00:00:00.000001,2026-08-18 00:00:00.000001,1826,,,,,1826,reachable,screen
USGS-03352953,2004-09-22 00:00:00.000001,2026-08-18 00:00:00.000001,1826,,,,,1826,reachable,screen
USGS-03352988,2007-01-12 00:00:00.000001,2026-08-17 00:00:00.000001,1826,,,,,1826,reachable,screen
USGS-03353000,1904-05-06 00:00:00.000001,2026-08-17 00:00:00.000001,1826,,,,,1826,reachable,screen
USGS-03353120,1960-01-01 00:00:00.000001,2026-08-17 00:00:00.000001,1826,,,,,1826,reachable,screen
USGS-03353200,1957-10-01 00:00:00.000001,2026-08-17 00:00:00.000001,1826,,,,,1826,reachable,screen
USGS-03353415,2015-05-04 00:00:00.000001,2026-08-17 00:00:00.000001,1826,,,,,1826,reachable,screen
USGS-03353420,2015-06-13 00:00:00.000001,2026-08-17 00:00:00.000001,1826,,,,,1826,reachable,screen
USGS-03353451,1992-09-06 00:00:00.000001,2026-08-11 00:00:00.000001,784,,,,,784,reachable,screen
USGS-03353460,2006-07-07 00:00:00.000001,2026-08-17 00:00:00.000001,1826,,,,,1826,reachable,screen
USGS-03353500,1939-04-01 00:00:00.000001,2026-08-17 00:00:00.000001,1826,,,,,1826,reachable,screen
USGS-03353600,1959-10-01 00:00:00.000001,2026-08-17 00:00:00.000001,1826,,,,,1826,reachable,screen
USGS-03353611,1992-10-01 00:00:00.000001,2026-08-17 00:00:00.000001,1826,,,,,1826,reachable,screen
USGS-03353620,1970-10-01 00:00:00.000001,2026-08-18 00:00:00.000001,1826,,,,,1826,reachable,screen
USGS-03353638,,,0,0.0,0.0,,,0,unreachable,individual fetch
USGS-03353700,1958-05-01 00:00:00.000001,2026-08-17 00:00:00.000001,1184,,,,,1184,reachable,screen
USGS-03353800,1957-09-01 00:00:00.000001,2026-08-17 00:00:00.000001,1826,,,,,1826,reachable,screen
USGS-03353910,2007-04-03 00:00:00.000001,2026-08-17 00:00:00.000001,1188,,,,,1188,reachable,screen
USGS-03354000,1930-10-01 00:00:00.000001,2026-08-17 00:00:00.000001,1826,,,,,1826,reachable,screen
USGS-03357000,1925-10-01 00:00:00.000001,2026-08-18 00:00:00.000001,1194,,,,,1194,reachable,screen
USGS-03357330,2001-10-26 00:00:00.000001,2026-08-17 00:00:00.000001,1826,,,,,1826,reachable,screen
USGS-03357350,1969-07-01 00:00:00.000001,2026-08-17 00:00:00.000001,1826,,,,,1826,reachable,screen
USGS-03357500,1949-10-01 00:00:00.000001,2002-09-30 00:00:00.000001,0,0.0,19358.0,1949-10-01,2002-09-30,0,unreachable,individual fetch
USGS-03358000,1987-10-01 00:00:00.000001,2026-08-17 00:00:00.000001,1824,,,,,1824,reachable,screen
USGS-03360000,1931-04-01 00:00:00.000001,2026-08-17 00:00:00.000001,1826,,,,,1826,reachable,screen
USGS-03360500,1928-10-01 00:00:00.000001,2026-08-17 00:00:00.000001,1826,,,,,1826,reachable,screen
USGS-03360600,2015-01-31 00:00:00.000001,2026-08-17 00:00:00.000001,1826,,,,,1826,reachable,screen
USGS-03360652,,,0,0.0,0.0,,,0,unreachable,individual fetch
USGS-03360730,,,0,0.0,0.0,,,0,unreachable,individual fetch
USGS-03361000,1950-10-01 00:00:00.000001,2004-03-31 00:00:00.000001,0,0.0,19541.0,1950-10-01,2004-03-31,0,unreachable,individual fetch
USGS-03361440,,,0,0.0,0.0,,,0,unreachable,individual fetch
USGS-03361500,1943-10-01 00:00:00.000001,2026-08-18 00:00:00.000001,1826,,,,,1826,reachable,screen
USGS-03361605,,,0,0.0,0.0,,,0,unreachable,individual fetch
USGS-03361617,2023-09-20 00:00:00.000001,2026-08-18 00:00:00.000001,0,0.0,1064.0,2023-09-20,2026-08-18,0,unreachable,individual fetch
USGS-03361650,1967-10-01 00:00:00.000001,2026-08-17 00:00:00.000001,1826,,,,,1826,reachable,screen
USGS-03361850,1967-10-01 00:00:00.000001,2026-08-18 00:00:00.000001,1826,,,,,1826,reachable,screen
USGS-03361872,2019-10-01 00:00:00.000001,2026-08-18 00:00:00.000001,1188,,,,,1188,reachable,screen
USGS-03362000,1942-12-01 00:00:00.000001,2026-08-17 00:00:00.000001,1826,,,,,1826,reachable,screen
USGS-03362500,1943-04-01 00:00:00.000001,2026-08-17 00:00:00.000001,1826,,,,,1826,reachable,screen
USGS-03363000,1941-07-23 00:00:00.000001,2026-08-17 00:00:00.000001,1826,,,,,1826,reachable,screen
USGS-03363500,1930-10-01 00:00:00.000001,2026-08-17 00:00:00.000001,1826,,,,,1826,reachable,screen
USGS-03363900,1967-10-01 00:00:00.000001,2026-08-17 00:00:00.000001,1826,,,,,1826,reachable,screen
USGS-03364000,1948-04-01 00:00:00.000001,2026-08-18 00:00:00.000001,1826,,,,,1826,reachable,screen
USGS-03364042,2010-06-23 00:00:00.000001,2026-08-17 00:00:00.000001,1790,,,,,1790,reachable,screen
USGS-03364200,1967-08-01 00:00:00.000001,2026-08-17 00:00:00.000001,1826,,,,,1826,reachable,screen
USGS-03364500,1948-04-01 00:00:00.000001,2026-08-16 00:00:00.000001,1826,,,,,1826,reachable,screen
USGS-03364650,2006-06-01 00:00:00.000001,2026-08-17 00:00:00.000001,1826,,,,,1826,reachable,screen
USGS-03365500,1927-10-01 00:00:00.000001,2026-08-17 00:00:00.000001,1826,,,,,1826,reachable,screen
USGS-03366500,1948-04-01 00:00:00.000001,2026-08-17 00:00:00.000001,1826,,,,,1826,reachable,screen
USGS-03368000,1955-06-01 00:00:00.000001,2026-08-17 00:00:00.000001,1826,,,,,1826,reachable,screen
USGS-03369500,1939-10-01 00:00:00.000001,2026-08-17 00:00:00.000001,1826,,,,,1826,reachable,screen
USGS-03371500,1939-10-01 00:00:00.000001,2026-08-17 00:00:00.000001,1826,,,,,1826,reachable,screen
USGS-03371600,1960-10-01 00:00:00.000001,2026-08-18 00:00:00.000001,1087,,,,,1087,reachable,screen
USGS-03371650,1962-08-01 00:00:00.000001,2026-08-17 00:00:00.000001,1826,,,,,1826,reachable,screen
USGS-03373500,1903-10-01 00:00:00.000001,2026-08-17 00:00:00.000001,1826,,,,,1826,reachable,screen
USGS-03373508,2007-06-09 00:00:00.000001,2026-08-14 00:00:00.000001,1826,,,,,1826,reachable,screen
USGS-03373560,2010-01-23 00:00:00.000001,2026-08-17 00:00:00.000001,1826,,,,,1826,reachable,screen
USGS-03373610,2010-10-29 00:00:00.000001,2026-08-18 00:00:00.000001,1826,,,,,1826,reachable,screen
USGS-03373980,,,0,0.0,0.0,,,0,unreachable,individual fetch
USGS-03374000,1928-04-01 00:00:00.000001,2026-08-17 00:00:00.000001,1826,,,,,1826,reachable,screen
USGS-03374100,1928-10-01 00:00:00.000001,2026-08-17 00:00:00.000001,1826,,,,,1826,reachable,screen
USGS-03375500,1948-04-01 00:00:00.000001,2026-08-17 00:00:00.000001,1826,,,,,1826,reachable,screen
USGS-03376300,1963-10-01 00:00:00.000001,2026-08-17 00:00:00.000001,1826,,,,,1826,reachable,screen
USGS-03376500,1934-08-29 00:00:00.000001,2026-08-17 00:00:00.000001,1826,,,,,1826,reachable,screen
USGS-03377500,1927-10-01 00:00:00.000001,2026-08-17 00:00:00.000001,1826,,,,,1826,reachable,screen
USGS-03378000,1916-12-28 00:00:00.000001,2026-08-18 00:00:00.000001,1826,,,,,1826,reachable,screen
USGS-03378500,2010-09-30 00:00:00.000001,2026-08-17 00:00:00.000001,1826,,,,,1826,reachable,screen
USGS-03378550,1965-07-01 00:00:00.000001,2026-08-18 00:00:00.000001,1824,,,,,1824,reachable,screen
USGS-03378635,1966-10-01 00:00:00.000001,2026-08-17 00:00:00.000001,1826,,,,,1826,reachable,screen
USGS-03379500,1914-08-22 00:00:00.000001,2026-08-18 00:00:00.000001,1826,,,,,1826,reachable,screen
USGS-03380500,1908-08-16 00:00:00.000001,2026-08-17 00:00:00.000001,1825,,,,,1825,reachable,screen
USGS-03381500,1939-10-01 00:00:00.000001,2026-08-18 00:00:00.000001,1820,,,,,1820,reachable,screen
USGS-03381700,2002-01-30 00:00:00.000001,2026-08-17 00:00:00.000001,1826,,,,,1826,reachable,screen
USGS-03382100,1965-10-01 00:00:00.000001,2026-08-17 00:00:00.000001,1826,,,,,1826,reachable,screen
USGS-03383000,1940-08-18 00:00:00.000001,2026-08-17 00:00:00.000001,1826,,,,,1826,reachable,screen
USGS-03384100,2008-09-30 00:00:00.000001,2026-08-17 00:00:00.000001,1826,,,,,1826,reachable,screen
USGS-03384450,1967-10-01 00:00:00.000001,2026-08-17 00:00:00.000001,1826,,,,,1826,reachable,screen
USGS-03399800,1993-10-01 00:00:00.000001,2026-08-18 00:00:00.000001,1826,,,,,1826,reachable,screen
USGS-03400500,1940-04-01 00:00:00.000001,2026-08-17 00:00:00.000001,1809,,,,,1809,reachable,screen
USGS-03400785,1985-05-05 00:00:00.000001,2026-08-17 00:00:00.000001,1818,,,,,1818,reachable,screen
USGS-03400800,1971-04-01 00:00:00.000001,2026-08-17 00:00:00.000001,1826,,,,,1826,reachable,screen
USGS-03400986,2013-09-30 00:00:00.000001,2026-08-17 00:00:00.000001,1826,,,,,1826,reachable,screen
USGS-03401000,1940-04-01 00:00:00.000001,2026-08-17 00:00:00.000001,1826,,,,,1826,reachable,screen
USGS-03402900,1991-10-01 00:00:00.000001,2026-08-18 00:00:00.000001,436,,,,,436,reachable,screen
USGS-03403500,1922-10-01 00:00:00.000001,2005-09-29 00:00:00.000001,0,0.0,46934.0,1922-10-01,2005-09-29,0,unreachable,individual fetch
USGS-03403910,1968-07-01 00:00:00.000001,2026-08-18 00:00:00.000001,1826,,,,,1826,reachable,screen
USGS-03404000,1950-10-01 00:00:00.000001,2026-08-18 00:00:00.000001,1826,,,,,1826,reachable,screen
USGS-03404500,1907-08-15 00:00:00.000001,2026-08-17 00:00:00.000001,1623,,,,,1623,reachable,screen
USGS-03404900,1973-10-01 00:00:00.000001,2026-08-17 00:00:00.000001,1826,,,,,1826,reachable,screen
USGS-03406500,1936-07-15 00:00:00.000001,2026-08-17 00:00:00.000001,1826,,,,,1826,reachable,screen
USGS-03407500,1952-10-01 00:00:00.000001,2026-08-17 00:00:00.000001,1826,,,,,1826,reachable,screen
USGS-03408500,1934-09-01 00:00:00.000001,2026-08-17 00:00:00.000001,1826,,,,,1826,reachable,screen
USGS-03409500,1930-10-01 00:00:00.000001,2026-08-18 00:00:00.000001,1826,,,,,1826,reachable,screen
USGS-03410210,1983-10-01 00:00:00.000001,2026-08-17 00:00:00.000001,1826,,,,,1826,reachable,screen
USGS-03410500,1942-09-11 00:00:00.000001,2026-06-24 00:00:00.000001,226,,,,,226,reachable,screen
USGS-03413200,1968-10-01 00:00:00.000001,2026-08-12 00:00:00.000001,1826,,,,,1826,reachable,screen
USGS-03414078,2018-04-20 00:00:00.000001,2026-08-19 00:00:00.000001,1329,,,,,1329,reachable,screen
USGS-03414100,2014-09-28 00:00:00.000001,2026-08-17 00:00:00.000001,1826,,,,,1826,reachable,screen
USGS-03415000,1942-10-01 00:00:00.000001,2026-08-17 00:00:00.000001,1826,,,,,1826,reachable,screen
USGS-03416000,1942-10-01 00:00:00.000001,2026-08-17 00:00:00.000001,1826,,,,,1826,reachable,screen
USGS-03417500,,,0,0.0,0.0,,,0,unreachable,individual fetch
USGS-03418000,1931-10-01 00:00:00.000001,2026-08-17 00:00:00.000001,1553,,,,,1553,reachable,screen
USGS-03418224,2018-10-01 00:00:00.000001,2026-08-17 00:00:00.000001,1551,,,,,1551,reachable,screen
USGS-03419530,2026-04-21 00:00:00.000001,2026-08-18 00:00:00.000001,0,0.0,120.0,2026-04-21,2026-08-18,0,unreachable,individual fetch
USGS-03421000,1924-10-01 00:00:00.000001,2026-08-17 00:00:00.000001,1826,,,,,1826,reachable,screen
USGS-03423000,1932-07-01 00:00:00.000001,2026-08-17 00:00:00.000001,1826,,,,,1826,reachable,screen
USGS-03424730,1991-08-01 00:00:00.000001,2026-08-17 00:00:00.000001,1826,,,,,1826,reachable,screen
USGS-03424860,2011-01-01 00:00:00.000001,2026-08-17 00:00:00.000001,1826,,,,,1826,reachable,screen
USGS-03425000,1922-10-01 00:00:00.000001,1991-09-30 00:00:00.000001,0,0.0,25202.0,1922-10-01,1991-09-30,0,unreachable,individual fetch
USGS-03425290,2021-05-26 00:00:00.000001,2026-08-17 00:00:00.000001,585,,,,,585,reachable,screen
USGS-03425520,2019-11-20 00:00:00.000001,2026-08-17 00:00:00.000001,1138,,,,,1138,reachable,screen
USGS-03425622,2019-11-16 00:00:00.000001,2026-08-17 00:00:00.000001,1141,,,,,1141,reachable,screen
USGS-03426387,,,0,0.0,0.0,,,0,unreachable,individual fetch
USGS-03426470,1996-10-01 00:00:00.000001,2026-08-17 00:00:00.000001,1826,,,,,1826,reachable,screen
USGS-03427500,1951-02-01 00:00:00.000001,2026-08-17 00:00:00.000001,1826,,,,,1826,reachable,screen
USGS-03428200,1972-07-20 00:00:00.000001,2026-08-17 00:00:00.000001,1826,,,,,1826,reachable,screen
USGS-03429498,2021-05-27 00:00:00.000001,2026-08-18 00:00:00.000001,584,,,,,584,reachable,screen
USGS-03430200,2012-05-01 00:00:00.000001,2026-08-18 00:00:00.000001,1826,,,,,1826,reachable,screen
USGS-03430550,,,0,0.0,0.0,,,0,unreachable,individual fetch
USGS-03431000,1953-10-01 00:00:00.000001,2019-10-02 00:00:00.000001,640,,,,,640,reachable,screen
USGS-03431040,,,0,0.0,0.0,,,0,unreachable,individual fetch
USGS-03431060,1996-10-01 00:00:00.000001,2026-08-18 00:00:00.000001,1826,,,,,1826,reachable,screen
USGS-03431100,,,0,0.0,0.0,,,0,unreachable,individual fetch
USGS-03431300,1963-12-01 00:00:00.000001,2026-08-17 00:00:00.000001,1826,,,,,1826,reachable,screen
USGS-03431500,1892-10-01 00:00:00.000001,2026-08-17 00:00:00.000001,1826,,,,,1826,reachable,screen
USGS-03431530,,,0,0.0,0.0,,,0,unreachable,individual fetch
USGS-03431599,1964-10-01 00:00:00.000001,2026-08-17 00:00:00.000001,1826,,,,,1826,reachable,screen
USGS-03431655,2013-01-14 00:00:00.000001,2019-02-23 00:00:00.000001,1,,,,,1,reachable,screen
USGS-03431700,1964-08-01 00:00:00.000001,2026-08-17 00:00:00.000001,1826,,,,,1826,reachable,screen
USGS-03431790,2013-02-01 00:00:00.000001,2023-10-16 00:00:00.000001,1826,,,,,1826,reachable,screen
USGS-03431800,1961-10-01 00:00:00.000001,2026-08-17 00:00:00.000001,1826,,,,,1826,reachable,screen
USGS-03432100,2006-12-01 00:00:00.000001,2026-08-18 00:00:00.000001,0,0.0,2750.0,2006-12-01,2026-08-18,0,unreachable,individual fetch
USGS-0343233905,2015-09-27 00:00:00.000001,2026-08-17 00:00:00.000001,899,,,,,899,reachable,screen
USGS-03432350,1974-10-01 00:00:00.000001,2026-08-17 00:00:00.000001,1826,,,,,1826,reachable,screen
USGS-03432400,1988-08-01 00:00:00.000001,2026-08-17 00:00:00.000001,1826,,,,,1826,reachable,screen
USGS-03433500,1931-10-01 00:00:00.000001,2026-08-17 00:00:00.000001,1826,,,,,1826,reachable,screen
USGS-03434500,1925-08-01 00:00:00.000001,2026-08-17 00:00:00.000001,1826,,,,,1826,reachable,screen
USGS-03435000,1954-10-01 00:00:00.000001,1991-09-30 00:00:00.000001,0,0.0,13514.0,1954-10-01,1991-09-30,0,unreachable,individual fetch
USGS-03435105,,,0,0.0,0.0,,,0,unreachable,individual fetch
USGS-03435770,1975-08-22 00:00:00.000001,2021-08-30 00:00:00.000001,265,,,,,265,reachable,screen
USGS-03436100,1961-08-01 00:00:00.000001,2026-08-17 00:00:00.000001,1826,,,,,1826,reachable,screen
USGS-03436690,1980-10-01 00:00:00.000001,2026-08-16 00:00:00.000001,1826,,,,,1826,reachable,screen
USGS-03437480,2009-10-01 00:00:00.000001,2026-08-17 00:00:00.000001,1826,,,,,1826,reachable,screen
USGS-03437495,2009-10-01 00:00:00.000001,2026-08-17 00:00:00.000001,1826,,,,,1826,reachable,screen
USGS-03439000,1907-10-01 00:00:00.000001,2026-08-18 00:00:00.000001,1826,,,,,1826,reachable,screen
USGS-03441000,1920-10-01 00:00:00.000001,2026-08-18 00:00:00.000001,1826,,,,,1826,reachable,screen
USGS-03443000,1920-10-01 00:00:00.000001,2026-08-18 00:00:00.000001,1826,,,,,1826,reachable,screen
USGS-03446000,1924-10-01 00:00:00.000001,2026-08-18 00:00:00.000001,1826,,,,,1826,reachable,screen
USGS-0344632850,2019-06-17 00:00:00.000001,2026-08-19 00:00:00.000001,1294,,,,,1294,reachable,screen
USGS-03447687,2001-07-01 00:00:00.000001,2026-08-18 00:00:00.000001,1826,,,,,1826,reachable,screen
USGS-0344878100,2019-06-27 00:00:00.000001,2026-08-18 00:00:00.000001,1284,,,,,1284,reachable,screen
USGS-0344894205,1989-02-01 00:00:00.000001,2026-08-18 00:00:00.000001,1826,,,,,1826,reachable,screen
USGS-03450000,1926-03-01 00:00:00.000001,2026-08-18 00:00:00.000001,1826,,,,,1826,reachable,screen
USGS-03451000,1920-10-01 00:00:00.000001,2026-08-18 00:00:00.000001,1826,,,,,1826,reachable,screen
USGS-03451500,1895-10-01 00:00:00.000001,2026-08-18 00:00:00.000001,1826,,,,,1826,reachable,screen
USGS-03453000,1934-04-01 00:00:00.000001,2026-08-18 00:00:00.000001,1826,,,,,1826,reachable,screen
USGS-03453500,1942-10-01 00:00:00.000001,2026-08-18 00:00:00.000001,1826,,,,,1826,reachable,screen
USGS-03454500,1934-04-01 00:00:00.000001,2026-08-18 00:00:00.000001,1826,,,,,1826,reachable,screen
USGS-03455000,1900-11-01 00:00:00.000001,2026-08-18 00:00:00.000001,1826,,,,,1826,reachable,screen
USGS-03455500,1954-03-01 00:00:00.000001,2026-08-18 00:00:00.000001,1826,,,,,1826,reachable,screen
USGS-0345577330,1988-03-01 00:00:00.000001,2025-11-18 00:00:00.000001,1826,,,,,1826,reachable,screen
USGS-03456100,1981-01-01 00:00:00.000001,2026-08-17 00:00:00.000001,1826,,,,,1826,reachable,screen
USGS-03456500,1954-03-01 00:00:00.000001,2026-08-18 00:00:00.000001,1826,,,,,1826,reachable,screen
USGS-03456991,1928-10-01 00:00:00.000001,2026-08-17 00:00:00.000001,1826,,,,,1826,reachable,screen
USGS-03459500,1927-08-01 00:00:00.000001,2026-08-18 00:00:00.000001,1826,,,,,1826,reachable,screen
USGS-03460000,1934-04-01 00:00:00.000001,2026-08-18 00:00:00.000001,1826,,,,,1826,reachable,screen
USGS-03460795,1997-02-01 00:00:00.000001,2026-08-18 00:00:00.000001,1826,,,,,1826,reachable,screen
USGS-03461500,1900-12-01 00:00:00.000001,2026-08-17 00:00:00.000001,1826,,,,,1826,reachable,screen
USGS-03463300,1957-08-01 00:00:00.000001,2026-08-18 00:00:00.000001,1826,,,,,1826,reachable,screen
USGS-03465500,1900-09-01 00:00:00.000001,2026-08-18 00:00:00.000001,1826,,,,,1826,reachable,screen
USGS-03466208,1996-03-01 00:00:00.000001,2026-08-18 00:00:00.000001,1826,,,,,1826,reachable,screen
USGS-03466500,1903-06-01 00:00:00.000001,2026-08-17 00:00:00.000001,1826,,,,,1826,reachable,screen
USGS-03467609,1996-03-01 00:00:00.000001,2026-08-17 00:00:00.000001,1826,,,,,1826,reachable,screen
USGS-03469251,2016-12-13 00:00:00.000001,2026-08-18 00:00:00.000001,767,,,,,767,reachable,screen
USGS-03470000,1920-10-01 00:00:00.000001,2026-08-18 00:00:00.000001,1826,,,,,1826,reachable,screen
USGS-03471500,1920-10-01 00:00:00.000001,2026-08-18 00:00:00.000001,1826,,,,,1826,reachable,screen
USGS-03473000,1931-10-01 00:00:00.000001,2026-08-18 00:00:00.000001,1826,,,,,1826,reachable,screen
USGS-03474000,1942-10-01 00:00:00.000001,2026-08-18 00:00:00.000001,1826,,,,,1826,reachable,screen
USGS-03475000,1931-10-01 00:00:00.000001,2026-08-18 00:00:00.000001,1826,,,,,1826,reachable,screen
USGS-03478400,1957-10-01 00:00:00.000001,2026-08-18 00:00:00.000001,1826,,,,,1826,reachable,screen
USGS-03479000,1940-04-01 00:00:00.000001,2026-08-18 00:00:00.000001,1826,,,,,1826,reachable,screen
USGS-0347927162,2019-02-07 00:00:00.000001,2026-08-17 00:00:00.000001,1424,,,,,1424,reachable,screen
USGS-0347927164,2018-12-20 00:00:00.000001,2026-08-17 00:00:00.000001,1473,,,,,1473,reachable,screen
USGS-03485500,1911-10-01 00:00:00.000001,2026-08-17 00:00:00.000001,1826,,,,,1826,reachable,screen
USGS-03486000,2016-12-31 00:00:00.000001,2026-08-18 00:00:00.000001,1826,,,,,1826,reachable,screen
USGS-03488000,1907-06-01 00:00:00.000001,2026-08-18 00:00:00.000001,1826,,,,,1826,reachable,screen
USGS-03490000,1931-10-01 00:00:00.000001,2026-08-18 00:00:00.000001,1826,,,,,1826,reachable,screen
USGS-03491000,1941-05-01 00:00:00.000001,2026-08-18 00:00:00.000001,1826,,,,,1826,reachable,screen
USGS-03491544,1988-10-01 00:00:00.000001,2026-08-17 00:00:00.000001,1826,,,,,1826,reachable,screen
USGS-03495005,2017-02-18 00:00:00.000001,2026-08-18 00:00:00.000001,1826,,,,,1826,reachable,screen
USGS-03497300,1963-10-01 00:00:00.000001,2026-08-17 00:00:00.000001,1826,,,,,1826,reachable,screen
USGS-03498500,1951-07-01 00:00:00.000001,2026-08-17 00:00:00.000001,1826,,,,,1826,reachable,screen
USGS-03498850,1986-10-01 00:00:00.000001,2026-08-17 00:00:00.000001,1826,,,,,1826,reachable,screen
USGS-034991109,2011-06-15 00:00:00.000001,2026-08-17 00:00:00.000001,1826,,,,,1826,reachable,screen
USGS-03500000,1944-04-01 00:00:00.000001,2026-08-18 00:00:00.000001,1826,,,,,1826,reachable,screen
USGS-0350011450,2019-03-27 00:00:00.000001,2026-08-18 00:00:00.000001,1376,,,,,1376,reachable,screen
USGS-03503000,1944-06-01 00:00:00.000001,2026-08-18 00:00:00.000001,1826,,,,,1826,reachable,screen
USGS-03504000,1940-10-01 00:00:00.000001,2026-08-18 00:00:00.000001,1826,,,,,1826,reachable,screen
USGS-03505550,2004-12-01 00:00:00.000001,2026-08-18 00:00:00.000001,1826,,,,,1826,reachable,screen
USGS-03508050,2004-09-01 00:00:00.000001,2026-08-18 00:00:00.000001,1826,,,,,1826,reachable,screen
USGS-03510577,2004-07-01 00:00:00.000001,2026-08-18 00:00:00.000001,1826,,,,,1826,reachable,screen
USGS-03512000,1945-08-01 00:00:00.000001,2026-08-17 00:00:00.000001,1826,,,,,1826,reachable,screen
USGS-03513000,1897-10-01 00:00:00.000001,2026-08-18 00:00:00.000001,1826,,,,,1826,reachable,screen
USGS-0351706800,1999-10-01 00:00:00.000001,2026-08-18 00:00:00.000001,1826,,,,,1826,reachable,screen
USGS-03518500,1925-08-01 00:00:00.000001,2026-08-17 00:00:00.000001,1826,,,,,1826,reachable,screen
USGS-03524000,1920-10-01 00:00:00.000001,2026-08-18 00:00:00.000001,1826,,,,,1826,reachable,screen
USGS-03527000,1920-10-01 00:00:00.000001,2026-08-18 00:00:00.000001,1826,,,,,1826,reachable,screen
USGS-03528000,1919-04-01 00:00:00.000001,2026-08-18 00:00:00.000001,1826,,,,,1826,reachable,screen
USGS-03529500,1944-10-01 00:00:00.000001,2026-08-18 00:00:00.000001,1826,,,,,1826,reachable,screen
USGS-03531500,1931-10-01 00:00:00.000001,2026-08-18 00:00:00.000001,1826,,,,,1826,reachable,screen
USGS-03532000,1919-10-01 00:00:00.000001,2026-08-18 00:00:00.000001,1826,,,,,1826,reachable,screen
USGS-03535000,1957-10-01 00:00:00.000001,2026-08-18 00:00:00.000001,1826,,,,,1826,reachable,screen
USGS-03535200,2006-04-22 00:00:00.000001,2026-08-17 00:00:00.000001,1826,,,,,1826,reachable,screen
USGS-03535400,1999-04-01 00:00:00.000001,2026-08-17 00:00:00.000001,1826,,,,,1826,reachable,screen
USGS-03535618,2022-12-22 00:00:00.000001,2026-08-17 00:00:00.000001,10,,,,,10,reachable,screen
USGS-03538830,2010-01-20 00:00:00.000001,2026-08-17 00:00:00.000001,1826,,,,,1826,reachable,screen
USGS-03538970,2012-05-01 00:00:00.000001,2026-08-18 00:00:00.000001,1826,,,,,1826,reachable,screen
USGS-03539600,1957-05-01 00:00:00.000001,2026-08-18 00:00:00.000001,1826,,,,,1826,reachable,screen
USGS-03539778,1997-04-01 00:00:00.000001,2026-08-17 00:00:00.000001,1826,,,,,1826,reachable,screen
USGS-03539800,1957-05-01 00:00:00.000001,2026-08-17 00:00:00.000001,1826,,,,,1826,reachable,screen
USGS-03540500,1927-07-01 00:00:00.000001,2026-08-17 00:00:00.000001,1826,,,,,1826,reachable,screen
USGS-03543500,1934-06-01 00:00:00.000001,2026-08-18 00:00:00.000001,1826,,,,,1826,reachable,screen
USGS-03544970,2007-09-07 00:00:00.000001,2026-08-18 00:00:00.000001,1826,,,,,1826,reachable,screen
USGS-03550000,1904-07-01 00:00:00.000001,2026-08-18 00:00:00.000001,1826,,,,,1826,reachable,screen
USGS-03550500,1942-01-23 00:00:00.000001,2026-08-18 00:00:00.000001,1826,,,,,1826,reachable,screen
USGS-03558000,1913-01-01 00:00:00.000001,2026-08-18 00:00:00.000001,1826,,,,,1826,reachable,screen
USGS-03559500,2016-12-31 00:00:00.000001,2026-08-18 00:00:00.000001,1826,,,,,1826,reachable,screen
USGS-03565500,1954-10-01 00:00:00.000001,2026-08-18 00:00:00.000001,1826,,,,,1826,reachable,screen
USGS-03566420,1964-02-01 00:00:00.000001,2026-08-18 00:00:00.000001,1200,,,,,1200,reachable,screen
USGS-03566535,2016-06-08 00:00:00.000001,2026-08-17 00:00:00.000001,1717,,,,,1717,reachable,screen
USGS-03566700,2016-07-21 00:00:00.000001,2026-08-17 00:00:00.000001,1826,,,,,1826,reachable,screen
USGS-03567340,2009-12-17 00:00:00.000001,2026-08-17 00:00:00.000001,1826,,,,,1826,reachable,screen
USGS-03567500,1928-10-01 00:00:00.000001,2026-08-17 00:00:00.000001,1826,,,,,1826,reachable,screen
USGS-03568400,2016-07-21 00:00:00.000001,2026-08-17 00:00:00.000001,1826,,,,,1826,reachable,screen
USGS-03568933,1979-08-30 00:00:00.000001,2026-08-17 00:00:00.000001,1826,,,,,1826,reachable,screen
USGS-03569190,2019-10-03 00:00:00.000001,2026-08-17 00:00:00.000001,1186,,,,,1186,reachable,screen
USGS-03571000,1920-10-01 00:00:00.000001,2026-08-17 00:00:00.000001,1826,,,,,1826,reachable,screen
USGS-03572110,1975-05-22 00:00:00.000001,2024-10-20 00:00:00.000001,416,,,,,416,reachable,screen
USGS-03572690,2011-06-01 00:00:00.000001,2026-08-17 00:00:00.000001,1826,,,,,1826,reachable,screen
USGS-03572900,1957-10-01 00:00:00.000001,2026-08-17 00:00:00.000001,0,0.0,8520.0,1957-10-01,2026-08-18,0,unreachable,individual fetch
USGS-03574100,2015-11-11 00:00:00.000001,2026-08-17 00:00:00.000001,1826,,,,,1826,reachable,screen
USGS-03574500,1936-01-01 00:00:00.000001,2026-08-17 00:00:00.000001,1826,,,,,1826,reachable,screen
USGS-0357479650,1998-10-01 00:00:00.000001,2026-08-17 00:00:00.000001,1390,,,,,1390,reachable,screen
USGS-03575100,1998-10-01 00:00:00.000001,2026-08-17 00:00:00.000001,1826,,,,,1826,reachable,screen
USGS-0357526200,,,0,0.0,0.0,,,0,unreachable,individual fetch
USGS-03575272,,,0,0.0,0.0,,,0,unreachable,individual fetch
USGS-0357568650,,,0,0.0,0.0,,,0,unreachable,individual fetch
USGS-0357568980,,,0,0.0,0.0,,,0,unreachable,individual fetch
USGS-03575700,,,0,0.0,0.0,,,0,unreachable,individual fetch
USGS-03575830,1959-10-01 00:00:00.000001,2025-02-12 00:00:00.000001,386,,,,,386,reachable,screen
USGS-0357586650,,,0,0.0,0.0,,,0,unreachable,individual fetch
USGS-0357587090,,,0,0.0,0.0,,,0,unreachable,individual fetch
USGS-0357587140,,,0,0.0,0.0,,,0,unreachable,individual fetch
USGS-0357587400,,,0,0.0,0.0,,,0,unreachable,individual fetch
USGS-0357587728,,,0,0.0,0.0,,,0,unreachable,individual fetch
USGS-03575890,,,0,0.0,0.0,,,0,unreachable,individual fetch
USGS-0357591500,,,0,0.0,0.0,,,0,unreachable,individual fetch
USGS-03575950,,,0,0.0,0.0,,,0,unreachable,individual fetch
USGS-03575980,,,0,0.0,0.0,,,0,unreachable,individual fetch
USGS-03576148,1966-01-01 00:00:00.000001,2026-08-17 00:00:00.000001,772,,,,,772,reachable,screen
USGS-03576250,1939-10-01 00:00:00.000001,2026-08-17 00:00:00.000001,1826,,,,,1826,reachable,screen
USGS-03576500,1952-08-01 00:00:00.000001,2026-08-17 00:00:00.000001,1826,,,,,1826,reachable,screen
USGS-03577119,2023-01-12 00:00:00.000001,2026-08-17 00:00:00.000001,0,0.0,1314.0,2023-01-12,2026-08-18,0,unreachable,individual fetch
USGS-03577225,2009-06-25 00:00:00.000001,2026-08-17 00:00:00.000001,1826,,,,,1826,reachable,screen
USGS-03578000,1951-12-01 00:00:00.000001,2026-08-17 00:00:00.000001,1826,,,,,1826,reachable,screen
USGS-03578500,1951-12-01 00:00:00.000001,2026-08-17 00:00:00.000001,1826,,,,,1826,reachable,screen
USGS-03582000,1934-09-01 00:00:00.000001,2026-08-17 00:00:00.000001,1826,,,,,1826,reachable,screen
USGS-03584045,2009-10-01 00:00:00.000001,2026-08-16 00:00:00.000001,1826,,,,,1826,reachable,screen
USGS-03584600,1904-07-01 00:00:00.000001,2026-08-17 00:00:00.000001,1826,,,,,1826,reachable,screen
USGS-03586500,1935-09-01 00:00:00.000001,2026-08-17 00:00:00.000001,1826,,,,,1826,reachable,screen
USGS-03588500,1925-07-01 00:00:00.000001,2026-08-17 00:00:00.000001,1826,,,,,1826,reachable,screen
USGS-03589500,1894-10-01 00:00:00.000001,2005-11-21 00:00:00.000001,0,0.0,37578.0,1900-01-01,2005-11-21,0,unreachable,individual fetch
USGS-03590000,1934-06-01 00:00:00.000001,2026-08-17 00:00:00.000001,1826,,,,,1826,reachable,screen
USGS-03591800,1956-10-01 00:00:00.000001,1981-09-29 00:00:00.000001,0,0.0,8763.0,1956-10-01,1981-09-29,0,unreachable,individual fetch
USGS-03592000,1913-10-01 00:00:00.000001,2026-08-17 00:00:00.000001,0,0.0,10435.0,1913-10-01,2026-08-18,0,unreachable,individual fetch
USGS-03592500,1926-10-01 00:00:00.000001,2024-07-09 00:00:00.000001,1826,,,,,1826,reachable,screen
USGS-03592718,1973-05-17 00:00:00.000001,2013-03-05 00:00:00.000001,0,0.0,14538.0,1973-05-17,2013-03-05,0,unreachable,individual fetch
USGS-03593800,2012-09-30 00:00:00.000001,2026-08-18 00:00:00.000001,1826,,,,,1826,reachable,screen
USGS-03594421,2009-10-01 00:00:00.000001,2024-09-17 00:00:00.000001,1826,,,,,1826,reachable,screen
USGS-03596000,1934-04-01 00:00:00.000001,2026-08-17 00:00:00.000001,1826,,,,,1826,reachable,screen
USGS-03597590,1989-10-01 00:00:00.000001,2026-08-17 00:00:00.000001,1826,,,,,1826,reachable,screen
USGS-03597860,1991-10-01 00:00:00.000001,2026-08-17 00:00:00.000001,1003,,,,,1003,reachable,screen
USGS-03598000,1934-04-01 00:00:00.000001,2026-08-17 00:00:00.000001,1826,,,,,1826,reachable,screen
USGS-03598185,2019-08-01 00:00:00.000001,2026-08-18 00:00:00.000001,648,,,,,648,reachable,screen
USGS-03599240,2003-06-01 00:00:00.000001,2026-08-17 00:00:00.000001,1826,,,,,1826,reachable,screen
USGS-03599419,2012-01-01 00:00:00.000001,2026-08-17 00:00:00.000001,1826,,,,,1826,reachable,screen
USGS-03599500,1904-10-01 00:00:00.000001,2026-08-17 00:00:00.000001,1826,,,,,1826,reachable,screen
USGS-03601600,2015-08-18 00:00:00.000001,2026-08-18 00:00:00.000001,1826,,,,,1826,reachable,screen
USGS-03601990,2001-05-01 00:00:00.000001,2026-08-17 00:00:00.000001,1826,,,,,1826,reachable,screen
USGS-03602500,1925-08-01 00:00:00.000001,2026-08-17 00:00:00.000001,1826,,,,,1826,reachable,screen
USGS-03603000,1925-08-01 00:00:00.000001,2026-08-18 00:00:00.000001,1826,,,,,1826,reachable,screen
USGS-03604000,1920-06-01 00:00:00.000001,2026-08-17 00:00:00.000001,1826,,,,,1826,reachable,screen
USGS-03604400,1927-10-01 00:00:00.000001,2026-08-17 00:00:00.000001,1826,,,,,1826,reachable,screen
USGS-03605078,1995-09-01 00:00:00.000001,2026-08-17 00:00:00.000001,1710,,,,,1710,reachable,screen
USGS-03606500,1929-08-01 00:00:00.000001,2026-08-17 00:00:00.000001,1826,,,,,1826,reachable,screen
USGS-03610000,1951-10-01 00:00:00.000001,2024-08-01 00:00:00.000001,1826,,,,,1826,reachable,screen
USGS-03610200,1982-10-01 00:00:00.000001,2026-08-17 00:00:00.000001,1826,,,,,1826,reachable,screen
USGS-03611260,1971-10-01 00:00:00.000001,2026-08-17 00:00:00.000001,1826,,,,,1826,reachable,screen
USGS-03612000,1922-10-26 00:00:00.000001,2026-08-17 00:00:00.000001,1826,,,,,1826,reachable,screen
USGS-03612600,2013-03-01 00:00:00.000001,2026-08-17 00:00:00.000001,1826,,,,,1826,reachable,screen
USGS-04001000,1964-10-01 00:00:00.000001,2026-08-18 00:00:00.000001,1070,,,,,1070,reachable,screen
USGS-04010500,1921-06-01 00:00:00.000001,2026-08-17 00:00:00.000001,1826,,,,,1826,reachable,screen
USGS-04010510,1991-05-13 00:00:00.000001,2026-08-18 00:00:00.000001,800,,,,,800,reachable,screen
USGS-04015330,1974-07-01 00:00:00.000001,2026-08-17 00:00:00.000001,1826,,,,,1826,reachable,screen
USGS-04015438,2011-08-16 00:00:00.000001,2026-08-17 00:00:00.000001,1826,,,,,1826,reachable,screen
USGS-04021520,2005-05-26 00:00:00.000001,2026-08-17 00:00:00.000001,1826,,,,,1826,reachable,screen
USGS-04024000,1908-01-01 00:00:00.000001,2026-08-17 00:00:00.000001,1826,,,,,1826,reachable,screen
USGS-04024430,1973-11-22 00:00:00.000001,2026-08-17 00:00:00.000001,1826,,,,,1826,reachable,screen
USGS-04025500,1942-10-01 00:00:00.000001,2026-08-18 00:00:00.000001,1826,,,,,1826,reachable,screen
USGS-04026005,2021-04-20 00:00:00.000001,2025-06-26 00:00:00.000001,621,,,,,621,reachable,screen
USGS-04026160,2021-04-06 00:00:00.000001,2026-08-18 00:00:00.000001,635,,,,,635,reachable,screen
USGS-040263205,1999-04-01 00:00:00.000001,2026-08-17 00:00:00.000001,1826,,,,,1826,reachable,screen
USGS-04026390,2007-09-01 00:00:00.000001,2026-07-06 00:00:00.000001,645,,,,,645,reachable,screen
USGS-04026450,1970-10-01 00:00:00.000001,2018-10-02 00:00:00.000001,275,,,,,275,reachable,screen
USGS-04026511,,,0,0.0,0.0,,,0,unreachable,individual fetch
USGS-04026561,2011-05-20 00:00:00.000001,2026-08-17 00:00:00.000001,1826,,,,,1826,reachable,screen
USGS-040265935,2023-10-05 00:00:00.000001,2026-08-18 00:00:00.000001,0,0.0,1049.0,2023-10-05,2026-08-18,0,unreachable,individual fetch
USGS-040265981,,,0,0.0,0.0,,,0,unreachable,individual fetch
USGS-04026740,2021-08-11 00:00:00.000001,2026-08-18 00:00:00.000001,508,,,,,508,reachable,screen
USGS-04026859,,,0,0.0,0.0,,,0,unreachable,individual fetch
USGS-04026900,,,0,0.0,0.0,,,0,unreachable,individual fetch
USGS-04027000,1914-07-31 00:00:00.000001,2026-08-18 00:00:00.000001,1826,,,,,1826,reachable,screen
USGS-04027500,1948-05-13 00:00:00.000001,2026-08-18 00:00:00.000001,1826,,,,,1826,reachable,screen
USGS-04027595,,,0,0.0,0.0,,,0,unreachable,individual fetch
USGS-040276505,2021-04-22 00:00:00.000001,2026-07-02 00:00:00.000001,146,,,,,146,reachable,screen
USGS-04031000,1954-10-01 00:00:00.000001,2026-08-18 00:00:00.000001,1826,,,,,1826,reachable,screen
USGS-04033000,1942-06-15 00:00:00.000001,2026-08-18 00:00:00.000001,1826,,,,,1826,reachable,screen
USGS-04036000,1942-07-19 00:00:00.000001,2026-08-18 00:00:00.000001,1826,,,,,1826,reachable,screen
USGS-04037500,1944-10-01 00:00:00.000001,2026-08-18 00:00:00.000001,1826,,,,,1826,reachable,screen
USGS-04040000,1942-06-01 00:00:00.000001,2026-08-18 00:00:00.000001,1826,,,,,1826,reachable,screen
USGS-04040500,1912-10-01 00:00:00.000001,2026-08-18 00:00:00.000001,1826,,,,,1826,reachable,screen
USGS-04041500,1932-02-01 00:00:00.000001,2026-07-28 00:00:00.000001,1826,,,,,1826,reachable,screen
USGS-04043016,2014-08-01 00:00:00.000001,2026-08-18 00:00:00.000001,1116,,,,,1116,reachable,screen
USGS-04043050,1966-10-01 00:00:00.000001,2026-08-18 00:00:00.000001,1826,,,,,1826,reachable,screen
USGS-04043097,2014-07-01 00:00:00.000001,2026-08-18 00:00:00.000001,1826,,,,,1826,reachable,screen
USGS-04043150,2001-10-01 00:00:00.000001,2026-08-16 00:00:00.000001,1826,,,,,1826,reachable,screen
USGS-04043238,2004-12-01 00:00:00.000001,2026-08-18 00:00:00.000001,1826,,,,,1826,reachable,screen
USGS-04043244,2005-10-01 00:00:00.000001,2026-08-18 00:00:00.000001,1826,,,,,1826,reachable,screen
USGS-04044003,2015-10-01 00:00:00.000001,2026-08-18 00:00:00.000001,1826,,,,,1826,reachable,screen
USGS-04044724,1993-10-01 00:00:00.000001,2025-04-20 00:00:00.000001,1826,,,,,1826,reachable,screen
USGS-04044755,2016-10-01 00:00:00.000001,2024-10-09 00:00:00.000001,1825,,,,,1825,reachable,screen
USGS-04045500,1953-08-07 00:00:00.000001,2026-08-18 00:00:00.000001,1826,,,,,1826,reachable,screen
USGS-04046000,1951-10-01 00:00:00.000001,2026-08-18 00:00:00.000001,1826,,,,,1826,reachable,screen
USGS-04056500,1938-03-26 00:00:00.000001,2026-08-17 00:00:00.000001,1826,,,,,1826,reachable,screen
USGS-04057510,1966-10-01 00:00:00.000001,2026-08-18 00:00:00.000001,1370,,,,,1370,reachable,screen
USGS-04057800,1959-06-24 00:00:00.000001,2026-08-18 00:00:00.000001,1773,,,,,1773,reachable,screen
USGS-04057813,1973-01-07 00:00:00.000001,2026-08-18 00:00:00.000001,1826,,,,,1826,reachable,screen
USGS-04057814,1972-10-01 00:00:00.000001,2026-08-18 00:00:00.000001,1826,,,,,1826,reachable,screen
USGS-04058100,1961-07-01 00:00:00.000001,2026-08-18 00:00:00.000001,1826,,,,,1826,reachable,screen
USGS-04058200,1960-10-01 00:00:00.000001,2026-08-18 00:00:00.000001,1826,,,,,1826,reachable,screen
USGS-04059000,1903-09-01 00:00:00.000001,2026-08-18 00:00:00.000001,1826,,,,,1826,reachable,screen
USGS-04059034,2023-06-14 00:00:00.000001,2026-08-18 00:00:00.000001,0,0.0,280.0,2023-06-14,2026-08-18,0,unreachable,individual fetch
USGS-04059500,1954-10-01 00:00:00.000001,2026-08-18 00:00:00.000001,1826,,,,,1826,reachable,screen
USGS-04059750,2019-10-31 00:00:00.000001,2026-08-18 00:00:00.000001,1158,,,,,1158,reachable,screen
USGS-04060500,1948-04-01 00:00:00.000001,2026-08-18 00:00:00.000001,1826,,,,,1826,reachable,screen
USGS-04060993,1914-02-01 00:00:00.000001,2026-08-18 00:00:00.000001,1826,,,,,1826,reachable,screen
USGS-04061500,1944-08-24 00:00:00.000001,1996-09-30 00:00:00.000001,0,0.0,19031.0,1944-08-24,1996-09-30,0,unreachable,individual fetch
USGS-04062000,1952-06-07 00:00:00.000001,2026-08-18 00:00:00.000001,1826,,,,,1826,reachable,screen
USGS-04062011,1989-10-01 00:00:00.000001,2026-08-16 00:00:00.000001,1826,,,,,1826,reachable,screen
USGS-04062500,1944-08-20 00:00:00.000001,2026-08-18 00:00:00.000001,1826,,,,,1826,reachable,screen
USGS-04063000,1914-01-01 00:00:00.000001,2026-08-18 00:00:00.000001,1826,,,,,1826,reachable,screen
USGS-04063522,1914-01-02 00:00:00.000001,2026-08-11 00:00:00.000001,1826,,,,,1826,reachable,screen
USGS-04063700,1963-10-01 00:00:00.000001,2026-08-18 00:00:00.000001,1826,,,,,1826,reachable,screen
USGS-04064500,1923-10-01 00:00:00.000001,2026-08-17 00:00:00.000001,1826,,,,,1826,reachable,screen
USGS-04065106,1992-10-01 00:00:00.000001,2026-08-17 00:00:00.000001,1826,,,,,1826,reachable,screen
USGS-04065650,2011-04-01 00:00:00.000001,2026-08-18 00:00:00.000001,1826,,,,,1826,reachable,screen
USGS-04065722,1987-12-01 00:00:00.000001,2026-08-13 00:00:00.000001,1826,,,,,1826,reachable,screen
USGS-04066003,1982-09-30 00:00:00.000001,2026-08-17 00:00:00.000001,1826,,,,,1826,reachable,screen
USGS-04066030,1998-10-01 00:00:00.000001,2026-08-17 00:00:00.000001,1826,,,,,1826,reachable,screen
USGS-04066500,1914-02-26 00:00:00.000001,2026-08-17 00:00:00.000001,1826,,,,,1826,reachable,screen
USGS-04066800,1913-07-01 00:00:00.000001,2026-08-18 00:00:00.000001,1826,,,,,1826,reachable,screen
USGS-04067500,1945-03-28 00:00:00.000001,2026-08-17 00:00:00.000001,1826,,,,,1826,reachable,screen
USGS-04067958,1998-06-01 00:00:00.000001,2026-08-17 00:00:00.000001,1826,,,,,1826,reachable,screen
USGS-04069416,1998-06-01 00:00:00.000001,2026-08-16 00:00:00.000001,1826,,,,,1826,reachable,screen
USGS-04069500,1953-06-01 00:00:00.000001,2026-08-17 00:00:00.000001,1826,,,,,1826,reachable,screen
USGS-04071000,1906-06-01 00:00:00.000001,2026-08-18 00:00:00.000001,1826,,,,,1826,reachable,screen
USGS-04071765,1988-10-01 00:00:00.000001,2026-08-17 00:00:00.000001,1826,,,,,1826,reachable,screen
USGS-04072076,2013-11-09 00:00:00.000001,2026-08-18 00:00:00.000001,1826,,,,,1826,reachable,screen
USGS-04072150,1988-05-01 00:00:00.000001,2026-08-17 00:00:00.000001,579,,,,,579,reachable,screen
USGS-04073240,2017-09-01 00:00:00.000001,2026-08-18 00:00:00.000001,1826,,,,,1826,reachable,screen
USGS-04073365,2001-07-01 00:00:00.000001,2026-08-17 00:00:00.000001,1826,,,,,1826,reachable,screen
USGS-04073457,2023-08-20 00:00:00.000001,2026-08-18 00:00:00.000001,0,0.0,1095.0,2023-08-20,2026-08-18,0,unreachable,individual fetch
USGS-04073458,2012-10-01 00:00:00.000001,2026-08-17 00:00:00.000001,129,,,,,129,reachable,screen
USGS-040734605,2012-10-01 00:00:00.000001,2026-08-17 00:00:00.000001,1826,,,,,1826,reachable,screen
USGS-04073462,1981-12-01 00:00:00.000001,2026-08-18 00:00:00.000001,1826,,,,,1826,reachable,screen
USGS-04073466,2011-11-16 00:00:00.000001,2026-08-18 00:00:00.000001,1826,,,,,1826,reachable,screen
USGS-04073468,1987-02-01 00:00:00.000001,2026-08-17 00:00:00.000001,0,0.0,11392.0,1987-02-01,2026-08-18,0,unreachable,individual fetch
USGS-04073500,1898-01-01 00:00:00.000001,2026-08-17 00:00:00.000001,1826,,,,,1826,reachable,screen
USGS-04074950,1966-03-21 00:00:00.000001,2026-08-18 00:00:00.000001,1826,,,,,1826,reachable,screen
USGS-04077630,1992-10-01 00:00:00.000001,2026-08-17 00:00:00.000001,1826,,,,,1826,reachable,screen
USGS-04078500,1919-06-01 00:00:00.000001,2026-08-17 00:00:00.000001,1826,,,,,1826,reachable,screen
USGS-04079000,1913-10-01 00:00:00.000001,2026-08-17 00:00:00.000001,1826,,,,,1826,reachable,screen
USGS-0407991001,2023-11-15 00:00:00.000001,2026-08-18 00:00:00.000001,0,0.0,1008.0,2023-11-15,2026-08-18,0,unreachable,individual fetch
USGS-04080798,1993-04-09 00:00:00.000001,2026-08-17 00:00:00.000001,1826,,,,,1826,reachable,screen
USGS-04081500,2021-09-21 00:00:00.000001,2026-08-19 00:00:00.000001,467,,,,,467,reachable,screen
USGS-04082400,1991-10-01 00:00:00.000001,2026-08-17 00:00:00.000001,1826,,,,,1826,reachable,screen
USGS-04083545,,,0,0.0,0.0,,,0,unreachable,individual fetch
USGS-04084445,1986-07-01 00:00:00.000001,2026-08-17 00:00:00.000001,1826,,,,,1826,reachable,screen
USGS-04084911,2010-10-01 00:00:00.000001,2025-12-09 00:00:00.000001,1826,,,,,1826,reachable,screen
USGS-04085059,1988-10-01 00:00:00.000001,1990-09-30 00:00:00.000001,0,0.0,730.0,1988-10-01,1990-09-30,0,unreachable,individual fetch
USGS-04085068,2003-09-27 00:00:00.000001,2026-08-17 00:00:00.000001,1570,,,,,1570,reachable,screen
USGS-040850684,2018-10-19 00:00:00.000001,2026-08-19 00:00:00.000001,1535,,,,,1535,reachable,screen
USGS-04085074,2018-09-18 00:00:00.000001,2026-08-18 00:00:00.000001,1566,,,,,1566,reachable,screen
USGS-04085078,2018-10-19 00:00:00.000001,2026-08-19 00:00:00.000001,1535,,,,,1535,reachable,screen
USGS-04085108,2011-12-21 00:00:00.000001,2026-08-17 00:00:00.000001,1826,,,,,1826,reachable,screen
USGS-04085138,,,0,0.0,0.0,,,0,unreachable,individual fetch
USGS-040851385,1988-09-30 00:00:00.000001,2026-08-18 00:00:00.000001,1826,,,,,1826,reachable,screen
USGS-04085200,1964-09-01 00:00:00.000001,2026-08-18 00:00:00.000001,1826,,,,,1826,reachable,screen
USGS-04085427,1972-07-26 00:00:00.000001,2026-08-18 00:00:00.000001,1826,,,,,1826,reachable,screen
USGS-04086000,1916-06-30 00:00:00.000001,2026-08-17 00:00:00.000001,1826,,,,,1826,reachable,screen
USGS-04086500,1930-08-14 00:00:00.000001,2026-08-17 00:00:00.000001,1826,,,,,1826,reachable,screen
USGS-04086600,1981-11-01 00:00:00.000001,2026-08-18 00:00:00.000001,1826,,,,,1826,reachable,screen
USGS-040869416,2003-06-01 00:00:00.000001,2026-08-17 00:00:00.000001,1826,,,,,1826,reachable,screen
USGS-04087000,1914-04-30 00:00:00.000001,2026-08-17 00:00:00.000001,1826,,,,,1826,reachable,screen
USGS-04087030,1974-11-01 00:00:00.000001,2026-08-17 00:00:00.000001,1826,,,,,1826,reachable,screen
USGS-04087050,1974-11-20 00:00:00.000001,2026-08-18 00:00:00.000001,1826,,,,,1826,reachable,screen
USGS-04087070,1974-11-01 00:00:00.000001,2026-08-17 00:00:00.000001,1826,,,,,1826,reachable,screen
USGS-04087088,1974-11-01 00:00:00.000001,2026-08-18 00:00:00.000001,1826,,,,,1826,reachable,screen
USGS-04087119,1974-12-01 00:00:00.000001,2026-08-17 00:00:00.000001,1826,,,,,1826,reachable,screen
USGS-04087120,1961-10-01 00:00:00.000001,2026-08-17 00:00:00.000001,1826,,,,,1826,reachable,screen
USGS-04087142,2008-10-01 00:00:00.000001,2026-08-17 00:00:00.000001,1826,,,,,1826,reachable,screen
USGS-040871473,1996-11-12 00:00:00.000001,2026-08-18 00:00:00.000001,1826,,,,,1826,reachable,screen
USGS-040871475,1996-11-13 00:00:00.000001,2026-08-17 00:00:00.000001,1826,,,,,1826,reachable,screen
USGS-040871476,1996-11-12 00:00:00.000001,2026-08-17 00:00:00.000001,1826,,,,,1826,reachable,screen
USGS-040871488,1996-11-18 00:00:00.000001,2026-08-17 00:00:00.000001,654,,,,,654,reachable,screen
USGS-04087159,1982-10-01 00:00:00.000001,2026-08-18 00:00:00.000001,1826,,,,,1826,reachable,screen
USGS-04087170,1994-04-01 00:00:00.000001,2025-04-16 00:00:00.000001,1824,,,,,1824,reachable,screen
USGS-04087204,1963-10-01 00:00:00.000001,2026-08-18 00:00:00.000001,1826,,,,,1826,reachable,screen
USGS-04087214,2004-04-01 00:00:00.000001,2026-08-18 00:00:00.000001,1826,,,,,1826,reachable,screen
USGS-04087220,1963-10-01 00:00:00.000001,2026-08-17 00:00:00.000001,1826,,,,,1826,reachable,screen
USGS-04087233,1963-10-01 00:00:00.000001,2026-08-17 00:00:00.000001,1826,,,,,1826,reachable,screen
USGS-04087234,2016-10-01 00:00:00.000001,2025-09-23 00:00:00.000001,1826,,,,,1826,reachable,screen
USGS-04087240,1963-08-22 00:00:00.000001,2026-08-18 00:00:00.000001,1826,,,,,1826,reachable,screen
USGS-04087257,1971-10-01 00:00:00.000001,2026-08-17 00:00:00.000001,1826,,,,,1826,reachable,screen
USGS-04092677,1994-10-01 00:00:00.000001,2026-08-18 00:00:00.000001,1788,,,,,1788,reachable,screen
USGS-04092750,1991-10-05 00:00:00.000001,2026-08-17 00:00:00.000001,1826,,,,,1826,reachable,screen
USGS-04093000,1947-04-01 00:00:00.000001,2026-08-17 00:00:00.000001,1826,,,,,1826,reachable,screen
USGS-04094000,1945-10-01 00:00:00.000001,2026-08-17 00:00:00.000001,1826,,,,,1826,reachable,screen
USGS-04094400,2009-03-14 00:00:00.000001,2026-08-17 00:00:00.000001,1825,,,,,1825,reachable,screen
USGS-04095090,1994-10-01 00:00:00.000001,2026-08-18 00:00:00.000001,1817,,,,,1817,reachable,screen
USGS-04095300,1969-06-01 00:00:00.000001,2026-08-17 00:00:00.000001,1826,,,,,1826,reachable,screen
USGS-04095380,1994-10-01 00:00:00.000001,2026-08-17 00:00:00.000001,1798,,,,,1798,reachable,screen
USGS-04096015,1995-07-01 00:00:00.000001,2026-08-18 00:00:00.000001,1826,,,,,1826,reachable,screen
USGS-04096405,1962-10-01 00:00:00.000001,2026-08-18 00:00:00.000001,1826,,,,,1826,reachable,screen
USGS-04096515,1969-10-01 00:00:00.000001,2026-08-18 00:00:00.000001,1826,,,,,1826,reachable,screen
USGS-04097500,1953-05-09 00:00:00.000001,2026-08-18 00:00:00.000001,1826,,,,,1826,reachable,screen
USGS-040975299,2014-05-01 00:00:00.000001,2026-08-18 00:00:00.000001,1826,,,,,1826,reachable,screen
USGS-04097540,1962-10-01 00:00:00.000001,2026-08-18 00:00:00.000001,1826,,,,,1826,reachable,screen
USGS-0409754132,2019-11-01 00:00:00.000001,2026-08-17 00:00:00.000001,1157,,,,,1157,reachable,screen
USGS-04098980,2012-08-01 00:00:00.000001,2026-08-18 00:00:00.000001,1826,,,,,1826,reachable,screen
USGS-04099000,1923-12-01 00:00:00.000001,2026-08-18 00:00:00.000001,1826,,,,,1826,reachable,screen
USGS-04099510,1945-10-01 00:00:00.000001,2026-08-17 00:00:00.000001,1826,,,,,1826,reachable,screen
USGS-04099750,1968-06-01 00:00:00.000001,2026-08-17 00:00:00.000001,1826,,,,,1826,reachable,screen
USGS-04100222,1971-10-01 00:00:00.000001,2026-08-17 00:00:00.000001,1812,,,,,1812,reachable,screen
USGS-04100500,1931-10-01 00:00:00.000001,2026-08-17 00:00:00.000001,1826,,,,,1826,reachable,screen
USGS-04101000,1947-10-01 00:00:00.000001,2026-08-18 00:00:00.000001,1826,,,,,1826,reachable,screen
USGS-04101225,2019-03-02 00:00:00.000001,2026-08-17 00:00:00.000001,1401,,,,,1401,reachable,screen
USGS-04101370,1992-10-01 00:00:00.000001,2026-08-18 00:00:00.000001,1826,,,,,1826,reachable,screen
USGS-04101500,1930-10-01 00:00:00.000001,2026-08-18 00:00:00.000001,1826,,,,,1826,reachable,screen
USGS-041015313,2020-03-01 00:00:00.000001,2026-08-18 00:00:00.000001,1036,,,,,1036,reachable,screen
USGS-04101535,2012-08-01 00:00:00.000001,2026-08-18 00:00:00.000001,1826,,,,,1826,reachable,screen
USGS-04101590,2020-04-01 00:00:00.000001,2026-08-18 00:00:00.000001,1005,,,,,1005,reachable,screen
USGS-04101800,1960-10-01 00:00:00.000001,2026-08-18 00:00:00.000001,1826,,,,,1826,reachable,screen
USGS-04102148,2020-05-01 00:00:00.000001,2026-08-18 00:00:00.000001,975,,,,,975,reachable,screen
USGS-04102500,1951-10-01 00:00:00.000001,2026-08-18 00:00:00.000001,1826,,,,,1826,reachable,screen
USGS-04102700,1966-06-01 00:00:00.000001,2026-08-18 00:00:00.000001,1826,,,,,1826,reachable,screen
USGS-04102776,1994-10-01 00:00:00.000001,2011-09-30 00:00:00.000001,0,0.0,6209.0,1994-10-01,2011-09-30,0,unreachable,individual fetch
USGS-04103490,2019-12-01 00:00:00.000001,2026-08-18 00:00:00.000001,1127,,,,,1127,reachable,screen
USGS-04103500,1948-10-01 00:00:00.000001,2026-08-18 00:00:00.000001,1826,,,,,1826,reachable,screen
USGS-041035285,2020-06-01 00:00:00.000001,2026-08-17 00:00:00.000001,944,,,,,944,reachable,screen
USGS-04104945,1994-10-01 00:00:00.000001,2026-08-18 00:00:00.000001,1826,,,,,1826,reachable,screen
USGS-04105000,1930-10-30 00:00:00.000001,2026-08-18 00:00:00.000001,1826,,,,,1826,reachable,screen
USGS-04105500,1937-07-27 00:00:00.000001,2026-08-18 00:00:00.000001,1826,,,,,1826,reachable,screen
USGS-04105700,1964-10-01 00:00:00.000001,2026-08-18 00:00:00.000001,1826,,,,,1826,reachable,screen
USGS-04106000,1931-04-24 00:00:00.000001,2026-08-18 00:00:00.000001,1826,,,,,1826,reachable,screen
USGS-04106320,1972-05-01 00:00:00.000001,2026-08-18 00:00:00.000001,1341,,,,,1341,reachable,screen
USGS-04106400,1959-09-10 00:00:00.000001,2026-08-18 00:00:00.000001,1826,,,,,1826,reachable,screen
USGS-04106500,1947-10-01 00:00:00.000001,2026-08-18 00:00:00.000001,1736,,,,,1736,reachable,screen
USGS-04107850,2000-10-01 00:00:00.000001,2026-08-18 00:00:00.000001,184,,,,,184,reachable,screen
USGS-04108600,1965-10-01 00:00:00.000001,2026-08-18 00:00:00.000001,1826,,,,,1826,reachable,screen
USGS-04108660,1994-04-01 00:00:00.000001,2026-08-18 00:00:00.000001,1826,,,,,1826,reachable,screen
USGS-04108800,1960-10-01 00:00:00.000001,2026-08-18 00:00:00.000001,1826,,,,,1826,reachable,screen
USGS-04108862,2017-06-01 00:00:00.000001,2026-08-18 00:00:00.000001,1826,,,,,1826,reachable,screen
USGS-04109000,1935-04-01 00:00:00.000001,2026-08-18 00:00:00.000001,1826,,,,,1826,reachable,screen
USGS-04111000,1950-10-01 00:00:00.000001,2026-01-12 00:00:00.000001,1734,,,,,1734,reachable,screen
USGS-04111379,1975-07-10 00:00:00.000001,2026-08-18 00:00:00.000001,1826,,,,,1826,reachable,screen
USGS-04112000,1954-06-01 00:00:00.000001,2026-08-18 00:00:00.000001,1826,,,,,1826,reachable,screen
USGS-04112500,1902-08-31 00:00:00.000001,2026-08-18 00:00:00.000001,1826,,,,,1826,reachable,screen
USGS-04112850,1975-04-01 00:00:00.000001,2026-08-18 00:00:00.000001,1336,,,,,1336,reachable,screen
USGS-04113000,1901-03-01 00:00:00.000001,2026-08-18 00:00:00.000001,1826,,,,,1826,reachable,screen
USGS-04114000,1952-08-20 00:00:00.000001,2026-08-18 00:00:00.000001,1826,,,,,1826,reachable,screen
USGS-04114498,1944-08-01 00:00:00.000001,2026-08-18 00:00:00.000001,1826,,,,,1826,reachable,screen
USGS-04115000,1944-08-01 00:00:00.000001,2026-08-18 00:00:00.000001,1826,,,,,1826,reachable,screen
USGS-04115265,1987-10-01 00:00:00.000001,2026-08-18 00:00:00.000001,1826,,,,,1826,reachable,screen
USGS-04116000,1931-03-19 00:00:00.000001,2026-08-18 00:00:00.000001,1826,,,,,1826,reachable,screen
USGS-04117004,2015-08-01 00:00:00.000001,2026-08-18 00:00:00.000001,1826,,,,,1826,reachable,screen
USGS-04117500,1944-10-01 00:00:00.000001,2026-08-18 00:00:00.000001,1826,,,,,1826,reachable,screen
USGS-04118000,1951-10-01 00:00:00.000001,1994-09-30 00:00:00.000001,0,0.0,15162.0,1951-10-01,1994-09-30,0,unreachable,individual fetch
USGS-04118500,1952-02-01 00:00:00.000001,2026-08-18 00:00:00.000001,1826,,,,,1826,reachable,screen
USGS-04119000,1901-03-01 00:00:00.000001,2026-08-18 00:00:00.000001,1826,,,,,1826,reachable,screen
USGS-04119055,2014-06-01 00:00:00.000001,2026-08-18 00:00:00.000001,1826,,,,,1826,reachable,screen
USGS-04119070,2019-06-01 00:00:00.000001,2026-08-18 00:00:00.000001,1310,,,,,1310,reachable,screen
USGS-04119160,2018-09-01 00:00:00.000001,2026-08-18 00:00:00.000001,1583,,,,,1583,reachable,screen
USGS-04119400,2010-11-21 00:00:00.000001,2026-08-18 00:00:00.000001,1826,,,,,1826,reachable,screen
USGS-04121300,1966-06-01 00:00:00.000001,2026-08-18 00:00:00.000001,1826,,,,,1826,reachable,screen
USGS-04121494,2018-12-14 00:00:00.000001,2026-08-18 00:00:00.000001,1479,,,,,1479,reachable,screen
USGS-04121500,1930-11-17 00:00:00.000001,2026-08-18 00:00:00.000001,1826,,,,,1826,reachable,screen
USGS-04121507,2018-11-21 00:00:00.000001,2026-08-18 00:00:00.000001,1502,,,,,1502,reachable,screen
USGS-04121650,1999-10-01 00:00:00.000001,2002-09-29 00:00:00.000001,0,0.0,1095.0,1999-10-01,2002-09-29,0,unreachable,individual fetch
USGS-04121944,1995-10-01 00:00:00.000001,2026-08-18 00:00:00.000001,1826,,,,,1826,reachable,screen
USGS-04121970,1995-10-01 00:00:00.000001,2026-08-18 00:00:00.000001,1826,,,,,1826,reachable,screen
USGS-04122001,1908-07-01 00:00:00.000001,2026-04-26 00:00:00.000001,1054,,,,,1054,reachable,screen
USGS-04122025,2017-03-01 00:00:00.000001,2026-04-26 00:00:00.000001,1051,,,,,1051,reachable,screen
USGS-04122100,1965-10-01 00:00:00.000001,2026-08-18 00:00:00.000001,1826,,,,,1826,reachable,screen
USGS-04122200,1957-08-01 00:00:00.000001,2026-08-18 00:00:00.000001,1826,,,,,1826,reachable,screen
USGS-04122500,1939-08-01 00:00:00.000001,2026-08-18 00:00:00.000001,1826,,,,,1826,reachable,screen
USGS-04124000,1903-07-01 00:00:00.000001,2026-08-18 00:00:00.000001,1496,,,,,1496,reachable,screen
USGS-04124200,1996-12-01 00:00:00.000001,2026-08-18 00:00:00.000001,1826,,,,,1826,reachable,screen
USGS-04124500,1952-07-01 00:00:00.000001,2026-08-18 00:00:00.000001,1826,,,,,1826,reachable,screen
USGS-04125460,1952-07-01 00:00:00.000001,2026-08-18 00:00:00.000001,1826,,,,,1826,reachable,screen
USGS-04125550,1996-10-01 00:00:00.000001,2026-08-18 00:00:00.000001,1826,,,,,1826,reachable,screen
USGS-04126740,1990-03-27 00:00:00.000001,2026-08-18 00:00:00.000001,1826,,,,,1826,reachable,screen
USGS-04126970,1997-09-10 00:00:00.000001,2026-08-18 00:00:00.000001,1826,,,,,1826,reachable,screen
USGS-04127200,2016-10-01 00:00:00.000001,2026-04-13 00:00:00.000001,1825,,,,,1825,reachable,screen
USGS-041275685,2023-03-28 00:00:00.000001,2026-01-15 00:00:00.000001,0,0.0,1009.0,2023-03-28,2025-12-30,0,unreachable,individual fetch
USGS-04127570,2023-04-11 00:00:00.000001,2026-01-15 00:00:00.000001,0,0.0,995.0,2023-04-11,2025-12-30,0,unreachable,individual fetch
USGS-04127800,1966-10-01 00:00:00.000001,2026-08-18 00:00:00.000001,1826,,,,,1826,reachable,screen
USGS-04127885,2008-11-07 00:00:00.000001,2026-08-18 00:00:00.000001,1826,,,,,1826,reachable,screen
USGS-04127917,1972-04-01 00:00:00.000001,2026-08-18 00:00:00.000001,1826,,,,,1826,reachable,screen
USGS-04127997,1942-04-01 00:00:00.000001,2026-08-18 00:00:00.000001,1826,,,,,1826,reachable,screen
USGS-04128990,1950-10-01 00:00:00.000001,2026-08-18 00:00:00.000001,1826,,,,,1826,reachable,screen
USGS-04133501,1945-04-01 00:00:00.000001,2026-08-18 00:00:00.000001,1826,,,,,1826,reachable,screen
USGS-04135700,1966-10-01 00:00:00.000001,2026-08-18 00:00:00.000001,1826,,,,,1826,reachable,screen
USGS-04136000,1908-10-01 00:00:00.000001,2026-08-18 00:00:00.000001,1826,,,,,1826,reachable,screen
USGS-04136500,1952-07-09 00:00:00.000001,2026-08-18 00:00:00.000001,1826,,,,,1826,reachable,screen
USGS-04136900,1996-10-01 00:00:00.000001,2026-08-18 00:00:00.000001,1826,,,,,1826,reachable,screen
USGS-04137005,1996-10-01 00:00:00.000001,2026-08-18 00:00:00.000001,1826,,,,,1826,reachable,screen
USGS-04137500,1987-08-01 00:00:00.000001,2026-08-18 00:00:00.000001,1826,,,,,1826,reachable,screen
USGS-04137680,2023-10-13 00:00:00.000001,2026-08-18 00:00:00.000001,0,0.0,989.0,2023-10-13,2026-08-18,0,unreachable,individual fetch
USGS-04137716,2023-10-17 00:00:00.000001,2026-08-18 00:00:00.000001,0,0.0,1037.0,2023-10-17,2026-08-18,0,unreachable,individual fetch
USGS-041377255,,,0,0.0,0.0,,,0,unreachable,individual fetch
USGS-04138030,2022-10-01 00:00:00.000001,2026-08-18 00:00:00.000001,92,,,,,92,reachable,screen
USGS-04138536,2022-09-17 00:00:00.000001,2026-08-18 00:00:00.000001,106,,,,,106,reachable,screen
USGS-04142000,1937-01-13 00:00:00.000001,2026-08-18 00:00:00.000001,1826,,,,,1826,reachable,screen
USGS-04143220,2023-08-19 00:00:00.000001,2026-08-18 00:00:00.000001,0,0.0,934.0,2023-08-19,2026-08-18,0,unreachable,individual fetch
USGS-04144032,2015-04-01 00:00:00.000001,2024-11-19 00:00:00.000001,1826,,,,,1826,reachable,screen
USGS-04144500,1931-03-01 00:00:00.000001,2026-08-18 00:00:00.000001,1826,,,,,1826,reachable,screen
USGS-04145000,1940-01-01 00:00:00.000001,2026-08-18 00:00:00.000001,92,,,,,92,reachable,screen
USGS-04145785,2019-11-08 00:00:00.000001,2026-08-18 00:00:00.000001,1150,,,,,1150,reachable,screen
USGS-04146000,1933-04-01 00:00:00.000001,2026-08-18 00:00:00.000001,1826,,,,,1826,reachable,screen
USGS-04146063,1980-03-01 00:00:00.000001,2026-08-18 00:00:00.000001,1826,,,,,1826,reachable,screen
USGS-04147500,1952-10-01 00:00:00.000001,2026-08-18 00:00:00.000001,1826,,,,,1826,reachable,screen
USGS-04148140,1965-10-01 00:00:00.000001,2026-08-18 00:00:00.000001,1826,,,,,1826,reachable,screen
USGS-041482663,2012-04-13 00:00:00.000001,2024-11-19 00:00:00.000001,1826,,,,,1826,reachable,screen
USGS-04148295,1970-01-01 00:00:00.000001,2026-08-18 00:00:00.000001,1826,,,,,1826,reachable,screen
USGS-04148500,1932-08-18 00:00:00.000001,2026-08-18 00:00:00.000001,1826,,,,,1826,reachable,screen
USGS-04149000,1939-10-01 00:00:00.000001,2026-08-18 00:00:00.000001,0,0.0,22935.0,1939-10-01,2026-08-18,0,unreachable,individual fetch
USGS-04150500,1948-01-15 00:00:00.000001,2026-08-18 00:00:00.000001,61,,,,,61,reachable,screen
USGS-04150800,1968-10-01 00:00:00.000001,1994-09-29 00:00:00.000001,0,0.0,9495.0,1968-10-01,1994-09-29,0,unreachable,individual fetch
USGS-04151500,1908-03-01 00:00:00.000001,2026-08-18 00:00:00.000001,1826,,,,,1826,reachable,screen
USGS-04152049,2021-03-31 00:00:00.000001,2026-08-18 00:00:00.000001,641,,,,,641,reachable,screen
USGS-04152238,1987-01-01 00:00:00.000001,2026-08-18 00:00:00.000001,1826,,,,,1826,reachable,screen
USGS-04152500,1948-07-01 00:00:00.000001,2026-08-18 00:00:00.000001,1826,,,,,1826,reachable,screen
USGS-04153300,2021-04-16 00:00:00.000001,2026-08-18 00:00:00.000001,625,,,,,625,reachable,screen
USGS-04153500,2021-06-09 00:00:00.000001,2026-08-18 00:00:00.000001,571,,,,,571,reachable,screen
USGS-04153725,2020-09-30 00:00:00.000001,2026-08-18 00:00:00.000001,823,,,,,823,reachable,screen
USGS-04153905,2021-09-24 00:00:00.000001,2026-08-18 00:00:00.000001,464,,,,,464,reachable,screen
USGS-04154000,1930-10-01 00:00:00.000001,2026-08-18 00:00:00.000001,1826,,,,,1826,reachable,screen
USGS-04154512,2021-06-17 00:00:00.000001,2026-08-17 00:00:00.000001,561,,,,,561,reachable,screen
USGS-04154612,2019-10-01 00:00:00.000001,2026-08-18 00:00:00.000001,1188,,,,,1188,reachable,screen
USGS-04155500,1934-05-31 00:00:00.000001,2026-08-18 00:00:00.000001,1826,,,,,1826,reachable,screen
USGS-04156000,1936-04-01 00:00:00.000001,2026-08-18 00:00:00.000001,1826,,,,,1826,reachable,screen
USGS-04157005,1904-03-11 00:00:00.000001,2026-08-18 00:00:00.000001,1826,,,,,1826,reachable,screen
USGS-04157060,2014-10-01 00:00:00.000001,2026-08-18 00:00:00.000001,1517,,,,,1517,reachable,screen
USGS-04159005,2022-11-01 00:00:00.000001,2026-08-18 00:00:00.000001,61,,,,,61,reachable,screen
USGS-04159046,2022-12-01 00:00:00.000001,2026-08-18 00:00:00.000001,31,,,,,31,reachable,screen
USGS-041590774,2019-12-01 00:00:00.000001,2026-08-17 00:00:00.000001,1127,,,,,1127,reachable,screen
USGS-04159130,2008-10-01 00:00:00.000001,2026-08-19 00:00:00.000001,1826,,,,,1826,reachable,screen
USGS-04159492,1944-03-01 00:00:00.000001,2026-08-18 00:00:00.000001,1826,,,,,1826,reachable,screen
USGS-04159900,1963-04-01 00:00:00.000001,2026-08-18 00:00:00.000001,1826,,,,,1826,reachable,screen
USGS-04160600,1962-10-01 00:00:00.000001,2026-08-18 00:00:00.000001,1826,,,,,1826,reachable,screen
USGS-04161000,1935-05-01 00:00:00.000001,2026-08-18 00:00:00.000001,1826,,,,,1826,reachable,screen
USGS-04161540,1959-10-01 00:00:00.000001,2020-09-30 00:00:00.000001,1004,,,,,1004,reachable,screen
USGS-04161820,1978-10-01 00:00:00.000001,2026-08-18 00:00:00.000001,1826,,,,,1826,reachable,screen
USGS-04163400,1965-07-01 00:00:00.000001,2026-08-18 00:00:00.000001,1826,,,,,1826,reachable,screen
USGS-04164000,1947-06-01 00:00:00.000001,2026-08-18 00:00:00.000001,1826,,,,,1826,reachable,screen
USGS-04164100,1958-09-01 00:00:00.000001,2026-08-18 00:00:00.000001,1826,,,,,1826,reachable,screen
USGS-04164300,1958-10-01 00:00:00.000001,2026-08-18 00:00:00.000001,1826,,,,,1826,reachable,screen
USGS-04164500,1947-06-01 00:00:00.000001,2026-08-18 00:00:00.000001,1826,,,,,1826,reachable,screen
USGS-04164800,1962-10-01 00:00:00.000001,2026-08-18 00:00:00.000001,1826,,,,,1826,reachable,screen
USGS-04165500,1934-05-01 00:00:00.000001,2026-08-18 00:00:00.000001,1826,,,,,1826,reachable,screen
USGS-04165710,2008-10-01 00:00:00.000001,2026-08-19 00:00:00.000001,1826,,,,,1826,reachable,screen
USGS-04166000,1950-06-01 00:00:00.000001,2020-09-30 00:00:00.000001,1004,,,,,1004,reachable,screen
USGS-04166100,1958-04-01 00:00:00.000001,2026-08-18 00:00:00.000001,1004,,,,,1004,reachable,screen
USGS-04166300,1958-04-01 00:00:00.000001,2026-08-18 00:00:00.000001,1004,,,,,1004,reachable,screen
USGS-04166500,1930-10-01 00:00:00.000001,2026-08-18 00:00:00.000001,1826,,,,,1826,reachable,screen
USGS-04167000,1930-10-01 00:00:00.000001,2026-08-18 00:00:00.000001,1826,,,,,1826,reachable,screen
USGS-04168400,1997-10-01 00:00:00.000001,2026-08-18 00:00:00.000001,1826,,,,,1826,reachable,screen
USGS-04168580,2002-07-01 00:00:00.000001,2026-08-18 00:00:00.000001,1826,,,,,1826,reachable,screen
USGS-04168660,2019-12-01 00:00:00.000001,2026-08-18 00:00:00.000001,1127,,,,,1127,reachable,screen
USGS-04172000,1951-10-01 00:00:00.000001,2026-08-18 00:00:00.000001,1826,,,,,1826,reachable,screen
USGS-04173500,1952-03-01 00:00:00.000001,2026-08-18 00:00:00.000001,1826,,,,,1826,reachable,screen
USGS-04174040,2023-10-01 00:00:00.000001,2026-08-18 00:00:00.000001,0,0.0,1053.0,2023-10-01,2026-08-18,0,unreachable,individual fetch
USGS-04174490,2011-10-01 00:00:00.000001,2025-09-30 00:00:00.000001,1826,,,,,1826,reachable,screen
USGS-04174500,1914-01-01 00:00:00.000001,2026-08-18 00:00:00.000001,1826,,,,,1826,reachable,screen
USGS-04174518,1999-04-01 00:00:00.000001,2026-08-18 00:00:00.000001,1826,,,,,1826,reachable,screen
USGS-04175600,1970-01-01 00:00:00.000001,2025-09-30 00:00:00.000001,1826,,,,,1826,reachable,screen
USGS-04175748,2020-11-01 00:00:00.000001,2026-08-18 00:00:00.000001,791,,,,,791,reachable,screen
USGS-04176000,1953-10-01 00:00:00.000001,2026-08-18 00:00:00.000001,1826,,,,,1826,reachable,screen
USGS-04176063,2020-10-01 00:00:00.000001,2026-08-18 00:00:00.000001,822,,,,,822,reachable,screen
USGS-04176356,2024-05-01 00:00:00.000001,2026-08-18 00:00:00.000001,0,0.0,840.0,2024-05-01,2026-08-18,0,unreachable,individual fetch
USGS-04176400,1965-10-01 00:00:00.000001,2026-08-18 00:00:00.000001,1826,,,,,1826,reachable,screen
USGS-04176500,1937-09-01 00:00:00.000001,2026-08-18 00:00:00.000001,1826,,,,,1826,reachable,screen
USGS-04176617,2020-11-01 00:00:00.000001,2026-08-18 00:00:00.000001,791,,,,,791,reachable,screen
USGS-04177000,1945-03-16 00:00:00.000001,2026-08-18 00:00:00.000001,1826,,,,,1826,reachable,screen
USGS-04177080,2018-05-01 00:00:00.000001,2026-08-18 00:00:00.000001,1706,,,,,1706,reachable,screen
USGS-04177266,2018-05-01 00:00:00.000001,2026-08-18 00:00:00.000001,1706,,,,,1706,reachable,screen
USGS-04177720,1969-10-01 00:00:00.000001,2026-08-17 00:00:00.000001,1826,,,,,1826,reachable,screen
USGS-04178000,1946-11-21 00:00:00.000001,2026-08-17 00:00:00.000001,1826,,,,,1826,reachable,screen
USGS-04179520,2001-09-20 00:00:00.000001,2026-08-17 00:00:00.000001,1826,,,,,1826,reachable,screen
USGS-04180000,1946-10-30 00:00:00.000001,2026-08-17 00:00:00.000001,1826,,,,,1826,reachable,screen
USGS-04180500,1941-08-08 00:00:00.000001,2026-08-18 00:00:00.000001,1826,,,,,1826,reachable,screen
USGS-04180610,2022-08-02 00:00:00.000001,2026-08-18 00:00:00.000001,152,,,,,152,reachable,screen
USGS-04180988,2005-10-01 00:00:00.000001,2026-08-18 00:00:00.000001,1826,,,,,1826,reachable,screen
USGS-04181049,2017-03-01 00:00:00.000001,2026-08-18 00:00:00.000001,1826,,,,,1826,reachable,screen
USGS-04181100,2023-08-19 00:00:00.000001,2026-08-17 00:00:00.000001,0,0.0,1095.0,2023-08-19,2026-08-18,0,unreachable,individual fetch
USGS-04181120,2018-10-12 00:00:00.000001,2026-08-18 00:00:00.000001,1542,,,,,1542,reachable,screen
USGS-04181500,1947-04-01 00:00:00.000001,2026-08-17 00:00:00.000001,1826,,,,,1826,reachable,screen
USGS-04182000,1930-11-07 00:00:00.000001,2026-08-17 00:00:00.000001,1826,,,,,1826,reachable,screen
USGS-04182755,,,0,0.0,0.0,,,0,unreachable,individual fetch
USGS-04182769,2009-10-16 00:00:00.000001,2026-08-17 00:00:00.000001,1815,,,,,1815,reachable,screen
USGS-04182808,2008-05-01 00:00:00.000001,2026-08-17 00:00:00.000001,1826,,,,,1826,reachable,screen
USGS-04182900,2011-10-01 00:00:00.000001,2026-08-17 00:00:00.000001,1826,,,,,1826,reachable,screen
USGS-04182950,2003-12-04 00:00:00.000001,2026-08-17 00:00:00.000001,1826,,,,,1826,reachable,screen
USGS-04183000,1956-10-01 00:00:00.000001,2026-08-18 00:00:00.000001,1826,,,,,1826,reachable,screen
USGS-04183032,2024-04-03 00:00:00.000001,2026-08-18 00:00:00.000001,0,0.0,868.0,2024-04-03,2026-08-18,0,unreachable,individual fetch
USGS-04183038,2015-10-01 00:00:00.000001,2026-08-15 00:00:00.000001,1826,,,,,1826,reachable,screen
USGS-04183500,1921-10-01 00:00:00.000001,2026-08-18 00:00:00.000001,1826,,,,,1826,reachable,screen
USGS-04183979,2017-02-28 00:00:00.000001,2026-08-17 00:00:00.000001,1826,,,,,1826,reachable,screen
USGS-041843678,2020-11-01 00:00:00.000001,2026-08-18 00:00:00.000001,791,,,,,791,reachable,screen
USGS-04184500,1940-10-01 00:00:00.000001,2026-08-18 00:00:00.000001,1826,,,,,1826,reachable,screen
USGS-04185000,1921-10-01 00:00:00.000001,2026-08-18 00:00:00.000001,1826,,,,,1826,reachable,screen
USGS-04185318,2013-10-01 00:00:00.000001,2026-08-18 00:00:00.000001,1826,,,,,1826,reachable,screen
USGS-04185440,1985-10-01 00:00:00.000001,2026-08-18 00:00:00.000001,1826,,,,,1826,reachable,screen
USGS-04185935,2017-03-01 00:00:00.000001,2025-11-16 00:00:00.000001,1826,,,,,1826,reachable,screen
USGS-04186500,1921-09-01 00:00:00.000001,2026-08-18 00:00:00.000001,1826,,,,,1826,reachable,screen
USGS-04187100,1988-09-30 00:00:00.000001,2026-08-18 00:00:00.000001,1826,,,,,1826,reachable,screen
USGS-04188100,2014-03-05 00:00:00.000001,2026-08-18 00:00:00.000001,1826,,,,,1826,reachable,screen
USGS-04188252,2025-12-09 00:00:00.000001,2026-08-17 00:00:00.000001,0,0.0,250.0,2025-12-09,2026-08-18,0,unreachable,individual fetch
USGS-04188324,2018-09-04 00:00:00.000001,2026-08-17 00:00:00.000001,1580,,,,,1580,reachable,screen
USGS-04188337,2007-10-01 00:00:00.000001,2026-08-18 00:00:00.000001,1826,,,,,1826,reachable,screen
USGS-04188400,2007-10-01 00:00:00.000001,2026-08-18 00:00:00.000001,1826,,,,,1826,reachable,screen
USGS-04188433,2007-10-01 00:00:00.000001,2026-08-15 00:00:00.000001,1826,,,,,1826,reachable,screen
USGS-04188496,2007-10-01 00:00:00.000001,2026-08-18 00:00:00.000001,1826,,,,,1826,reachable,screen
USGS-04189000,1923-10-01 00:00:00.000001,2026-08-18 00:00:00.000001,1826,,,,,1826,reachable,screen
USGS-04189131,2009-10-01 00:00:00.000001,2026-08-18 00:00:00.000001,1826,,,,,1826,reachable,screen
USGS-04189174,2009-10-01 00:00:00.000001,2026-08-18 00:00:00.000001,1826,,,,,1826,reachable,screen
USGS-04189260,2009-10-01 00:00:00.000001,2026-08-18 00:00:00.000001,1826,,,,,1826,reachable,screen
USGS-04190000,1928-07-24 00:00:00.000001,2026-08-18 00:00:00.000001,1826,,,,,1826,reachable,screen
USGS-04191058,2015-04-15 00:00:00.000001,2026-08-19 00:00:00.000001,1826,,,,,1826,reachable,screen
USGS-04191378,2015-11-30 00:00:00.000001,2016-12-30 00:00:00.000001,0,0.0,397.0,2015-11-30,2016-12-30,0,unreachable,individual fetch
USGS-04191444,2014-12-18 00:00:00.000001,2026-08-18 00:00:00.000001,1826,,,,,1826,reachable,screen
USGS-04191500,1915-10-01 00:00:00.000001,2026-08-18 00:00:00.000001,3652,,,,,3652,reachable,screen
USGS-04192500,1924-10-01 00:00:00.000001,2026-08-18 00:00:00.000001,1826,,,,,1826,reachable,screen
USGS-04192574,2014-12-30 00:00:00.000001,2025-09-13 00:00:00.000001,1826,,,,,1826,reachable,screen
USGS-04192599,2014-12-18 00:00:00.000001,2026-08-18 00:00:00.000001,1826,,,,,1826,reachable,screen
USGS-04192695,,,0,0.0,0.0,,,0,unreachable,individual fetch
USGS-04193500,1898-11-20 00:00:00.000001,2026-08-18 00:00:00.000001,1826,,,,,1826,reachable,screen
USGS-04193994,2015-01-01 00:00:00.000001,2017-01-26 00:00:00.000001,0,0.0,753.0,2015-01-01,2017-01-26,0,unreachable,individual fetch
USGS-04193997,2014-12-31 00:00:00.000001,2017-01-24 00:00:00.000001,0,0.0,756.0,2014-12-31,2017-01-24,0,unreachable,individual fetch
USGS-04193999,2014-12-19 00:00:00.000001,2026-08-18 00:00:00.000001,1826,,,,,1826,reachable,screen
USGS-04195500,1928-08-01 00:00:00.000001,2026-08-18 00:00:00.000001,1826,,,,,1826,reachable,screen
USGS-04195820,1998-08-01 00:00:00.000001,2026-08-18 00:00:00.000001,1826,,,,,1826,reachable,screen
USGS-04196000,1925-09-01 00:00:00.000001,2026-08-18 00:00:00.000001,1826,,,,,1826,reachable,screen
USGS-04196500,1921-10-01 00:00:00.000001,2026-08-18 00:00:00.000001,1826,,,,,1826,reachable,screen
USGS-04196800,1964-06-01 00:00:00.000001,2026-08-18 00:00:00.000001,1826,,,,,1826,reachable,screen
USGS-04197100,1976-02-01 00:00:00.000001,2026-08-18 00:00:00.000001,1826,,,,,1826,reachable,screen
USGS-04197137,2009-10-01 00:00:00.000001,2026-08-18 00:00:00.000001,1826,,,,,1826,reachable,screen
USGS-04197152,2014-12-31 00:00:00.000001,2025-12-04 00:00:00.000001,1826,,,,,1826,reachable,screen
USGS-04197170,1983-06-01 00:00:00.000001,2026-08-18 00:00:00.000001,1826,,,,,1826,reachable,screen
USGS-04197277,2015-01-01 00:00:00.000001,2016-12-05 00:00:00.000001,0,0.0,705.0,2015-01-01,2016-12-05,0,unreachable,individual fetch
USGS-04198000,1923-10-01 00:00:00.000001,2026-08-17 00:00:00.000001,1826,,,,,1826,reachable,screen
USGS-04199000,1950-04-01 00:00:00.000001,2026-08-17 00:00:00.000001,1826,,,,,1826,reachable,screen
USGS-04199155,1987-10-01 00:00:00.000001,2026-08-18 00:00:00.000001,1826,,,,,1826,reachable,screen
USGS-04199500,1950-04-01 00:00:00.000001,2026-08-17 00:00:00.000001,1826,,,,,1826,reachable,screen
USGS-04200500,1944-10-01 00:00:00.000001,2026-08-17 00:00:00.000001,1826,,,,,1826,reachable,screen
USGS-04201400,2016-09-26 00:00:00.000001,2026-08-18 00:00:00.000001,1825,,,,,1825,reachable,screen
USGS-04201404,2001-08-01 00:00:00.000001,2022-09-29 00:00:00.000001,1733,,,,,1733,reachable,screen
USGS-04201409,2016-09-30 00:00:00.000001,2024-09-29 00:00:00.000001,1819,,,,,1819,reachable,screen
USGS-04201423,2016-09-30 00:00:00.000001,2026-08-18 00:00:00.000001,1826,,,,,1826,reachable,screen
USGS-04201429,2016-09-27 00:00:00.000001,2022-10-25 00:00:00.000001,1757,,,,,1757,reachable,screen
USGS-04201484,2016-09-27 00:00:00.000001,2026-08-18 00:00:00.000001,1826,,,,,1826,reachable,screen
USGS-04201495,2001-06-01 00:00:00.000001,2024-09-29 00:00:00.000001,1826,,,,,1826,reachable,screen
USGS-04201500,1923-10-01 00:00:00.000001,2026-08-17 00:00:00.000001,1826,,,,,1826,reachable,screen
USGS-04201526,2013-07-01 00:00:00.000001,2024-09-29 00:00:00.000001,1824,,,,,1824,reachable,screen
USGS-04202000,1927-08-05 00:00:00.000001,2026-08-17 00:00:00.000001,1826,,,,,1826,reachable,screen
USGS-04203900,1999-07-26 00:00:00.000001,2024-10-06 00:00:00.000001,0,0.0,856.0,1999-07-26,2024-10-06,0,unreachable,individual fetch
USGS-04203983,,,0,0.0,0.0,,,0,unreachable,individual fetch
USGS-04204066,,,0,0.0,0.0,,,0,unreachable,individual fetch
USGS-04206000,1921-10-01 00:00:00.000001,2026-08-18 00:00:00.000001,1826,,,,,1826,reachable,screen
USGS-04206413,2013-07-01 00:00:00.000001,2026-08-18 00:00:00.000001,1826,,,,,1826,reachable,screen
USGS-04206416,2012-10-01 00:00:00.000001,2026-08-18 00:00:00.000001,1826,,,,,1826,reachable,screen
USGS-04206425,2012-05-01 00:00:00.000001,2026-08-18 00:00:00.000001,1826,,,,,1826,reachable,screen
USGS-04206439,,,0,0.0,0.0,,,0,unreachable,individual fetch
USGS-04206448,2001-07-01 00:00:00.000001,2024-09-29 00:00:00.000001,1826,,,,,1826,reachable,screen
USGS-04207200,1962-12-01 00:00:00.000001,2026-08-18 00:00:00.000001,1826,,,,,1826,reachable,screen
USGS-04208000,1921-10-01 00:00:00.000001,2026-08-18 00:00:00.000001,1826,,,,,1826,reachable,screen
USGS-04208347,2014-10-01 00:00:00.000001,2026-08-18 00:00:00.000001,1826,,,,,1826,reachable,screen
USGS-04208460,2001-08-01 00:00:00.000001,2026-08-18 00:00:00.000001,1826,,,,,1826,reachable,screen
USGS-042085017,2023-04-05 00:00:00.000001,2026-08-18 00:00:00.000001,0,0.0,1215.0,2023-04-05,2026-08-18,0,unreachable,individual fetch
USGS-04208502,1972-10-01 00:00:00.000001,2026-08-18 00:00:00.000001,1826,,,,,1826,reachable,screen
USGS-04208504,1991-10-01 00:00:00.000001,2023-10-17 00:00:00.000001,1826,,,,,1826,reachable,screen
USGS-04208598,,,0,0.0,0.0,,,0,unreachable,individual fetch
USGS-04208677,,,0,0.0,0.0,,,0,unreachable,individual fetch
USGS-04208684,2018-02-20 00:00:00.000001,2024-09-29 00:00:00.000001,1776,,,,,1776,reachable,screen
USGS-04208700,2011-07-01 00:00:00.000001,2026-08-18 00:00:00.000001,1826,,,,,1826,reachable,screen
USGS-04208923,2017-10-04 00:00:00.000001,2024-09-29 00:00:00.000001,1826,,,,,1826,reachable,screen
USGS-04208943,2017-10-03 00:00:00.000001,2022-10-17 00:00:00.000001,1751,,,,,1751,reachable,screen
USGS-04209000,1925-08-01 00:00:00.000001,2026-08-18 00:00:00.000001,1826,,,,,1826,reachable,screen
USGS-04212100,1974-10-01 00:00:00.000001,2026-08-18 00:00:00.000001,1826,,,,,1826,reachable,screen
USGS-04213000,1922-07-01 00:00:00.000001,2026-08-18 00:00:00.000001,1826,,,,,1826,reachable,screen
USGS-04213075,1986-05-14 00:00:00.000001,2026-08-17 00:00:00.000001,1826,,,,,1826,reachable,screen
USGS-04213152,2008-04-01 00:00:00.000001,2026-08-17 00:00:00.000001,1826,,,,,1826,reachable,screen
USGS-04213319,2017-08-09 00:00:00.000001,2026-08-18 00:00:00.000001,1826,,,,,1826,reachable,screen
USGS-04213376,2017-08-10 00:00:00.000001,2026-08-17 00:00:00.000001,1826,,,,,1826,reachable,screen
USGS-04213394,2017-09-21 00:00:00.000001,2026-08-17 00:00:00.000001,1826,,,,,1826,reachable,screen
USGS-04213401,2017-09-20 00:00:00.000001,2026-08-17 00:00:00.000001,1826,,,,,1826,reachable,screen
USGS-04213500,1939-11-09 00:00:00.000001,2026-08-18 00:00:00.000001,1826,,,,,1826,reachable,screen
USGS-04213508,2021-06-15 00:00:00.000001,2026-08-18 00:00:00.000001,565,,,,,565,reachable,screen
USGS-04214060,2017-09-23 00:00:00.000001,2026-08-17 00:00:00.000001,1826,,,,,1826,reachable,screen
USGS-0421422210,2017-09-22 00:00:00.000001,2026-08-17 00:00:00.000001,1826,,,,,1826,reachable,screen
USGS-04214231,2017-09-20 00:00:00.000001,2026-08-17 00:00:00.000001,1826,,,,,1826,reachable,screen
USGS-04214500,1938-10-01 00:00:00.000001,2026-08-17 00:00:00.000001,1826,,,,,1826,reachable,screen
USGS-04215000,1938-09-15 00:00:00.000001,2026-08-18 00:00:00.000001,1826,,,,,1826,reachable,screen
USGS-04215500,1940-06-24 00:00:00.000001,2026-08-17 00:00:00.000001,1826,,,,,1826,reachable,screen
USGS-04216418,1977-10-01 00:00:00.000001,2026-08-17 00:00:00.000001,1826,,,,,1826,reachable,screen
USGS-04217000,1944-07-30 00:00:00.000001,2026-08-18 00:00:00.000001,1826,,,,,1826,reachable,screen
USGS-04218000,1955-08-01 00:00:00.000001,2026-08-18 00:00:00.000001,1826,,,,,1826,reachable,screen
USGS-04218518,1972-10-01 00:00:00.000001,2026-08-18 00:00:00.000001,1826,,,,,1826,reachable,screen
USGS-04218601,2021-05-07 00:00:00.000001,2026-08-18 00:00:00.000001,440,,,,,440,reachable,screen
USGS-04218700,2021-05-04 00:00:00.000001,2026-08-18 00:00:00.000001,439,,,,,439,reachable,screen
USGS-04219000,1919-11-01 00:00:00.000001,2026-08-18 00:00:00.000001,1826,,,,,1826,reachable,screen
USGS-04219767,2022-10-07 00:00:00.000001,2026-08-18 00:00:00.000001,86,,,,,86,reachable,screen
USGS-04219768,2011-08-12 00:00:00.000001,2026-08-17 00:00:00.000001,1826,,,,,1826,reachable,screen
USGS-04219915,2020-09-25 00:00:00.000001,2026-08-18 00:00:00.000001,828,,,,,828,reachable,screen
USGS-04220045,2008-12-04 00:00:00.000001,2026-08-17 00:00:00.000001,1826,,,,,1826,reachable,screen
USGS-0422016550,2012-08-18 00:00:00.000001,2026-08-18 00:00:00.000001,1826,,,,,1826,reachable,screen
USGS-0422018610,2020-09-25 00:00:00.000001,2026-08-18 00:00:00.000001,828,,,,,828,reachable,screen
USGS-04220223,2017-10-05 00:00:00.000001,2026-08-18 00:00:00.000001,1826,,,,,1826,reachable,screen
USGS-0422026250,1989-10-01 00:00:00.000001,2026-08-17 00:00:00.000001,1826,,,,,1826,reachable,screen
USGS-0422027430,2021-05-21 00:00:00.000001,2026-08-17 00:00:00.000001,590,,,,,590,reachable,screen
USGS-04221000,1955-10-01 00:00:00.000001,2026-08-18 00:00:00.000001,1826,,,,,1826,reachable,screen
USGS-04223000,1908-08-14 00:00:00.000001,2026-08-18 00:00:00.000001,1826,,,,,1826,reachable,screen
USGS-04224775,1974-07-30 00:00:00.000001,2026-08-17 00:00:00.000001,1826,,,,,1826,reachable,screen
USGS-04226000,1917-10-01 00:00:00.000001,2025-09-30 00:00:00.000001,1826,,,,,1826,reachable,screen
USGS-04227000,1958-11-01 00:00:00.000001,2026-08-18 00:00:00.000001,1826,,,,,1826,reachable,screen
USGS-04227500,1903-05-22 00:00:00.000001,2026-08-17 00:00:00.000001,1826,,,,,1826,reachable,screen
USGS-04227995,1919-10-01 00:00:00.000001,2026-08-17 00:00:00.000001,1826,,,,,1826,reachable,screen
USGS-04228500,1955-08-01 00:00:00.000001,2026-08-17 00:00:00.000001,1826,,,,,1826,reachable,screen
USGS-04229500,1945-10-01 00:00:00.000001,2026-08-17 00:00:00.000001,1826,,,,,1826,reachable,screen
USGS-04230380,1964-01-01 00:00:00.000001,2026-08-17 00:00:00.000001,1826,,,,,1826,reachable,screen
USGS-04230500,1945-10-01 00:00:00.000001,2026-08-17 00:00:00.000001,1826,,,,,1826,reachable,screen
USGS-04230650,2021-03-18 00:00:00.000001,2026-08-18 00:00:00.000001,654,,,,,654,reachable,screen
USGS-04231000,1945-10-01 00:00:00.000001,2026-08-17 00:00:00.000001,1826,,,,,1826,reachable,screen
USGS-04231401,2021-04-28 00:00:00.000001,2026-08-18 00:00:00.000001,613,,,,,613,reachable,screen
USGS-04231600,1904-04-01 00:00:00.000001,2026-08-17 00:00:00.000001,1826,,,,,1826,reachable,screen
USGS-04232034,1991-06-26 00:00:00.000001,2026-08-17 00:00:00.000001,1826,,,,,1826,reachable,screen
USGS-04232050,1959-12-01 00:00:00.000001,2026-08-17 00:00:00.000001,1826,,,,,1826,reachable,screen
USGS-0423205010,1980-12-01 00:00:00.000001,2026-08-17 00:00:00.000001,1826,,,,,1826,reachable,screen
USGS-04232053,2021-05-05 00:00:00.000001,2026-08-17 00:00:00.000001,606,,,,,606,reachable,screen
USGS-04232200,1975-08-01 00:00:00.000001,2026-08-17 00:00:00.000001,1376,,,,,1376,reachable,screen
USGS-0423245850,2019-04-11 00:00:00.000001,2026-08-18 00:00:00.000001,1361,,,,,1361,reachable,screen
USGS-04232482,1965-04-01 00:00:00.000001,2026-08-17 00:00:00.000001,1826,,,,,1826,reachable,screen
USGS-04232730,2005-10-01 00:00:00.000001,2026-08-18 00:00:00.000001,1826,,,,,1826,reachable,screen
USGS-04233255,2012-06-01 00:00:00.000001,2026-08-17 00:00:00.000001,1826,,,,,1826,reachable,screen
USGS-04233300,1995-03-09 00:00:00.000001,2026-08-17 00:00:00.000001,1826,,,,,1826,reachable,screen
USGS-04234000,1925-02-15 00:00:00.000001,2026-08-17 00:00:00.000001,1826,,,,,1826,reachable,screen
USGS-0423401815,2006-07-22 00:00:00.000001,2026-08-17 00:00:00.000001,1826,,,,,1826,reachable,screen
USGS-0423406130,2014-12-09 00:00:00.000001,2026-08-17 00:00:00.000001,1826,,,,,1826,reachable,screen
USGS-04234254,2014-10-29 00:00:00.000001,2026-08-17 00:00:00.000001,1826,,,,,1826,reachable,screen
USGS-04234398,2019-04-04 00:00:00.000001,2026-08-18 00:00:00.000001,1368,,,,,1368,reachable,screen
USGS-04235000,1940-04-01 00:00:00.000001,2026-08-17 00:00:00.000001,1826,,,,,1826,reachable,screen
USGS-04235250,1959-10-01 00:00:00.000001,2026-08-18 00:00:00.000001,1826,,,,,1826,reachable,screen
USGS-0423527080,2021-11-24 00:00:00.000001,2026-08-18 00:00:00.000001,403,,,,,403,reachable,screen
USGS-04235299,1960-01-01 00:00:00.000001,2026-08-18 00:00:00.000001,1826,,,,,1826,reachable,screen
USGS-04235440,1998-09-30 00:00:00.000001,2026-08-17 00:00:00.000001,1826,,,,,1826,reachable,screen
USGS-04235600,1996-10-01 00:00:00.000001,2026-08-18 00:00:00.000001,1826,,,,,1826,reachable,screen
USGS-04235890,2019-05-16 00:00:00.000001,2026-08-18 00:00:00.000001,1326,,,,,1326,reachable,screen
USGS-04236800,2014-10-01 00:00:00.000001,2026-08-18 00:00:00.000001,1826,,,,,1826,reachable,screen
USGS-04237496,1949-11-11 00:00:00.000001,2026-08-17 00:00:00.000001,1826,,,,,1826,reachable,screen
USGS-04239000,1951-05-16 00:00:00.000001,2026-08-17 00:00:00.000001,1462,,,,,1462,reachable,screen
USGS-04240010,1970-09-01 00:00:00.000001,2026-08-18 00:00:00.000001,1826,,,,,1826,reachable,screen
USGS-04242500,1923-04-01 00:00:00.000001,2024-09-30 00:00:00.000001,1826,,,,,1826,reachable,screen
USGS-04242640,2014-09-30 00:00:00.000001,2026-08-17 00:00:00.000001,1826,,,,,1826,reachable,screen
USGS-04243500,1949-10-01 00:00:00.000001,2026-08-17 00:00:00.000001,1826,,,,,1826,reachable,screen
USGS-04243783,2014-09-30 00:00:00.000001,2026-08-17 00:00:00.000001,1826,,,,,1826,reachable,screen
USGS-04244000,1950-10-01 00:00:00.000001,2026-08-18 00:00:00.000001,1826,,,,,1826,reachable,screen
USGS-04245840,1966-04-01 00:00:00.000001,2026-08-18 00:00:00.000001,1826,,,,,1826,reachable,screen
USGS-04247000,1996-11-18 00:00:00.000001,2026-08-17 00:00:00.000001,1826,,,,,1826,reachable,screen
USGS-04247055,2007-09-30 00:00:00.000001,2026-08-17 00:00:00.000001,1826,,,,,1826,reachable,screen
USGS-04249000,1900-10-01 00:00:00.000001,2026-08-17 00:00:00.000001,1826,,,,,1826,reachable,screen
USGS-04249200,2013-10-30 00:00:00.000001,2026-08-17 00:00:00.000001,1826,,,,,1826,reachable,screen
USGS-04250200,1992-11-05 00:00:00.000001,2026-08-17 00:00:00.000001,1826,,,,,1826,reachable,screen
USGS-04250750,1957-08-22 00:00:00.000001,2026-08-18 00:00:00.000001,1826,,,,,1826,reachable,screen
USGS-04252500,1911-03-27 00:00:00.000001,2026-08-17 00:00:00.000001,1826,,,,,1826,reachable,screen
USGS-04253294,1998-09-30 00:00:00.000001,2026-08-17 00:00:00.000001,1826,,,,,1826,reachable,screen
USGS-04253295,1998-06-17 00:00:00.000001,2026-08-17 00:00:00.000001,1826,,,,,1826,reachable,screen
USGS-04253296,1988-11-09 00:00:00.000001,2026-08-17 00:00:00.000001,1826,,,,,1826,reachable,screen
USGS-04256000,1942-07-01 00:00:00.000001,2026-08-17 00:00:00.000001,1826,,,,,1826,reachable,screen
USGS-04258000,1930-09-19 00:00:00.000001,2026-08-17 00:00:00.000001,1826,,,,,1826,reachable,screen
USGS-04260500,1920-07-18 00:00:00.000001,2026-08-17 00:00:00.000001,1826,,,,,1826,reachable,screen
USGS-04262000,1924-10-01 00:00:00.000001,2026-08-17 00:00:00.000001,1826,,,,,1826,reachable,screen
USGS-04262500,1916-07-01 00:00:00.000001,2026-08-17 00:00:00.000001,1826,,,,,1826,reachable,screen
USGS-04263000,1916-06-23 00:00:00.000001,2026-08-18 00:00:00.000001,1826,,,,,1826,reachable,screen
USGS-04265432,2003-09-30 00:00:00.000001,2026-08-17 00:00:00.000001,1826,,,,,1826,reachable,screen
USGS-04266500,1908-08-20 00:00:00.000001,2026-08-17 00:00:00.000001,1826,,,,,1826,reachable,screen
USGS-04267500,1953-01-01 00:00:00.000001,2026-08-17 00:00:00.000001,1826,,,,,1826,reachable,screen
USGS-04268000,1943-11-29 00:00:00.000001,2026-08-17 00:00:00.000001,1826,,,,,1826,reachable,screen
USGS-04268800,1958-10-01 00:00:00.000001,2026-08-18 00:00:00.000001,1826,,,,,1826,reachable,screen
USGS-04269000,1910-08-22 00:00:00.000001,2026-08-17 00:00:00.000001,1826,,,,,1826,reachable,screen
USGS-04270200,1957-08-01 00:00:00.000001,2026-08-17 00:00:00.000001,1826,,,,,1826,reachable,screen
USGS-04271500,1928-09-15 00:00:00.000001,2026-08-17 00:00:00.000001,1826,,,,,1826,reachable,screen
USGS-04271815,1990-03-01 00:00:00.000001,2026-08-18 00:00:00.000001,1826,,,,,1826,reachable,screen
USGS-04273500,1903-03-27 00:00:00.000001,2026-08-17 00:00:00.000001,1826,,,,,1826,reachable,screen
USGS-04273700,1959-05-01 00:00:00.000001,2026-08-17 00:00:00.000001,1826,,,,,1826,reachable,screen
USGS-04273800,1991-10-01 00:00:00.000001,2026-08-17 00:00:00.000001,1826,,,,,1826,reachable,screen
USGS-04274000,1916-06-07 00:00:00.000001,2022-12-31 00:00:00.000001,1184,,,,,1184,reachable,screen
USGS-04274185,2022-10-07 00:00:00.000001,2026-08-18 00:00:00.000001,86,,,,,86,reachable,screen
USGS-04275000,1924-09-05 00:00:00.000001,2026-08-17 00:00:00.000001,1826,,,,,1826,reachable,screen
USGS-04275500,1910-08-17 00:00:00.000001,2026-08-17 00:00:00.000001,1826,,,,,1826,reachable,screen
USGS-04276500,1923-07-23 00:00:00.000001,2026-08-17 00:00:00.000001,1826,,,,,1826,reachable,screen
USGS-04280000,1928-10-01 00:00:00.000001,2026-08-17 00:00:00.000001,1826,,,,,1826,reachable,screen
USGS-04280450,1990-03-01 00:00:00.000001,2026-08-17 00:00:00.000001,1826,,,,,1826,reachable,screen
USGS-04282000,1928-05-31 00:00:00.000001,2026-08-17 00:00:00.000001,1826,,,,,1826,reachable,screen
USGS-04282500,1903-04-01 00:00:00.000001,2026-08-17 00:00:00.000001,1826,,,,,1826,reachable,screen
USGS-04282525,1990-03-01 00:00:00.000001,2026-08-17 00:00:00.000001,1826,,,,,1826,reachable,screen
USGS-04282538,2024-10-01 00:00:00.000001,2026-08-19 00:00:00.000001,0,0.0,688.0,2024-10-01,2026-08-19,0,unreachable,individual fetch
USGS-04282581,2019-09-19 00:00:00.000001,2026-08-18 00:00:00.000001,1200,,,,,1200,reachable,screen
USGS-04282586,2019-09-27 00:00:00.000001,2026-07-29 00:00:00.000001,1192,,,,,1192,reachable,screen
USGS-04282629,2019-09-18 00:00:00.000001,2026-08-17 00:00:00.000001,1201,,,,,1201,reachable,screen
USGS-04282650,1990-03-01 00:00:00.000001,2026-08-17 00:00:00.000001,1826,,,,,1826,reachable,screen
USGS-04282780,1990-03-01 00:00:00.000001,2026-08-17 00:00:00.000001,1826,,,,,1826,reachable,screen
USGS-04282795,1990-03-01 00:00:00.000001,2026-08-17 00:00:00.000001,1826,,,,,1826,reachable,screen
USGS-04285500,1933-10-01 00:00:00.000001,2026-08-17 00:00:00.000001,1826,,,,,1826,reachable,screen
USGS-04286000,1914-07-01 00:00:00.000001,2026-08-17 00:00:00.000001,1826,,,,,1826,reachable,screen
USGS-04287000,1934-11-27 00:00:00.000001,2026-08-17 00:00:00.000001,1826,,,,,1826,reachable,screen
USGS-04288000,1928-10-01 00:00:00.000001,2026-08-18 00:00:00.000001,1826,,,,,1826,reachable,screen
USGS-04288225,2000-10-01 00:00:00.000001,2026-08-17 00:00:00.000001,1826,,,,,1826,reachable,screen
USGS-04288230,2000-10-01 00:00:00.000001,2026-08-17 00:00:00.000001,1826,,,,,1826,reachable,screen
USGS-04288295,2016-08-27 00:00:00.000001,2026-08-17 00:00:00.000001,1826,,,,,1826,reachable,screen
USGS-04289000,1935-12-01 00:00:00.000001,2026-08-17 00:00:00.000001,1826,,,,,1826,reachable,screen
USGS-04290500,1928-10-01 00:00:00.000001,2026-08-17 00:00:00.000001,1826,,,,,1826,reachable,screen
USGS-04292000,1910-07-14 00:00:00.000001,2026-08-17 00:00:00.000001,1826,,,,,1826,reachable,screen
USGS-04292500,1929-08-26 00:00:00.000001,2026-08-17 00:00:00.000001,1826,,,,,1826,reachable,screen
USGS-04292750,2010-10-20 00:00:00.000001,2026-08-16 00:00:00.000001,1826,,,,,1826,reachable,screen
USGS-04292810,2008-10-01 00:00:00.000001,2026-08-17 00:00:00.000001,1826,,,,,1826,reachable,screen
USGS-04293000,1931-08-22 00:00:00.000001,2026-08-18 00:00:00.000001,1826,,,,,1826,reachable,screen
USGS-04293500,1915-08-01 00:00:00.000001,2026-08-18 00:00:00.000001,1826,,,,,1826,reachable,screen
USGS-04294000,1990-03-01 00:00:00.000001,2026-08-17 00:00:00.000001,1826,,,,,1826,reachable,screen
USGS-04294140,2010-11-04 00:00:00.000001,2026-08-17 00:00:00.000001,1826,,,,,1826,reachable,screen
USGS-04294300,2001-08-03 00:00:00.000001,2026-08-17 00:00:00.000001,1826,,,,,1826,reachable,screen
USGS-04296000,1951-10-01 00:00:00.000001,2026-08-17 00:00:00.000001,1826,,,,,1826,reachable,screen
USGS-04296280,2010-07-16 00:00:00.000001,2026-08-17 00:00:00.000001,1826,,,,,1826,reachable,screen
USGS-04296500,1909-05-25 00:00:00.000001,2026-08-17 00:00:00.000001,1826,,,,,1826,reachable,screen
USGS-05014500,1912-06-01 00:00:00.000001,2026-08-17 00:00:00.000001,1826,,,,,1826,reachable,screen
USGS-05017500,1901-07-14 00:00:00.000001,2026-08-17 00:00:00.000001,1826,,,,,1826,reachable,screen
USGS-05018500,1918-07-01 00:00:00.000001,2026-08-18 00:00:00.000001,995,,,,,995,reachable,screen
USGS-05030500,1904-05-01 00:00:00.000001,2026-08-17 00:00:00.000001,1826,,,,,1826,reachable,screen
USGS-05046000,1930-10-01 00:00:00.000001,2026-08-17 00:00:00.000001,1826,,,,,1826,reachable,screen
USGS-05046475,2005-06-01 00:00:00.000001,2026-06-16 00:00:00.000001,1826,,,,,1826,reachable,screen
USGS-05049000,1915-10-01 00:00:00.000001,2026-08-17 00:00:00.000001,437,,,,,437,reachable,screen
USGS-05050000,1941-10-01 00:00:00.000001,2026-08-17 00:00:00.000001,1826,,,,,1826,reachable,screen
USGS-05051300,1989-10-01 00:00:00.000001,2026-08-17 00:00:00.000001,1826,,,,,1826,reachable,screen
USGS-05051500,1942-05-01 00:00:00.000001,2026-08-17 00:00:00.000001,3651,,,,,3651,reachable,screen
USGS-0505152130,2009-10-01 00:00:00.000001,2026-08-17 00:00:00.000001,1375,,,,,1375,reachable,screen
USGS-05051522,1975-10-01 00:00:00.000001,2026-08-18 00:00:00.000001,1826,,,,,1826,reachable,screen
USGS-05051600,1959-10-01 00:00:00.000001,2026-08-17 00:00:00.000001,1070,,,,,1070,reachable,screen
USGS-05051650,1987-10-01 00:00:00.000001,1999-09-29 00:00:00.000001,0,0.0,4382.0,1987-10-01,1999-09-29,0,unreachable,individual fetch
USGS-05052000,1944-03-19 00:00:00.000001,2026-08-17 00:00:00.000001,1826,,,,,1826,reachable,screen
USGS-05052500,2003-03-01 00:00:00.000001,2026-08-17 00:00:00.000001,1070,,,,,1070,reachable,screen
USGS-05053000,1932-05-01 00:00:00.000001,2026-08-17 00:00:00.000001,1826,,,,,1826,reachable,screen
USGS-05053500,2019-10-01 00:00:00.000001,2026-08-17 00:00:00.000001,1188,,,,,1188,reachable,screen
USGS-05054000,1901-06-01 00:00:00.000001,2026-08-17 00:00:00.000001,1826,,,,,1826,reachable,screen
USGS-05054500,1955-10-01 00:00:00.000001,2026-08-18 00:00:00.000001,1826,,,,,1826,reachable,screen
USGS-05055300,2004-10-01 00:00:00.000001,2026-08-17 00:00:00.000001,1826,,,,,1826,reachable,screen
USGS-05055400,2005-04-01 00:00:00.000001,2026-08-18 00:00:00.000001,1344,,,,,1344,reachable,screen
USGS-05056000,1949-10-01 00:00:00.000001,2026-08-17 00:00:00.000001,1826,,,,,1826,reachable,screen
USGS-05056060,1986-03-01 00:00:00.000001,2026-08-17 00:00:00.000001,1070,,,,,1070,reachable,screen
USGS-05056100,1956-06-01 00:00:00.000001,2026-08-18 00:00:00.000001,1070,,,,,1070,reachable,screen
USGS-05056200,1956-04-01 00:00:00.000001,2026-08-17 00:00:00.000001,1077,,,,,1077,reachable,screen
USGS-05056215,1986-03-01 00:00:00.000001,2026-08-17 00:00:00.000001,1070,,,,,1070,reachable,screen
USGS-05056239,1979-10-01 00:00:00.000001,2026-08-18 00:00:00.000001,1070,,,,,1070,reachable,screen
USGS-05056340,1998-03-01 00:00:00.000001,2026-08-17 00:00:00.000001,1078,,,,,1078,reachable,screen
USGS-05056678,2012-06-10 00:00:00.000001,2026-08-17 00:00:00.000001,1219,,,,,1219,reachable,screen
USGS-05056770,2021-03-01 00:00:00.000001,2026-08-17 00:00:00.000001,671,,,,,671,reachable,screen
USGS-05057000,1944-10-01 00:00:00.000001,2026-08-17 00:00:00.000001,1826,,,,,1826,reachable,screen
USGS-05057200,1956-04-01 00:00:00.000001,2026-08-17 00:00:00.000001,1826,,,,,1826,reachable,screen
USGS-05058000,1949-10-01 00:00:00.000001,2026-08-17 00:00:00.000001,1826,,,,,1826,reachable,screen
USGS-05058500,1919-04-01 00:00:00.000001,2026-08-17 00:00:00.000001,455,,,,,455,reachable,screen
USGS-05058700,1956-09-10 00:00:00.000001,2026-08-18 00:00:00.000001,1826,,,,,1826,reachable,screen
USGS-05058980,,,0,0.0,0.0,,,0,unreachable,individual fetch
USGS-05059000,1949-08-01 00:00:00.000001,2026-08-17 00:00:00.000001,1826,,,,,1826,reachable,screen
USGS-05059300,1992-10-01 00:00:00.000001,2026-08-17 00:00:00.000001,1826,,,,,1826,reachable,screen
USGS-05059310,1992-10-01 00:00:00.000001,2026-04-14 00:00:00.000001,1826,,,,,1826,reachable,screen
USGS-05059480,1992-10-01 00:00:00.000001,2026-08-17 00:00:00.000001,1826,,,,,1826,reachable,screen
USGS-05059500,1903-05-01 00:00:00.000001,2026-08-17 00:00:00.000001,1826,,,,,1826,reachable,screen
USGS-05059600,1964-10-01 00:00:00.000001,2026-08-10 00:00:00.000001,1070,,,,,1070,reachable,screen
USGS-05059700,1956-06-01 00:00:00.000001,2026-08-17 00:00:00.000001,1826,,,,,1826,reachable,screen
USGS-05059715,2007-03-22 00:00:00.000001,2026-04-25 00:00:00.000001,431,,,,,431,reachable,screen
USGS-05060000,1958-10-01 00:00:00.000001,2026-08-18 00:00:00.000001,1070,,,,,1070,reachable,screen
USGS-05060100,1944-04-01 00:00:00.000001,2026-08-17 00:00:00.000001,1826,,,,,1826,reachable,screen
USGS-05060400,1997-04-03 00:00:00.000001,2026-08-18 00:00:00.000001,1188,,,,,1188,reachable,screen
USGS-05060500,1946-08-01 00:00:00.000001,2026-08-17 00:00:00.000001,1826,,,,,1826,reachable,screen
USGS-05061000,1945-04-01 00:00:00.000001,2026-08-17 00:00:00.000001,1826,,,,,1826,reachable,screen
USGS-05061500,1945-04-01 00:00:00.000001,2026-08-17 00:00:00.000001,1826,,,,,1826,reachable,screen
USGS-05062000,1931-04-01 00:00:00.000001,2026-08-17 00:00:00.000001,1826,,,,,1826,reachable,screen
USGS-05062130,2019-03-26 00:00:00.000001,2026-08-18 00:00:00.000001,1252,,,,,1252,reachable,screen
USGS-05062500,1909-07-01 00:00:00.000001,2026-08-17 00:00:00.000001,1826,,,,,1826,reachable,screen
USGS-05063398,2004-08-16 00:00:00.000001,2026-08-17 00:00:00.000001,1826,,,,,1826,reachable,screen
USGS-05064000,1944-04-01 00:00:00.000001,2026-08-17 00:00:00.000001,1826,,,,,1826,reachable,screen
USGS-05064500,1961-06-01 00:00:00.000001,2026-08-18 00:00:00.000001,1826,,,,,1826,reachable,screen
USGS-05065500,1939-10-01 00:00:00.000001,2026-08-18 00:00:00.000001,1070,,,,,1070,reachable,screen
USGS-05066500,1931-04-01 00:00:00.000001,2026-08-17 00:00:00.000001,1826,,,,,1826,reachable,screen
USGS-05067500,1944-03-01 00:00:00.000001,2026-08-17 00:00:00.000001,1376,,,,,1376,reachable,screen
USGS-05069000,1943-04-01 00:00:00.000001,2026-08-17 00:00:00.000001,1826,,,,,1826,reachable,screen
USGS-05070000,2003-10-01 00:00:00.000001,2026-08-18 00:00:00.000001,1826,,,,,1826,reachable,screen
USGS-05074500,1933-05-01 00:00:00.000001,2026-08-17 00:00:00.000001,1826,,,,,1826,reachable,screen
USGS-05075000,1929-10-01 00:00:00.000001,2026-08-17 00:00:00.000001,1082,,,,,1082,reachable,screen
USGS-05076000,1909-07-01 00:00:00.000001,2026-08-18 00:00:00.000001,1826,,,,,1826,reachable,screen
USGS-05078000,1939-05-01 00:00:00.000001,2026-08-17 00:00:00.000001,1826,,,,,1826,reachable,screen
USGS-05078230,1960-04-01 00:00:00.000001,2026-08-17 00:00:00.000001,1826,,,,,1826,reachable,screen
USGS-05078500,1909-07-01 00:00:00.000001,2026-08-17 00:00:00.000001,1826,,,,,1826,reachable,screen
USGS-05079000,1901-06-01 00:00:00.000001,2026-08-17 00:00:00.000001,1826,,,,,1826,reachable,screen
USGS-05080000,1999-10-01 00:00:00.000001,2026-08-17 00:00:00.000001,1826,,,,,1826,reachable,screen
USGS-05082500,1882-04-01 00:00:00.000001,2026-08-18 00:00:00.000001,1826,,,,,1826,reachable,screen
USGS-05082625,1992-10-01 00:00:00.000001,2026-08-17 00:00:00.000001,1826,,,,,1826,reachable,screen
USGS-05084000,1940-04-01 00:00:00.000001,2026-08-18 00:00:00.000001,1826,,,,,1826,reachable,screen
USGS-05085000,1944-04-01 00:00:00.000001,2026-08-17 00:00:00.000001,1826,,,,,1826,reachable,screen
USGS-05085450,2008-11-13 00:00:00.000001,2026-08-18 00:00:00.000001,1826,,,,,1826,reachable,screen
USGS-05087500,1945-04-01 00:00:00.000001,2026-08-17 00:00:00.000001,1826,,,,,1826,reachable,screen
USGS-05089995,2020-03-01 00:00:00.000001,2026-08-18 00:00:00.000001,1036,,,,,1036,reachable,screen
USGS-05090000,1931-05-01 00:00:00.000001,2026-08-18 00:00:00.000001,1826,,,,,1826,reachable,screen
USGS-05092000,1936-04-01 00:00:00.000001,2026-08-18 00:00:00.000001,1826,,,,,1826,reachable,screen
USGS-05094000,1928-10-01 00:00:00.000001,2026-08-17 00:00:00.000001,1826,,,,,1826,reachable,screen
USGS-05099400,1956-04-01 00:00:00.000001,2026-08-17 00:00:00.000001,1826,,,,,1826,reachable,screen
USGS-05099600,1939-10-01 00:00:00.000001,2026-08-17 00:00:00.000001,1826,,,,,1826,reachable,screen
USGS-05100000,1903-05-01 00:00:00.000001,2026-08-18 00:00:00.000001,1826,,,,,1826,reachable,screen
USGS-05101000,1950-04-01 00:00:00.000001,2026-08-17 00:00:00.000001,1070,,,,,1070,reachable,screen
USGS-05104500,1946-10-01 00:00:00.000001,2026-08-01 00:00:00.000001,1826,,,,,1826,reachable,screen
USGS-05106000,1928-10-01 00:00:00.000001,2026-08-17 00:00:00.000001,1826,,,,,1826,reachable,screen
USGS-05107500,1928-08-01 00:00:00.000001,2026-08-17 00:00:00.000001,1826,,,,,1826,reachable,screen
USGS-05112000,1917-04-01 00:00:00.000001,2026-08-17 00:00:00.000001,1826,,,,,1826,reachable,screen
USGS-05113600,1959-10-01 00:00:00.000001,2026-08-18 00:00:00.000001,1826,,,,,1826,reachable,screen
USGS-05114000,1930-03-11 00:00:00.000001,2026-08-17 00:00:00.000001,1826,,,,,1826,reachable,screen
USGS-05116000,1936-10-01 00:00:00.000001,2026-08-17 00:00:00.000001,1826,,,,,1826,reachable,screen
USGS-05116150,1987-10-01 00:00:00.000001,2026-08-17 00:00:00.000001,0,0.0,3626.0,1987-10-01,2026-08-18,0,unreachable,individual fetch
USGS-05116500,1904-07-01 00:00:00.000001,2026-08-17 00:00:00.000001,1826,,,,,1826,reachable,screen
USGS-05117500,1903-05-01 00:00:00.000001,2026-08-18 00:00:00.000001,1826,,,,,1826,reachable,screen
USGS-05119410,,,0,0.0,0.0,,,0,unreachable,individual fetch
USGS-05120000,1937-04-01 00:00:00.000001,2026-08-17 00:00:00.000001,1826,,,,,1826,reachable,screen
USGS-05120500,1937-03-01 00:00:00.000001,2026-08-17 00:00:00.000001,1826,,,,,1826,reachable,screen
USGS-05122000,1937-03-01 00:00:00.000001,2026-08-17 00:00:00.000001,1826,,,,,1826,reachable,screen
USGS-05123400,1956-09-01 00:00:00.000001,2026-08-17 00:00:00.000001,1826,,,,,1826,reachable,screen
USGS-05123510,1957-10-01 00:00:00.000001,2026-08-17 00:00:00.000001,1070,,,,,1070,reachable,screen
USGS-05124000,1929-08-01 00:00:00.000001,2026-08-17 00:00:00.000001,1826,,,,,1826,reachable,screen
USGS-05124480,1966-06-01 00:00:00.000001,2026-08-17 00:00:00.000001,1826,,,,,1826,reachable,screen
USGS-05125000,1951-10-01 00:00:00.000001,2026-08-17 00:00:00.000001,1826,,,,,1826,reachable,screen
USGS-05126210,1975-08-01 00:00:00.000001,2026-08-17 00:00:00.000001,1826,,,,,1826,reachable,screen
USGS-05127500,1931-01-01 00:00:00.000001,2026-08-17 00:00:00.000001,1826,,,,,1826,reachable,screen
USGS-05128400,2022-10-07 00:00:00.000001,2026-08-18 00:00:00.000001,86,,,,,86,reachable,screen
USGS-05129115,1979-08-01 00:00:00.000001,2026-08-17 00:00:00.000001,1826,,,,,1826,reachable,screen
USGS-05129290,1982-10-01 00:00:00.000001,2026-08-17 00:00:00.000001,1826,,,,,1826,reachable,screen
USGS-05129515,2011-09-22 00:00:00.000001,2026-08-17 00:00:00.000001,1826,,,,,1826,reachable,screen
USGS-05131500,1909-07-01 00:00:00.000001,2026-08-17 00:00:00.000001,1826,,,,,1826,reachable,screen
USGS-05132000,1909-09-01 00:00:00.000001,2026-08-17 00:00:00.000001,1826,,,,,1826,reachable,screen
USGS-05133500,1928-06-20 00:00:00.000001,2026-08-17 00:00:00.000001,1826,,,,,1826,reachable,screen
USGS-05134200,1956-10-01 00:00:00.000001,2026-08-17 00:00:00.000001,1826,,,,,1826,reachable,screen
USGS-05137500,2010-04-15 00:00:00.000001,2018-10-22 00:00:00.000001,295,,,,,295,reachable,screen
USGS-05200510,1987-09-03 00:00:00.000001,2026-08-17 00:00:00.000001,1226,,,,,1226,reachable,screen
USGS-05207600,2007-10-01 00:00:00.000001,2026-08-17 00:00:00.000001,1826,,,,,1826,reachable,screen
USGS-05211000,1883-09-17 00:00:00.000001,2026-08-17 00:00:00.000001,1826,,,,,1826,reachable,screen
USGS-05212700,1967-04-10 00:00:00.000001,2026-08-17 00:00:00.000001,1826,,,,,1826,reachable,screen
USGS-05227500,1945-03-01 00:00:00.000001,2026-08-17 00:00:00.000001,1826,,,,,1826,reachable,screen
USGS-05227530,2025-11-19 00:00:00.000001,2026-08-17 00:00:00.000001,0,0.0,224.0,2025-11-19,2026-08-18,0,unreachable,individual fetch
USGS-05242300,1987-04-24 00:00:00.000001,2026-08-17 00:00:00.000001,1826,,,,,1826,reachable,screen
USGS-05243725,1986-10-01 00:00:00.000001,2026-08-17 00:00:00.000001,1821,,,,,1821,reachable,screen
USGS-05244000,1910-05-01 00:00:00.000001,2026-08-16 00:00:00.000001,1826,,,,,1826,reachable,screen
USGS-05245100,1971-10-01 00:00:00.000001,2026-08-17 00:00:00.000001,1826,,,,,1826,reachable,screen
USGS-05247500,1968-01-01 00:00:00.000001,2026-08-17 00:00:00.000001,1826,,,,,1826,reachable,screen
USGS-05267000,1924-04-01 00:00:00.000001,2026-08-17 00:00:00.000001,1826,,,,,1826,reachable,screen
USGS-05270500,1909-07-01 00:00:00.000001,2026-08-17 00:00:00.000001,1826,,,,,1826,reachable,screen
USGS-05270700,1988-10-01 00:00:00.000001,2026-08-17 00:00:00.000001,1826,,,,,1826,reachable,screen
USGS-05275000,1911-05-01 00:00:00.000001,2026-08-17 00:00:00.000001,1826,,,,,1826,reachable,screen
USGS-05280000,1906-04-13 00:00:00.000001,2026-08-17 00:00:00.000001,1826,,,,,1826,reachable,screen
USGS-05283500,1905-05-01 00:00:00.000001,2026-08-17 00:00:00.000001,1826,,,,,1826,reachable,screen
USGS-05286000,1929-05-01 00:00:00.000001,2026-08-17 00:00:00.000001,1826,,,,,1826,reachable,screen
USGS-05287890,1978-10-01 00:00:00.000001,2026-08-16 00:00:00.000001,1826,,,,,1826,reachable,screen
USGS-05288475,,,0,0.0,0.0,,,0,unreachable,individual fetch
USGS-05288487,2021-03-26 00:00:00.000001,2026-06-25 00:00:00.000001,459,,,,,459,reachable,screen
USGS-05288490,2020-08-01 00:00:00.000001,2026-08-18 00:00:00.000001,603,,,,,603,reachable,screen
USGS-05288500,1931-06-01 00:00:00.000001,2026-08-17 00:00:00.000001,1826,,,,,1826,reachable,screen
USGS-05288580,2008-10-30 00:00:00.000001,2026-08-17 00:00:00.000001,1826,,,,,1826,reachable,screen
USGS-05288705,1996-05-08 00:00:00.000001,2026-08-17 00:00:00.000001,1826,,,,,1826,reachable,screen
USGS-05289800,2005-11-05 00:00:00.000001,2026-08-17 00:00:00.000001,1817,,,,,1817,reachable,screen
USGS-05289985,1987-10-01 00:00:00.000001,2003-09-30 00:00:00.000001,0,0.0,5844.0,1987-10-01,2003-09-30,0,unreachable,individual fetch
USGS-05290000,1939-10-01 00:00:00.000001,2026-08-17 00:00:00.000001,1826,,,,,1826,reachable,screen
USGS-05291000,1910-04-01 00:00:00.000001,2026-08-17 00:00:00.000001,1826,,,,,1826,reachable,screen
USGS-05292000,1938-03-01 00:00:00.000001,2026-08-17 00:00:00.000001,1826,,,,,1826,reachable,screen
USGS-05292704,1991-10-01 00:00:00.000001,2003-09-29 00:00:00.000001,0,0.0,4382.0,1991-10-01,2003-09-29,0,unreachable,individual fetch
USGS-05293000,1939-10-01 00:00:00.000001,2026-08-17 00:00:00.000001,1826,,,,,1826,reachable,screen
USGS-05294000,1931-04-01 00:00:00.000001,2026-08-17 00:00:00.000001,1826,,,,,1826,reachable,screen
USGS-05300000,1910-05-01 00:00:00.000001,2026-08-17 00:00:00.000001,1826,,,,,1826,reachable,screen
USGS-05301000,1942-10-01 00:00:00.000001,2026-08-17 00:00:00.000001,1826,,,,,1826,reachable,screen
USGS-05304500,1937-10-01 00:00:00.000001,2026-08-17 00:00:00.000001,1826,,,,,1826,reachable,screen
USGS-05305000,1910-05-01 00:00:00.000001,2026-08-17 00:00:00.000001,1826,,,,,1826,reachable,screen
USGS-05311000,1909-08-01 00:00:00.000001,2026-08-18 00:00:00.000001,1826,,,,,1826,reachable,screen
USGS-05311150,2013-04-01 00:00:00.000001,2026-08-17 00:00:00.000001,1337,,,,,1337,reachable,screen
USGS-05313500,1931-04-01 00:00:00.000001,2026-08-17 00:00:00.000001,1826,,,,,1826,reachable,screen
USGS-05315000,1940-04-01 00:00:00.000001,2026-08-18 00:00:00.000001,1826,,,,,1826,reachable,screen
USGS-05316500,1909-07-01 00:00:00.000001,2026-08-17 00:00:00.000001,1826,,,,,1826,reachable,screen
USGS-05316580,2000-10-01 00:00:00.000001,2026-08-17 00:00:00.000001,1826,,,,,1826,reachable,screen
USGS-05316770,1967-10-01 00:00:00.000001,2026-08-18 00:00:00.000001,1826,,,,,1826,reachable,screen
USGS-05317000,1909-07-01 00:00:00.000001,2026-08-17 00:00:00.000001,1826,,,,,1826,reachable,screen
USGS-05317200,1973-10-01 00:00:00.000001,2026-08-17 00:00:00.000001,1826,,,,,1826,reachable,screen
USGS-05319500,1940-03-01 00:00:00.000001,2026-08-17 00:00:00.000001,1826,,,,,1826,reachable,screen
USGS-05320000,1909-08-01 00:00:00.000001,2026-08-17 00:00:00.000001,1826,,,,,1826,reachable,screen
USGS-05320500,1939-10-01 00:00:00.000001,2026-08-17 00:00:00.000001,1826,,,,,1826,reachable,screen
USGS-05325000,1903-06-01 00:00:00.000001,2026-08-17 00:00:00.000001,1826,,,,,1826,reachable,screen
USGS-05327000,1973-10-01 00:00:00.000001,2026-08-17 00:00:00.000001,1274,,,,,1274,reachable,screen
USGS-05330000,1934-10-01 00:00:00.000001,2026-08-17 00:00:00.000001,1826,,,,,1826,reachable,screen
USGS-05331000,1892-03-01 00:00:00.000001,2026-08-18 00:00:00.000001,1826,,,,,1826,reachable,screen
USGS-05331580,1995-10-01 00:00:00.000001,2026-08-17 00:00:00.000001,1826,,,,,1826,reachable,screen
USGS-05331833,1996-03-01 00:00:00.000001,2026-08-18 00:00:00.000001,1826,,,,,1826,reachable,screen
USGS-05333500,1914-03-13 00:00:00.000001,2026-08-18 00:00:00.000001,1826,,,,,1826,reachable,screen
USGS-05335492,2024-03-12 00:00:00.000001,2026-06-14 00:00:00.000001,0,0.0,616.0,2024-03-12,2025-11-17,0,unreachable,individual fetch
USGS-05336700,1967-10-01 00:00:00.000001,2026-08-17 00:00:00.000001,1826,,,,,1826,reachable,screen
USGS-05338500,1913-07-01 00:00:00.000001,2026-08-17 00:00:00.000001,1826,,,,,1826,reachable,screen
USGS-05340500,1902-01-01 00:00:00.000001,2026-08-17 00:00:00.000001,1826,,,,,1826,reachable,screen
USGS-05341498,2023-10-17 00:00:00.000001,2026-08-18 00:00:00.000001,0,0.0,1037.0,2023-10-17,2026-08-18,0,unreachable,individual fetch
USGS-05341550,2011-09-09 00:00:00.000001,2026-08-15 00:00:00.000001,1826,,,,,1826,reachable,screen
USGS-05342000,1916-10-01 00:00:00.000001,2026-08-17 00:00:00.000001,1826,,,,,1826,reachable,screen
USGS-05344490,2007-08-20 00:00:00.000001,2026-08-18 00:00:00.000001,1826,,,,,1826,reachable,screen
USGS-05344500,1928-06-01 00:00:00.000001,2026-08-17 00:00:00.000001,1826,,,,,1826,reachable,screen
USGS-05345000,1942-04-12 00:00:00.000001,2026-08-17 00:00:00.000001,1826,,,,,1826,reachable,screen
USGS-05353800,1965-10-01 00:00:00.000001,2026-08-17 00:00:00.000001,1826,,,,,1826,reachable,screen
USGS-05354500,2013-04-25 00:00:00.000001,2026-08-17 00:00:00.000001,1384,,,,,1384,reachable,screen
USGS-05355024,2012-11-02 00:00:00.000001,2026-08-17 00:00:00.000001,1826,,,,,1826,reachable,screen
USGS-05355092,2015-06-24 00:00:00.000001,2026-08-17 00:00:00.000001,1826,,,,,1826,reachable,screen
USGS-05355200,1909-07-01 00:00:00.000001,2026-08-17 00:00:00.000001,1826,,,,,1826,reachable,screen
USGS-05355250,1995-10-01 00:00:00.000001,2026-08-18 00:00:00.000001,1297,,,,,1297,reachable,screen
USGS-05356000,1912-02-23 00:00:00.000001,2026-08-18 00:00:00.000001,1826,,,,,1826,reachable,screen
USGS-05356500,1913-12-31 00:00:00.000001,2026-08-17 00:00:00.000001,1826,,,,,1826,reachable,screen
USGS-05357335,1991-05-01 00:00:00.000001,2026-08-18 00:00:00.000001,1826,,,,,1826,reachable,screen
USGS-05359500,1929-08-24 00:00:00.000001,2026-08-17 00:00:00.000001,1826,,,,,1826,reachable,screen
USGS-05360500,1951-08-28 00:00:00.000001,2026-08-18 00:00:00.000001,1826,,,,,1826,reachable,screen
USGS-05362000,1915-07-22 00:00:00.000001,2026-08-17 00:00:00.000001,1826,,,,,1826,reachable,screen
USGS-05363600,2021-07-09 00:00:00.000001,2026-08-17 00:00:00.000001,541,,,,,541,reachable,screen
USGS-05364128,2021-04-14 00:00:00.000001,2024-12-23 00:00:00.000001,627,,,,,627,reachable,screen
USGS-05365500,1888-06-22 00:00:00.000001,2026-08-18 00:00:00.000001,1826,,,,,1826,reachable,screen
USGS-05365550,,,0,0.0,0.0,,,0,unreachable,individual fetch
USGS-05366800,2016-02-22 00:00:00.000001,2026-08-19 00:00:00.000001,1826,,,,,1826,reachable,screen
USGS-05367500,1914-04-01 00:00:00.000001,2026-08-17 00:00:00.000001,1826,,,,,1826,reachable,screen
USGS-05368000,1950-10-01 00:00:00.000001,2026-08-17 00:00:00.000001,1826,,,,,1826,reachable,screen
USGS-05369000,1907-06-17 00:00:00.000001,2026-08-17 00:00:00.000001,1826,,,,,1826,reachable,screen
USGS-05369500,1928-07-09 00:00:00.000001,2026-08-17 00:00:00.000001,1826,,,,,1826,reachable,screen
USGS-05370000,1944-03-31 00:00:00.000001,2026-08-17 00:00:00.000001,1826,,,,,1826,reachable,screen
USGS-05372995,1981-03-26 00:00:00.000001,2026-08-17 00:00:00.000001,1826,,,,,1826,reachable,screen
USGS-05378500,1928-07-01 00:00:00.000001,2026-08-17 00:00:00.000001,1826,,,,,1826,reachable,screen
USGS-05379400,1960-07-01 00:00:00.000001,2026-08-18 00:00:00.000001,1377,,,,,1377,reachable,screen
USGS-05379500,1913-12-13 00:00:00.000001,2026-08-17 00:00:00.000001,1826,,,,,1826,reachable,screen
USGS-05381000,1905-04-01 00:00:00.000001,2026-08-17 00:00:00.000001,1826,,,,,1826,reachable,screen
USGS-053813595,2008-09-30 00:00:00.000001,2026-08-17 00:00:00.000001,1826,,,,,1826,reachable,screen
USGS-05382000,1931-12-28 00:00:00.000001,2026-08-19 00:00:00.000001,1826,,,,,1826,reachable,screen
USGS-05382255,2008-09-19 00:00:00.000001,2026-08-18 00:00:00.000001,1826,,,,,1826,reachable,screen
USGS-05382257,2008-09-19 00:00:00.000001,2026-08-17 00:00:00.000001,1826,,,,,1826,reachable,screen
USGS-05382267,2008-09-19 00:00:00.000001,2026-08-17 00:00:00.000001,1826,,,,,1826,reachable,screen
USGS-05382284,2009-08-01 00:00:00.000001,2026-08-17 00:00:00.000001,1826,,,,,1826,reachable,screen
USGS-05382325,1992-07-01 00:00:00.000001,2026-08-17 00:00:00.000001,1826,,,,,1826,reachable,screen
USGS-05383075,1999-10-01 00:00:00.000001,2026-08-18 00:00:00.000001,1826,,,,,1826,reachable,screen
USGS-05383950,2002-08-09 00:00:00.000001,2026-08-17 00:00:00.000001,1826,,,,,1826,reachable,screen
USGS-05385000,1909-10-01 00:00:00.000001,2026-08-17 00:00:00.000001,1826,,,,,1826,reachable,screen
USGS-05385500,1953-01-01 00:00:00.000001,2026-08-17 00:00:00.000001,1826,,,,,1826,reachable,screen
USGS-05387440,2002-10-01 00:00:00.000001,2026-08-18 00:00:00.000001,1826,,,,,1826,reachable,screen
USGS-05387500,1951-10-01 00:00:00.000001,2026-08-17 00:00:00.000001,1826,,,,,1826,reachable,screen
USGS-05388250,1938-10-01 00:00:00.000001,2026-08-18 00:00:00.000001,1826,,,,,1826,reachable,screen
USGS-05389000,1934-10-01 00:00:00.000001,2026-08-18 00:00:00.000001,1826,,,,,1826,reachable,screen
USGS-05389400,1991-10-01 00:00:00.000001,2026-08-17 00:00:00.000001,1826,,,,,1826,reachable,screen
USGS-05389500,1936-08-15 00:00:00.000001,2013-10-28 00:00:00.000001,0,0.0,27468.0,1936-08-15,2013-10-28,0,unreachable,individual fetch
USGS-05391000,1936-07-07 00:00:00.000001,2026-08-17 00:00:00.000001,1826,,,,,1826,reachable,screen
USGS-05393500,1942-04-10 00:00:00.000001,2026-08-18 00:00:00.000001,1826,,,,,1826,reachable,screen
USGS-05394500,1914-01-01 00:00:00.000001,2026-08-17 00:00:00.000001,1826,,,,,1826,reachable,screen
USGS-05395000,1903-03-01 00:00:00.000001,2026-08-18 00:00:00.000001,1826,,,,,1826,reachable,screen
USGS-05396000,1925-05-19 00:00:00.000001,2026-08-17 00:00:00.000001,1826,,,,,1826,reachable,screen
USGS-05397500,1914-01-01 00:00:00.000001,2026-08-18 00:00:00.000001,1826,,,,,1826,reachable,screen
USGS-05398000,1944-10-01 00:00:00.000001,2026-08-17 00:00:00.000001,1826,,,,,1826,reachable,screen
USGS-05399500,1914-07-24 00:00:00.000001,2026-08-18 00:00:00.000001,1826,,,,,1826,reachable,screen
USGS-05400625,2013-11-14 00:00:00.000001,2026-08-18 00:00:00.000001,1826,,,,,1826,reachable,screen
USGS-05400760,1914-05-21 00:00:00.000001,2026-08-18 00:00:00.000001,1826,,,,,1826,reachable,screen
USGS-05401034,2017-09-06 00:00:00.000001,2026-08-18 00:00:00.000001,1826,,,,,1826,reachable,screen
USGS-05401050,1963-10-01 00:00:00.000001,2026-08-17 00:00:00.000001,1826,,,,,1826,reachable,screen
USGS-05401514,2017-09-06 00:00:00.000001,2026-08-17 00:00:00.000001,1826,,,,,1826,reachable,screen
USGS-05402000,1944-03-25 00:00:00.000001,2026-08-17 00:00:00.000001,1825,,,,,1825,reachable,screen
USGS-05403000,1940-10-01 00:00:00.000001,2026-08-17 00:00:00.000001,1826,,,,,1826,reachable,screen
USGS-05403500,1944-03-23 00:00:00.000001,2026-08-18 00:00:00.000001,1826,,,,,1826,reachable,screen
USGS-05404000,1934-10-01 00:00:00.000001,2026-08-17 00:00:00.000001,1826,,,,,1826,reachable,screen
USGS-05404140,2019-07-25 00:00:00.000001,2024-10-29 00:00:00.000001,1256,,,,,1256,reachable,screen
USGS-05404147,2019-07-30 00:00:00.000001,2024-10-29 00:00:00.000001,1251,,,,,1251,reachable,screen
USGS-05404150,2019-07-25 00:00:00.000001,2024-10-29 00:00:00.000001,1256,,,,,1256,reachable,screen
USGS-054041665,2011-07-01 00:00:00.000001,2026-08-17 00:00:00.000001,908,,,,,908,reachable,screen
USGS-05405000,1913-12-18 00:00:00.000001,2026-08-17 00:00:00.000001,1826,,,,,1826,reachable,screen
USGS-05406457,2009-10-01 00:00:00.000001,2026-08-17 00:00:00.000001,1826,,,,,1826,reachable,screen
USGS-05406469,1999-09-30 00:00:00.000001,2026-08-18 00:00:00.000001,1826,,,,,1826,reachable,screen
USGS-05406479,2014-05-13 00:00:00.000001,2026-08-17 00:00:00.000001,1826,,,,,1826,reachable,screen
USGS-05406500,1954-02-01 00:00:00.000001,2026-08-18 00:00:00.000001,1826,,,,,1826,reachable,screen
USGS-05407000,1913-10-01 00:00:00.000001,2026-08-17 00:00:00.000001,1826,,,,,1826,reachable,screen
USGS-05407468,2019-10-01 00:00:00.000001,2026-08-19 00:00:00.000001,1188,,,,,1188,reachable,screen
USGS-05408000,1938-10-01 00:00:00.000001,2026-08-18 00:00:00.000001,1826,,,,,1826,reachable,screen
USGS-05410490,1982-09-30 00:00:00.000001,2026-08-18 00:00:00.000001,1826,,,,,1826,reachable,screen
USGS-05411600,1956-06-04 00:00:00.000001,2026-08-17 00:00:00.000001,1826,,,,,1826,reachable,screen
USGS-05411850,2000-09-28 00:00:00.000001,2026-08-18 00:00:00.000001,1826,,,,,1826,reachable,screen
USGS-05412020,2001-09-06 00:00:00.000001,2026-08-18 00:00:00.000001,1826,,,,,1826,reachable,screen
USGS-05412400,1999-09-16 00:00:00.000001,2026-08-18 00:00:00.000001,1826,,,,,1826,reachable,screen
USGS-05412500,1913-08-08 00:00:00.000001,2026-08-17 00:00:00.000001,1826,,,,,1826,reachable,screen
USGS-05413500,1934-10-01 00:00:00.000001,2026-08-17 00:00:00.000001,1826,,,,,1826,reachable,screen
USGS-05414000,1934-10-01 00:00:00.000001,2026-08-17 00:00:00.000001,1826,,,,,1826,reachable,screen
USGS-05414820,1967-10-01 00:00:00.000001,2026-08-17 00:00:00.000001,1826,,,,,1826,reachable,screen
USGS-05416900,2000-04-26 00:00:00.000001,2026-08-17 00:00:00.000001,1826,,,,,1826,reachable,screen
USGS-05418400,1998-04-29 00:00:00.000001,2026-08-17 00:00:00.000001,1826,,,,,1826,reachable,screen
USGS-05418500,1913-09-01 00:00:00.000001,2026-08-17 00:00:00.000001,1826,,,,,1826,reachable,screen
USGS-05419000,1934-10-01 00:00:00.000001,2026-08-17 00:00:00.000001,1826,,,,,1826,reachable,screen
USGS-05420500,1873-06-02 00:00:00.000001,2026-08-17 00:00:00.000001,1826,,,,,1826,reachable,screen
USGS-05420680,1996-04-10 00:00:00.000001,2026-08-18 00:00:00.000001,1826,,,,,1826,reachable,screen
USGS-05421000,1933-07-01 00:00:00.000001,2026-08-17 00:00:00.000001,1826,,,,,1826,reachable,screen
USGS-05421740,2002-07-10 00:00:00.000001,2026-08-17 00:00:00.000001,1826,,,,,1826,reachable,screen
USGS-05422000,1934-07-27 00:00:00.000001,2026-08-17 00:00:00.000001,1826,,,,,1826,reachable,screen
USGS-05422470,1977-10-01 00:00:00.000001,2008-09-30 00:00:00.000001,0,0.0,11323.0,1977-10-01,2008-09-30,0,unreachable,individual fetch
USGS-05422600,1993-11-24 00:00:00.000001,2025-03-23 00:00:00.000001,1826,,,,,1826,reachable,screen
USGS-05423500,1948-10-01 00:00:00.000001,2026-08-17 00:00:00.000001,1826,,,,,1826,reachable,screen
USGS-05424057,1997-11-19 00:00:00.000001,2026-08-18 00:00:00.000001,1826,,,,,1826,reachable,screen
USGS-05424157,2022-10-12 00:00:00.000001,2026-08-17 00:00:00.000001,81,,,,,81,reachable,screen
USGS-05425500,1931-06-01 00:00:00.000001,2026-08-18 00:00:00.000001,1826,,,,,1826,reachable,screen
USGS-05425912,1985-03-01 00:00:00.000001,2026-08-18 00:00:00.000001,1826,,,,,1826,reachable,screen
USGS-05426000,1931-06-01 00:00:00.000001,2026-08-17 00:00:00.000001,1825,,,,,1825,reachable,screen
USGS-05426031,1978-04-01 00:00:00.000001,1994-09-29 00:00:00.000001,0,0.0,5836.0,1978-04-01,1994-09-29,0,unreachable,individual fetch
USGS-05426067,2002-10-29 00:00:00.000001,2026-08-18 00:00:00.000001,1826,,,,,1826,reachable,screen
USGS-05426250,1979-10-18 00:00:00.000001,2026-08-18 00:00:00.000001,1826,,,,,1826,reachable,screen
USGS-05427085,1998-10-01 00:00:00.000001,2026-08-18 00:00:00.000001,1826,,,,,1826,reachable,screen
USGS-05427530,2009-09-30 00:00:00.000001,2026-08-18 00:00:00.000001,1826,,,,,1826,reachable,screen
USGS-05427718,1976-02-01 00:00:00.000001,2026-08-17 00:00:00.000001,1826,,,,,1826,reachable,screen
USGS-05427850,2001-12-27 00:00:00.000001,2026-08-18 00:00:00.000001,1826,,,,,1826,reachable,screen
USGS-05427880,2012-06-23 00:00:00.000001,2026-08-18 00:00:00.000001,1826,,,,,1826,reachable,screen
USGS-05427905,2023-07-06 00:00:00.000001,2026-02-03 00:00:00.000001,0,0.0,866.0,2023-07-06,2025-11-17,0,unreachable,individual fetch
USGS-05427910,2012-07-26 00:00:00.000001,2026-08-18 00:00:00.000001,1826,,,,,1826,reachable,screen
USGS-05427927,2012-06-23 00:00:00.000001,2026-08-10 00:00:00.000001,1826,,,,,1826,reachable,screen
USGS-05427930,2012-07-04 00:00:00.000001,2026-08-18 00:00:00.000001,1826,,,,,1826,reachable,screen
USGS-05427943,1977-08-01 00:00:00.000001,2026-08-17 00:00:00.000001,1826,,,,,1826,reachable,screen
USGS-054279465,2009-06-19 00:00:00.000001,2026-08-17 00:00:00.000001,1826,,,,,1826,reachable,screen
USGS-05427948,1974-07-01 00:00:00.000001,2026-08-17 00:00:00.000001,1826,,,,,1826,reachable,screen
USGS-05428500,2003-11-08 00:00:00.000001,2026-08-17 00:00:00.000001,1826,,,,,1826,reachable,screen
USGS-05429369,2021-05-20 00:00:00.000001,2026-08-18 00:00:00.000001,591,,,,,591,reachable,screen
USGS-05429500,1930-09-10 00:00:00.000001,2026-08-17 00:00:00.000001,1826,,,,,1826,reachable,screen
USGS-05429700,2003-11-27 00:00:00.000001,2026-08-18 00:00:00.000001,1826,,,,,1826,reachable,screen
USGS-05430150,1977-07-01 00:00:00.000001,2026-08-17 00:00:00.000001,1826,,,,,1826,reachable,screen
USGS-05430175,1977-07-01 00:00:00.000001,2026-08-17 00:00:00.000001,1826,,,,,1826,reachable,screen
USGS-05430500,1914-01-01 00:00:00.000001,2026-08-17 00:00:00.000001,1826,,,,,1826,reachable,screen
USGS-05431016,1993-02-01 00:00:00.000001,2026-08-16 00:00:00.000001,1826,,,,,1826,reachable,screen
USGS-05431017,1983-10-01 00:00:00.000001,2016-09-29 00:00:00.000001,0,0.0,10960.0,1983-10-01,2016-09-29,0,unreachable,individual fetch
USGS-05431018,1983-10-01 00:00:00.000001,1991-09-29 00:00:00.000001,0,0.0,2190.0,1983-10-01,1991-09-29,0,unreachable,individual fetch
USGS-05431022,1983-10-01 00:00:00.000001,2009-09-29 00:00:00.000001,0,0.0,9496.0,1983-10-01,2009-09-29,0,unreachable,individual fetch
USGS-05431486,1939-09-25 00:00:00.000001,2026-08-17 00:00:00.000001,1826,,,,,1826,reachable,screen
USGS-05432500,1939-09-27 00:00:00.000001,2026-08-17 00:00:00.000001,1826,,,,,1826,reachable,screen
USGS-05433000,1939-09-28 00:00:00.000001,2026-08-18 00:00:00.000001,1826,,,,,1826,reachable,screen
USGS-05434500,1939-10-01 00:00:00.000001,2026-08-18 00:00:00.000001,1826,,,,,1826,reachable,screen
USGS-05435500,1914-09-11 00:00:00.000001,2026-08-17 00:00:00.000001,1826,,,,,1826,reachable,screen
USGS-05435943,1996-10-01 00:00:00.000001,2026-08-18 00:00:00.000001,1826,,,,,1826,reachable,screen
USGS-05435950,2009-04-24 00:00:00.000001,2026-08-17 00:00:00.000001,1826,,,,,1826,reachable,screen
USGS-05436500,1914-03-01 00:00:00.000001,2026-08-17 00:00:00.000001,1826,,,,,1826,reachable,screen
USGS-05437050,1939-10-01 00:00:00.000001,2026-08-17 00:00:00.000001,1826,,,,,1826,reachable,screen
USGS-05437500,1903-06-28 00:00:00.000001,2026-08-17 00:00:00.000001,1826,,,,,1826,reachable,screen
USGS-05438170,2010-11-06 00:00:00.000001,2026-08-17 00:00:00.000001,1826,,,,,1826,reachable,screen
USGS-05438283,1992-09-01 00:00:00.000001,2026-08-18 00:00:00.000001,1826,,,,,1826,reachable,screen
USGS-05438500,1939-10-01 00:00:00.000001,2026-08-17 00:00:00.000001,1826,,,,,1826,reachable,screen
USGS-05439000,1925-07-17 00:00:00.000001,2026-08-17 00:00:00.000001,1826,,,,,1826,reachable,screen
USGS-05439500,1939-10-01 00:00:00.000001,2026-08-18 00:00:00.000001,1822,,,,,1822,reachable,screen
USGS-05440000,1939-10-01 00:00:00.000001,2026-08-18 00:00:00.000001,1826,,,,,1826,reachable,screen
USGS-05440700,2000-05-02 00:00:00.000001,2026-08-17 00:00:00.000001,1826,,,,,1826,reachable,screen
USGS-05442300,2010-05-13 00:00:00.000001,2026-08-18 00:00:00.000001,1826,,,,,1826,reachable,screen
USGS-05443500,1914-10-01 00:00:00.000001,2026-08-17 00:00:00.000001,1826,,,,,1826,reachable,screen
USGS-05444000,1939-10-01 00:00:00.000001,2026-08-18 00:00:00.000001,1826,,,,,1826,reachable,screen
USGS-05446500,1939-10-01 00:00:00.000001,2026-08-18 00:00:00.000001,1826,,,,,1826,reachable,screen
USGS-05447500,1936-03-01 00:00:00.000001,2026-08-18 00:00:00.000001,1826,,,,,1826,reachable,screen
USGS-05448000,1939-10-01 00:00:00.000001,2026-08-17 00:00:00.000001,1826,,,,,1826,reachable,screen
USGS-05449500,1940-10-01 00:00:00.000001,2026-08-17 00:00:00.000001,1826,,,,,1826,reachable,screen
USGS-05450400,,,0,0.0,0.0,,,0,unreachable,individual fetch
USGS-05451080,,,0,0.0,0.0,,,0,unreachable,individual fetch
USGS-05451210,1995-10-25 00:00:00.000001,2026-08-18 00:00:00.000001,1826,,,,,1826,reachable,screen
USGS-05451500,1902-10-01 00:00:00.000001,2026-08-17 00:00:00.000001,1826,,,,,1826,reachable,screen
USGS-05451700,1949-10-01 00:00:00.000001,2026-08-17 00:00:00.000001,1826,,,,,1826,reachable,screen
USGS-05451770,2011-06-08 00:00:00.000001,2026-08-17 00:00:00.000001,1826,,,,,1826,reachable,screen
USGS-05451900,1949-10-01 00:00:00.000001,2026-08-17 00:00:00.000001,1826,,,,,1826,reachable,screen
USGS-05452000,1945-10-01 00:00:00.000001,2026-08-17 00:00:00.000001,1826,,,,,1826,reachable,screen
USGS-05452200,1949-10-01 00:00:00.000001,2026-08-17 00:00:00.000001,1826,,,,,1826,reachable,screen
USGS-05452500,1939-09-18 00:00:00.000001,2026-08-17 00:00:00.000001,1826,,,,,1826,reachable,screen
USGS-05453000,1945-10-01 00:00:00.000001,2026-08-17 00:00:00.000001,1826,,,,,1826,reachable,screen
USGS-05453100,1956-10-01 00:00:00.000001,2026-08-18 00:00:00.000001,1825,,,,,1825,reachable,screen
USGS-05453520,1992-10-01 00:00:00.000001,2026-08-17 00:00:00.000001,1826,,,,,1826,reachable,screen
USGS-05454000,1937-10-01 00:00:00.000001,2026-08-18 00:00:00.000001,1826,,,,,1826,reachable,screen
USGS-05454090,2006-11-08 00:00:00.000001,2026-08-17 00:00:00.000001,1826,,,,,1826,reachable,screen
USGS-05454220,1993-11-04 00:00:00.000001,2026-08-18 00:00:00.000001,1826,,,,,1826,reachable,screen
USGS-05454300,1952-10-01 00:00:00.000001,2026-08-17 00:00:00.000001,1826,,,,,1826,reachable,screen
USGS-05454500,1903-06-01 00:00:00.000001,2026-08-17 00:00:00.000001,1826,,,,,1826,reachable,screen
USGS-05455010,1963-10-01 00:00:00.000001,1995-09-30 00:00:00.000001,0,0.0,11688.0,1963-10-01,1995-09-30,0,unreachable,individual fetch
USGS-05455100,1950-10-01 00:00:00.000001,2026-08-18 00:00:00.000001,1826,,,,,1826,reachable,screen
USGS-05455500,1939-09-13 00:00:00.000001,2026-08-17 00:00:00.000001,1826,,,,,1826,reachable,screen
USGS-05455700,1956-10-01 00:00:00.000001,2026-08-17 00:00:00.000001,1826,,,,,1826,reachable,screen
USGS-05457000,1909-06-01 00:00:00.000001,2026-08-17 00:00:00.000001,1826,,,,,1826,reachable,screen
USGS-05457700,1964-10-01 00:00:00.000001,2026-08-17 00:00:00.000001,1778,,,,,1778,reachable,screen
USGS-05458000,1954-10-01 00:00:00.000001,2026-08-18 00:00:00.000001,1826,,,,,1826,reachable,screen
USGS-05458300,2000-08-30 00:00:00.000001,2026-08-17 00:00:00.000001,1826,,,,,1826,reachable,screen
USGS-05458500,1904-10-01 00:00:00.000001,2026-08-18 00:00:00.000001,1826,,,,,1826,reachable,screen
USGS-05458900,1945-10-01 00:00:00.000001,2026-08-18 00:00:00.000001,1825,,,,,1825,reachable,screen
USGS-05459500,1932-10-01 00:00:00.000001,2026-08-17 00:00:00.000001,1826,,,,,1826,reachable,screen
USGS-05462000,1953-06-11 00:00:00.000001,2026-08-18 00:00:00.000001,1826,,,,,1826,reachable,screen
USGS-05463000,1945-10-01 00:00:00.000001,2026-08-17 00:00:00.000001,1826,,,,,1826,reachable,screen
USGS-05463050,2013-03-01 00:00:00.000001,2026-08-18 00:00:00.000001,1826,,,,,1826,reachable,screen
USGS-05463500,1952-04-01 00:00:00.000001,2026-08-17 00:00:00.000001,1826,,,,,1826,reachable,screen
USGS-05464000,1940-10-01 00:00:00.000001,2026-08-17 00:00:00.000001,1826,,,,,1826,reachable,screen
USGS-05464220,1995-10-24 00:00:00.000001,2026-08-18 00:00:00.000001,1826,,,,,1826,reachable,screen
USGS-05464315,2009-03-24 00:00:00.000001,2026-08-17 00:00:00.000001,1826,,,,,1826,reachable,screen
USGS-05464420,2009-03-25 00:00:00.000001,2026-08-17 00:00:00.000001,1826,,,,,1826,reachable,screen
USGS-05464475,2019-04-17 00:00:00.000001,2026-08-18 00:00:00.000001,1175,,,,,1175,reachable,screen
USGS-05464500,1902-10-01 00:00:00.000001,2026-08-18 00:00:00.000001,1826,,,,,1826,reachable,screen
USGS-05464695,2012-05-02 00:00:00.000001,2026-08-18 00:00:00.000001,648,,,,,648,reachable,screen
USGS-05464730,2016-04-19 00:00:00.000001,2026-08-18 00:00:00.000001,1826,,,,,1826,reachable,screen
USGS-05464780,2012-04-03 00:00:00.000001,2026-08-17 00:00:00.000001,1826,,,,,1826,reachable,screen
USGS-0546494170,2015-05-07 00:00:00.000001,2026-08-17 00:00:00.000001,1825,,,,,1825,reachable,screen
USGS-05465000,1939-09-16 00:00:00.000001,2026-08-13 00:00:00.000001,1826,,,,,1826,reachable,screen
USGS-05465100,2021-07-13 00:00:00.000001,2026-08-18 00:00:00.000001,537,,,,,537,reachable,screen
USGS-05465500,1914-10-01 00:00:00.000001,2026-08-17 00:00:00.000001,1826,,,,,1826,reachable,screen
USGS-05465700,2009-04-01 00:00:00.000001,2026-08-17 00:00:00.000001,1826,,,,,1826,reachable,screen
USGS-05466000,1940-10-01 00:00:00.000001,2025-04-15 00:00:00.000001,1826,,,,,1826,reachable,screen
USGS-05466500,1934-10-01 00:00:00.000001,2026-08-17 00:00:00.000001,1825,,,,,1825,reachable,screen
USGS-05467000,1934-10-01 00:00:00.000001,2026-08-17 00:00:00.000001,1826,,,,,1826,reachable,screen
USGS-05469000,1934-10-01 00:00:00.000001,2026-08-17 00:00:00.000001,1826,,,,,1826,reachable,screen
USGS-05470000,1920-07-28 00:00:00.000001,2026-08-18 00:00:00.000001,1826,,,,,1826,reachable,screen
USGS-05470500,1919-05-24 00:00:00.000001,2026-08-18 00:00:00.000001,1826,,,,,1826,reachable,screen
USGS-05471000,1952-10-01 00:00:00.000001,2026-08-18 00:00:00.000001,1826,,,,,1826,reachable,screen
USGS-05471050,1985-10-01 00:00:00.000001,2026-08-17 00:00:00.000001,1826,,,,,1826,reachable,screen
USGS-05471200,1958-05-22 00:00:00.000001,2026-08-17 00:00:00.000001,1826,,,,,1826,reachable,screen
USGS-05471500,1945-10-01 00:00:00.000001,2026-08-17 00:00:00.000001,1826,,,,,1826,reachable,screen
USGS-05472500,1945-10-01 00:00:00.000001,2026-08-17 00:00:00.000001,1826,,,,,1826,reachable,screen
USGS-05473400,1977-07-01 00:00:00.000001,2026-08-17 00:00:00.000001,1826,,,,,1826,reachable,screen
USGS-05473450,1997-09-25 00:00:00.000001,2026-08-17 00:00:00.000001,1788,,,,,1788,reachable,screen
USGS-05474000,1913-09-30 00:00:00.000001,2026-08-18 00:00:00.000001,1826,,,,,1826,reachable,screen
USGS-05475350,2020-10-01 00:00:00.000001,2026-08-18 00:00:00.000001,822,,,,,822,reachable,screen
USGS-05476000,1909-06-01 00:00:00.000001,2026-08-17 00:00:00.000001,1826,,,,,1826,reachable,screen
USGS-05476500,1951-10-01 00:00:00.000001,1995-05-11 00:00:00.000001,0,0.0,15929.0,1951-10-01,1995-05-11,0,unreachable,individual fetch
USGS-05476590,2011-10-01 00:00:00.000001,2026-08-17 00:00:00.000001,1826,,,,,1826,reachable,screen
USGS-05476750,1964-10-01 00:00:00.000001,2026-08-17 00:00:00.000001,1826,,,,,1826,reachable,screen
USGS-05478265,2011-10-01 00:00:00.000001,2026-08-17 00:00:00.000001,1826,,,,,1826,reachable,screen
USGS-05479000,1940-03-01 00:00:00.000001,2026-08-16 00:00:00.000001,1826,,,,,1826,reachable,screen
USGS-05480500,1905-04-23 00:00:00.000001,2026-08-18 00:00:00.000001,1826,,,,,1826,reachable,screen
USGS-05480820,2011-10-01 00:00:00.000001,2026-08-17 00:00:00.000001,1826,,,,,1826,reachable,screen
USGS-05481000,1940-03-09 00:00:00.000001,2026-08-17 00:00:00.000001,1826,,,,,1826,reachable,screen
USGS-05481300,1967-10-01 00:00:00.000001,2026-08-17 00:00:00.000001,1826,,,,,1826,reachable,screen
USGS-05481650,1961-10-01 00:00:00.000001,2026-08-17 00:00:00.000001,1826,,,,,1826,reachable,screen
USGS-05481950,1960-04-20 00:00:00.000001,2026-08-17 00:00:00.000001,1826,,,,,1826,reachable,screen
USGS-05482000,1915-03-01 00:00:00.000001,2026-08-18 00:00:00.000001,1819,,,,,1819,reachable,screen
USGS-05482300,1958-06-01 00:00:00.000001,2026-08-17 00:00:00.000001,1826,,,,,1826,reachable,screen
USGS-05482500,1940-03-01 00:00:00.000001,2026-08-17 00:00:00.000001,1826,,,,,1826,reachable,screen
USGS-05483450,1979-03-23 00:00:00.000001,2026-08-18 00:00:00.000001,1826,,,,,1826,reachable,screen
USGS-05483600,1958-06-24 00:00:00.000001,2026-08-17 00:00:00.000001,1826,,,,,1826,reachable,screen
USGS-05484000,1940-03-04 00:00:00.000001,2026-08-18 00:00:00.000001,1826,,,,,1826,reachable,screen
USGS-05484500,1915-04-25 00:00:00.000001,2026-08-17 00:00:00.000001,1826,,,,,1826,reachable,screen
USGS-05484600,,,0,0.0,0.0,,,0,unreachable,individual fetch
USGS-05484650,1996-10-01 00:00:00.000001,2026-08-17 00:00:00.000001,1826,,,,,1826,reachable,screen
USGS-05484800,1971-10-01 00:00:00.000001,2026-08-18 00:00:00.000001,1826,,,,,1826,reachable,screen
USGS-05484900,1996-10-01 00:00:00.000001,2026-08-18 00:00:00.000001,1826,,,,,1826,reachable,screen
USGS-05485500,1940-04-01 00:00:00.000001,2026-08-17 00:00:00.000001,1826,,,,,1826,reachable,screen
USGS-05485605,2003-06-04 00:00:00.000001,2026-08-17 00:00:00.000001,1826,,,,,1826,reachable,screen
USGS-05485640,1971-10-01 00:00:00.000001,2026-08-17 00:00:00.000001,1826,,,,,1826,reachable,screen
USGS-05486000,1940-02-28 00:00:00.000001,2026-08-14 00:00:00.000001,1826,,,,,1826,reachable,screen
USGS-05486490,1940-03-01 00:00:00.000001,2026-08-17 00:00:00.000001,1826,,,,,1826,reachable,screen
USGS-05487470,1940-03-01 00:00:00.000001,2026-08-17 00:00:00.000001,1824,,,,,1824,reachable,screen
USGS-05487520,2009-10-01 00:00:00.000001,2026-08-17 00:00:00.000001,1826,,,,,1826,reachable,screen
USGS-05487980,1962-10-01 00:00:00.000001,2026-08-17 00:00:00.000001,1826,,,,,1826,reachable,screen
USGS-05488110,1992-10-01 00:00:00.000001,2026-08-17 00:00:00.000001,1826,,,,,1826,reachable,screen
USGS-05488200,1985-07-01 00:00:00.000001,2026-08-17 00:00:00.000001,1826,,,,,1826,reachable,screen
USGS-05488500,1920-03-01 00:00:00.000001,2026-08-17 00:00:00.000001,1826,,,,,1826,reachable,screen
USGS-05489000,1947-10-01 00:00:00.000001,2026-08-17 00:00:00.000001,1826,,,,,1826,reachable,screen
USGS-05489200,2021-06-09 00:00:00.000001,2026-08-18 00:00:00.000001,571,,,,,571,reachable,screen
USGS-05489500,1917-03-28 00:00:00.000001,2026-08-17 00:00:00.000001,1826,,,,,1826,reachable,screen
USGS-05490500,1903-05-29 00:00:00.000001,2026-08-17 00:00:00.000001,1826,,,,,1826,reachable,screen
USGS-05490600,1987-10-27 00:00:00.000001,2026-08-17 00:00:00.000001,1826,,,,,1826,reachable,screen
USGS-05495000,1922-03-01 00:00:00.000001,2026-08-17 00:00:00.000001,1811,,,,,1811,reachable,screen
USGS-05495500,1944-03-01 00:00:00.000001,2026-08-17 00:00:00.000001,1826,,,,,1826,reachable,screen
USGS-05496000,1932-10-01 00:00:00.000001,2026-08-17 00:00:00.000001,1826,,,,,1826,reachable,screen
USGS-05497150,2005-10-01 00:00:00.000001,2026-08-17 00:00:00.000001,1826,,,,,1826,reachable,screen
USGS-05498150,2005-10-01 00:00:00.000001,2026-08-17 00:00:00.000001,1826,,,,,1826,reachable,screen
USGS-05498700,2008-03-08 00:00:00.000001,2026-08-17 00:00:00.000001,1826,,,,,1826,reachable,screen
USGS-05500000,1935-01-01 00:00:00.000001,2026-08-17 00:00:00.000001,1826,,,,,1826,reachable,screen
USGS-05501000,1935-01-01 00:00:00.000001,2026-08-18 00:00:00.000001,1826,,,,,1826,reachable,screen
USGS-05502000,1938-10-01 00:00:00.000001,2026-08-17 00:00:00.000001,1826,,,,,1826,reachable,screen
USGS-05502300,1974-09-01 00:00:00.000001,2026-08-19 00:00:00.000001,1826,,,,,1826,reachable,screen
USGS-05502500,1933-10-01 00:00:00.000001,2026-08-19 00:00:00.000001,1826,,,,,1826,reachable,screen
USGS-05503800,1979-10-01 00:00:00.000001,2026-08-19 00:00:00.000001,1826,,,,,1826,reachable,screen
USGS-05504800,1939-10-01 00:00:00.000001,2026-08-17 00:00:00.000001,1826,,,,,1826,reachable,screen
USGS-05506100,1994-12-11 00:00:00.000001,2026-08-17 00:00:00.000001,1826,,,,,1826,reachable,screen
USGS-05506350,1998-12-17 00:00:00.000001,2026-08-19 00:00:00.000001,1826,,,,,1826,reachable,screen
USGS-05506800,1968-10-01 00:00:00.000001,2026-08-19 00:00:00.000001,1826,,,,,1826,reachable,screen
USGS-05507600,1979-10-01 00:00:00.000001,2026-08-19 00:00:00.000001,1826,,,,,1826,reachable,screen
USGS-05507800,1979-10-01 00:00:00.000001,2026-08-17 00:00:00.000001,1826,,,,,1826,reachable,screen
USGS-05508000,1922-10-01 00:00:00.000001,2026-08-18 00:00:00.000001,1826,,,,,1826,reachable,screen
USGS-05508805,1976-01-06 00:00:00.000001,2026-08-17 00:00:00.000001,1826,,,,,1826,reachable,screen
USGS-05512500,1939-10-01 00:00:00.000001,2024-11-18 00:00:00.000001,1826,,,,,1826,reachable,screen
USGS-05514500,1922-03-01 00:00:00.000001,2026-08-17 00:00:00.000001,1826,,,,,1826,reachable,screen
USGS-05514840,1999-11-18 00:00:00.000001,2026-08-18 00:00:00.000001,1826,,,,,1826,reachable,screen
USGS-05514860,1999-11-18 00:00:00.000001,2026-08-17 00:00:00.000001,1826,,,,,1826,reachable,screen
USGS-05515500,1925-10-01 00:00:00.000001,2026-08-17 00:00:00.000001,1826,,,,,1826,reachable,screen
USGS-05516500,1948-10-01 00:00:00.000001,2026-08-17 00:00:00.000001,1826,,,,,1826,reachable,screen
USGS-05516665,2012-05-10 00:00:00.000001,2026-08-18 00:00:00.000001,1826,,,,,1826,reachable,screen
USGS-05517000,1943-10-01 00:00:00.000001,2026-08-17 00:00:00.000001,1826,,,,,1826,reachable,screen
USGS-05517500,1948-10-01 00:00:00.000001,2026-08-18 00:00:00.000001,1826,,,,,1826,reachable,screen
USGS-05517530,1974-10-01 00:00:00.000001,2026-08-17 00:00:00.000001,1826,,,,,1826,reachable,screen
USGS-05518000,1923-04-01 00:00:00.000001,2026-08-17 00:00:00.000001,1826,,,,,1826,reachable,screen
USGS-05520500,1905-02-24 00:00:00.000001,2026-08-18 00:00:00.000001,1826,,,,,1826,reachable,screen
USGS-05520980,2019-03-21 00:00:00.000001,2026-08-18 00:00:00.000001,1382,,,,,1382,reachable,screen
USGS-05522500,1948-10-01 00:00:00.000001,2026-08-17 00:00:00.000001,1826,,,,,1826,reachable,screen
USGS-05523865,2026-04-20 00:00:00.000001,2026-08-18 00:00:00.000001,0,0.0,121.0,2026-04-20,2026-08-18,0,unreachable,individual fetch
USGS-05524500,1949-04-01 00:00:00.000001,2026-08-17 00:00:00.000001,1826,,,,,1826,reachable,screen
USGS-05525000,1944-10-01 00:00:00.000001,2026-08-17 00:00:00.000001,1826,,,,,1826,reachable,screen
USGS-05525500,1948-07-21 00:00:00.000001,2026-08-17 00:00:00.000001,1826,,,,,1826,reachable,screen
USGS-05526000,1923-04-13 00:00:00.000001,2026-08-17 00:00:00.000001,1826,,,,,1826,reachable,screen
USGS-05527500,1914-11-06 00:00:00.000001,2026-08-18 00:00:00.000001,1826,,,,,1826,reachable,screen
USGS-05527800,1967-07-01 00:00:00.000001,2026-08-17 00:00:00.000001,1826,,,,,1826,reachable,screen
USGS-05527950,1989-10-01 00:00:00.000001,2026-08-17 00:00:00.000001,1826,,,,,1826,reachable,screen
USGS-05528000,1945-10-01 00:00:00.000001,2026-08-17 00:00:00.000001,1826,,,,,1826,reachable,screen
USGS-05528100,2009-06-11 00:00:00.000001,2026-08-18 00:00:00.000001,1826,,,,,1826,reachable,screen
USGS-05528500,1952-08-12 00:00:00.000001,2026-08-17 00:00:00.000001,1826,,,,,1826,reachable,screen
USGS-05529000,1940-10-01 00:00:00.000001,2026-08-18 00:00:00.000001,1826,,,,,1826,reachable,screen
USGS-05529500,1952-08-13 00:00:00.000001,2026-08-18 00:00:00.000001,1826,,,,,1826,reachable,screen
USGS-05530000,1950-10-01 00:00:00.000001,2026-08-18 00:00:00.000001,1826,,,,,1826,reachable,screen
USGS-05530100,2019-06-27 00:00:00.000001,2026-08-18 00:00:00.000001,1284,,,,,1284,reachable,screen
USGS-05530990,1973-07-12 00:00:00.000001,2026-08-18 00:00:00.000001,1826,,,,,1826,reachable,screen
USGS-05531045,2015-11-03 00:00:00.000001,2026-08-18 00:00:00.000001,1826,,,,,1826,reachable,screen
USGS-05531300,1989-06-01 00:00:00.000001,2026-08-18 00:00:00.000001,1826,,,,,1826,reachable,screen
USGS-05531500,1945-10-01 00:00:00.000001,2026-08-18 00:00:00.000001,1826,,,,,1826,reachable,screen
USGS-05532000,1950-08-16 00:00:00.000001,2026-08-17 00:00:00.000001,1826,,,,,1826,reachable,screen
USGS-05532500,1943-10-01 00:00:00.000001,2026-08-18 00:00:00.000001,1826,,,,,1826,reachable,screen
USGS-05533000,1951-07-26 00:00:00.000001,2026-08-17 00:00:00.000001,1826,,,,,1826,reachable,screen
USGS-05533400,1985-12-11 00:00:00.000001,2026-08-18 00:00:00.000001,1826,,,,,1826,reachable,screen
USGS-05533600,2010-11-17 00:00:00.000001,2026-08-17 00:00:00.000001,1826,,,,,1826,reachable,screen
USGS-05534500,1952-08-01 00:00:00.000001,2026-08-17 00:00:00.000001,1826,,,,,1826,reachable,screen
USGS-05535000,1951-10-01 00:00:00.000001,2026-08-18 00:00:00.000001,1826,,,,,1826,reachable,screen
USGS-05535070,1967-08-21 00:00:00.000001,2026-08-17 00:00:00.000001,1826,,,,,1826,reachable,screen
USGS-05535500,1952-08-08 00:00:00.000001,2026-08-18 00:00:00.000001,1826,,,,,1826,reachable,screen
USGS-05536000,1950-10-01 00:00:00.000001,2026-08-17 00:00:00.000001,1826,,,,,1826,reachable,screen
USGS-05536085,2018-04-21 00:00:00.000001,2026-08-17 00:00:00.000001,1716,,,,,1716,reachable,screen
USGS-05536118,2002-07-02 00:00:00.000001,2010-09-30 00:00:00.000001,0,0.0,2934.0,2002-07-02,2010-09-30,0,unreachable,individual fetch
USGS-05536123,1996-10-01 00:00:00.000001,2006-09-30 00:00:00.000001,0,0.0,3652.0,1996-10-01,2006-09-30,0,unreachable,individual fetch
USGS-05536162,2009-04-17 00:00:00.000001,2026-08-18 00:00:00.000001,1826,,,,,1826,reachable,screen
USGS-05536179,1989-09-19 00:00:00.000001,2026-08-17 00:00:00.000001,1826,,,,,1826,reachable,screen
USGS-05536190,1942-10-01 00:00:00.000001,2026-08-17 00:00:00.000001,1826,,,,,1826,reachable,screen
USGS-05536195,1958-07-01 00:00:00.000001,2026-08-17 00:00:00.000001,1826,,,,,1826,reachable,screen
USGS-05536215,1949-05-17 00:00:00.000001,2026-08-17 00:00:00.000001,1826,,,,,1826,reachable,screen
USGS-05536235,1948-05-17 00:00:00.000001,2026-08-17 00:00:00.000001,1826,,,,,1826,reachable,screen
USGS-05536255,1948-05-17 00:00:00.000001,2026-08-17 00:00:00.000001,1826,,,,,1826,reachable,screen
USGS-05536265,1948-05-17 00:00:00.000001,2026-08-17 00:00:00.000001,1826,,,,,1826,reachable,screen
USGS-05536275,1948-05-17 00:00:00.000001,2026-08-17 00:00:00.000001,1826,,,,,1826,reachable,screen
USGS-05536290,1947-10-01 00:00:00.000001,2026-08-18 00:00:00.000001,1826,,,,,1826,reachable,screen
USGS-05536310,2019-11-27 00:00:00.000001,2026-08-18 00:00:00.000001,1131,,,,,1131,reachable,screen
USGS-05536340,1950-10-01 00:00:00.000001,2026-08-18 00:00:00.000001,1826,,,,,1826,reachable,screen
USGS-05536343,2014-11-01 00:00:00.000001,2026-08-17 00:00:00.000001,906,,,,,906,reachable,screen
USGS-05536356,2020-11-21 00:00:00.000001,2026-08-18 00:00:00.000001,771,,,,,771,reachable,screen
USGS-05536500,1951-07-11 00:00:00.000001,2026-08-17 00:00:00.000001,1826,,,,,1826,reachable,screen
USGS-05536580,2017-09-30 00:00:00.000001,2026-08-17 00:00:00.000001,1696,,,,,1696,reachable,screen
USGS-05536890,2004-12-07 00:00:00.000001,2026-08-18 00:00:00.000001,1826,,,,,1826,reachable,screen
USGS-05537500,1951-07-01 00:00:00.000001,2026-08-17 00:00:00.000001,1826,,,,,1826,reachable,screen
USGS-05537980,2005-02-08 00:00:00.000001,2026-08-17 00:00:00.000001,1826,,,,,1826,reachable,screen
USGS-05539000,1944-10-01 00:00:00.000001,2026-08-18 00:00:00.000001,1826,,,,,1826,reachable,screen
USGS-05539900,2026-02-24 00:00:00.000001,2026-08-17 00:00:00.000001,1826,,,,,1826,reachable,screen
USGS-05540060,1985-11-08 00:00:00.000001,2026-08-17 00:00:00.000001,1825,,,,,1825,reachable,screen
USGS-05540095,1968-10-01 00:00:00.000001,2026-08-18 00:00:00.000001,1826,,,,,1826,reachable,screen
USGS-05540130,1988-10-01 00:00:00.000001,2026-08-17 00:00:00.000001,1826,,,,,1826,reachable,screen
USGS-05540160,1989-10-01 00:00:00.000001,2026-08-17 00:00:00.000001,1826,,,,,1826,reachable,screen
USGS-05540195,1988-10-01 00:00:00.000001,2026-08-17 00:00:00.000001,1826,,,,,1826,reachable,screen
USGS-05540228,2019-10-10 00:00:00.000001,2026-08-17 00:00:00.000001,1179,,,,,1179,reachable,screen
USGS-05540250,1988-10-01 00:00:00.000001,2026-08-17 00:00:00.000001,1826,,,,,1826,reachable,screen
USGS-05540275,1987-10-01 00:00:00.000001,2026-08-18 00:00:00.000001,1826,,,,,1826,reachable,screen
USGS-05540290,2011-01-05 00:00:00.000001,2026-08-18 00:00:00.000001,1826,,,,,1826,reachable,screen
USGS-05540500,1940-10-01 00:00:00.000001,2026-08-17 00:00:00.000001,1826,,,,,1826,reachable,screen
USGS-05541710,2007-03-16 00:00:00.000001,2026-08-17 00:00:00.000001,1826,,,,,1826,reachable,screen
USGS-05542000,1939-10-01 00:00:00.000001,2026-08-17 00:00:00.000001,1826,,,,,1826,reachable,screen
USGS-05542500,2016-08-09 00:00:00.000001,2026-08-18 00:00:00.000001,1826,,,,,1826,reachable,screen
USGS-05543500,1919-10-01 00:00:00.000001,2026-08-18 00:00:00.000001,1826,,,,,1826,reachable,screen
USGS-05543830,1963-01-01 00:00:00.000001,2026-08-17 00:00:00.000001,1826,,,,,1826,reachable,screen
USGS-05544200,1973-06-20 00:00:00.000001,2026-08-17 00:00:00.000001,1826,,,,,1826,reachable,screen
USGS-055451345,1997-09-30 00:00:00.000001,2025-11-17 00:00:00.000001,1826,,,,,1826,reachable,screen
USGS-05545750,1993-09-30 00:00:00.000001,2026-08-19 00:00:00.000001,1826,,,,,1826,reachable,screen
USGS-05548105,1994-06-13 00:00:00.000001,2026-08-18 00:00:00.000001,1826,,,,,1826,reachable,screen
USGS-05548280,1966-08-19 00:00:00.000001,2026-08-17 00:00:00.000001,1826,,,,,1826,reachable,screen
USGS-05548500,1997-12-01 00:00:00.000001,1999-08-16 00:00:00.000001,0,0.0,624.0,1997-12-01,1999-08-16,0,unreachable,individual fetch
USGS-05549000,1948-07-13 00:00:00.000001,2026-08-18 00:00:00.000001,1826,,,,,1826,reachable,screen
USGS-05549400,2020-09-25 00:00:00.000001,2026-03-19 00:00:00.000001,828,,,,,828,reachable,screen
USGS-05549850,1989-10-01 00:00:00.000001,1996-09-30 00:00:00.000001,0,0.0,2557.0,1989-10-01,1996-09-30,0,unreachable,individual fetch
USGS-05550000,1915-10-01 00:00:00.000001,2009-09-30 00:00:00.000001,0,0.0,34334.0,1915-10-01,2009-09-30,0,unreachable,individual fetch
USGS-05550001,2009-09-30 00:00:00.000001,2026-08-17 00:00:00.000001,1826,,,,,1826,reachable,screen
USGS-05550300,1998-05-28 00:00:00.000001,2026-08-18 00:00:00.000001,1826,,,,,1826,reachable,screen
USGS-05550500,1951-08-14 00:00:00.000001,2026-08-17 00:00:00.000001,1826,,,,,1826,reachable,screen
USGS-05551000,1989-10-01 00:00:00.000001,2026-08-18 00:00:00.000001,1826,,,,,1826,reachable,screen
USGS-05551200,1960-12-01 00:00:00.000001,2026-08-17 00:00:00.000001,1826,,,,,1826,reachable,screen
USGS-05551330,1998-05-27 00:00:00.000001,2026-08-17 00:00:00.000001,1826,,,,,1826,reachable,screen
USGS-05551540,2002-10-01 00:00:00.000001,2026-08-17 00:00:00.000001,1826,,,,,1826,reachable,screen
USGS-05551545,2012-09-27 00:00:00.000001,2026-08-17 00:00:00.000001,1826,,,,,1826,reachable,screen
USGS-05551580,2012-07-21 00:00:00.000001,2026-08-18 00:00:00.000001,1826,,,,,1826,reachable,screen
USGS-05551675,1998-06-03 00:00:00.000001,2026-08-17 00:00:00.000001,1826,,,,,1826,reachable,screen
USGS-05551700,1960-10-01 00:00:00.000001,2026-08-17 00:00:00.000001,1826,,,,,1826,reachable,screen
USGS-05552500,1914-11-05 00:00:00.000001,2026-08-18 00:00:00.000001,1826,,,,,1826,reachable,screen
USGS-05554300,2011-07-07 00:00:00.000001,2026-03-30 00:00:00.000001,402,,,,,402,reachable,screen
USGS-05554500,1942-10-01 00:00:00.000001,2026-08-18 00:00:00.000001,1826,,,,,1826,reachable,screen
USGS-05555300,1931-05-08 00:00:00.000001,2026-08-18 00:00:00.000001,1826,,,,,1826,reachable,screen
USGS-05556500,1936-03-01 00:00:00.000001,2026-08-18 00:00:00.000001,1826,,,,,1826,reachable,screen
USGS-05557500,1936-04-01 00:00:00.000001,2014-09-29 00:00:00.000001,0,0.0,11992.0,1936-04-01,2014-09-29,0,unreachable,individual fetch
USGS-05558300,1981-10-01 00:00:00.000001,2026-08-17 00:00:00.000001,1826,,,,,1826,reachable,screen
USGS-05560500,1948-10-01 00:00:00.000001,2026-08-17 00:00:00.000001,1826,,,,,1826,reachable,screen
USGS-05561500,1948-01-14 00:00:00.000001,2026-08-18 00:00:00.000001,1826,,,,,1826,reachable,screen
USGS-05564400,1958-05-16 00:00:00.000001,2026-08-17 00:00:00.000001,302,,,,,302,reachable,screen
USGS-05565700,2022-03-11 00:00:00.000001,2026-08-18 00:00:00.000001,296,,,,,296,reachable,screen
USGS-05567500,1944-10-01 00:00:00.000001,2026-08-18 00:00:00.000001,1826,,,,,1826,reachable,screen
USGS-05568000,1921-03-09 00:00:00.000001,2026-08-17 00:00:00.000001,1826,,,,,1826,reachable,screen
USGS-05568500,1939-10-01 00:00:00.000001,2026-08-17 00:00:00.000001,1826,,,,,1826,reachable,screen
USGS-05568705,,,0,0.0,0.0,,,0,unreachable,individual fetch
USGS-05568800,1959-10-01 00:00:00.000001,2026-08-17 00:00:00.000001,1826,,,,,1826,reachable,screen
USGS-05569500,1942-10-01 00:00:00.000001,2026-08-17 00:00:00.000001,1826,,,,,1826,reachable,screen
USGS-05570000,2025-12-08 00:00:00.000001,2026-08-17 00:00:00.000001,1826,,,,,1826,reachable,screen
USGS-05570910,1978-10-01 00:00:00.000001,2026-08-17 00:00:00.000001,1826,,,,,1826,reachable,screen
USGS-05572000,1908-02-04 00:00:00.000001,2026-08-18 00:00:00.000001,1826,,,,,1826,reachable,screen
USGS-05573540,1982-10-01 00:00:00.000001,2026-08-18 00:00:00.000001,1822,,,,,1822,reachable,screen
USGS-05576000,1949-07-01 00:00:00.000001,2026-08-18 00:00:00.000001,1826,,,,,1826,reachable,screen
USGS-05576090,2021-12-16 00:00:00.000001,2026-08-17 00:00:00.000001,381,,,,,381,reachable,screen
USGS-05576100,,,0,0.0,0.0,,,0,unreachable,individual fetch
USGS-05576193,2021-12-16 00:00:00.000001,2026-08-17 00:00:00.000001,381,,,,,381,reachable,screen
USGS-05576195,2016-01-03 00:00:00.000001,2018-11-12 00:00:00.000001,316,,,,,316,reachable,screen
USGS-05576250,2010-04-01 00:00:00.000001,2026-08-18 00:00:00.000001,1826,,,,,1826,reachable,screen
USGS-05576500,1908-02-13 00:00:00.000001,2026-08-18 00:00:00.000001,1826,,,,,1826,reachable,screen
USGS-05577500,1948-01-21 00:00:00.000001,2026-08-17 00:00:00.000001,1826,,,,,1826,reachable,screen
USGS-05578000,1948-01-01 00:00:00.000001,2026-08-17 00:00:00.000001,1826,,,,,1826,reachable,screen
USGS-05578100,2015-10-25 00:00:00.000001,2026-08-17 00:00:00.000001,1826,,,,,1826,reachable,screen
USGS-05578250,2015-10-23 00:00:00.000001,2026-08-19 00:00:00.000001,1826,,,,,1826,reachable,screen
USGS-05578500,1942-10-01 00:00:00.000001,2026-08-18 00:00:00.000001,1826,,,,,1826,reachable,screen
USGS-05579500,1948-01-22 00:00:00.000001,2026-08-17 00:00:00.000001,1826,,,,,1826,reachable,screen
USGS-05579630,2006-10-01 00:00:00.000001,2026-08-18 00:00:00.000001,338,,,,,338,reachable,screen
USGS-05579725,2005-05-26 00:00:00.000001,2026-08-17 00:00:00.000001,1826,,,,,1826,reachable,screen
USGS-05580000,1948-01-28 00:00:00.000001,2026-08-18 00:00:00.000001,1826,,,,,1826,reachable,screen
USGS-05580950,1974-10-01 00:00:00.000001,2026-08-17 00:00:00.000001,1826,,,,,1826,reachable,screen
USGS-05582000,1941-10-01 00:00:00.000001,2026-08-18 00:00:00.000001,1826,,,,,1826,reachable,screen
USGS-05583000,1909-10-01 00:00:00.000001,2026-08-18 00:00:00.000001,1826,,,,,1826,reachable,screen
USGS-05584500,1944-10-01 00:00:00.000001,2026-08-18 00:00:00.000001,1826,,,,,1826,reachable,screen
USGS-05585000,1921-03-12 00:00:00.000001,2026-08-17 00:00:00.000001,1826,,,,,1826,reachable,screen
USGS-05585500,1938-10-01 00:00:00.000001,1989-09-30 00:00:00.000001,0,0.0,18628.0,1938-10-01,1989-09-30,0,unreachable,individual fetch
USGS-05586100,1938-10-01 00:00:00.000001,2026-08-17 00:00:00.000001,1826,,,,,1826,reachable,screen
USGS-05587000,1921-03-11 00:00:00.000001,2026-08-17 00:00:00.000001,1826,,,,,1826,reachable,screen
USGS-05587450,1933-04-01 00:00:00.000001,2026-08-18 00:00:00.000001,1826,,,,,1826,reachable,screen
USGS-05587900,1969-08-01 00:00:00.000001,2026-08-17 00:00:00.000001,1826,,,,,1826,reachable,screen
USGS-05588000,1940-04-17 00:00:00.000001,2026-08-17 00:00:00.000001,1826,,,,,1826,reachable,screen
USGS-05590050,2005-06-01 00:00:00.000001,2026-08-17 00:00:00.000001,1826,,,,,1826,reachable,screen
USGS-05590520,2012-06-11 00:00:00.000001,2026-08-17 00:00:00.000001,1826,,,,,1826,reachable,screen
USGS-05590800,1972-10-01 00:00:00.000001,2026-08-17 00:00:00.000001,1826,,,,,1826,reachable,screen
USGS-05590950,1995-05-11 00:00:00.000001,2024-10-02 00:00:00.000001,1826,,,,,1826,reachable,screen
USGS-05591200,1970-08-27 00:00:00.000001,2026-08-17 00:00:00.000001,1826,,,,,1826,reachable,screen
USGS-05591550,1980-02-20 00:00:00.000001,2026-08-17 00:00:00.000001,1826,,,,,1826,reachable,screen
USGS-05591700,1980-02-20 00:00:00.000001,2026-08-17 00:00:00.000001,1826,,,,,1826,reachable,screen
USGS-05592000,1908-02-25 00:00:00.000001,2026-08-17 00:00:00.000001,1826,,,,,1826,reachable,screen
USGS-05592050,1979-10-01 00:00:00.000001,2026-08-17 00:00:00.000001,1826,,,,,1826,reachable,screen
USGS-05592100,1970-07-01 00:00:00.000001,2026-08-17 00:00:00.000001,1826,,,,,1826,reachable,screen
USGS-05592500,1908-02-26 00:00:00.000001,2026-08-17 00:00:00.000001,1826,,,,,1826,reachable,screen
USGS-05592575,1988-10-01 00:00:00.000001,2026-08-17 00:00:00.000001,1826,,,,,1826,reachable,screen
USGS-05592800,1970-10-01 00:00:00.000001,2026-08-17 00:00:00.000001,1826,,,,,1826,reachable,screen
USGS-05592900,1979-10-01 00:00:00.000001,2026-08-17 00:00:00.000001,1826,,,,,1826,reachable,screen
USGS-05593000,1908-03-02 00:00:00.000001,2026-08-17 00:00:00.000001,1826,,,,,1826,reachable,screen
USGS-05593575,1967-10-01 00:00:00.000001,2026-08-17 00:00:00.000001,1826,,,,,1826,reachable,screen
USGS-05593900,1963-10-01 00:00:00.000001,2026-08-17 00:00:00.000001,1826,,,,,1826,reachable,screen
USGS-05593945,1995-05-05 00:00:00.000001,2026-08-16 00:00:00.000001,1826,,,,,1826,reachable,screen
USGS-05594000,1909-11-05 00:00:00.000001,2026-08-17 00:00:00.000001,1826,,,,,1826,reachable,screen
USGS-05594100,1969-10-01 00:00:00.000001,2026-08-18 00:00:00.000001,1826,,,,,1826,reachable,screen
USGS-05594450,1966-10-01 00:00:00.000001,2026-08-17 00:00:00.000001,1826,,,,,1826,reachable,screen
USGS-05594800,1970-10-01 00:00:00.000001,2026-08-17 00:00:00.000001,1826,,,,,1826,reachable,screen
USGS-05595000,1909-10-01 00:00:00.000001,2026-08-18 00:00:00.000001,1826,,,,,1826,reachable,screen
USGS-05595200,1969-10-01 00:00:00.000001,2026-08-17 00:00:00.000001,1826,,,,,1826,reachable,screen
USGS-05595730,1979-09-11 00:00:00.000001,2026-08-18 00:00:00.000001,1826,,,,,1826,reachable,screen
USGS-05595820,1985-10-01 00:00:00.000001,2026-08-17 00:00:00.000001,1826,,,,,1826,reachable,screen
USGS-05595952,,,0,0.0,0.0,,,0,unreachable,individual fetch
USGS-05597000,1908-06-16 00:00:00.000001,2026-08-17 00:00:00.000001,1826,,,,,1826,reachable,screen
USGS-05597500,1951-10-01 00:00:00.000001,2026-08-17 00:00:00.000001,1826,,,,,1826,reachable,screen
USGS-05599490,1916-12-06 00:00:00.000001,2026-08-17 00:00:00.000001,1826,,,,,1826,reachable,screen
USGS-06006000,1997-07-01 00:00:00.000001,2026-08-17 00:00:00.000001,925,,,,,925,reachable,screen
USGS-06012500,1911-01-01 00:00:00.000001,2026-08-17 00:00:00.000001,1106,,,,,1106,reachable,screen
USGS-06016000,1907-10-01 00:00:00.000001,2026-08-17 00:00:00.000001,1233,,,,,1233,reachable,screen
USGS-06017000,1950-10-01 00:00:00.000001,2026-08-17 00:00:00.000001,1201,,,,,1201,reachable,screen
USGS-06018500,1935-08-21 00:00:00.000001,2026-08-17 00:00:00.000001,1826,,,,,1826,reachable,screen
USGS-06019500,1938-05-01 00:00:00.000001,2026-08-17 00:00:00.000001,1826,,,,,1826,reachable,screen
USGS-06020600,1962-11-30 00:00:00.000001,2026-08-17 00:00:00.000001,1826,,,,,1826,reachable,screen
USGS-06023000,1940-08-21 00:00:00.000001,2026-08-17 00:00:00.000001,938,,,,,938,reachable,screen
USGS-06023100,2008-07-01 00:00:00.000001,2026-08-18 00:00:00.000001,494,,,,,494,reachable,screen
USGS-06024450,1988-05-01 00:00:00.000001,2026-08-17 00:00:00.000001,1080,,,,,1080,reachable,screen
USGS-06024540,1997-10-01 00:00:00.000001,2026-08-17 00:00:00.000001,1081,,,,,1081,reachable,screen
USGS-06024580,1979-06-01 00:00:00.000001,2014-10-30 00:00:00.000001,0,0.0,1803.0,1979-06-01,2014-10-30,0,unreachable,individual fetch
USGS-06025250,1997-10-01 00:00:00.000001,2026-08-17 00:00:00.000001,1229,,,,,1229,reachable,screen
USGS-06025500,1923-10-01 00:00:00.000001,2026-08-17 00:00:00.000001,1826,,,,,1826,reachable,screen
USGS-06026210,1997-09-11 00:00:00.000001,2026-08-17 00:00:00.000001,1293,,,,,1293,reachable,screen
USGS-06026420,2007-07-01 00:00:00.000001,2026-08-17 00:00:00.000001,932,,,,,932,reachable,screen
USGS-06026500,1940-08-01 00:00:00.000001,2026-08-17 00:00:00.000001,1826,,,,,1826,reachable,screen
USGS-06027600,2006-07-01 00:00:00.000001,2026-08-17 00:00:00.000001,513,,,,,513,reachable,screen
USGS-06033000,1929-05-01 00:00:00.000001,2026-08-17 00:00:00.000001,1826,,,,,1826,reachable,screen
USGS-06035000,1938-05-01 00:00:00.000001,2026-08-17 00:00:00.000001,1044,,,,,1044,reachable,screen
USGS-06036650,1978-10-01 00:00:00.000001,2026-08-17 00:00:00.000001,1816,,,,,1816,reachable,screen
USGS-06036805,2006-10-01 00:00:00.000001,2026-08-17 00:00:00.000001,1826,,,,,1826,reachable,screen
USGS-06036905,1983-10-01 00:00:00.000001,2026-08-17 00:00:00.000001,1826,,,,,1826,reachable,screen
USGS-06036940,2004-07-01 00:00:00.000001,2026-08-18 00:00:00.000001,1826,,,,,1826,reachable,screen
USGS-06037100,2001-04-01 00:00:00.000001,2026-08-17 00:00:00.000001,1826,,,,,1826,reachable,screen
USGS-06037500,1913-07-01 00:00:00.000001,2026-08-17 00:00:00.000001,1826,,,,,1826,reachable,screen
USGS-06038500,1938-10-01 00:00:00.000001,2026-08-17 00:00:00.000001,1825,,,,,1825,reachable,screen
USGS-06038800,1959-09-01 00:00:00.000001,2026-08-17 00:00:00.000001,1826,,,,,1826,reachable,screen
USGS-06040000,1951-11-26 00:00:00.000001,2026-08-17 00:00:00.000001,1769,,,,,1769,reachable,screen
USGS-06040800,2002-04-01 00:00:00.000001,2026-08-17 00:00:00.000001,1826,,,,,1826,reachable,screen
USGS-06041000,1938-10-01 00:00:00.000001,2026-08-17 00:00:00.000001,1826,,,,,1826,reachable,screen
USGS-06043120,2019-05-02 00:00:00.000001,2026-08-17 00:00:00.000001,1340,,,,,1340,reachable,screen
USGS-06043500,1889-08-01 00:00:00.000001,2026-08-17 00:00:00.000001,1826,,,,,1826,reachable,screen
USGS-06048650,2014-10-11 00:00:00.000001,2026-08-17 00:00:00.000001,1826,,,,,1826,reachable,screen
USGS-06050000,1895-08-01 00:00:00.000001,2026-08-17 00:00:00.000001,1826,,,,,1826,reachable,screen
USGS-06052500,1893-10-01 00:00:00.000001,2026-08-17 00:00:00.000001,1826,,,,,1826,reachable,screen
USGS-06054500,1890-04-01 00:00:00.000001,2026-08-17 00:00:00.000001,1826,,,,,1826,reachable,screen
USGS-06061500,1908-07-01 00:00:00.000001,2026-08-17 00:00:00.000001,1826,,,,,1826,reachable,screen
USGS-06062500,1914-10-01 00:00:00.000001,2026-08-17 00:00:00.000001,1826,,,,,1826,reachable,screen
USGS-06063000,1908-08-01 00:00:00.000001,2026-08-17 00:00:00.000001,1826,,,,,1826,reachable,screen
USGS-06065500,1922-10-01 00:00:00.000001,2026-08-17 00:00:00.000001,1826,,,,,1826,reachable,screen
USGS-06066500,1945-10-01 00:00:00.000001,2026-08-17 00:00:00.000001,1826,,,,,1826,reachable,screen
USGS-06071300,1962-05-01 00:00:00.000001,2026-08-17 00:00:00.000001,1634,,,,,1634,reachable,screen
USGS-06073500,1945-10-01 00:00:00.000001,2026-08-17 00:00:00.000001,1826,,,,,1826,reachable,screen
USGS-06074000,1902-07-01 00:00:00.000001,2026-08-17 00:00:00.000001,1824,,,,,1824,reachable,screen
USGS-06076690,1977-10-01 00:00:00.000001,2026-08-17 00:00:00.000001,1824,,,,,1824,reachable,screen
USGS-06077200,1996-10-01 00:00:00.000001,2026-08-17 00:00:00.000001,1826,,,,,1826,reachable,screen
USGS-06077500,1951-04-01 00:00:00.000001,2026-08-17 00:00:00.000001,1032,,,,,1032,reachable,screen
USGS-06078200,1957-07-31 00:00:00.000001,2026-08-17 00:00:00.000001,1826,,,,,1826,reachable,screen
USGS-06078500,1911-05-01 00:00:00.000001,2026-08-17 00:00:00.000001,1826,,,,,1826,reachable,screen
USGS-06079000,1911-05-01 00:00:00.000001,2026-08-17 00:00:00.000001,1826,,,,,1826,reachable,screen
USGS-06080900,1967-10-01 00:00:00.000001,2026-08-17 00:00:00.000001,1826,,,,,1826,reachable,screen
USGS-06082200,1967-10-01 00:00:00.000001,2026-08-17 00:00:00.000001,1825,,,,,1825,reachable,screen
USGS-06085800,1966-03-29 00:00:00.000001,2026-08-17 00:00:00.000001,1826,,,,,1826,reachable,screen
USGS-06088500,1925-06-01 00:00:00.000001,2026-08-17 00:00:00.000001,1826,,,,,1826,reachable,screen
USGS-06089000,1934-04-01 00:00:00.000001,2026-08-17 00:00:00.000001,1826,,,,,1826,reachable,screen
USGS-06090300,1953-05-01 00:00:00.000001,2026-08-17 00:00:00.000001,1826,,,,,1826,reachable,screen
USGS-06090500,1951-05-01 00:00:00.000001,2026-08-17 00:00:00.000001,1826,,,,,1826,reachable,screen
USGS-06090800,1890-10-01 00:00:00.000001,2026-08-17 00:00:00.000001,1826,,,,,1826,reachable,screen
USGS-06091700,1977-04-28 00:00:00.000001,2026-08-18 00:00:00.000001,1826,,,,,1826,reachable,screen
USGS-06092020,2019-09-17 00:00:00.000001,2026-08-17 00:00:00.000001,1202,,,,,1202,reachable,screen
USGS-06093200,1973-10-01 00:00:00.000001,2026-08-17 00:00:00.000001,1823,,,,,1823,reachable,screen
USGS-06094900,2021-09-16 00:00:00.000001,2026-08-17 00:00:00.000001,472,,,,,472,reachable,screen
USGS-06098120,2020-08-26 00:00:00.000001,2026-08-17 00:00:00.000001,858,,,,,858,reachable,screen
USGS-06098800,2019-09-20 00:00:00.000001,2026-08-17 00:00:00.000001,1199,,,,,1199,reachable,screen
USGS-06099000,1905-08-01 00:00:00.000001,2026-08-17 00:00:00.000001,1826,,,,,1826,reachable,screen
USGS-06099500,1902-04-01 00:00:00.000001,2026-08-18 00:00:00.000001,1826,,,,,1826,reachable,screen
USGS-06101200,1976-10-01 00:00:00.000001,2026-08-18 00:00:00.000001,465,,,,,465,reachable,screen
USGS-06101500,1921-04-01 00:00:00.000001,2026-08-17 00:00:00.000001,1826,,,,,1826,reachable,screen
USGS-06102050,1959-10-01 00:00:00.000001,2026-08-17 00:00:00.000001,1082,,,,,1082,reachable,screen
USGS-06102500,1947-06-01 00:00:00.000001,2026-08-17 00:00:00.000001,1193,,,,,1193,reachable,screen
USGS-06108800,1998-06-01 00:00:00.000001,2026-08-17 00:00:00.000001,1826,,,,,1826,reachable,screen
USGS-06109500,1935-03-01 00:00:00.000001,2026-08-17 00:00:00.000001,1826,,,,,1826,reachable,screen
USGS-06110020,2014-10-01 00:00:00.000001,2026-08-17 00:00:00.000001,1826,,,,,1826,reachable,screen
USGS-06111800,2014-10-01 00:00:00.000001,2026-08-17 00:00:00.000001,1647,,,,,1647,reachable,screen
USGS-06114700,2000-10-01 00:00:00.000001,2026-08-17 00:00:00.000001,1236,,,,,1236,reachable,screen
USGS-06115200,1934-03-01 00:00:00.000001,2026-08-17 00:00:00.000001,1826,,,,,1826,reachable,screen
USGS-06119200,,,0,0.0,0.0,,,0,unreachable,individual fetch
USGS-06119600,2003-04-01 00:00:00.000001,2026-08-17 00:00:00.000001,1225,,,,,1225,reachable,screen
USGS-06120500,1907-08-01 00:00:00.000001,2026-08-17 00:00:00.000001,1826,,,,,1826,reachable,screen
USGS-06123030,1998-06-01 00:00:00.000001,2026-08-17 00:00:00.000001,1074,,,,,1074,reachable,screen
USGS-06125600,2012-04-01 00:00:00.000001,2026-08-17 00:00:00.000001,1070,,,,,1070,reachable,screen
USGS-06126500,1946-06-01 00:00:00.000001,2026-08-17 00:00:00.000001,1826,,,,,1826,reachable,screen
USGS-06127500,1928-09-01 00:00:00.000001,2026-08-17 00:00:00.000001,1073,,,,,1073,reachable,screen
USGS-06130000,1964-03-01 00:00:00.000001,2026-08-17 00:00:00.000001,1628,,,,,1628,reachable,screen
USGS-06130500,1929-05-01 00:00:00.000001,2026-08-17 00:00:00.000001,1826,,,,,1826,reachable,screen
USGS-06131200,1975-10-01 00:00:00.000001,2026-08-17 00:00:00.000001,1826,,,,,1826,reachable,screen
USGS-06133500,1911-05-01 00:00:00.000001,2026-08-17 00:00:00.000001,1231,,,,,1231,reachable,screen
USGS-06135000,1909-08-09 00:00:00.000001,2026-08-17 00:00:00.000001,1229,,,,,1229,reachable,screen
USGS-06137570,1975-10-01 00:00:00.000001,2026-08-17 00:00:00.000001,480,,,,,480,reachable,screen
USGS-06137575,2020-12-06 00:00:00.000001,2026-08-17 00:00:00.000001,756,,,,,756,reachable,screen
USGS-06138580,2020-09-25 00:00:00.000001,2026-08-17 00:00:00.000001,828,,,,,828,reachable,screen
USGS-06139500,1946-02-01 00:00:00.000001,2026-08-17 00:00:00.000001,1079,,,,,1079,reachable,screen
USGS-06139800,2001-09-01 00:00:00.000001,2026-08-17 00:00:00.000001,0,0.0,1285.0,2001-09-01,2026-08-18,0,unreachable,individual fetch
USGS-06139850,2001-07-01 00:00:00.000001,2026-08-17 00:00:00.000001,0,0.0,1345.0,2001-07-01,2026-08-18,0,unreachable,individual fetch
USGS-06139900,2001-07-01 00:00:00.000001,2026-08-17 00:00:00.000001,0,0.0,2166.0,2001-07-01,2026-08-18,0,unreachable,individual fetch
USGS-06140500,1898-05-01 00:00:00.000001,2026-08-17 00:00:00.000001,1826,,,,,1826,reachable,screen
USGS-06142400,1984-06-01 00:00:00.000001,2026-08-17 00:00:00.000001,1084,,,,,1084,reachable,screen
USGS-06151500,1905-04-01 00:00:00.000001,2026-08-17 00:00:00.000001,1084,,,,,1084,reachable,screen
USGS-06153800,2023-04-19 00:00:00.000001,2026-08-17 00:00:00.000001,0,0.0,1217.0,2023-04-19,2026-08-17,0,unreachable,individual fetch
USGS-06154100,1959-10-01 00:00:00.000001,2026-08-17 00:00:00.000001,1225,,,,,1225,reachable,screen
USGS-06154390,2024-10-01 00:00:00.000001,2026-08-17 00:00:00.000001,0,0.0,687.0,2024-10-01,2026-08-18,0,unreachable,individual fetch
USGS-06154400,1966-12-01 00:00:00.000001,2026-08-17 00:00:00.000001,1826,,,,,1826,reachable,screen
USGS-06154410,1972-08-01 00:00:00.000001,2026-08-17 00:00:00.000001,0,0.0,14262.0,1972-08-01,2026-08-18,0,unreachable,individual fetch
USGS-06154430,1987-03-01 00:00:00.000001,2026-08-17 00:00:00.000001,0,0.0,4995.0,1987-03-01,2000-11-01,0,unreachable,individual fetch
USGS-06155030,1982-09-28 00:00:00.000001,2026-08-17 00:00:00.000001,1225,,,,,1225,reachable,screen
USGS-06155500,1902-08-01 00:00:00.000001,2026-08-17 00:00:00.000001,1826,,,,,1826,reachable,screen
USGS-06164510,1977-10-01 00:00:00.000001,2026-08-17 00:00:00.000001,1826,,,,,1826,reachable,screen
USGS-06164623,1983-05-01 00:00:00.000001,1996-07-11 00:00:00.000001,0,0.0,3559.0,1983-05-01,1996-07-11,0,unreachable,individual fetch
USGS-06166000,1920-04-01 00:00:00.000001,2026-08-17 00:00:00.000001,1225,,,,,1225,reachable,screen
USGS-06167500,1918-04-01 00:00:00.000001,2026-08-17 00:00:00.000001,1224,,,,,1224,reachable,screen
USGS-06169500,1916-03-01 00:00:00.000001,2026-08-17 00:00:00.000001,1826,,,,,1826,reachable,screen
USGS-06172310,1973-10-01 00:00:00.000001,2026-08-18 00:00:00.000001,1294,,,,,1294,reachable,screen
USGS-06174500,1939-10-01 00:00:00.000001,2026-08-17 00:00:00.000001,1826,,,,,1826,reachable,screen
USGS-06177000,1928-10-01 00:00:00.000001,2026-08-17 00:00:00.000001,1826,,,,,1826,reachable,screen
USGS-06177500,1929-04-01 00:00:00.000001,2026-08-17 00:00:00.000001,1826,,,,,1826,reachable,screen
USGS-06178000,1931-03-01 00:00:00.000001,2026-08-17 00:00:00.000001,1229,,,,,1229,reachable,screen
USGS-06181000,1908-08-01 00:00:00.000001,2026-08-17 00:00:00.000001,1826,,,,,1826,reachable,screen
USGS-06183450,1978-10-01 00:00:00.000001,2026-08-17 00:00:00.000001,1826,,,,,1826,reachable,screen
USGS-06185110,1981-10-01 00:00:00.000001,2026-08-17 00:00:00.000001,1826,,,,,1826,reachable,screen
USGS-06185500,1941-07-01 00:00:00.000001,2026-08-17 00:00:00.000001,1826,,,,,1826,reachable,screen
USGS-06186500,1926-10-01 00:00:00.000001,2026-08-17 00:00:00.000001,1826,,,,,1826,reachable,screen
USGS-06187915,1998-10-01 00:00:00.000001,2026-08-17 00:00:00.000001,1826,,,,,1826,reachable,screen
USGS-06188000,1923-05-01 00:00:00.000001,2026-08-17 00:00:00.000001,1826,,,,,1826,reachable,screen
USGS-06190540,1988-10-01 00:00:00.000001,2026-08-17 00:00:00.000001,1826,,,,,1826,reachable,screen
USGS-06191000,1938-10-01 00:00:00.000001,2026-08-17 00:00:00.000001,1826,,,,,1826,reachable,screen
USGS-06191500,1889-08-01 00:00:00.000001,2026-08-17 00:00:00.000001,1826,,,,,1826,reachable,screen
USGS-06192500,1897-05-01 00:00:00.000001,2026-08-17 00:00:00.000001,1826,,,,,1826,reachable,screen
USGS-06195600,1978-10-01 00:00:00.000001,2026-08-17 00:00:00.000001,1826,,,,,1826,reachable,screen
USGS-06197800,2019-10-05 00:00:00.000001,2026-08-17 00:00:00.000001,1184,,,,,1184,reachable,screen
USGS-06200000,1947-04-01 00:00:00.000001,2026-08-17 00:00:00.000001,1826,,,,,1826,reachable,screen
USGS-06204050,1965-09-01 00:00:00.000001,2026-08-18 00:00:00.000001,1826,,,,,1826,reachable,screen
USGS-06204070,2006-06-01 00:00:00.000001,2026-08-17 00:00:00.000001,1826,,,,,1826,reachable,screen
USGS-06205000,1910-08-01 00:00:00.000001,2026-08-17 00:00:00.000001,1826,,,,,1826,reachable,screen
USGS-06207500,1921-08-01 00:00:00.000001,2026-08-17 00:00:00.000001,1826,,,,,1826,reachable,screen
USGS-06208500,1921-07-29 00:00:00.000001,2026-08-18 00:00:00.000001,3652,,,,,3652,reachable,screen
USGS-06208790,1987-04-28 00:00:00.000001,2026-08-17 00:00:00.000001,798,,,,,798,reachable,screen
USGS-06209500,1999-12-09 00:00:00.000001,2026-08-17 00:00:00.000001,1826,,,,,1826,reachable,screen
USGS-06211000,1937-05-23 00:00:00.000001,2026-08-17 00:00:00.000001,1073,,,,,1073,reachable,screen
USGS-06211500,1937-05-22 00:00:00.000001,2026-08-17 00:00:00.000001,1225,,,,,1225,reachable,screen
USGS-06214500,1904-06-01 00:00:00.000001,2026-08-17 00:00:00.000001,1826,,,,,1826,reachable,screen
USGS-06218500,1945-10-01 00:00:00.000001,2026-08-17 00:00:00.000001,1826,,,,,1826,reachable,screen
USGS-06220800,1990-10-01 00:00:00.000001,2026-08-18 00:00:00.000001,1826,,,,,1826,reachable,screen
USGS-06221400,1957-10-01 00:00:00.000001,2026-08-17 00:00:00.000001,1826,,,,,1826,reachable,screen
USGS-06224000,1941-10-01 00:00:00.000001,2026-08-17 00:00:00.000001,1826,,,,,1826,reachable,screen
USGS-06227600,1974-04-01 00:00:00.000001,2026-08-17 00:00:00.000001,1826,,,,,1826,reachable,screen
USGS-06228000,1912-04-01 00:00:00.000001,2026-08-17 00:00:00.000001,1826,,,,,1826,reachable,screen
USGS-06228350,1976-10-01 00:00:00.000001,2026-08-17 00:00:00.000001,1826,,,,,1826,reachable,screen
USGS-06235500,1941-06-01 00:00:00.000001,2026-08-17 00:00:00.000001,1826,,,,,1826,reachable,screen
USGS-06236100,1990-05-01 00:00:00.000001,2026-08-16 00:00:00.000001,828,,,,,828,reachable,screen
USGS-06253000,1941-06-01 00:00:00.000001,2026-08-17 00:00:00.000001,1826,,,,,1826,reachable,screen
USGS-06258000,1949-03-01 00:00:00.000001,2026-08-17 00:00:00.000001,822,,,,,822,reachable,screen
USGS-06259000,1951-06-01 00:00:00.000001,2016-02-15 00:00:00.000001,0,0.0,23636.0,1951-06-01,2016-02-15,0,unreachable,individual fetch
USGS-06274300,1983-10-01 00:00:00.000001,2026-08-17 00:00:00.000001,1826,,,,,1826,reachable,screen
USGS-06278300,1956-10-01 00:00:00.000001,2022-10-04 00:00:00.000001,1738,,,,,1738,reachable,screen
USGS-06279500,1928-10-01 00:00:00.000001,2026-08-17 00:00:00.000001,1826,,,,,1826,reachable,screen
USGS-06279940,1989-10-01 00:00:00.000001,2026-08-17 00:00:00.000001,1826,,,,,1826,reachable,screen
USGS-06280300,1956-10-01 00:00:00.000001,2022-10-05 00:00:00.000001,1739,,,,,1739,reachable,screen
USGS-06281000,1903-05-01 00:00:00.000001,2026-08-17 00:00:00.000001,1826,,,,,1826,reachable,screen
USGS-06285100,1966-10-01 00:00:00.000001,2026-08-17 00:00:00.000001,1825,,,,,1825,reachable,screen
USGS-06286490,1987-04-24 00:00:00.000001,2026-08-18 00:00:00.000001,813,,,,,813,reachable,screen
USGS-06287000,1934-10-01 00:00:00.000001,2026-08-17 00:00:00.000001,1826,,,,,1826,reachable,screen
USGS-06287800,2012-06-01 00:00:00.000001,2026-08-17 00:00:00.000001,1826,,,,,1826,reachable,screen
USGS-06288400,2012-04-01 00:00:00.000001,2026-08-17 00:00:00.000001,1826,,,,,1826,reachable,screen
USGS-06289000,1939-04-01 00:00:00.000001,2026-08-17 00:00:00.000001,1826,,,,,1826,reachable,screen
USGS-06293890,1986-10-01 00:00:00.000001,2026-08-17 00:00:00.000001,1055,,,,,1055,reachable,screen
USGS-06294000,1953-06-01 00:00:00.000001,2026-08-18 00:00:00.000001,3652,,,,,3652,reachable,screen
USGS-06294500,1945-05-11 00:00:00.000001,2026-08-17 00:00:00.000001,1826,,,,,1826,reachable,screen
USGS-06295000,1921-05-15 00:00:00.000001,2026-08-17 00:00:00.000001,1826,,,,,1826,reachable,screen
USGS-06295113,1979-10-01 00:00:00.000001,2026-08-17 00:00:00.000001,1826,,,,,1826,reachable,screen
USGS-06295220,2015-07-09 00:00:00.000001,2026-08-17 00:00:00.000001,1826,,,,,1826,reachable,screen
USGS-06306300,1960-07-08 00:00:00.000001,2026-08-17 00:00:00.000001,1822,,,,,1822,reachable,screen
USGS-06307500,1939-05-18 00:00:00.000001,2026-08-17 00:00:00.000001,1826,,,,,1826,reachable,screen
USGS-06307616,1979-10-01 00:00:00.000001,2026-08-17 00:00:00.000001,1826,,,,,1826,reachable,screen
USGS-06307662,2021-09-29 00:00:00.000001,2026-08-17 00:00:00.000001,459,,,,,459,reachable,screen
USGS-06307830,1973-10-01 00:00:00.000001,2026-08-17 00:00:00.000001,1826,,,,,1826,reachable,screen
USGS-06308500,1938-04-01 00:00:00.000001,2026-08-17 00:00:00.000001,1826,,,,,1826,reachable,screen
USGS-06309000,1922-09-01 00:00:00.000001,2026-08-17 00:00:00.000001,1826,,,,,1826,reachable,screen
USGS-06309200,1961-09-01 00:00:00.000001,2026-08-17 00:00:00.000001,1826,,,,,1826,reachable,screen
USGS-06313400,1976-04-01 00:00:00.000001,1993-09-30 00:00:00.000001,0,0.0,6027.0,1976-04-01,1993-09-30,0,unreachable,individual fetch
USGS-06317000,1930-10-01 00:00:00.000001,2026-08-17 00:00:00.000001,1824,,,,,1824,reachable,screen
USGS-06318500,1917-07-01 00:00:00.000001,2026-08-17 00:00:00.000001,1826,,,,,1826,reachable,screen
USGS-06324500,1929-05-01 00:00:00.000001,2026-08-17 00:00:00.000001,1826,,,,,1826,reachable,screen
USGS-06324970,1972-10-01 00:00:00.000001,2021-10-25 00:00:00.000001,1394,,,,,1394,reachable,screen
USGS-06326500,1938-03-25 00:00:00.000001,2026-08-17 00:00:00.000001,1826,,,,,1826,reachable,screen
USGS-06327450,1992-05-07 00:00:00.000001,2012-10-02 00:00:00.000001,0,0.0,2182.0,1992-05-07,2012-10-02,0,unreachable,individual fetch
USGS-06327500,1897-10-01 00:00:00.000001,2026-08-16 00:00:00.000001,1826,,,,,1826,reachable,screen
USGS-06328495,2022-04-21 00:00:00.000001,2026-08-17 00:00:00.000001,194,,,,,194,reachable,screen
USGS-06329500,1910-10-01 00:00:00.000001,2026-08-17 00:00:00.000001,1826,,,,,1826,reachable,screen
USGS-06331000,1954-06-01 00:00:00.000001,2026-08-17 00:00:00.000001,1826,,,,,1826,reachable,screen
USGS-06331680,1976-10-01 00:00:00.000001,2026-08-17 00:00:00.000001,516,,,,,516,reachable,screen
USGS-06332000,1954-09-01 00:00:00.000001,2026-08-17 00:00:00.000001,1826,,,,,1826,reachable,screen
USGS-06332190,2024-05-23 00:00:00.000001,2026-08-18 00:00:00.000001,0,0.0,726.0,2024-05-23,2026-08-18,0,unreachable,individual fetch
USGS-06332515,1966-07-01 00:00:00.000001,2026-08-17 00:00:00.000001,1826,,,,,1826,reachable,screen
USGS-06332523,1991-07-01 00:00:00.000001,2026-08-17 00:00:00.000001,1826,,,,,1826,reachable,screen
USGS-06332770,1991-07-01 00:00:00.000001,2026-08-17 00:00:00.000001,1826,,,,,1826,reachable,screen
USGS-06334500,1903-10-01 00:00:00.000001,2026-08-17 00:00:00.000001,1826,,,,,1826,reachable,screen
USGS-06335500,1938-04-01 00:00:00.000001,2026-08-17 00:00:00.000001,1826,,,,,1826,reachable,screen
USGS-06335750,1977-10-01 00:00:00.000001,2026-08-18 00:00:00.000001,1826,,,,,1826,reachable,screen
USGS-06336000,1903-05-01 00:00:00.000001,2026-08-17 00:00:00.000001,1826,,,,,1826,reachable,screen
USGS-06336600,1977-10-01 00:00:00.000001,2026-08-17 00:00:00.000001,1070,,,,,1070,reachable,screen
USGS-06337000,1934-10-01 00:00:00.000001,2026-08-18 00:00:00.000001,1826,,,,,1826,reachable,screen
USGS-06337200,2022-05-19 00:00:00.000001,2026-08-18 00:00:00.000001,227,,,,,227,reachable,screen
USGS-06339100,1967-08-01 00:00:00.000001,2026-08-17 00:00:00.000001,1826,,,,,1826,reachable,screen
USGS-06339200,2024-03-01 00:00:00.000001,2026-08-18 00:00:00.000001,0,0.0,619.0,2024-03-01,2026-08-18,0,unreachable,individual fetch
USGS-06339500,1903-06-01 00:00:00.000001,2026-08-18 00:00:00.000001,1826,,,,,1826,reachable,screen
USGS-06340000,1924-03-01 00:00:00.000001,2026-08-17 00:00:00.000001,1826,,,,,1826,reachable,screen
USGS-06340010,2010-03-01 00:00:00.000001,2026-08-17 00:00:00.000001,1066,,,,,1066,reachable,screen
USGS-06340500,1929-04-01 00:00:00.000001,2026-08-17 00:00:00.000001,1826,,,,,1826,reachable,screen
USGS-06342260,1965-06-01 00:00:00.000001,2026-08-18 00:00:00.000001,1826,,,,,1826,reachable,screen
USGS-06342450,1967-10-01 00:00:00.000001,2026-08-17 00:00:00.000001,1070,,,,,1070,reachable,screen
USGS-06342500,1927-10-01 00:00:00.000001,2026-08-17 00:00:00.000001,1826,,,,,1826,reachable,screen
USGS-06343000,1946-07-01 00:00:00.000001,2026-08-17 00:00:00.000001,1094,,,,,1094,reachable,screen
USGS-06344600,1964-03-01 00:00:00.000001,2026-08-17 00:00:00.000001,1826,,,,,1826,reachable,screen
USGS-06345500,1903-06-01 00:00:00.000001,2026-08-18 00:00:00.000001,1826,,,,,1826,reachable,screen
USGS-06345780,2026-03-18 00:00:00.000001,2026-08-17 00:00:00.000001,1826,,,,,1826,reachable,screen
USGS-06347000,1948-07-01 00:00:00.000001,2026-08-17 00:00:00.000001,1071,,,,,1071,reachable,screen
USGS-06347500,1945-10-01 00:00:00.000001,2026-08-17 00:00:00.000001,1070,,,,,1070,reachable,screen
USGS-06348300,1988-10-01 00:00:00.000001,2026-08-17 00:00:00.000001,1826,,,,,1826,reachable,screen
USGS-06348500,1951-08-01 00:00:00.000001,2026-08-17 00:00:00.000001,1079,,,,,1079,reachable,screen
USGS-06349000,1924-04-01 00:00:00.000001,2026-08-18 00:00:00.000001,1826,,,,,1826,reachable,screen
USGS-06349500,1905-03-01 00:00:00.000001,2026-08-17 00:00:00.000001,1826,,,,,1826,reachable,screen
USGS-06349600,2002-06-01 00:00:00.000001,2026-08-17 00:00:00.000001,1070,,,,,1070,reachable,screen
USGS-06350000,1950-09-01 00:00:00.000001,2026-08-18 00:00:00.000001,1826,,,,,1826,reachable,screen
USGS-06351200,2001-03-01 00:00:00.000001,2026-08-17 00:00:00.000001,1826,,,,,1826,reachable,screen
USGS-06352000,1950-10-01 00:00:00.000001,2026-08-16 00:00:00.000001,1826,,,,,1826,reachable,screen
USGS-06353000,1939-04-01 00:00:00.000001,2026-08-17 00:00:00.000001,1826,,,,,1826,reachable,screen
USGS-06354000,1934-09-01 00:00:00.000001,2026-08-17 00:00:00.000001,1826,,,,,1826,reachable,screen
USGS-06354050,2023-03-29 00:00:00.000001,2026-08-18 00:00:00.000001,0,0.0,1071.0,2023-03-29,2026-08-18,0,unreachable,individual fetch
USGS-06354480,2010-03-01 00:00:00.000001,2026-08-17 00:00:00.000001,1070,,,,,1070,reachable,screen
USGS-06354580,1989-10-01 00:00:00.000001,2026-08-17 00:00:00.000001,1826,,,,,1826,reachable,screen
USGS-06354815,1991-07-01 00:00:00.000001,2026-08-18 00:00:00.000001,1643,,,,,1643,reachable,screen
USGS-06354881,2016-09-30 00:00:00.000001,2026-08-17 00:00:00.000001,1826,,,,,1826,reachable,screen
USGS-06354890,2023-04-11 00:00:00.000001,2025-11-24 00:00:00.000001,0,0.0,711.0,2023-04-11,2025-11-23,0,unreachable,individual fetch
USGS-06354980,2023-04-11 00:00:00.000001,2025-12-01 00:00:00.000001,0,0.0,828.0,2023-04-11,2025-12-01,0,unreachable,individual fetch
USGS-06355500,1945-12-01 00:00:00.000001,2026-08-17 00:00:00.000001,1826,,,,,1826,reachable,screen
USGS-06356500,1945-12-01 00:00:00.000001,2026-08-17 00:00:00.000001,1826,,,,,1826,reachable,screen
USGS-06357600,,,0,0.0,0.0,,,0,unreachable,individual fetch
USGS-06357800,1958-08-01 00:00:00.000001,2026-08-17 00:00:00.000001,1826,,,,,1826,reachable,screen
USGS-06359500,1943-03-01 00:00:00.000001,2026-08-18 00:00:00.000001,1826,,,,,1826,reachable,screen
USGS-06360500,1954-07-01 00:00:00.000001,2026-08-14 00:00:00.000001,1825,,,,,1825,reachable,screen
USGS-06386500,1948-10-01 00:00:00.000001,2026-08-17 00:00:00.000001,621,,,,,621,reachable,screen
USGS-06395000,1903-07-01 00:00:00.000001,2026-08-16 00:00:00.000001,1826,,,,,1826,reachable,screen
USGS-06400000,1950-10-01 00:00:00.000001,2026-08-17 00:00:00.000001,1826,,,,,1826,reachable,screen
USGS-06400875,1983-06-01 00:00:00.000001,2026-07-01 00:00:00.000001,1826,,,,,1826,reachable,screen
USGS-06401500,1945-11-01 00:00:00.000001,2026-08-17 00:00:00.000001,914,,,,,914,reachable,screen
USGS-06402000,1937-11-23 00:00:00.000001,2026-08-18 00:00:00.000001,1826,,,,,1826,reachable,screen
USGS-06402430,1990-10-24 00:00:00.000001,2025-07-07 00:00:00.000001,1826,,,,,1826,reachable,screen
USGS-06402500,1937-11-26 00:00:00.000001,2026-08-17 00:00:00.000001,1826,,,,,1826,reachable,screen
USGS-06402600,1968-10-01 00:00:00.000001,2026-08-17 00:00:00.000001,1826,,,,,1826,reachable,screen
USGS-06403300,1982-04-01 00:00:00.000001,2026-08-17 00:00:00.000001,1826,,,,,1826,reachable,screen
USGS-06403700,1998-09-12 00:00:00.000001,2026-08-17 00:00:00.000001,1826,,,,,1826,reachable,screen
USGS-06404000,1945-06-20 00:00:00.000001,2026-08-17 00:00:00.000001,1806,,,,,1806,reachable,screen
USGS-06404800,1989-01-26 00:00:00.000001,1998-09-30 00:00:00.000001,0,0.0,3535.0,1989-01-26,1998-09-30,0,unreachable,individual fetch
USGS-06404998,1945-10-01 00:00:00.000001,2026-08-17 00:00:00.000001,1826,,,,,1826,reachable,screen
USGS-06405800,1989-03-01 00:00:00.000001,1998-09-29 00:00:00.000001,0,0.0,3485.0,1989-03-01,1998-09-29,0,unreachable,individual fetch
USGS-06406000,1949-08-01 00:00:00.000001,2026-08-17 00:00:00.000001,1826,,,,,1826,reachable,screen
USGS-06406500,1950-10-01 00:00:00.000001,2026-08-17 00:00:00.000001,1826,,,,,1826,reachable,screen
USGS-06407500,1945-06-15 00:00:00.000001,2026-08-18 00:00:00.000001,1826,,,,,1826,reachable,screen
USGS-06408650,2007-04-01 00:00:00.000001,2026-08-17 00:00:00.000001,1826,,,,,1826,reachable,screen
USGS-06408700,1981-11-01 00:00:00.000001,2026-08-17 00:00:00.000001,1370,,,,,1370,reachable,screen
USGS-06409000,1948-07-01 00:00:00.000001,2026-08-17 00:00:00.000001,1826,,,,,1826,reachable,screen
USGS-06410000,1946-08-01 00:00:00.000001,2026-08-17 00:00:00.000001,1070,,,,,1070,reachable,screen
USGS-06410500,1953-10-01 00:00:00.000001,2026-08-17 00:00:00.000001,1826,,,,,1826,reachable,screen
USGS-06411500,1929-05-01 00:00:00.000001,2026-08-17 00:00:00.000001,1826,,,,,1826,reachable,screen
USGS-06412500,1946-08-01 00:00:00.000001,2026-08-17 00:00:00.000001,1826,,,,,1826,reachable,screen
USGS-06412810,1992-09-22 00:00:00.000001,2026-08-17 00:00:00.000001,1826,,,,,1826,reachable,screen
USGS-06412900,1987-10-01 00:00:00.000001,1994-09-30 00:00:00.000001,0,0.0,2557.0,1987-10-01,1994-09-30,0,unreachable,individual fetch
USGS-06414000,1942-07-01 00:00:00.000001,2026-08-17 00:00:00.000001,1826,,,,,1826,reachable,screen
USGS-06418800,2016-08-17 00:00:00.000001,2026-08-18 00:00:00.000001,1826,,,,,1826,reachable,screen
USGS-06421500,1946-08-01 00:00:00.000001,2026-08-17 00:00:00.000001,1826,,,,,1826,reachable,screen
USGS-06422500,1945-06-17 00:00:00.000001,2026-08-18 00:00:00.000001,1826,,,,,1826,reachable,screen
USGS-06423075,,,0,0.0,0.0,,,0,unreachable,individual fetch
USGS-06423500,1914-10-01 00:00:00.000001,2026-08-17 00:00:00.000001,1826,,,,,1826,reachable,screen
USGS-06425100,1978-11-01 00:00:00.000001,2026-06-17 00:00:00.000001,1826,,,,,1826,reachable,screen
USGS-06425500,1949-07-01 00:00:00.000001,2026-08-16 00:00:00.000001,1826,,,,,1826,reachable,screen
USGS-06426500,1943-10-01 00:00:00.000001,2026-08-17 00:00:00.000001,1823,,,,,1823,reachable,screen
USGS-06428500,1946-12-01 00:00:00.000001,2026-08-17 00:00:00.000001,1826,,,,,1826,reachable,screen
USGS-06429997,1987-04-23 00:00:00.000001,2026-08-17 00:00:00.000001,1826,,,,,1826,reachable,screen
USGS-06430500,1929-05-01 00:00:00.000001,2026-08-17 00:00:00.000001,1826,,,,,1826,reachable,screen
USGS-06430770,1988-10-01 00:00:00.000001,2026-08-17 00:00:00.000001,1826,,,,,1826,reachable,screen
USGS-06430800,1988-10-01 00:00:00.000001,2026-08-17 00:00:00.000001,289,,,,,289,reachable,screen
USGS-06430850,1988-10-01 00:00:00.000001,2026-08-18 00:00:00.000001,1826,,,,,1826,reachable,screen
USGS-06430898,1988-10-01 00:00:00.000001,1998-09-30 00:00:00.000001,0,0.0,3652.0,1988-10-01,1998-09-30,0,unreachable,individual fetch
USGS-06431500,1908-02-04 00:00:00.000001,2026-08-17 00:00:00.000001,1826,,,,,1826,reachable,screen
USGS-06433000,1945-10-01 00:00:00.000001,2026-08-17 00:00:00.000001,1826,,,,,1826,reachable,screen
USGS-06434505,1994-10-01 00:00:00.000001,2026-08-18 00:00:00.000001,1826,,,,,1826,reachable,screen
USGS-06436000,1945-11-01 00:00:00.000001,2026-08-17 00:00:00.000001,1826,,,,,1826,reachable,screen
USGS-06436156,1988-10-01 00:00:00.000001,1998-09-30 00:00:00.000001,0,0.0,3652.0,1988-10-01,1998-09-30,0,unreachable,individual fetch
USGS-06436170,1981-09-22 00:00:00.000001,2026-08-17 00:00:00.000001,0,0.0,6051.0,1981-09-22,2026-08-18,0,unreachable,individual fetch
USGS-06436180,1982-10-26 00:00:00.000001,2026-08-18 00:00:00.000001,1826,,,,,1826,reachable,screen
USGS-06436190,1981-09-22 00:00:00.000001,2026-08-17 00:00:00.000001,1826,,,,,1826,reachable,screen
USGS-06436198,1982-11-05 00:00:00.000001,2026-08-18 00:00:00.000001,1826,,,,,1826,reachable,screen
USGS-06437000,1945-11-07 00:00:00.000001,2026-08-17 00:00:00.000001,1826,,,,,1826,reachable,screen
USGS-06437020,1988-10-01 00:00:00.000001,2026-08-17 00:00:00.000001,1826,,,,,1826,reachable,screen
USGS-06438000,1928-08-19 00:00:00.000001,2026-08-17 00:00:00.000001,1826,,,,,1826,reachable,screen
USGS-06438500,1950-10-01 00:00:00.000001,2026-08-17 00:00:00.000001,1826,,,,,1826,reachable,screen
USGS-06439000,1945-10-01 00:00:00.000001,2026-08-17 00:00:00.000001,758,,,,,758,reachable,screen
USGS-06440200,1988-10-01 00:00:00.000001,2026-08-17 00:00:00.000001,1826,,,,,1826,reachable,screen
USGS-06441110,1989-10-01 00:00:00.000001,2021-03-02 00:00:00.000001,135,,,,,135,reachable,screen
USGS-06441500,1928-09-01 00:00:00.000001,2026-08-18 00:00:00.000001,1826,,,,,1826,reachable,screen
USGS-06442130,2014-07-17 00:00:00.000001,2026-08-18 00:00:00.000001,1826,,,,,1826,reachable,screen
USGS-06442600,2014-06-13 00:00:00.000001,2026-08-17 00:00:00.000001,1826,,,,,1826,reachable,screen
USGS-06442718,1987-10-01 00:00:00.000001,2021-03-17 00:00:00.000001,169,,,,,169,reachable,screen
USGS-06442900,1987-10-01 00:00:00.000001,2026-08-18 00:00:00.000001,1826,,,,,1826,reachable,screen
USGS-06445685,1987-10-01 00:00:00.000001,2026-08-17 00:00:00.000001,1826,,,,,1826,reachable,screen
USGS-06446000,1943-06-01 00:00:00.000001,2026-07-25 00:00:00.000001,1826,,,,,1826,reachable,screen
USGS-06446500,1928-10-01 00:00:00.000001,2026-08-17 00:00:00.000001,1826,,,,,1826,reachable,screen
USGS-06446700,1992-10-01 00:00:00.000001,2026-08-17 00:00:00.000001,1826,,,,,1826,reachable,screen
USGS-06447000,1942-07-01 00:00:00.000001,2026-08-17 00:00:00.000001,1826,,,,,1826,reachable,screen
USGS-06447230,1992-04-08 00:00:00.000001,2026-08-17 00:00:00.000001,1826,,,,,1826,reachable,screen
USGS-06447450,2001-06-01 00:00:00.000001,2026-08-17 00:00:00.000001,1826,,,,,1826,reachable,screen
USGS-06447500,1938-03-01 00:00:00.000001,2026-08-17 00:00:00.000001,1826,,,,,1826,reachable,screen
USGS-06449000,1938-10-01 00:00:00.000001,2026-08-17 00:00:00.000001,1826,,,,,1826,reachable,screen
USGS-06449100,1959-08-01 00:00:00.000001,2026-08-17 00:00:00.000001,1826,,,,,1826,reachable,screen
USGS-06449500,1943-06-01 00:00:00.000001,2026-08-17 00:00:00.000001,1826,,,,,1826,reachable,screen
USGS-06450500,1949-10-01 00:00:00.000001,2026-08-17 00:00:00.000001,1826,,,,,1826,reachable,screen
USGS-06452000,1928-09-01 00:00:00.000001,2026-08-17 00:00:00.000001,1826,,,,,1826,reachable,screen
USGS-06452320,1988-10-01 00:00:00.000001,2026-08-17 00:00:00.000001,1225,,,,,1225,reachable,screen
USGS-06453255,1982-09-21 00:00:00.000001,2003-09-29 00:00:00.000001,0,0.0,7679.0,1982-09-21,2003-09-29,0,unreachable,individual fetch
USGS-06453600,1957-10-01 00:00:00.000001,2026-08-17 00:00:00.000001,1826,,,,,1826,reachable,screen
USGS-06461500,1945-10-01 00:00:00.000001,2026-08-18 00:00:00.000001,1826,,,,,1826,reachable,screen
USGS-06463500,1948-05-01 00:00:00.000001,2026-08-18 00:00:00.000001,1826,,,,,1826,reachable,screen
USGS-06463720,2012-05-21 00:00:00.000001,2026-08-18 00:00:00.000001,1826,,,,,1826,reachable,screen
USGS-06464100,1981-10-01 00:00:00.000001,2026-08-17 00:00:00.000001,1826,,,,,1826,reachable,screen
USGS-06464500,1937-12-01 00:00:00.000001,2026-08-17 00:00:00.000001,1826,,,,,1826,reachable,screen
USGS-06465500,1928-08-21 00:00:00.000001,2026-08-18 00:00:00.000001,1826,,,,,1826,reachable,screen
USGS-06466400,2002-10-01 00:00:00.000001,2026-08-18 00:00:00.000001,1826,,,,,1826,reachable,screen
USGS-06466470,2017-08-04 00:00:00.000001,2026-08-18 00:00:00.000001,1826,,,,,1826,reachable,screen
USGS-06466500,1931-10-09 00:00:00.000001,2026-08-17 00:00:00.000001,1826,,,,,1826,reachable,screen
USGS-06468170,1968-06-01 00:00:00.000001,2026-08-17 00:00:00.000001,1826,,,,,1826,reachable,screen
USGS-06468250,1985-10-01 00:00:00.000001,2026-08-18 00:00:00.000001,1826,,,,,1826,reachable,screen
USGS-06469400,1973-10-01 00:00:00.000001,2026-08-17 00:00:00.000001,1826,,,,,1826,reachable,screen
USGS-06469500,1950-03-01 00:00:00.000001,2026-08-17 00:00:00.000001,671,,,,,671,reachable,screen
USGS-06470000,1928-07-01 00:00:00.000001,2026-08-17 00:00:00.000001,1826,,,,,1826,reachable,screen
USGS-06470500,1950-05-01 00:00:00.000001,2026-08-18 00:00:00.000001,1826,,,,,1826,reachable,screen
USGS-06470800,1976-10-01 00:00:00.000001,2026-08-18 00:00:00.000001,1826,,,,,1826,reachable,screen
USGS-06470878,1981-10-01 00:00:00.000001,2026-08-18 00:00:00.000001,1826,,,,,1826,reachable,screen
USGS-06471000,1945-10-01 00:00:00.000001,2026-08-17 00:00:00.000001,1826,,,,,1826,reachable,screen
USGS-06471200,1956-06-01 00:00:00.000001,2026-08-18 00:00:00.000001,1825,,,,,1825,reachable,screen
USGS-06471500,1945-10-01 00:00:00.000001,2026-08-17 00:00:00.000001,1826,,,,,1826,reachable,screen
USGS-06471800,1999-10-01 00:00:00.000001,2026-08-18 00:00:00.000001,1824,,,,,1824,reachable,screen
USGS-06472000,1950-03-01 00:00:00.000001,2026-08-18 00:00:00.000001,1826,,,,,1826,reachable,screen
USGS-06473000,1945-10-01 00:00:00.000001,2026-08-18 00:00:00.000001,1826,,,,,1826,reachable,screen
USGS-06475000,1950-03-01 00:00:00.000001,2026-08-18 00:00:00.000001,1826,,,,,1826,reachable,screen
USGS-06476000,1943-09-01 00:00:00.000001,2026-08-18 00:00:00.000001,1826,,,,,1826,reachable,screen
USGS-06477000,1950-03-01 00:00:00.000001,2026-08-18 00:00:00.000001,1826,,,,,1826,reachable,screen
USGS-06477500,1955-09-01 00:00:00.000001,2026-08-17 00:00:00.000001,1826,,,,,1826,reachable,screen
USGS-06478000,1953-07-01 00:00:00.000001,2026-08-18 00:00:00.000001,978,,,,,978,reachable,screen
USGS-06478500,1928-09-01 00:00:00.000001,2026-08-17 00:00:00.000001,1826,,,,,1826,reachable,screen
USGS-06478513,1981-07-10 00:00:00.000001,2026-08-17 00:00:00.000001,1826,,,,,1826,reachable,screen
USGS-06478522,2015-03-27 00:00:00.000001,2026-08-18 00:00:00.000001,1826,,,,,1826,reachable,screen
USGS-06478600,1995-10-01 00:00:00.000001,2026-08-18 00:00:00.000001,1826,,,,,1826,reachable,screen
USGS-06478690,1961-09-01 00:00:00.000001,2026-08-17 00:00:00.000001,1826,,,,,1826,reachable,screen
USGS-06479010,1983-10-01 00:00:00.000001,2026-08-17 00:00:00.000001,1826,,,,,1826,reachable,screen
USGS-06479215,1984-06-06 00:00:00.000001,2026-08-17 00:00:00.000001,1826,,,,,1826,reachable,screen
USGS-06479438,1972-10-01 00:00:00.000001,2026-08-17 00:00:00.000001,1826,,,,,1826,reachable,screen
USGS-06479500,1945-10-01 00:00:00.000001,2026-08-18 00:00:00.000001,1826,,,,,1826,reachable,screen
USGS-06479520,1994-10-01 00:00:00.000001,2026-08-18 00:00:00.000001,0,0.0,5268.0,1994-10-01,2026-08-18,0,unreachable,individual fetch
USGS-06479525,1976-10-01 00:00:00.000001,2026-08-18 00:00:00.000001,1826,,,,,1826,reachable,screen
USGS-06479770,2000-10-01 00:00:00.000001,2026-08-18 00:00:00.000001,1826,,,,,1826,reachable,screen
USGS-06480000,1953-08-01 00:00:00.000001,2026-08-18 00:00:00.000001,1826,,,,,1826,reachable,screen
USGS-06480400,1982-10-01 00:00:00.000001,1993-09-30 00:00:00.000001,0,0.0,4018.0,1982-10-01,1993-09-30,0,unreachable,individual fetch
USGS-06480650,1981-09-25 00:00:00.000001,2026-08-18 00:00:00.000001,1826,,,,,1826,reachable,screen
USGS-06481000,1948-05-01 00:00:00.000001,2026-08-18 00:00:00.000001,1826,,,,,1826,reachable,screen
USGS-06481480,1984-08-16 00:00:00.000001,2026-08-17 00:00:00.000001,1826,,,,,1826,reachable,screen
USGS-06481500,1948-06-01 00:00:00.000001,2026-08-17 00:00:00.000001,1826,,,,,1826,reachable,screen
USGS-06482000,1943-09-01 00:00:00.000001,2026-08-17 00:00:00.000001,1826,,,,,1826,reachable,screen
USGS-06482020,1971-10-01 00:00:00.000001,2026-08-17 00:00:00.000001,1826,,,,,1826,reachable,screen
USGS-06482610,1965-10-01 00:00:00.000001,2026-08-18 00:00:00.000001,1826,,,,,1826,reachable,screen
USGS-06483290,2001-05-01 00:00:00.000001,2026-08-17 00:00:00.000001,1826,,,,,1826,reachable,screen
USGS-06483500,1948-06-11 00:00:00.000001,2026-08-17 00:00:00.000001,1826,,,,,1826,reachable,screen
USGS-06483950,2015-03-01 00:00:00.000001,2026-08-18 00:00:00.000001,1826,,,,,1826,reachable,screen
USGS-06485500,1928-10-01 00:00:00.000001,2026-08-17 00:00:00.000001,1826,,,,,1826,reachable,screen
USGS-06485910,2015-03-01 00:00:00.000001,2026-08-17 00:00:00.000001,1826,,,,,1826,reachable,screen
USGS-06485950,2015-03-01 00:00:00.000001,2026-08-18 00:00:00.000001,1826,,,,,1826,reachable,screen
USGS-06486000,1928-10-01 00:00:00.000001,2026-08-17 00:00:00.000001,1826,,,,,1826,reachable,screen
USGS-06599900,2012-03-23 00:00:00.000001,2016-08-07 00:00:00.000001,0,0.0,1599.0,2012-03-23,2016-08-07,0,unreachable,individual fetch
USGS-06599950,,,0,0.0,0.0,,,0,unreachable,individual fetch
USGS-06600000,1945-10-01 00:00:00.000001,2004-09-30 00:00:00.000001,0,0.0,17289.0,1945-10-01,2004-09-30,0,unreachable,individual fetch
USGS-06600100,1955-10-01 00:00:00.000001,2026-08-17 00:00:00.000001,1826,,,,,1826,reachable,screen
USGS-06600300,1955-10-01 00:00:00.000001,1995-03-30 00:00:00.000001,0,0.0,14426.0,1955-10-01,1995-03-30,0,unreachable,individual fetch
USGS-06600500,1934-12-08 00:00:00.000001,2026-08-17 00:00:00.000001,1826,,,,,1826,reachable,screen
USGS-06600900,2002-10-01 00:00:00.000001,2026-08-18 00:00:00.000001,1826,,,,,1826,reachable,screen
USGS-06601000,1945-10-01 00:00:00.000001,2026-08-17 00:00:00.000001,1826,,,,,1826,reachable,screen
USGS-06601200,1987-10-01 00:00:00.000001,2026-08-17 00:00:00.000001,1826,,,,,1826,reachable,screen
USGS-06602400,1942-05-07 00:00:00.000001,2026-08-17 00:00:00.000001,1825,,,,,1825,reachable,screen
USGS-06605000,1977-10-01 00:00:00.000001,2026-08-17 00:00:00.000001,1824,,,,,1824,reachable,screen
USGS-06605850,1972-10-01 00:00:00.000001,2026-08-17 00:00:00.000001,1826,,,,,1826,reachable,screen
USGS-06606600,1918-05-28 00:00:00.000001,2026-08-16 00:00:00.000001,1826,,,,,1826,reachable,screen
USGS-06607200,1941-10-01 00:00:00.000001,2026-08-17 00:00:00.000001,1825,,,,,1825,reachable,screen
USGS-06607500,1942-05-07 00:00:00.000001,2026-08-17 00:00:00.000001,1826,,,,,1826,reachable,screen
USGS-06608500,1940-03-05 00:00:00.000001,2026-08-18 00:00:00.000001,1826,,,,,1826,reachable,screen
USGS-06609500,1918-05-24 00:00:00.000001,2026-08-17 00:00:00.000001,1826,,,,,1826,reachable,screen
USGS-06610000,1928-09-01 00:00:00.000001,2026-08-17 00:00:00.000001,1826,,,,,1826,reachable,screen
USGS-06610720,2012-04-29 00:00:00.000001,2026-08-17 00:00:00.000001,1251,,,,,1251,reachable,screen
USGS-06610732,2007-10-01 00:00:00.000001,2026-08-17 00:00:00.000001,1262,,,,,1262,reachable,screen
USGS-06610750,1948-04-01 00:00:00.000001,2026-08-18 00:00:00.000001,1250,,,,,1250,reachable,screen
USGS-06610765,2012-05-04 00:00:00.000001,2026-08-18 00:00:00.000001,1465,,,,,1465,reachable,screen
USGS-06610770,2006-08-31 00:00:00.000001,2026-08-18 00:00:00.000001,1826,,,,,1826,reachable,screen
USGS-06610785,2012-05-05 00:00:00.000001,2026-08-17 00:00:00.000001,1263,,,,,1263,reachable,screen
USGS-06610788,2012-03-14 00:00:00.000001,2026-08-17 00:00:00.000001,1295,,,,,1295,reachable,screen
USGS-06610793,2012-04-01 00:00:00.000001,2026-08-17 00:00:00.000001,1274,,,,,1274,reachable,screen
USGS-06610795,1948-03-05 00:00:00.000001,2026-08-17 00:00:00.000001,1826,,,,,1826,reachable,screen
USGS-06614800,1973-10-01 00:00:00.000001,2026-08-17 00:00:00.000001,1826,,,,,1826,reachable,screen
USGS-06620000,1904-06-01 00:00:00.000001,2026-08-17 00:00:00.000001,1826,,,,,1826,reachable,screen
USGS-06622700,1960-10-01 00:00:00.000001,2026-08-17 00:00:00.000001,1826,,,,,1826,reachable,screen
USGS-06623800,1964-10-01 00:00:00.000001,2026-08-17 00:00:00.000001,1826,,,,,1826,reachable,screen
USGS-06625000,1940-10-01 00:00:00.000001,2026-08-17 00:00:00.000001,1826,,,,,1826,reachable,screen
USGS-06630000,1939-07-01 00:00:00.000001,2026-08-17 00:00:00.000001,1826,,,,,1826,reachable,screen
USGS-06630465,2011-05-24 00:00:00.000001,2026-08-17 00:00:00.000001,1826,,,,,1826,reachable,screen
USGS-06632400,1954-10-01 00:00:00.000001,2026-08-17 00:00:00.000001,1826,,,,,1826,reachable,screen
USGS-06634060,2015-04-30 00:00:00.000001,2026-08-17 00:00:00.000001,1826,,,,,1826,reachable,screen
USGS-06634620,1984-05-01 00:00:00.000001,2026-08-17 00:00:00.000001,1826,,,,,1826,reachable,screen
USGS-06635000,1939-07-01 00:00:00.000001,2026-08-17 00:00:00.000001,1826,,,,,1826,reachable,screen
USGS-06638090,1973-10-01 00:00:00.000001,2026-08-17 00:00:00.000001,1826,,,,,1826,reachable,screen
USGS-06642000,1904-03-01 00:00:00.000001,1998-09-29 00:00:00.000001,0,0.0,24046.0,1904-03-01,1998-09-29,0,unreachable,individual fetch
USGS-06646000,1946-06-01 00:00:00.000001,2026-08-17 00:00:00.000001,1826,,,,,1826,reachable,screen
USGS-06652000,1895-04-01 00:00:00.000001,2026-08-17 00:00:00.000001,1826,,,,,1826,reachable,screen
USGS-06657000,1915-01-01 00:00:00.000001,2026-08-17 00:00:00.000001,1826,,,,,1826,reachable,screen
USGS-06660000,1933-04-01 00:00:00.000001,2026-08-17 00:00:00.000001,1826,,,,,1826,reachable,screen
USGS-06670500,1915-04-01 00:00:00.000001,2026-08-18 00:00:00.000001,1825,,,,,1825,reachable,screen
USGS-06674500,1929-05-01 00:00:00.000001,2024-12-02 00:00:00.000001,1826,,,,,1826,reachable,screen
USGS-06680500,2023-07-01 00:00:00.000001,2026-07-13 00:00:00.000001,0,0.0,1109.0,2023-07-01,2026-07-13,0,unreachable,individual fetch
USGS-06696980,1978-06-01 00:00:00.000001,2026-08-18 00:00:00.000001,765,,,,,765,reachable,screen
USGS-06700000,1924-10-01 00:00:00.000001,2026-08-18 00:00:00.000001,915,,,,,915,reachable,screen
USGS-06701900,2002-07-19 00:00:00.000001,2026-08-18 00:00:00.000001,1826,,,,,1826,reachable,screen
USGS-06708600,2009-08-29 00:00:00.000001,2026-08-17 00:00:00.000001,915,,,,,915,reachable,screen
USGS-06708690,2015-04-01 00:00:00.000001,2026-08-16 00:00:00.000001,1371,,,,,1371,reachable,screen
USGS-06708800,1999-04-21 00:00:00.000001,2026-08-18 00:00:00.000001,1826,,,,,1826,reachable,screen
USGS-06709000,1942-06-18 00:00:00.000001,2026-08-17 00:00:00.000001,1826,,,,,1826,reachable,screen
USGS-06709530,1984-05-01 00:00:00.000001,2026-08-18 00:00:00.000001,1826,,,,,1826,reachable,screen
USGS-06709740,2013-06-06 00:00:00.000001,2026-08-18 00:00:00.000001,915,,,,,915,reachable,screen
USGS-06709910,2013-05-23 00:00:00.000001,2026-08-18 00:00:00.000001,1189,,,,,1189,reachable,screen
USGS-06710150,2003-10-01 00:00:00.000001,2026-08-17 00:00:00.000001,1826,,,,,1826,reachable,screen
USGS-06710247,1996-02-07 00:00:00.000001,2026-08-18 00:00:00.000001,1826,,,,,1826,reachable,screen
USGS-06710385,1984-08-01 00:00:00.000001,2026-08-18 00:00:00.000001,1826,,,,,1826,reachable,screen
USGS-06710605,1986-05-01 00:00:00.000001,2026-08-18 00:00:00.000001,915,,,,,915,reachable,screen
USGS-06711040,1986-04-25 00:00:00.000001,2026-08-17 00:00:00.000001,1396,,,,,1396,reachable,screen
USGS-06711515,2013-06-07 00:00:00.000001,2026-08-18 00:00:00.000001,915,,,,,915,reachable,screen
USGS-06711555,2013-06-06 00:00:00.000001,2026-08-17 00:00:00.000001,916,,,,,916,reachable,screen
USGS-06711565,1983-02-01 00:00:00.000001,2026-08-17 00:00:00.000001,1826,,,,,1826,reachable,screen
USGS-06711570,2012-04-01 00:00:00.000001,2026-08-17 00:00:00.000001,915,,,,,915,reachable,screen
USGS-06711575,1994-04-29 00:00:00.000001,2026-08-17 00:00:00.000001,915,,,,,915,reachable,screen
USGS-06711618,2013-04-01 00:00:00.000001,2026-08-18 00:00:00.000001,915,,,,,915,reachable,screen
USGS-06711770,2013-05-23 00:00:00.000001,2026-08-18 00:00:00.000001,915,,,,,915,reachable,screen
USGS-06711780,2013-04-01 00:00:00.000001,2026-08-18 00:00:00.000001,915,,,,,915,reachable,screen
USGS-06712000,1939-11-21 00:00:00.000001,2026-08-17 00:00:00.000001,1826,,,,,1826,reachable,screen
USGS-06713000,1950-06-30 00:00:00.000001,2026-08-17 00:00:00.000001,1826,,,,,1826,reachable,screen
USGS-06713500,1942-08-11 00:00:00.000001,2026-08-18 00:00:00.000001,1826,,,,,1826,reachable,screen
USGS-06714215,1982-01-28 00:00:00.000001,2026-08-18 00:00:00.000001,1826,,,,,1826,reachable,screen
USGS-06714360,2013-01-01 00:00:00.000001,2026-08-17 00:00:00.000001,1826,,,,,1826,reachable,screen
USGS-06714400,1994-10-01 00:00:00.000001,2026-08-18 00:00:00.000001,1826,,,,,1826,reachable,screen
USGS-06714500,2015-04-16 00:00:00.000001,2026-08-18 00:00:00.000001,1826,,,,,1826,reachable,screen
USGS-06714800,1994-10-01 00:00:00.000001,2026-08-17 00:00:00.000001,1244,,,,,1244,reachable,screen
USGS-06715000,1994-10-01 00:00:00.000001,2026-08-17 00:00:00.000001,1826,,,,,1826,reachable,screen
USGS-06716100,1994-10-01 00:00:00.000001,2026-08-17 00:00:00.000001,1826,,,,,1826,reachable,screen
USGS-06716500,1946-03-29 00:00:00.000001,2026-08-18 00:00:00.000001,1826,,,,,1826,reachable,screen
USGS-06718550,1994-10-01 00:00:00.000001,2026-08-17 00:00:00.000001,1826,,,,,1826,reachable,screen
USGS-06719505,1974-10-01 00:00:00.000001,2026-08-18 00:00:00.000001,1826,,,,,1826,reachable,screen
USGS-06719560,2013-04-01 00:00:00.000001,2026-08-18 00:00:00.000001,915,,,,,915,reachable,screen
USGS-06719840,2013-05-22 00:00:00.000001,2026-08-18 00:00:00.000001,1736,,,,,1736,reachable,screen
USGS-06719845,2019-03-27 00:00:00.000001,2026-08-17 00:00:00.000001,1376,,,,,1376,reachable,screen
USGS-06720460,1991-10-01 00:00:00.000001,2026-08-18 00:00:00.000001,1826,,,,,1826,reachable,screen
USGS-06720820,1987-07-24 00:00:00.000001,2026-08-17 00:00:00.000001,1826,,,,,1826,reachable,screen
USGS-06720990,1991-10-01 00:00:00.000001,2026-08-17 00:00:00.000001,1826,,,,,1826,reachable,screen
USGS-06721000,1929-04-29 00:00:00.000001,2026-08-17 00:00:00.000001,1826,,,,,1826,reachable,screen
USGS-06724970,2014-03-05 00:00:00.000001,2026-08-17 00:00:00.000001,1826,,,,,1826,reachable,screen
USGS-06727410,2011-04-01 00:00:00.000001,2026-08-17 00:00:00.000001,396,,,,,396,reachable,screen
USGS-06727500,1947-04-01 00:00:00.000001,2026-08-17 00:00:00.000001,915,,,,,915,reachable,screen
USGS-06730160,2012-04-21 00:00:00.000001,2026-08-17 00:00:00.000001,915,,,,,915,reachable,screen
USGS-06730200,1986-10-01 00:00:00.000001,2026-08-17 00:00:00.000001,1826,,,,,1826,reachable,screen
USGS-06730500,1927-04-01 00:00:00.000001,2026-08-17 00:00:00.000001,1826,,,,,1826,reachable,screen
USGS-06730525,2013-09-19 00:00:00.000001,2026-08-17 00:00:00.000001,1826,,,,,1826,reachable,screen
USGS-06741510,1979-07-04 00:00:00.000001,2026-08-17 00:00:00.000001,1826,,,,,1826,reachable,screen
USGS-06746110,1978-06-28 00:00:00.000001,2026-08-17 00:00:00.000001,1826,,,,,1826,reachable,screen
USGS-06751145,2020-10-22 00:00:00.000001,2026-08-18 00:00:00.000001,800,,,,,800,reachable,screen
USGS-06751150,1998-03-14 00:00:00.000001,2026-08-17 00:00:00.000001,1826,,,,,1826,reachable,screen
USGS-06751490,1986-10-01 00:00:00.000001,2026-08-17 00:00:00.000001,1826,,,,,1826,reachable,screen
USGS-06752260,1975-04-08 00:00:00.000001,2026-08-17 00:00:00.000001,1826,,,,,1826,reachable,screen
USGS-06752280,1979-10-01 00:00:00.000001,2026-08-18 00:00:00.000001,1826,,,,,1826,reachable,screen
USGS-06759500,1943-10-01 00:00:00.000001,2026-08-17 00:00:00.000001,1826,,,,,1826,reachable,screen
USGS-06762500,1934-03-01 00:00:00.000001,2026-08-17 00:00:00.000001,1826,,,,,1826,reachable,screen
USGS-06764880,1982-10-01 00:00:00.000001,2026-08-17 00:00:00.000001,1826,,,,,1826,reachable,screen
USGS-06767970,2024-06-13 00:00:00.000001,2026-08-19 00:00:00.000001,0,0.0,798.0,2024-06-13,2026-08-19,0,unreachable,individual fetch
USGS-06768000,1930-10-01 00:00:00.000001,2026-08-15 00:00:00.000001,1826,,,,,1826,reachable,screen
USGS-06768020,1996-04-01 00:00:00.000001,2026-08-18 00:00:00.000001,1826,,,,,1826,reachable,screen
USGS-06768025,2009-04-18 00:00:00.000001,2026-08-17 00:00:00.000001,1826,,,,,1826,reachable,screen
USGS-06768035,2001-05-23 00:00:00.000001,2026-08-18 00:00:00.000001,1826,,,,,1826,reachable,screen
USGS-06769000,1949-07-01 00:00:00.000001,2026-08-18 00:00:00.000001,1826,,,,,1826,reachable,screen
USGS-06769525,1996-03-21 00:00:00.000001,2026-08-18 00:00:00.000001,1826,,,,,1826,reachable,screen
USGS-06770200,1982-01-27 00:00:00.000001,2026-08-18 00:00:00.000001,1826,,,,,1826,reachable,screen
USGS-06770500,1934-04-01 00:00:00.000001,2026-08-18 00:00:00.000001,1826,,,,,1826,reachable,screen
USGS-06772100,2006-02-27 00:00:00.000001,2026-08-17 00:00:00.000001,1261,,,,,1261,reachable,screen
USGS-06772775,1996-04-01 00:00:00.000001,2026-08-18 00:00:00.000001,1826,,,,,1826,reachable,screen
USGS-06772898,1996-04-27 00:00:00.000001,2026-08-18 00:00:00.000001,1826,,,,,1826,reachable,screen
USGS-06773500,2001-09-30 00:00:00.000001,2026-08-18 00:00:00.000001,1826,,,,,1826,reachable,screen
USGS-06774000,1895-05-03 00:00:00.000001,2026-08-17 00:00:00.000001,1826,,,,,1826,reachable,screen
USGS-06775500,1945-10-01 00:00:00.000001,2026-08-17 00:00:00.000001,1826,,,,,1826,reachable,screen
USGS-06775900,1966-10-01 00:00:00.000001,2026-08-18 00:00:00.000001,1826,,,,,1826,reachable,screen
USGS-06777495,2017-07-20 00:00:00.000001,2026-08-19 00:00:00.000001,1826,,,,,1826,reachable,screen
USGS-06781600,2010-04-28 00:00:00.000001,2026-08-18 00:00:00.000001,1826,,,,,1826,reachable,screen
USGS-06781900,2017-07-26 00:00:00.000001,2026-08-19 00:00:00.000001,1826,,,,,1826,reachable,screen
USGS-06784000,1943-10-01 00:00:00.000001,2026-08-18 00:00:00.000001,1826,,,,,1826,reachable,screen
USGS-06785000,1928-09-01 00:00:00.000001,2026-08-18 00:00:00.000001,1826,,,,,1826,reachable,screen
USGS-06785500,1945-10-01 00:00:00.000001,2026-08-17 00:00:00.000001,1826,,,,,1826,reachable,screen
USGS-06786000,1936-12-01 00:00:00.000001,2026-08-18 00:00:00.000001,1826,,,,,1826,reachable,screen
USGS-06790500,1928-09-01 00:00:00.000001,2026-08-17 00:00:00.000001,1826,,,,,1826,reachable,screen
USGS-06792500,1937-01-01 00:00:00.000001,2026-08-18 00:00:00.000001,1826,,,,,1826,reachable,screen
USGS-06793000,1929-04-01 00:00:00.000001,2026-08-18 00:00:00.000001,1826,,,,,1826,reachable,screen
USGS-06794000,1940-10-01 00:00:00.000001,2026-08-17 00:00:00.000001,1826,,,,,1826,reachable,screen
USGS-06794650,1996-03-28 00:00:00.000001,2026-08-18 00:00:00.000001,1826,,,,,1826,reachable,screen
USGS-06795500,1947-09-01 00:00:00.000001,2026-08-18 00:00:00.000001,1826,,,,,1826,reachable,screen
USGS-06796000,1949-04-01 00:00:00.000001,2026-08-18 00:00:00.000001,1826,,,,,1826,reachable,screen
USGS-06796500,1994-06-29 00:00:00.000001,2026-08-17 00:00:00.000001,1826,,,,,1826,reachable,screen
USGS-06797500,1947-08-01 00:00:00.000001,2026-08-18 00:00:00.000001,1826,,,,,1826,reachable,screen
USGS-06799000,1896-08-01 00:00:00.000001,2026-08-17 00:00:00.000001,1826,,,,,1826,reachable,screen
USGS-06799100,1960-08-01 00:00:00.000001,2026-08-18 00:00:00.000001,1826,,,,,1826,reachable,screen
USGS-06799315,2001-06-30 00:00:00.000001,2026-08-17 00:00:00.000001,1826,,,,,1826,reachable,screen
USGS-06799350,1972-10-01 00:00:00.000001,2026-08-17 00:00:00.000001,1826,,,,,1826,reachable,screen
USGS-06799445,2002-10-01 00:00:00.000001,2026-08-18 00:00:00.000001,1826,,,,,1826,reachable,screen
USGS-06799500,1941-04-01 00:00:00.000001,2026-08-17 00:00:00.000001,1826,,,,,1826,reachable,screen
USGS-06800000,1951-10-01 00:00:00.000001,2026-08-17 00:00:00.000001,1826,,,,,1826,reachable,screen
USGS-06800500,1899-10-01 00:00:00.000001,2026-08-18 00:00:00.000001,1826,,,,,1826,reachable,screen
USGS-06801000,1928-09-01 00:00:00.000001,2026-08-17 00:00:00.000001,1826,,,,,1826,reachable,screen
USGS-06803000,1951-05-01 00:00:00.000001,2026-08-18 00:00:00.000001,1826,,,,,1826,reachable,screen
USGS-06803080,1994-08-18 00:00:00.000001,2026-08-18 00:00:00.000001,1826,,,,,1826,reachable,screen
USGS-06803093,1994-09-10 00:00:00.000001,2026-08-16 00:00:00.000001,1826,,,,,1826,reachable,screen
USGS-06803170,1994-08-16 00:00:00.000001,2026-08-17 00:00:00.000001,1826,,,,,1826,reachable,screen
USGS-06803300,2012-03-29 00:00:00.000001,2026-08-18 00:00:00.000001,1826,,,,,1826,reachable,screen
USGS-06803420,2016-08-18 00:00:00.000001,2026-08-17 00:00:00.000001,1826,,,,,1826,reachable,screen
USGS-06803430,2016-08-11 00:00:00.000001,2026-08-17 00:00:00.000001,1826,,,,,1826,reachable,screen
USGS-06803486,1999-10-01 00:00:00.000001,2026-08-18 00:00:00.000001,1826,,,,,1826,reachable,screen
USGS-06803495,2005-01-13 00:00:00.000001,2026-08-18 00:00:00.000001,1826,,,,,1826,reachable,screen
USGS-06803500,1949-10-01 00:00:00.000001,2026-08-17 00:00:00.000001,1826,,,,,1826,reachable,screen
USGS-06803502,2014-10-01 00:00:00.000001,2026-08-18 00:00:00.000001,1414,,,,,1414,reachable,screen
USGS-06803510,1969-01-01 00:00:00.000001,2026-08-17 00:00:00.000001,1826,,,,,1826,reachable,screen
USGS-06803513,1994-08-04 00:00:00.000001,2026-08-17 00:00:00.000001,1826,,,,,1826,reachable,screen
USGS-06803520,1968-10-01 00:00:00.000001,2026-08-18 00:00:00.000001,1826,,,,,1826,reachable,screen
USGS-06803530,1970-04-01 00:00:00.000001,2026-08-18 00:00:00.000001,1826,,,,,1826,reachable,screen
USGS-06803555,1951-11-01 00:00:00.000001,2026-08-17 00:00:00.000001,1826,,,,,1826,reachable,screen
USGS-06804000,1949-10-01 00:00:00.000001,2026-08-17 00:00:00.000001,1826,,,,,1826,reachable,screen
USGS-06804700,1990-08-31 00:00:00.000001,2026-08-17 00:00:00.000001,1826,,,,,1826,reachable,screen
USGS-06805500,1953-06-01 00:00:00.000001,2026-08-17 00:00:00.000001,1826,,,,,1826,reachable,screen
USGS-06806500,1950-03-01 00:00:00.000001,2026-08-17 00:00:00.000001,1826,,,,,1826,reachable,screen
USGS-06807000,1929-08-11 00:00:00.000001,2026-08-17 00:00:00.000001,1826,,,,,1826,reachable,screen
USGS-06807410,1959-10-01 00:00:00.000001,2026-08-17 00:00:00.000001,1826,,,,,1826,reachable,screen
USGS-06808500,1948-06-01 00:00:00.000001,2026-08-18 00:00:00.000001,1826,,,,,1826,reachable,screen
USGS-06809210,1960-10-01 00:00:00.000001,2026-08-17 00:00:00.000001,1826,,,,,1826,reachable,screen
USGS-06809500,1918-05-22 00:00:00.000001,2026-08-17 00:00:00.000001,1826,,,,,1826,reachable,screen
USGS-06810000,1922-03-01 00:00:00.000001,2026-08-17 00:00:00.000001,1826,,,,,1826,reachable,screen
USGS-06810070,2019-10-01 00:00:00.000001,2026-08-18 00:00:00.000001,1186,,,,,1186,reachable,screen
USGS-06811500,1949-09-01 00:00:00.000001,2026-08-18 00:00:00.000001,1826,,,,,1826,reachable,screen
USGS-06813000,1922-03-08 00:00:00.000001,2026-08-17 00:00:00.000001,1826,,,,,1826,reachable,screen
USGS-06813500,1949-10-01 00:00:00.000001,2026-08-17 00:00:00.000001,1826,,,,,1826,reachable,screen
USGS-06814000,1949-02-10 00:00:00.000001,2026-08-18 00:00:00.000001,1826,,,,,1826,reachable,screen
USGS-06814500,1952-10-01 00:00:00.000001,2026-08-18 00:00:00.000001,1826,,,,,1826,reachable,screen
USGS-06815000,1944-04-01 00:00:00.000001,2026-08-18 00:00:00.000001,1826,,,,,1826,reachable,screen
USGS-06817000,1918-05-17 00:00:00.000001,2026-08-17 00:00:00.000001,1826,,,,,1826,reachable,screen
USGS-06817300,,,0,0.0,0.0,,,0,unreachable,individual fetch
USGS-06817500,1922-04-01 00:00:00.000001,2026-08-17 00:00:00.000001,1826,,,,,1826,reachable,screen
USGS-06817700,1982-10-22 00:00:00.000001,2026-08-17 00:00:00.000001,1826,,,,,1826,reachable,screen
USGS-06818000,1928-10-01 00:00:00.000001,2026-08-17 00:00:00.000001,1826,,,,,1826,reachable,screen
USGS-06819185,1983-10-01 00:00:00.000001,2026-08-18 00:00:00.000001,1826,,,,,1826,reachable,screen
USGS-06819500,1932-10-01 00:00:00.000001,2026-08-18 00:00:00.000001,1826,,,,,1826,reachable,screen
USGS-06819550,2021-11-25 00:00:00.000001,2026-08-18 00:00:00.000001,345,,,,,345,reachable,screen
USGS-06820410,2008-02-28 00:00:00.000001,2026-08-17 00:00:00.000001,1826,,,,,1826,reachable,screen
USGS-06820500,1924-05-22 00:00:00.000001,2026-08-18 00:00:00.000001,1826,,,,,1826,reachable,screen
USGS-06821080,1999-10-01 00:00:00.000001,2026-08-18 00:00:00.000001,1826,,,,,1826,reachable,screen
USGS-06821150,1965-06-01 00:00:00.000001,2026-08-17 00:00:00.000001,1826,,,,,1826,reachable,screen
USGS-06821190,1978-12-01 00:00:00.000001,2026-08-18 00:00:00.000001,1826,,,,,1826,reachable,screen
USGS-06821250,2016-10-01 00:00:00.000001,2026-08-17 00:00:00.000001,1826,,,,,1826,reachable,screen
USGS-06821500,1932-04-01 00:00:00.000001,2026-08-18 00:00:00.000001,1826,,,,,1826,reachable,screen
USGS-06823000,1931-03-18 00:00:00.000001,2026-08-18 00:00:00.000001,1826,,,,,1826,reachable,screen
USGS-06823500,1940-10-01 00:00:00.000001,2026-08-17 00:00:00.000001,1826,,,,,1826,reachable,screen
USGS-06824000,1940-10-01 00:00:00.000001,2026-08-17 00:00:00.000001,1826,,,,,1826,reachable,screen
USGS-06824500,1947-01-01 00:00:00.000001,2026-08-17 00:00:00.000001,1826,,,,,1826,reachable,screen
USGS-06827000,1945-10-01 00:00:00.000001,2026-08-18 00:00:00.000001,1826,,,,,1826,reachable,screen
USGS-06827500,1937-10-01 00:00:00.000001,2026-08-17 00:00:00.000001,1826,,,,,1826,reachable,screen
USGS-06828500,1950-08-01 00:00:00.000001,2026-08-18 00:00:00.000001,1826,,,,,1826,reachable,screen
USGS-06834000,1950-07-01 00:00:00.000001,2026-08-18 00:00:00.000001,1826,,,,,1826,reachable,screen
USGS-06835500,1935-01-01 00:00:00.000001,2026-08-17 00:00:00.000001,1826,,,,,1826,reachable,screen
USGS-06836500,1946-04-01 00:00:00.000001,2026-08-17 00:00:00.000001,1826,,,,,1826,reachable,screen
USGS-06837000,1954-10-01 00:00:00.000001,2026-08-17 00:00:00.000001,1826,,,,,1826,reachable,screen
USGS-06838000,1939-10-01 00:00:00.000001,2026-08-18 00:00:00.000001,1826,,,,,1826,reachable,screen
USGS-06843500,1945-10-01 00:00:00.000001,2025-10-17 00:00:00.000001,1826,,,,,1826,reachable,screen
USGS-06844500,1947-10-01 00:00:00.000001,2026-08-17 00:00:00.000001,1826,,,,,1826,reachable,screen
USGS-06845110,1995-07-28 00:00:00.000001,2026-08-18 00:00:00.000001,1826,,,,,1826,reachable,screen
USGS-06846500,1946-05-13 00:00:00.000001,2026-08-18 00:00:00.000001,1826,,,,,1826,reachable,screen
USGS-06847000,1937-10-01 00:00:00.000001,2026-08-17 00:00:00.000001,1826,,,,,1826,reachable,screen
USGS-06847500,1946-01-01 00:00:00.000001,2026-08-17 00:00:00.000001,1826,,,,,1826,reachable,screen
USGS-06847900,1962-06-12 00:00:00.000001,2026-08-18 00:00:00.000001,1826,,,,,1826,reachable,screen
USGS-06848500,1929-03-19 00:00:00.000001,2026-08-17 00:00:00.000001,1826,,,,,1826,reachable,screen
USGS-06852500,1954-10-01 00:00:00.000001,2026-08-17 00:00:00.000001,1826,,,,,1826,reachable,screen
USGS-06853020,1984-10-01 00:00:00.000001,2026-08-18 00:00:00.000001,1826,,,,,1826,reachable,screen
USGS-06853500,1904-06-06 00:00:00.000001,2026-08-17 00:00:00.000001,1826,,,,,1826,reachable,screen
USGS-06853800,1957-10-01 00:00:00.000001,2026-08-18 00:00:00.000001,1826,,,,,1826,reachable,screen
USGS-06854500,1919-08-27 00:00:00.000001,2026-08-18 00:00:00.000001,1826,,,,,1826,reachable,screen
USGS-06855850,2014-06-04 00:00:00.000001,2025-05-05 00:00:00.000001,1826,,,,,1826,reachable,screen
USGS-06856000,1946-04-01 00:00:00.000001,2026-08-18 00:00:00.000001,1826,,,,,1826,reachable,screen
USGS-06856600,1917-06-01 00:00:00.000001,2026-08-18 00:00:00.000001,1826,,,,,1826,reachable,screen
USGS-06857100,1963-10-01 00:00:00.000001,2026-08-18 00:00:00.000001,1826,,,,,1826,reachable,screen
USGS-06860000,1939-10-01 00:00:00.000001,2026-08-18 00:00:00.000001,1825,,,,,1825,reachable,screen
USGS-06860900,2014-12-12 00:00:00.000001,2026-08-18 00:00:00.000001,1826,,,,,1826,reachable,screen
USGS-06861000,1950-02-01 00:00:00.000001,2026-08-18 00:00:00.000001,1826,,,,,1826,reachable,screen
USGS-06862700,1964-07-22 00:00:00.000001,2026-08-18 00:00:00.000001,1825,,,,,1825,reachable,screen
USGS-06862850,1981-10-01 00:00:00.000001,2026-08-18 00:00:00.000001,1826,,,,,1826,reachable,screen
USGS-06863000,1929-03-16 00:00:00.000001,2026-08-18 00:00:00.000001,1826,,,,,1826,reachable,screen
USGS-06863420,2012-04-18 00:00:00.000001,2026-08-18 00:00:00.000001,1825,,,,,1825,reachable,screen
USGS-06863500,1946-04-01 00:00:00.000001,2026-08-18 00:00:00.000001,1826,,,,,1826,reachable,screen
USGS-06864000,1939-10-01 00:00:00.000001,2026-08-18 00:00:00.000001,1826,,,,,1826,reachable,screen
USGS-06864500,1895-04-16 00:00:00.000001,2026-08-18 00:00:00.000001,1826,,,,,1826,reachable,screen
USGS-06865500,1940-10-01 00:00:00.000001,2026-08-18 00:00:00.000001,1826,,,,,1826,reachable,screen
USGS-06866000,1905-01-01 00:00:00.000001,2026-08-18 00:00:00.000001,1826,,,,,1826,reachable,screen
USGS-06866500,1923-12-01 00:00:00.000001,2026-08-18 00:00:00.000001,1826,,,,,1826,reachable,screen
USGS-06866900,1955-10-01 00:00:00.000001,2026-08-18 00:00:00.000001,1826,,,,,1826,reachable,screen
USGS-06867000,1945-10-01 00:00:00.000001,2026-08-18 00:00:00.000001,1826,,,,,1826,reachable,screen
USGS-06867500,1946-04-01 00:00:00.000001,2026-08-18 00:00:00.000001,1826,,,,,1826,reachable,screen
USGS-06868200,1963-03-26 00:00:00.000001,2026-08-18 00:00:00.000001,1826,,,,,1826,reachable,screen
USGS-06868850,2012-07-24 00:00:00.000001,2026-08-18 00:00:00.000001,1826,,,,,1826,reachable,screen
USGS-06869500,1919-09-01 00:00:00.000001,2026-08-18 00:00:00.000001,1826,,,,,1826,reachable,screen
USGS-06869950,2002-03-01 00:00:00.000001,2026-08-18 00:00:00.000001,1826,,,,,1826,reachable,screen
USGS-06870200,1962-10-01 00:00:00.000001,2010-09-29 00:00:00.000001,0,0.0,17212.0,1962-10-01,2010-09-29,0,unreachable,individual fetch
USGS-06870300,1954-10-01 00:00:00.000001,2026-08-18 00:00:00.000001,1826,,,,,1826,reachable,screen
USGS-06871000,1952-10-01 00:00:00.000001,2026-08-18 00:00:00.000001,1826,,,,,1826,reachable,screen
USGS-06871500,1950-11-20 00:00:00.000001,2026-08-18 00:00:00.000001,1826,,,,,1826,reachable,screen
USGS-06872500,1945-09-17 00:00:00.000001,2026-08-18 00:00:00.000001,1826,,,,,1826,reachable,screen
USGS-06873000,1945-01-08 00:00:00.000001,2026-08-18 00:00:00.000001,1826,,,,,1826,reachable,screen
USGS-06873460,1978-10-01 00:00:00.000001,2026-08-18 00:00:00.000001,1826,,,,,1826,reachable,screen
USGS-06874000,1946-03-28 00:00:00.000001,2026-08-18 00:00:00.000001,1826,,,,,1826,reachable,screen
USGS-06875900,1964-10-01 00:00:00.000001,2026-08-17 00:00:00.000001,1826,,,,,1826,reachable,screen
USGS-06876000,1929-04-14 00:00:00.000001,2026-08-18 00:00:00.000001,1826,,,,,1826,reachable,screen
USGS-06876440,1978-09-19 00:00:00.000001,2026-08-18 00:00:00.000001,1826,,,,,1826,reachable,screen
USGS-06876700,1959-06-17 00:00:00.000001,2026-08-18 00:00:00.000001,1826,,,,,1826,reachable,screen
USGS-06876900,1897-05-06 00:00:00.000001,2026-08-18 00:00:00.000001,1826,,,,,1826,reachable,screen
USGS-06877600,1934-10-01 00:00:00.000001,2026-08-18 00:00:00.000001,1826,,,,,1826,reachable,screen
USGS-06878000,1953-12-01 00:00:00.000001,2026-08-18 00:00:00.000001,1826,,,,,1826,reachable,screen
USGS-06878600,2003-10-01 00:00:00.000001,2026-08-16 00:00:00.000001,1826,,,,,1826,reachable,screen
USGS-06879100,1963-12-19 00:00:00.000001,2026-08-18 00:00:00.000001,1826,,,,,1826,reachable,screen
USGS-06879650,1979-04-01 00:00:00.000001,2026-08-18 00:00:00.000001,1826,,,,,1826,reachable,screen
USGS-06879810,2012-01-12 00:00:00.000001,2026-08-18 00:00:00.000001,1826,,,,,1826,reachable,screen
USGS-06880800,1958-08-01 00:00:00.000001,2026-08-18 00:00:00.000001,1826,,,,,1826,reachable,screen
USGS-06881000,1953-10-01 00:00:00.000001,2026-08-18 00:00:00.000001,1826,,,,,1826,reachable,screen
USGS-06881380,2002-04-18 00:00:00.000001,2026-08-18 00:00:00.000001,1825,,,,,1825,reachable,screen
USGS-06882000,1932-10-01 00:00:00.000001,2026-08-17 00:00:00.000001,1826,,,,,1826,reachable,screen
USGS-06882510,1984-10-01 00:00:00.000001,2026-08-18 00:00:00.000001,1826,,,,,1826,reachable,screen
USGS-06883000,1953-02-01 00:00:00.000001,2026-08-17 00:00:00.000001,1826,,,,,1826,reachable,screen
USGS-06883530,2017-04-22 00:00:00.000001,2026-08-17 00:00:00.000001,1826,,,,,1826,reachable,screen
USGS-06884000,1910-04-01 00:00:00.000001,2026-08-18 00:00:00.000001,1826,,,,,1826,reachable,screen
USGS-06884025,1974-02-20 00:00:00.000001,2026-08-17 00:00:00.000001,1826,,,,,1826,reachable,screen
USGS-06884200,1959-10-01 00:00:00.000001,2026-08-18 00:00:00.000001,1826,,,,,1826,reachable,screen
USGS-06884400,1958-05-01 00:00:00.000001,2026-08-18 00:00:00.000001,1826,,,,,1826,reachable,screen
USGS-06885500,1953-10-01 00:00:00.000001,2026-08-18 00:00:00.000001,1826,,,,,1826,reachable,screen
USGS-06886500,,,0,0.0,0.0,,,0,unreachable,individual fetch
USGS-06887000,1950-10-01 00:00:00.000001,2026-08-18 00:00:00.000001,1826,,,,,1826,reachable,screen
USGS-06887500,1919-01-23 00:00:00.000001,2026-08-18 00:00:00.000001,1826,,,,,1826,reachable,screen
USGS-06888000,1936-04-22 00:00:00.000001,2026-08-18 00:00:00.000001,1825,,,,,1825,reachable,screen
USGS-06888300,1958-10-01 00:00:00.000001,2024-04-30 00:00:00.000001,1826,,,,,1826,reachable,screen
USGS-06888350,1982-10-01 00:00:00.000001,2026-08-18 00:00:00.000001,1826,,,,,1826,reachable,screen
USGS-06888500,1953-12-18 00:00:00.000001,2026-08-18 00:00:00.000001,1826,,,,,1826,reachable,screen
USGS-06888990,2015-11-23 00:00:00.000001,2026-08-18 00:00:00.000001,1826,,,,,1826,reachable,screen
USGS-06889000,1917-06-12 00:00:00.000001,2026-08-18 00:00:00.000001,1826,,,,,1826,reachable,screen
USGS-06889160,1964-03-01 00:00:00.000001,2026-01-02 00:00:00.000001,823,,,,,823,reachable,screen
USGS-06889200,1958-10-01 00:00:00.000001,2026-08-18 00:00:00.000001,1826,,,,,1826,reachable,screen
USGS-06889500,1929-05-23 00:00:00.000001,2026-08-18 00:00:00.000001,1826,,,,,1826,reachable,screen
USGS-06889630,2010-10-01 00:00:00.000001,2026-08-18 00:00:00.000001,1826,,,,,1826,reachable,screen
USGS-06890100,1969-07-16 00:00:00.000001,2026-08-18 00:00:00.000001,1826,,,,,1826,reachable,screen
USGS-06890900,1969-03-21 00:00:00.000001,2026-08-18 00:00:00.000001,1826,,,,,1826,reachable,screen
USGS-06891000,1936-03-16 00:00:00.000001,2026-08-18 00:00:00.000001,1826,,,,,1826,reachable,screen
USGS-06891080,2012-09-14 00:00:00.000001,2026-08-17 00:00:00.000001,1826,,,,,1826,reachable,screen
USGS-06891260,2002-10-22 00:00:00.000001,2026-08-18 00:00:00.000001,1826,,,,,1826,reachable,screen
USGS-06891500,1929-04-27 00:00:00.000001,2026-08-18 00:00:00.000001,1826,,,,,1826,reachable,screen
USGS-06891850,2015-06-12 00:00:00.000001,2026-08-18 00:00:00.000001,1826,,,,,1826,reachable,screen
USGS-06892000,1929-04-21 00:00:00.000001,2026-08-18 00:00:00.000001,1826,,,,,1826,reachable,screen
USGS-06892350,1917-07-08 00:00:00.000001,2026-08-18 00:00:00.000001,1826,,,,,1826,reachable,screen
USGS-06892360,2003-03-27 00:00:00.000001,2026-08-18 00:00:00.000001,1826,,,,,1826,reachable,screen
USGS-06892495,2002-10-01 00:00:00.000001,2026-08-18 00:00:00.000001,1826,,,,,1826,reachable,screen
USGS-06892513,2002-10-01 00:00:00.000001,2026-08-18 00:00:00.000001,1826,,,,,1826,reachable,screen
USGS-06892518,2015-12-05 00:00:00.000001,2026-08-18 00:00:00.000001,1826,,,,,1826,reachable,screen
USGS-06893000,1928-10-01 00:00:00.000001,2026-08-17 00:00:00.000001,1826,,,,,1826,reachable,screen
USGS-06893080,1974-09-20 00:00:00.000001,2026-08-18 00:00:00.000001,1826,,,,,1826,reachable,screen
USGS-06893100,2003-04-16 00:00:00.000001,2026-08-18 00:00:00.000001,1826,,,,,1826,reachable,screen
USGS-06893150,2002-06-01 00:00:00.000001,2026-08-17 00:00:00.000001,1826,,,,,1826,reachable,screen
USGS-06893300,1963-03-07 00:00:00.000001,2026-08-18 00:00:00.000001,1826,,,,,1826,reachable,screen
USGS-06893350,1974-09-20 00:00:00.000001,2026-08-18 00:00:00.000001,1826,,,,,1826,reachable,screen
USGS-06893390,2003-04-22 00:00:00.000001,2026-08-18 00:00:00.000001,1826,,,,,1826,reachable,screen
USGS-06893400,,,0,0.0,0.0,,,0,unreachable,individual fetch
USGS-06893500,1939-05-01 00:00:00.000001,2026-08-17 00:00:00.000001,1826,,,,,1826,reachable,screen
USGS-06893557,1998-07-15 00:00:00.000001,2026-08-17 00:00:00.000001,1823,,,,,1823,reachable,screen
USGS-06893562,,,0,0.0,0.0,,,0,unreachable,individual fetch
USGS-06893578,2002-07-01 00:00:00.000001,2026-08-17 00:00:00.000001,1826,,,,,1826,reachable,screen
USGS-06893590,,,0,0.0,0.0,,,0,unreachable,individual fetch
USGS-06893620,2005-07-08 00:00:00.000001,2025-01-13 00:00:00.000001,1826,,,,,1826,reachable,screen
USGS-06893750,2019-10-12 00:00:00.000001,2025-01-28 00:00:00.000001,1177,,,,,1177,reachable,screen
USGS-06893820,2009-10-07 00:00:00.000001,2026-08-18 00:00:00.000001,1826,,,,,1826,reachable,screen
USGS-06893830,2008-10-06 00:00:00.000001,2026-08-17 00:00:00.000001,861,,,,,861,reachable,screen
USGS-06893890,1974-10-01 00:00:00.000001,2024-12-09 00:00:00.000001,1826,,,,,1826,reachable,screen
USGS-06893940,2005-07-07 00:00:00.000001,2026-08-17 00:00:00.000001,0,0.0,1776.0,2005-07-07,2026-08-18,0,unreachable,individual fetch
USGS-06893970,2005-07-08 00:00:00.000001,2026-08-18 00:00:00.000001,1826,,,,,1826,reachable,screen
USGS-06894000,1948-04-01 00:00:00.000001,2026-08-17 00:00:00.000001,1826,,,,,1826,reachable,screen
USGS-06894200,2007-06-30 00:00:00.000001,2026-08-17 00:00:00.000001,1826,,,,,1826,reachable,screen
USGS-06894650,2015-03-31 00:00:00.000001,2026-08-17 00:00:00.000001,1826,,,,,1826,reachable,screen
USGS-06895000,1948-03-01 00:00:00.000001,2026-08-18 00:00:00.000001,1826,,,,,1826,reachable,screen
USGS-06895500,1928-10-01 00:00:00.000001,2026-08-17 00:00:00.000001,1826,,,,,1826,reachable,screen
USGS-06896000,1948-03-01 00:00:00.000001,2026-08-18 00:00:00.000001,1824,,,,,1824,reachable,screen
USGS-06896400,2007-06-22 00:00:00.000001,2026-08-18 00:00:00.000001,1826,,,,,1826,reachable,screen
USGS-06896900,2014-07-22 00:00:00.000001,2026-08-17 00:00:00.000001,1826,,,,,1826,reachable,screen
USGS-06897000,1934-04-01 00:00:00.000001,2026-08-17 00:00:00.000001,1820,,,,,1820,reachable,screen
USGS-06897500,1921-06-30 00:00:00.000001,2026-08-17 00:00:00.000001,1826,,,,,1826,reachable,screen
USGS-06898000,1918-05-14 00:00:00.000001,2026-08-17 00:00:00.000001,1826,,,,,1826,reachable,screen
USGS-06899500,1928-08-01 00:00:00.000001,2026-08-17 00:00:00.000001,1826,,,,,1826,reachable,screen
USGS-06899700,1957-10-01 00:00:00.000001,2026-08-17 00:00:00.000001,1826,,,,,1826,reachable,screen
USGS-06899900,2010-11-11 00:00:00.000001,2026-08-17 00:00:00.000001,1826,,,,,1826,reachable,screen
USGS-06900050,2000-11-14 00:00:00.000001,2026-08-17 00:00:00.000001,1826,,,,,1826,reachable,screen
USGS-06900800,2017-01-19 00:00:00.000001,2026-08-17 00:00:00.000001,1823,,,,,1823,reachable,screen
USGS-06901205,2013-09-30 00:00:00.000001,2026-08-17 00:00:00.000001,1826,,,,,1826,reachable,screen
USGS-06901500,1929-04-01 00:00:00.000001,2026-08-17 00:00:00.000001,1826,,,,,1826,reachable,screen
USGS-06902000,1924-10-01 00:00:00.000001,2026-08-17 00:00:00.000001,1823,,,,,1823,reachable,screen
USGS-06903400,1965-10-01 00:00:00.000001,2026-08-18 00:00:00.000001,1826,,,,,1826,reachable,screen
USGS-06903700,1967-10-01 00:00:00.000001,2026-08-17 00:00:00.000001,1826,,,,,1826,reachable,screen
USGS-06903900,1956-10-01 00:00:00.000001,2026-08-17 00:00:00.000001,1826,,,,,1826,reachable,screen
USGS-06903990,,,0,0.0,0.0,,,0,unreachable,individual fetch
USGS-06904010,2010-09-30 00:00:00.000001,2026-08-17 00:00:00.000001,1826,,,,,1826,reachable,screen
USGS-06904500,1930-10-01 00:00:00.000001,2026-08-17 00:00:00.000001,1826,,,,,1826,reachable,screen
USGS-06904650,2017-01-27 00:00:00.000001,2026-08-18 00:00:00.000001,1826,,,,,1826,reachable,screen
USGS-06905500,1929-04-09 00:00:00.000001,2026-08-18 00:00:00.000001,1826,,,,,1826,reachable,screen
USGS-06906000,1948-10-01 00:00:00.000001,2026-08-17 00:00:00.000001,1796,,,,,1796,reachable,screen
USGS-06906150,1995-07-07 00:00:00.000001,2026-08-17 00:00:00.000001,1826,,,,,1826,reachable,screen
USGS-06906200,1971-09-08 00:00:00.000001,2026-08-17 00:00:00.000001,1826,,,,,1826,reachable,screen
USGS-06906300,1962-10-01 00:00:00.000001,2011-10-03 00:00:00.000001,0,0.0,17900.0,1962-10-01,2011-10-03,0,unreachable,individual fetch
USGS-06906500,2000-10-01 00:00:00.000001,2026-08-17 00:00:00.000001,1826,,,,,1826,reachable,screen
USGS-06906800,1987-09-11 00:00:00.000001,2026-08-17 00:00:00.000001,1826,,,,,1826,reachable,screen
USGS-06907700,1958-10-01 00:00:00.000001,2026-08-17 00:00:00.000001,1826,,,,,1826,reachable,screen
USGS-06908000,1922-06-22 00:00:00.000001,2026-08-17 00:00:00.000001,1826,,,,,1826,reachable,screen
USGS-06909000,1925-10-01 00:00:00.000001,2026-08-17 00:00:00.000001,1826,,,,,1826,reachable,screen
USGS-06909500,1948-03-05 00:00:00.000001,2026-08-16 00:00:00.000001,1826,,,,,1826,reachable,screen
USGS-06909950,2007-06-14 00:00:00.000001,2026-08-17 00:00:00.000001,1826,,,,,1826,reachable,screen
USGS-06910230,1966-10-01 00:00:00.000001,2026-08-17 00:00:00.000001,1826,,,,,1826,reachable,screen
USGS-06910450,2014-10-01 00:00:00.000001,2026-08-17 00:00:00.000001,1826,,,,,1826,reachable,screen
USGS-06910750,1947-12-01 00:00:00.000001,2026-08-17 00:00:00.000001,1826,,,,,1826,reachable,screen
USGS-06910800,1969-05-15 00:00:00.000001,2026-08-18 00:00:00.000001,1826,,,,,1826,reachable,screen
USGS-06911000,1939-10-01 00:00:00.000001,2026-08-18 00:00:00.000001,1820,,,,,1820,reachable,screen
USGS-06911490,1999-10-01 00:00:00.000001,2026-08-18 00:00:00.000001,1826,,,,,1826,reachable,screen
USGS-06911900,1960-03-01 00:00:00.000001,2026-08-18 00:00:00.000001,1826,,,,,1826,reachable,screen
USGS-06912500,1939-10-01 00:00:00.000001,2026-08-18 00:00:00.000001,1826,,,,,1826,reachable,screen
USGS-06913000,1922-06-17 00:00:00.000001,2026-08-18 00:00:00.000001,1826,,,,,1826,reachable,screen
USGS-06913500,1902-08-26 00:00:00.000001,2026-08-18 00:00:00.000001,1826,,,,,1826,reachable,screen
USGS-06914000,1939-10-01 00:00:00.000001,2026-08-18 00:00:00.000001,1718,,,,,1718,reachable,screen
USGS-06914500,1929-04-18 00:00:00.000001,2026-08-18 00:00:00.000001,1826,,,,,1826,reachable,screen
USGS-06914950,1993-07-07 00:00:00.000001,2026-08-18 00:00:00.000001,1826,,,,,1826,reachable,screen
USGS-06914990,1993-10-01 00:00:00.000001,2026-08-17 00:00:00.000001,1826,,,,,1826,reachable,screen
USGS-06915000,1958-07-29 00:00:00.000001,2026-08-18 00:00:00.000001,1826,,,,,1826,reachable,screen
USGS-06915800,1984-10-01 00:00:00.000001,2026-08-17 00:00:00.000001,1826,,,,,1826,reachable,screen
USGS-06916600,1958-10-01 00:00:00.000001,2026-08-18 00:00:00.000001,1826,,,,,1826,reachable,screen
USGS-06917000,1948-11-09 00:00:00.000001,2026-08-18 00:00:00.000001,1826,,,,,1826,reachable,screen
USGS-06917060,1988-11-20 00:00:00.000001,2026-08-18 00:00:00.000001,1826,,,,,1826,reachable,screen
USGS-06917240,2001-04-01 00:00:00.000001,2026-08-18 00:00:00.000001,1826,,,,,1826,reachable,screen
USGS-06917500,1921-08-05 00:00:00.000001,2026-08-18 00:00:00.000001,1826,,,,,1826,reachable,screen
USGS-06917560,2005-10-01 00:00:00.000001,2026-08-19 00:00:00.000001,1826,,,,,1826,reachable,screen
USGS-06917630,2001-11-07 00:00:00.000001,2026-08-17 00:00:00.000001,1826,,,,,1826,reachable,screen
USGS-06918060,2003-10-01 00:00:00.000001,2026-08-17 00:00:00.000001,1826,,,,,1826,reachable,screen
USGS-06918070,1981-05-08 00:00:00.000001,2012-02-18 00:00:00.000001,0,0.0,9924.0,1981-05-08,2012-02-18,0,unreachable,individual fetch
USGS-06918250,2011-02-18 00:00:00.000001,2026-08-18 00:00:00.000001,1821,,,,,1821,reachable,screen
USGS-06918440,1966-06-01 00:00:00.000001,2026-08-17 00:00:00.000001,1826,,,,,1826,reachable,screen
USGS-06918460,1965-09-01 00:00:00.000001,2026-08-18 00:00:00.000001,1826,,,,,1826,reachable,screen
USGS-06918493,1996-08-30 00:00:00.000001,2026-08-18 00:00:00.000001,1826,,,,,1826,reachable,screen
USGS-06918740,1968-09-01 00:00:00.000001,2026-08-17 00:00:00.000001,1826,,,,,1826,reachable,screen
USGS-06919020,1973-10-01 00:00:00.000001,2026-08-17 00:00:00.000001,1826,,,,,1826,reachable,screen
USGS-06919500,1923-04-22 00:00:00.000001,2026-08-17 00:00:00.000001,1826,,,,,1826,reachable,screen
USGS-06919900,1974-10-01 00:00:00.000001,2026-08-17 00:00:00.000001,1826,,,,,1826,reachable,screen
USGS-06920520,2012-03-28 00:00:00.000001,2026-08-17 00:00:00.000001,1826,,,,,1826,reachable,screen
USGS-06921070,1968-10-01 00:00:00.000001,2026-08-17 00:00:00.000001,1826,,,,,1826,reachable,screen
USGS-06921200,1957-05-01 00:00:00.000001,2026-08-17 00:00:00.000001,1826,,,,,1826,reachable,screen
USGS-06921350,1960-09-01 00:00:00.000001,2026-08-17 00:00:00.000001,1826,,,,,1826,reachable,screen
USGS-06921500,1921-10-01 00:00:00.000001,2026-08-17 00:00:00.000001,1826,,,,,1826,reachable,screen
USGS-06921590,1969-10-01 00:00:00.000001,2026-08-17 00:00:00.000001,1826,,,,,1826,reachable,screen
USGS-06921600,1960-10-01 00:00:00.000001,2026-08-17 00:00:00.000001,1826,,,,,1826,reachable,screen
USGS-06921720,1960-08-01 00:00:00.000001,2026-08-17 00:00:00.000001,1826,,,,,1826,reachable,screen
USGS-06923250,1991-07-24 00:00:00.000001,2026-08-17 00:00:00.000001,1826,,,,,1826,reachable,screen
USGS-06923940,2008-06-18 00:00:00.000001,2026-08-17 00:00:00.000001,1826,,,,,1826,reachable,screen
USGS-06923950,1995-09-08 00:00:00.000001,2026-08-17 00:00:00.000001,1826,,,,,1826,reachable,screen
USGS-06925250,2007-05-29 00:00:00.000001,2026-08-17 00:00:00.000001,1826,,,,,1826,reachable,screen
USGS-06926000,1925-06-01 00:00:00.000001,2026-08-17 00:00:00.000001,769,,,,,769,reachable,screen
USGS-06926080,2015-10-01 00:00:00.000001,2026-08-18 00:00:00.000001,1826,,,,,1826,reachable,screen
USGS-06926290,2014-05-23 00:00:00.000001,2026-08-17 00:00:00.000001,1826,,,,,1826,reachable,screen
USGS-06926510,1996-06-14 00:00:00.000001,2026-08-17 00:00:00.000001,1826,,,,,1826,reachable,screen
USGS-06927000,1947-12-15 00:00:00.000001,2026-08-17 00:00:00.000001,1826,,,,,1826,reachable,screen
USGS-06927240,2008-01-25 00:00:00.000001,2026-08-18 00:00:00.000001,1826,,,,,1826,reachable,screen
USGS-06928000,1928-10-01 00:00:00.000001,2026-08-17 00:00:00.000001,1826,,,,,1826,reachable,screen
USGS-06928300,1999-12-29 00:00:00.000001,2026-08-19 00:00:00.000001,1826,,,,,1826,reachable,screen
USGS-06928420,2008-12-23 00:00:00.000001,2026-08-18 00:00:00.000001,1826,,,,,1826,reachable,screen
USGS-06930000,1921-10-01 00:00:00.000001,2026-08-19 00:00:00.000001,1826,,,,,1826,reachable,screen
USGS-06930060,1999-12-03 00:00:00.000001,2026-08-17 00:00:00.000001,1826,,,,,1826,reachable,screen
USGS-06932000,1928-11-01 00:00:00.000001,2026-08-17 00:00:00.000001,1826,,,,,1826,reachable,screen
USGS-06933500,1903-04-12 00:00:00.000001,2026-08-17 00:00:00.000001,1826,,,,,1826,reachable,screen
USGS-06934000,1921-11-01 00:00:00.000001,2026-08-18 00:00:00.000001,1826,,,,,1826,reachable,screen
USGS-06934500,1928-10-01 00:00:00.000001,2026-08-18 00:00:00.000001,1826,,,,,1826,reachable,screen
USGS-06935450,2014-10-08 00:00:00.000001,2026-08-18 00:00:00.000001,1826,,,,,1826,reachable,screen
USGS-06935550,2015-04-08 00:00:00.000001,2026-08-18 00:00:00.000001,1826,,,,,1826,reachable,screen
USGS-06935755,1997-09-01 00:00:00.000001,2026-08-17 00:00:00.000001,1826,,,,,1826,reachable,screen
USGS-06935770,1997-06-13 00:00:00.000001,2026-08-18 00:00:00.000001,1826,,,,,1826,reachable,screen
USGS-06935830,1996-07-24 00:00:00.000001,2026-08-17 00:00:00.000001,1826,,,,,1826,reachable,screen
USGS-06935850,1997-06-25 00:00:00.000001,2026-08-17 00:00:00.000001,1826,,,,,1826,reachable,screen
USGS-06935890,1997-06-11 00:00:00.000001,2026-08-17 00:00:00.000001,1826,,,,,1826,reachable,screen
USGS-06935955,1996-07-12 00:00:00.000001,2026-08-17 00:00:00.000001,1826,,,,,1826,reachable,screen
USGS-06935965,2000-04-01 00:00:00.000001,2026-08-17 00:00:00.000001,1826,,,,,1826,reachable,screen
USGS-06935980,1997-05-09 00:00:00.000001,2026-08-17 00:00:00.000001,1826,,,,,1826,reachable,screen
USGS-06935997,1997-05-10 00:00:00.000001,2026-08-18 00:00:00.000001,1826,,,,,1826,reachable,screen
USGS-06936475,1996-07-11 00:00:00.000001,2026-08-17 00:00:00.000001,1826,,,,,1826,reachable,screen
USGS-06936530,1997-08-21 00:00:00.000001,2026-08-17 00:00:00.000001,1826,,,,,1826,reachable,screen
USGS-07001910,1999-06-03 00:00:00.000001,2026-08-17 00:00:00.000001,1826,,,,,1826,reachable,screen
USGS-07005000,1978-10-03 00:00:00.000001,2026-08-17 00:00:00.000001,1824,,,,,1824,reachable,screen
USGS-07010000,1861-01-01 00:00:00.000001,2026-08-18 00:00:00.000001,1826,,,,,1826,reachable,screen
USGS-07010022,1997-09-03 00:00:00.000001,2026-08-17 00:00:00.000001,1826,,,,,1826,reachable,screen
USGS-07010030,1997-06-25 00:00:00.000001,2026-08-17 00:00:00.000001,1826,,,,,1826,reachable,screen
USGS-07010035,1998-06-03 00:00:00.000001,2026-08-17 00:00:00.000001,1826,,,,,1826,reachable,screen
USGS-07010038,2015-11-24 00:00:00.000001,2026-08-17 00:00:00.000001,1826,,,,,1826,reachable,screen
USGS-07010040,2014-09-23 00:00:00.000001,2026-08-18 00:00:00.000001,1826,,,,,1826,reachable,screen
USGS-07010055,2001-06-06 00:00:00.000001,2026-08-17 00:00:00.000001,1826,,,,,1826,reachable,screen
USGS-07010061,2002-05-31 00:00:00.000001,2026-08-17 00:00:00.000001,1826,,,,,1826,reachable,screen
USGS-07010070,2001-07-26 00:00:00.000001,2026-08-17 00:00:00.000001,1826,,,,,1826,reachable,screen
USGS-07010075,2001-05-31 00:00:00.000001,2026-08-17 00:00:00.000001,1826,,,,,1826,reachable,screen
USGS-07010082,2004-03-23 00:00:00.000001,2026-08-17 00:00:00.000001,1826,,,,,1826,reachable,screen
USGS-07010086,1978-10-13 00:00:00.000001,2026-08-17 00:00:00.000001,1826,,,,,1826,reachable,screen
USGS-07010088,2014-09-24 00:00:00.000001,2026-08-17 00:00:00.000001,1818,,,,,1818,reachable,screen
USGS-07010090,1997-05-22 00:00:00.000001,2026-08-17 00:00:00.000001,1826,,,,,1826,reachable,screen
USGS-07010094,1997-05-21 00:00:00.000001,2026-08-18 00:00:00.000001,1826,,,,,1826,reachable,screen
USGS-07010097,2002-02-08 00:00:00.000001,2026-08-17 00:00:00.000001,1824,,,,,1824,reachable,screen
USGS-07010180,1996-07-23 00:00:00.000001,2026-08-17 00:00:00.000001,1826,,,,,1826,reachable,screen
USGS-07010208,1997-05-09 00:00:00.000001,2026-08-17 00:00:00.000001,1826,,,,,1826,reachable,screen
USGS-07010350,1965-10-01 00:00:00.000001,2026-08-17 00:00:00.000001,1826,,,,,1826,reachable,screen
USGS-07013000,1922-10-01 00:00:00.000001,2026-08-18 00:00:00.000001,1826,,,,,1826,reachable,screen
USGS-07014000,2007-03-05 00:00:00.000001,2026-08-17 00:00:00.000001,1826,,,,,1826,reachable,screen
USGS-07014500,1921-09-09 00:00:00.000001,2026-08-18 00:00:00.000001,1826,,,,,1826,reachable,screen
USGS-07015720,1965-07-01 00:00:00.000001,2026-08-18 00:00:00.000001,1826,,,,,1826,reachable,screen
USGS-07016500,1921-06-07 00:00:00.000001,2026-08-17 00:00:00.000001,1826,,,,,1826,reachable,screen
USGS-07017020,2014-07-01 00:00:00.000001,2026-08-18 00:00:00.000001,1826,,,,,1826,reachable,screen
USGS-07017200,1965-07-01 00:00:00.000001,2026-08-17 00:00:00.000001,1826,,,,,1826,reachable,screen
USGS-07017260,1988-03-23 00:00:00.000001,2026-08-17 00:00:00.000001,1826,,,,,1826,reachable,screen
USGS-07017610,2011-10-13 00:00:00.000001,2026-08-18 00:00:00.000001,1826,,,,,1826,reachable,screen
USGS-07018100,1949-04-28 00:00:00.000001,2026-08-17 00:00:00.000001,1826,,,,,1826,reachable,screen
USGS-07018500,1922-05-10 00:00:00.000001,2026-08-18 00:00:00.000001,1826,,,,,1826,reachable,screen
USGS-07019000,1903-10-01 00:00:00.000001,2026-08-18 00:00:00.000001,1826,,,,,1826,reachable,screen
USGS-07019072,1996-07-24 00:00:00.000001,2026-08-17 00:00:00.000001,1826,,,,,1826,reachable,screen
USGS-07019090,1997-05-23 00:00:00.000001,2026-08-17 00:00:00.000001,1826,,,,,1826,reachable,screen
USGS-07019120,1996-07-18 00:00:00.000001,2026-08-17 00:00:00.000001,1826,,,,,1826,reachable,screen
USGS-07019130,,,0,0.0,0.0,,,0,unreachable,individual fetch
USGS-07019150,1997-05-22 00:00:00.000001,2026-08-17 00:00:00.000001,1826,,,,,1826,reachable,screen
USGS-07019175,1997-06-10 00:00:00.000001,2026-08-17 00:00:00.000001,1826,,,,,1826,reachable,screen
USGS-07019185,1997-05-21 00:00:00.000001,2026-08-17 00:00:00.000001,1826,,,,,1826,reachable,screen
USGS-07019195,1997-05-23 00:00:00.000001,2026-08-17 00:00:00.000001,1826,,,,,1826,reachable,screen
USGS-07019220,1997-06-26 00:00:00.000001,2026-08-17 00:00:00.000001,1826,,,,,1826,reachable,screen
USGS-07019317,1996-07-11 00:00:00.000001,2026-08-17 00:00:00.000001,1826,,,,,1826,reachable,screen
USGS-07019500,2018-07-18 00:00:00.000001,2026-08-17 00:00:00.000001,1628,,,,,1628,reachable,screen
USGS-07020500,1942-07-01 00:00:00.000001,2026-08-17 00:00:00.000001,1826,,,,,1826,reachable,screen
USGS-07020550,1998-06-10 00:00:00.000001,2026-08-17 00:00:00.000001,1826,,,,,1826,reachable,screen
USGS-07021000,1920-01-01 00:00:00.000001,2026-08-18 00:00:00.000001,1826,,,,,1826,reachable,screen
USGS-07022000,1933-04-01 00:00:00.000001,2026-08-17 00:00:00.000001,1826,,,,,1826,reachable,screen
USGS-07024000,1939-10-01 00:00:00.000001,2026-08-17 00:00:00.000001,1826,,,,,1826,reachable,screen
USGS-07024175,2016-02-23 00:00:00.000001,2026-08-17 00:00:00.000001,1826,,,,,1826,reachable,screen
USGS-07024200,1994-09-30 00:00:00.000001,2024-09-20 00:00:00.000001,1826,,,,,1826,reachable,screen
USGS-07024500,1929-08-01 00:00:00.000001,2026-08-18 00:00:00.000001,1826,,,,,1826,reachable,screen
USGS-07025400,1939-01-21 00:00:00.000001,2026-08-18 00:00:00.000001,1826,,,,,1826,reachable,screen
USGS-07026040,1929-08-01 00:00:00.000001,2026-08-18 00:00:00.000001,1826,,,,,1826,reachable,screen
USGS-07027720,2001-02-14 00:00:00.000001,2026-08-17 00:00:00.000001,1826,,,,,1826,reachable,screen
USGS-07028500,,,0,0.0,0.0,,,0,unreachable,individual fetch
USGS-07028960,1997-09-17 00:00:00.000001,2026-08-18 00:00:00.000001,1826,,,,,1826,reachable,screen
USGS-07029270,1947-10-01 00:00:00.000001,2026-08-17 00:00:00.000001,1736,,,,,1736,reachable,screen
USGS-07029500,1929-08-01 00:00:00.000001,2026-08-17 00:00:00.000001,1826,,,,,1826,reachable,screen
USGS-07030050,1939-01-07 00:00:00.000001,2026-08-17 00:00:00.000001,1826,,,,,1826,reachable,screen
USGS-07030240,1969-10-01 00:00:00.000001,2026-08-17 00:00:00.000001,1223,,,,,1223,reachable,screen
USGS-07030392,1995-09-01 00:00:00.000001,2026-08-17 00:00:00.000001,1826,,,,,1826,reachable,screen
USGS-07030500,1929-08-01 00:00:00.000001,2026-08-17 00:00:00.000001,1826,,,,,1826,reachable,screen
USGS-07031650,1969-10-01 00:00:00.000001,2026-08-17 00:00:00.000001,1826,,,,,1826,reachable,screen
USGS-07031692,1996-04-01 00:00:00.000001,2026-08-17 00:00:00.000001,1826,,,,,1826,reachable,screen
USGS-07032000,1933-01-01 00:00:00.000001,2026-08-17 00:00:00.000001,1826,,,,,1826,reachable,screen
USGS-07032200,1969-10-01 00:00:00.000001,2026-08-17 00:00:00.000001,1394,,,,,1394,reachable,screen
USGS-07034000,,,0,0.0,0.0,,,0,unreachable,individual fetch
USGS-07035000,1939-02-10 00:00:00.000001,2026-08-17 00:00:00.000001,1826,,,,,1826,reachable,screen
USGS-07035800,1987-02-05 00:00:00.000001,2026-08-17 00:00:00.000001,1826,,,,,1826,reachable,screen
USGS-07036100,1983-06-10 00:00:00.000001,2026-08-18 00:00:00.000001,1826,,,,,1826,reachable,screen
USGS-07037300,2005-10-01 00:00:00.000001,2026-08-17 00:00:00.000001,1826,,,,,1826,reachable,screen
USGS-07037500,1921-06-16 00:00:00.000001,2026-08-18 00:00:00.000001,1826,,,,,1826,reachable,screen
USGS-07039500,1940-10-01 00:00:00.000001,2026-08-17 00:00:00.000001,1826,,,,,1826,reachable,screen
USGS-07040000,1927-10-01 00:00:00.000001,2026-08-17 00:00:00.000001,0,0.0,9907.0,1927-10-01,2010-11-14,0,unreachable,individual fetch
USGS-07043500,1945-10-01 00:00:00.000001,2026-08-17 00:00:00.000001,1826,,,,,1826,reachable,screen
USGS-07047932,2021-03-19 00:00:00.000001,2026-08-18 00:00:00.000001,653,,,,,653,reachable,screen
USGS-070479376,,,0,0.0,0.0,,,0,unreachable,individual fetch
USGS-07047942,1970-10-01 00:00:00.000001,2026-08-17 00:00:00.000001,1826,,,,,1826,reachable,screen
USGS-07047950,1898-10-01 00:00:00.000001,2026-08-17 00:00:00.000001,1826,,,,,1826,reachable,screen
USGS-07047980,2018-01-10 00:00:00.000001,2026-08-17 00:00:00.000001,1817,,,,,1817,reachable,screen
USGS-07048493,2023-05-25 00:00:00.000001,2026-08-18 00:00:00.000001,0,0.0,1182.0,2023-05-25 00:00:00,2026-08-18 00:00:00,0,unreachable,individual fetch
USGS-07048550,2001-09-19 00:00:00.000001,2026-08-17 00:00:00.000001,1825,,,,,1825,reachable,screen
USGS-07048600,1963-10-01 00:00:00.000001,2026-08-17 00:00:00.000001,1826,,,,,1826,reachable,screen
USGS-07048780,2015-08-07 00:00:00.000001,2026-08-17 00:00:00.000001,1815,,,,,1815,reachable,screen
USGS-07049000,1952-07-01 00:00:00.000001,2026-08-18 00:00:00.000001,1826,,,,,1826,reachable,screen
USGS-07050152,2008-03-12 00:00:00.000001,2026-08-17 00:00:00.000001,1826,,,,,1826,reachable,screen
USGS-07050500,1939-04-01 00:00:00.000001,2026-08-17 00:00:00.000001,1826,,,,,1826,reachable,screen
USGS-07050690,1999-07-21 00:00:00.000001,2026-08-17 00:00:00.000001,1826,,,,,1826,reachable,screen
USGS-07050700,1955-10-01 00:00:00.000001,2026-08-17 00:00:00.000001,1826,,,,,1826,reachable,screen
USGS-07052000,1932-05-07 00:00:00.000001,2026-08-17 00:00:00.000001,1826,,,,,1826,reachable,screen
USGS-07052100,1972-09-21 00:00:00.000001,2026-08-17 00:00:00.000001,1826,,,,,1826,reachable,screen
USGS-07052120,1998-05-29 00:00:00.000001,2026-08-17 00:00:00.000001,1826,,,,,1826,reachable,screen
USGS-07052152,2001-07-10 00:00:00.000001,2026-08-17 00:00:00.000001,1826,,,,,1826,reachable,screen
USGS-07052250,1972-09-22 00:00:00.000001,2026-08-17 00:00:00.000001,1826,,,,,1826,reachable,screen
USGS-07052345,2001-10-01 00:00:00.000001,2026-08-17 00:00:00.000001,1826,,,,,1826,reachable,screen
USGS-07052500,1921-10-01 00:00:00.000001,2026-08-17 00:00:00.000001,1071,,,,,1071,reachable,screen
USGS-07052820,2007-05-04 00:00:00.000001,2026-08-17 00:00:00.000001,1826,,,,,1826,reachable,screen
USGS-07053250,1993-04-15 00:00:00.000001,2026-08-19 00:00:00.000001,1825,,,,,1825,reachable,screen
USGS-07053690,,,0,0.0,0.0,,,0,unreachable,individual fetch
USGS-07053810,1994-10-01 00:00:00.000001,2026-08-17 00:00:00.000001,1826,,,,,1826,reachable,screen
USGS-07054080,1994-07-23 00:00:00.000001,2026-08-17 00:00:00.000001,1826,,,,,1826,reachable,screen
USGS-07054288,,,0,0.0,0.0,,,0,unreachable,individual fetch
USGS-07055607,2006-12-06 00:00:00.000001,2026-08-17 00:00:00.000001,1826,,,,,1826,reachable,screen
USGS-07055646,1993-04-17 00:00:00.000001,2026-08-17 00:00:00.000001,1826,,,,,1826,reachable,screen
USGS-07055660,2008-05-03 00:00:00.000001,2026-08-17 00:00:00.000001,1826,,,,,1826,reachable,screen
USGS-07055680,2008-06-14 00:00:00.000001,2026-08-17 00:00:00.000001,1826,,,,,1826,reachable,screen
USGS-07055875,1995-06-01 00:00:00.000001,2026-08-17 00:00:00.000001,1826,,,,,1826,reachable,screen
USGS-07056000,1939-10-01 00:00:00.000001,2026-08-17 00:00:00.000001,1821,,,,,1821,reachable,screen
USGS-07056515,1999-01-22 00:00:00.000001,2026-08-17 00:00:00.000001,1826,,,,,1826,reachable,screen
USGS-07056700,2002-10-01 00:00:00.000001,2026-08-17 00:00:00.000001,1821,,,,,1821,reachable,screen
USGS-07057370,1996-05-18 00:00:00.000001,2026-08-17 00:00:00.000001,1826,,,,,1826,reachable,screen
USGS-07057500,1944-10-01 00:00:00.000001,2026-08-17 00:00:00.000001,1826,,,,,1826,reachable,screen
USGS-07058000,1944-10-01 00:00:00.000001,2026-08-17 00:00:00.000001,1826,,,,,1826,reachable,screen
USGS-07060500,1939-10-01 00:00:00.000001,2026-08-17 00:00:00.000001,1826,,,,,1826,reachable,screen
USGS-07060710,1965-12-09 00:00:00.000001,2026-08-17 00:00:00.000001,1826,,,,,1826,reachable,screen
USGS-07061000,1937-10-01 00:00:00.000001,2025-05-27 00:00:00.000001,18,,,,,18,reachable,screen
USGS-07061270,2001-10-01 00:00:00.000001,2026-08-17 00:00:00.000001,1826,,,,,1826,reachable,screen
USGS-07061290,2008-03-13 00:00:00.000001,2026-08-17 00:00:00.000001,1826,,,,,1826,reachable,screen
USGS-07061500,1939-04-12 00:00:00.000001,2026-08-17 00:00:00.000001,1826,,,,,1826,reachable,screen
USGS-07061600,2006-01-23 00:00:00.000001,2025-12-02 00:00:00.000001,1826,,,,,1826,reachable,screen
USGS-07061900,1994-07-21 00:00:00.000001,2026-08-17 00:00:00.000001,1826,,,,,1826,reachable,screen
USGS-07062500,1921-06-15 00:00:00.000001,2026-08-17 00:00:00.000001,1826,,,,,1826,reachable,screen
USGS-07062575,2008-04-08 00:00:00.000001,2022-10-03 00:00:00.000001,1737,,,,,1737,reachable,screen
USGS-07063000,1936-10-01 00:00:00.000001,2026-08-17 00:00:00.000001,1826,,,,,1826,reachable,screen
USGS-07064000,1938-10-01 00:00:00.000001,2026-08-17 00:00:00.000001,1826,,,,,1826,reachable,screen
USGS-07064026,2023-08-20 00:00:00.000001,2026-08-18 00:00:00.000001,0,0.0,1093.0,2023-08-20 00:00:00,2026-08-18 00:00:00,0,unreachable,individual fetch
USGS-07064040,2026-04-21 00:00:00.000001,2026-08-18 00:00:00.000001,0,0.0,120.0,2026-04-21 00:00:00,2026-08-18 00:00:00,0,unreachable,individual fetch
USGS-07064440,2007-02-07 00:00:00.000001,2026-08-17 00:00:00.000001,1826,,,,,1826,reachable,screen
USGS-07064533,2001-08-14 00:00:00.000001,2026-08-17 00:00:00.000001,1826,,,,,1826,reachable,screen
USGS-07065200,2001-10-01 00:00:00.000001,2026-08-17 00:00:00.000001,1826,,,,,1826,reachable,screen
USGS-07065495,1993-03-25 00:00:00.000001,2026-08-17 00:00:00.000001,1826,,,,,1826,reachable,screen
USGS-07066000,1921-11-01 00:00:00.000001,2026-08-17 00:00:00.000001,1826,,,,,1826,reachable,screen
USGS-07067000,1921-06-18 00:00:00.000001,2026-08-17 00:00:00.000001,1826,,,,,1826,reachable,screen
USGS-07068000,1921-06-14 00:00:00.000001,2026-08-17 00:00:00.000001,1826,,,,,1826,reachable,screen
USGS-07068510,1980-05-15 00:00:00.000001,2026-08-17 00:00:00.000001,1826,,,,,1826,reachable,screen
USGS-07069000,1936-01-01 00:00:00.000001,2026-08-17 00:00:00.000001,1826,,,,,1826,reachable,screen
USGS-07069220,1988-03-17 00:00:00.000001,2016-10-04 00:00:00.000001,0,0.0,4764.0,1988-03-17 00:00:00,2016-10-04 00:00:00,0,unreachable,individual fetch
USGS-07069295,2010-03-19 00:00:00.000001,2026-08-18 00:00:00.000001,1826,,,,,1826,reachable,screen
USGS-07069305,2001-10-01 00:00:00.000001,2026-08-17 00:00:00.000001,1826,,,,,1826,reachable,screen
USGS-07069500,1936-04-01 00:00:00.000001,2026-08-17 00:00:00.000001,1826,,,,,1826,reachable,screen
USGS-07071500,1921-10-01 00:00:00.000001,2026-08-17 00:00:00.000001,1826,,,,,1826,reachable,screen
USGS-07072000,1929-10-01 00:00:00.000001,2026-08-17 00:00:00.000001,1826,,,,,1826,reachable,screen
USGS-07072500,1929-10-01 00:00:00.000001,2026-08-17 00:00:00.000001,1826,,,,,1826,reachable,screen
USGS-07074420,1999-01-20 00:00:00.000001,2026-08-17 00:00:00.000001,1825,,,,,1825,reachable,screen
USGS-07074500,1927-10-01 00:00:00.000001,2026-08-17 00:00:00.000001,1826,,,,,1826,reachable,screen
USGS-07074670,2015-08-13 00:00:00.000001,2026-02-08 00:00:00.000001,1826,,,,,1826,reachable,screen
USGS-07074850,1989-06-01 00:00:00.000001,2026-08-17 00:00:00.000001,1826,,,,,1826,reachable,screen
USGS-07075000,1939-03-01 00:00:00.000001,2026-08-18 00:00:00.000001,1826,,,,,1826,reachable,screen
USGS-07075270,2010-07-13 00:00:00.000001,2026-08-17 00:00:00.000001,1826,,,,,1826,reachable,screen
USGS-07075300,1961-10-01 00:00:00.000001,2026-08-17 00:00:00.000001,1826,,,,,1826,reachable,screen
USGS-07076000,,,0,0.0,0.0,,,0,unreachable,individual fetch
USGS-07076517,1996-11-22 00:00:00.000001,2026-08-17 00:00:00.000001,1826,,,,,1826,reachable,screen
USGS-07076750,1927-10-01 00:00:00.000001,2026-08-17 00:00:00.000001,1826,,,,,1826,reachable,screen
USGS-07077000,1949-10-01 00:00:00.000001,2026-08-17 00:00:00.000001,1826,,,,,1826,reachable,screen
USGS-07077380,1964-10-01 00:00:00.000001,2026-08-18 00:00:00.000001,1826,,,,,1826,reachable,screen
USGS-07077500,2023-08-20 00:00:00.000001,2026-08-18 00:00:00.000001,0,0.0,676.0,2023-08-20 00:00:00,2025-06-25 00:00:00,0,unreachable,individual fetch
USGS-07077555,1987-04-03 00:00:00.000001,2026-08-17 00:00:00.000001,1826,,,,,1826,reachable,screen
USGS-07077700,1939-04-01 00:00:00.000001,2026-03-05 00:00:00.000001,658,,,,,658,reachable,screen
USGS-07079300,1990-05-12 00:00:00.000001,2026-08-17 00:00:00.000001,1826,,,,,1826,reachable,screen
USGS-07081200,1967-10-01 00:00:00.000001,2026-08-17 00:00:00.000001,1826,,,,,1826,reachable,screen
USGS-07083000,1946-08-01 00:00:00.000001,2026-08-17 00:00:00.000001,1826,,,,,1826,reachable,screen
USGS-07083200,2009-05-01 00:00:00.000001,2026-08-18 00:00:00.000001,765,,,,,765,reachable,screen
USGS-07083710,1990-05-04 00:00:00.000001,2026-08-17 00:00:00.000001,615,,,,,615,reachable,screen
USGS-07086000,1910-04-01 00:00:00.000001,2007-09-29 00:00:00.000001,0,0.0,35611.0,1910-04-01 00:00:00,2007-09-29 00:00:00,0,unreachable,individual fetch
USGS-07087050,1999-03-03 00:00:00.000001,2026-08-18 00:00:00.000001,915,,,,,915,reachable,screen
USGS-07091200,1964-10-01 00:00:00.000001,2026-08-18 00:00:00.000001,915,,,,,915,reachable,screen
USGS-07093700,1961-04-01 00:00:00.000001,2007-09-29 00:00:00.000001,0,0.0,16982.0,1961-04-01 00:00:00,2007-09-29 00:00:00,0,unreachable,individual fetch
USGS-07094500,1945-10-01 00:00:00.000001,2026-08-18 00:00:00.000001,915,,,,,915,reachable,screen
USGS-07096000,1888-10-01 00:00:00.000001,2018-09-30 00:00:00.000001,273,,,,,273,reachable,screen
USGS-07096250,1992-10-01 00:00:00.000001,2026-08-18 00:00:00.000001,1826,,,,,1826,reachable,screen
USGS-07097000,1939-06-01 00:00:00.000001,2007-09-29 00:00:00.000001,0,0.0,16922.0,1939-06-01 00:00:00,2007-09-29 00:00:00,0,unreachable,individual fetch
USGS-07099050,1991-03-29 00:00:00.000001,2026-08-18 00:00:00.000001,1375,,,,,1375,reachable,screen
USGS-07099060,1991-03-30 00:00:00.000001,2026-08-17 00:00:00.000001,1375,,,,,1375,reachable,screen
USGS-07099230,1978-05-18 00:00:00.000001,2026-08-18 00:00:00.000001,915,,,,,915,reachable,screen
USGS-07099238,2000-10-20 00:00:00.000001,2022-09-30 00:00:00.000001,914,,,,,914,reachable,screen
USGS-07099400,1965-10-01 00:00:00.000001,2007-09-29 00:00:00.000001,0,0.0,15339.0,1965-10-01 00:00:00,2007-09-29 00:00:00,0,unreachable,individual fetch
USGS-07099970,1988-10-01 00:00:00.000001,2026-08-18 00:00:00.000001,1826,,,,,1826,reachable,screen
USGS-07099973,2004-10-28 00:00:00.000001,2026-08-17 00:00:00.000001,1826,,,,,1826,reachable,screen
USGS-07103100,2014-07-18 00:00:00.000001,2026-08-18 00:00:00.000001,723,,,,,723,reachable,screen
USGS-07103700,1958-04-01 00:00:00.000001,2026-08-17 00:00:00.000001,1826,,,,,1826,reachable,screen
USGS-07103703,1992-04-30 00:00:00.000001,2026-08-18 00:00:00.000001,1826,,,,,1826,reachable,screen
USGS-07103780,1985-04-19 00:00:00.000001,2026-08-18 00:00:00.000001,1826,,,,,1826,reachable,screen
USGS-07103784,2018-04-01 00:00:00.000001,2026-08-18 00:00:00.000001,1070,,,,,1070,reachable,screen
USGS-07103790,2000-04-01 00:00:00.000001,2003-09-29 00:00:00.000001,0,0.0,914.0,2000-04-01 00:00:00,2003-09-29 00:00:00,0,unreachable,individual fetch
USGS-07103791,2018-04-01 00:00:00.000001,2025-10-31 00:00:00.000001,1070,,,,,1070,reachable,screen
USGS-07103792,2018-04-01 00:00:00.000001,2026-08-18 00:00:00.000001,1070,,,,,1070,reachable,screen
USGS-07103797,1993-11-19 00:00:00.000001,2026-08-17 00:00:00.000001,1826,,,,,1826,reachable,screen
USGS-07103800,1970-05-01 00:00:00.000001,2026-08-18 00:00:00.000001,1826,,,,,1826,reachable,screen
USGS-07103960,2000-04-01 00:00:00.000001,2026-08-17 00:00:00.000001,1070,,,,,1070,reachable,screen
USGS-07103970,1996-10-01 00:00:00.000001,2026-08-18 00:00:00.000001,1826,,,,,1826,reachable,screen
USGS-07103980,1992-05-12 00:00:00.000001,2026-08-18 00:00:00.000001,1826,,,,,1826,reachable,screen
USGS-07103987,2018-04-21 00:00:00.000001,2026-08-18 00:00:00.000001,1716,,,,,1716,reachable,screen
USGS-07103990,1985-12-31 00:00:00.000001,2026-08-18 00:00:00.000001,1826,,,,,1826,reachable,screen
USGS-07104000,1938-10-01 00:00:00.000001,2026-08-17 00:00:00.000001,1826,,,,,1826,reachable,screen
USGS-07104905,2003-04-01 00:00:00.000001,2026-08-18 00:00:00.000001,1826,,,,,1826,reachable,screen
USGS-07105000,1992-05-07 00:00:00.000001,2026-08-18 00:00:00.000001,1826,,,,,1826,reachable,screen
USGS-07105490,1992-04-23 00:00:00.000001,2026-08-18 00:00:00.000001,1826,,,,,1826,reachable,screen
USGS-07105500,1976-01-19 00:00:00.000001,2026-08-18 00:00:00.000001,1826,,,,,1826,reachable,screen
USGS-07105530,1989-10-27 00:00:00.000001,2026-08-18 00:00:00.000001,1826,,,,,1826,reachable,screen
USGS-07105600,2003-04-01 00:00:00.000001,2026-08-18 00:00:00.000001,1826,,,,,1826,reachable,screen
USGS-07105800,1964-10-01 00:00:00.000001,2026-08-18 00:00:00.000001,1826,,,,,1826,reachable,screen
USGS-07105815,2017-09-30 00:00:00.000001,2026-08-19 00:00:00.000001,1826,,,,,1826,reachable,screen
USGS-07105820,2017-09-30 00:00:00.000001,2026-08-19 00:00:00.000001,1826,,,,,1826,reachable,screen
USGS-07105900,1976-01-16 00:00:00.000001,2026-08-19 00:00:00.000001,1826,,,,,1826,reachable,screen
USGS-07105932,2023-06-08 00:00:00.000001,2026-08-18 00:00:00.000001,0,0.0,778.0,2023-06-08 00:00:00,2026-08-18 00:00:00,0,unreachable,individual fetch
USGS-07105940,1978-05-23 00:00:00.000001,2026-08-18 00:00:00.000001,1070,,,,,1070,reachable,screen
USGS-07105945,1978-05-19 00:00:00.000001,2026-08-17 00:00:00.000001,273,,,,,273,reachable,screen
USGS-07106000,1938-10-01 00:00:00.000001,2026-08-17 00:00:00.000001,1826,,,,,1826,reachable,screen
USGS-07106300,1973-04-01 00:00:00.000001,2026-08-17 00:00:00.000001,1826,,,,,1826,reachable,screen
USGS-07106500,1922-01-01 00:00:00.000001,2024-10-31 00:00:00.000001,1826,,,,,1826,reachable,screen
USGS-07106510,2023-06-08 00:00:00.000001,2026-08-18 00:00:00.000001,0,0.0,1168.0,2023-06-08 00:00:00,2026-08-18 00:00:00,0,unreachable,individual fetch
USGS-07108900,1978-10-01 00:00:00.000001,2026-08-18 00:00:00.000001,1826,,,,,1826,reachable,screen
USGS-07109500,1939-05-01 00:00:00.000001,2026-08-17 00:00:00.000001,1826,,,,,1826,reachable,screen
USGS-07116500,1922-01-01 00:00:00.000001,2026-08-18 00:00:00.000001,1826,,,,,1826,reachable,screen
USGS-07119500,1922-04-01 00:00:00.000001,2026-08-19 00:00:00.000001,1826,,,,,1826,reachable,screen
USGS-07121500,1922-01-01 00:00:00.000001,2026-08-18 00:00:00.000001,1826,,,,,1826,reachable,screen
USGS-07124000,1939-06-01 00:00:00.000001,2026-08-18 00:00:00.000001,1826,,,,,1826,reachable,screen
USGS-07124200,1972-03-01 00:00:00.000001,2026-08-18 00:00:00.000001,1826,,,,,1826,reachable,screen
USGS-07124410,1976-12-17 00:00:00.000001,2026-08-18 00:00:00.000001,1826,,,,,1826,reachable,screen
USGS-07126200,1966-07-01 00:00:00.000001,2026-08-17 00:00:00.000001,1070,,,,,1070,reachable,screen
USGS-07126300,1966-07-01 00:00:00.000001,2026-08-17 00:00:00.000001,1826,,,,,1826,reachable,screen
USGS-07126485,1983-06-01 00:00:00.000001,2026-08-18 00:00:00.000001,1282,,,,,1282,reachable,screen
USGS-07128500,1922-01-01 00:00:00.000001,2026-08-19 00:00:00.000001,1826,,,,,1826,reachable,screen
USGS-07130500,1938-04-01 00:00:00.000001,2026-08-17 00:00:00.000001,1826,,,,,1826,reachable,screen
USGS-07133000,1913-06-01 00:00:00.000001,2026-08-17 00:00:00.000001,1826,,,,,1826,reachable,screen
USGS-07134180,1980-12-05 00:00:00.000001,2026-08-18 00:00:00.000001,1826,,,,,1826,reachable,screen
USGS-07134990,1995-06-30 00:00:00.000001,2026-08-17 00:00:00.000001,1070,,,,,1070,reachable,screen
USGS-07135500,1910-04-01 00:00:00.000001,2026-08-18 00:00:00.000001,0,0.0,17013.0,1910-04-01 00:00:00,2026-08-18 00:00:00,0,unreachable,individual fetch
USGS-07137000,1987-10-09 00:00:00.000001,2026-08-18 00:00:00.000001,1826,,,,,1826,reachable,screen
USGS-07137010,2015-07-21 00:00:00.000001,2026-08-18 00:00:00.000001,1826,,,,,1826,reachable,screen
USGS-07137500,1950-10-01 00:00:00.000001,2026-08-18 00:00:00.000001,1826,,,,,1826,reachable,screen
USGS-07138000,1902-08-21 00:00:00.000001,2026-08-18 00:00:00.000001,1826,,,,,1826,reachable,screen
USGS-07138020,1979-04-13 00:00:00.000001,2026-08-18 00:00:00.000001,1826,,,,,1826,reachable,screen
USGS-07138050,2004-04-01 00:00:00.000001,2026-06-04 00:00:00.000001,0,0.0,1626.0,2004-04-01 00:00:00,2026-04-21 00:00:00,0,unreachable,individual fetch
USGS-07138063,2004-10-01 00:00:00.000001,2025-06-17 00:00:00.000001,339,,,,,339,reachable,screen
USGS-07138064,2012-05-09 00:00:00.000001,2026-08-18 00:00:00.000001,1823,,,,,1823,reachable,screen
USGS-07138070,1998-10-01 00:00:00.000001,2026-08-18 00:00:00.000001,1826,,,,,1826,reachable,screen
USGS-07138075,2004-10-01 00:00:00.000001,2025-05-21 00:00:00.000001,367,,,,,367,reachable,screen
USGS-07139000,1922-06-21 00:00:00.000001,2026-08-18 00:00:00.000001,1826,,,,,1826,reachable,screen
USGS-07140850,1981-10-01 00:00:00.000001,2026-08-18 00:00:00.000001,1826,,,,,1826,reachable,screen
USGS-07140880,2009-07-01 00:00:00.000001,2026-08-18 00:00:00.000001,1826,,,,,1826,reachable,screen
USGS-07140890,2009-07-01 00:00:00.000001,2026-08-18 00:00:00.000001,1826,,,,,1826,reachable,screen
USGS-07140900,2009-07-01 00:00:00.000001,2026-08-18 00:00:00.000001,1826,,,,,1826,reachable,screen
USGS-07141000,2009-07-02 00:00:00.000001,2026-08-18 00:00:00.000001,1826,,,,,1826,reachable,screen
USGS-07141200,1924-10-01 00:00:00.000001,2026-08-18 00:00:00.000001,1826,,,,,1826,reachable,screen
USGS-07141220,1998-10-01 00:00:00.000001,2026-08-18 00:00:00.000001,1826,,,,,1826,reachable,screen
USGS-07141300,1940-10-01 00:00:00.000001,2026-08-18 00:00:00.000001,1826,,,,,1826,reachable,screen
USGS-07141780,1969-10-01 00:00:00.000001,2026-08-18 00:00:00.000001,1826,,,,,1826,reachable,screen
USGS-07141900,1958-06-01 00:00:00.000001,2026-08-18 00:00:00.000001,1826,,,,,1826,reachable,screen
USGS-07142019,2008-10-01 00:00:00.000001,2026-08-18 00:00:00.000001,1825,,,,,1825,reachable,screen
USGS-07142300,1959-10-01 00:00:00.000001,2026-08-18 00:00:00.000001,1826,,,,,1826,reachable,screen
USGS-07142575,1973-05-30 00:00:00.000001,2026-08-18 00:00:00.000001,1826,,,,,1826,reachable,screen
USGS-07142680,1997-07-01 00:00:00.000001,2026-08-18 00:00:00.000001,1826,,,,,1826,reachable,screen
USGS-07143300,1938-04-01 00:00:00.000001,2026-08-18 00:00:00.000001,1826,,,,,1826,reachable,screen
USGS-07143330,1959-10-01 00:00:00.000001,2026-08-18 00:00:00.000001,1826,,,,,1826,reachable,screen
USGS-07143350,2008-07-01 00:00:00.000001,2012-02-29 00:00:00.000001,0,0.0,1339.0,2008-07-01 00:00:00,2012-02-29 00:00:00,0,unreachable,individual fetch
USGS-07143375,1987-03-01 00:00:00.000001,2026-08-18 00:00:00.000001,1826,,,,,1826,reachable,screen
USGS-07143665,1973-06-06 00:00:00.000001,2026-08-18 00:00:00.000001,1826,,,,,1826,reachable,screen
USGS-07143672,1995-05-01 00:00:00.000001,2026-08-18 00:00:00.000001,1826,,,,,1826,reachable,screen
USGS-07144050,2015-02-14 00:00:00.000001,2026-08-18 00:00:00.000001,1826,,,,,1826,reachable,screen
USGS-07144100,1993-10-01 00:00:00.000001,2026-08-18 00:00:00.000001,1826,,,,,1826,reachable,screen
USGS-07144200,1922-06-10 00:00:00.000001,2026-08-18 00:00:00.000001,1826,,,,,1826,reachable,screen
USGS-07144201,,,0,0.0,0.0,,,0,unreachable,individual fetch
USGS-07144300,1934-10-01 00:00:00.000001,2026-08-18 00:00:00.000001,1826,,,,,1826,reachable,screen
USGS-07144301,,,0,0.0,0.0,,,0,unreachable,individual fetch
USGS-07144325,,,0,0.0,0.0,,,0,unreachable,individual fetch
USGS-07144480,2001-04-01 00:00:00.000001,2026-08-18 00:00:00.000001,1826,,,,,1826,reachable,screen
USGS-07144486,2010-10-01 00:00:00.000001,2026-08-17 00:00:00.000001,1826,,,,,1826,reachable,screen
USGS-07144490,2010-10-01 00:00:00.000001,2026-08-18 00:00:00.000001,1826,,,,,1826,reachable,screen
USGS-07144550,1968-10-01 00:00:00.000001,2026-08-18 00:00:00.000001,1826,,,,,1826,reachable,screen
USGS-07144570,2014-10-08 00:00:00.000001,2026-08-18 00:00:00.000001,1826,,,,,1826,reachable,screen
USGS-07144780,1965-07-01 00:00:00.000001,2026-08-18 00:00:00.000001,1826,,,,,1826,reachable,screen
USGS-07144910,1980-10-01 00:00:00.000001,2026-08-18 00:00:00.000001,1826,,,,,1826,reachable,screen
USGS-07145200,1950-10-01 00:00:00.000001,2026-08-18 00:00:00.000001,1826,,,,,1826,reachable,screen
USGS-07145500,1938-04-01 00:00:00.000001,2026-08-18 00:00:00.000001,1826,,,,,1826,reachable,screen
USGS-07145600,2014-04-17 00:00:00.000001,2026-08-18 00:00:00.000001,1826,,,,,1826,reachable,screen
USGS-07145700,1969-04-01 00:00:00.000001,2026-08-18 00:00:00.000001,1826,,,,,1826,reachable,screen
USGS-07146500,1902-10-01 00:00:00.000001,2026-08-18 00:00:00.000001,1826,,,,,1826,reachable,screen
USGS-07146800,2009-10-01 00:00:00.000001,2026-08-18 00:00:00.000001,1826,,,,,1826,reachable,screen
USGS-07147070,1961-10-01 00:00:00.000001,2026-08-18 00:00:00.000001,1826,,,,,1826,reachable,screen
USGS-07147800,1921-11-14 00:00:00.000001,2026-08-18 00:00:00.000001,1826,,,,,1826,reachable,screen
USGS-07148111,2014-10-08 00:00:00.000001,2026-01-12 00:00:00.000001,1826,,,,,1826,reachable,screen
USGS-07148400,1938-04-01 00:00:00.000001,2026-08-18 00:00:00.000001,1826,,,,,1826,reachable,screen
USGS-07149000,1938-02-11 00:00:00.000001,2026-08-17 00:00:00.000001,1826,,,,,1826,reachable,screen
USGS-07151000,1935-10-01 00:00:00.000001,2026-08-18 00:00:00.000001,1826,,,,,1826,reachable,screen
USGS-07151500,1950-08-09 00:00:00.000001,2026-08-18 00:00:00.000001,1826,,,,,1826,reachable,screen
USGS-07152000,1936-04-01 00:00:00.000001,2026-08-18 00:00:00.000001,1556,,,,,1556,reachable,screen
USGS-07152500,1925-10-01 00:00:00.000001,2026-08-18 00:00:00.000001,1826,,,,,1826,reachable,screen
USGS-07153000,1944-07-29 00:00:00.000001,2026-08-18 00:00:00.000001,1826,,,,,1826,reachable,screen
USGS-07154500,1950-10-01 00:00:00.000001,2024-09-30 00:00:00.000001,1826,,,,,1826,reachable,screen
USGS-07155590,1971-04-01 00:00:00.000001,2025-04-30 00:00:00.000001,1481,,,,,1481,reachable,screen
USGS-07156900,1965-10-01 00:00:00.000001,2026-08-18 00:00:00.000001,1826,,,,,1826,reachable,screen
USGS-07157500,1942-10-01 00:00:00.000001,2026-08-18 00:00:00.000001,1826,,,,,1826,reachable,screen
USGS-07157740,1973-09-01 00:00:00.000001,2026-08-18 00:00:00.000001,1826,,,,,1826,reachable,screen
USGS-07157940,1973-09-01 00:00:00.000001,2026-08-18 00:00:00.000001,1826,,,,,1826,reachable,screen
USGS-07157950,1960-05-01 00:00:00.000001,2026-08-18 00:00:00.000001,1826,,,,,1826,reachable,screen
USGS-07158000,1937-10-01 00:00:00.000001,2026-08-18 00:00:00.000001,1826,,,,,1826,reachable,screen
USGS-07159100,1973-10-01 00:00:00.000001,2026-08-18 00:00:00.000001,1826,,,,,1826,reachable,screen
USGS-07159750,1973-03-01 00:00:00.000001,2026-08-18 00:00:00.000001,1826,,,,,1826,reachable,screen
USGS-07160000,1937-10-01 00:00:00.000001,2026-08-18 00:00:00.000001,1826,,,,,1826,reachable,screen
USGS-07160300,2021-07-01 00:00:00.000001,2026-08-17 00:00:00.000001,549,,,,,549,reachable,screen
USGS-07160350,1996-02-17 00:00:00.000001,2026-08-18 00:00:00.000001,1826,,,,,1826,reachable,screen
USGS-07160500,1949-10-01 00:00:00.000001,2026-08-18 00:00:00.000001,1826,,,,,1826,reachable,screen
USGS-07161450,1987-10-01 00:00:00.000001,2026-08-18 00:00:00.000001,1826,,,,,1826,reachable,screen
USGS-07164480,,,0,0.0,0.0,,,0,unreachable,individual fetch
USGS-07164500,1925-10-01 00:00:00.000001,2026-07-26 00:00:00.000001,1826,,,,,1826,reachable,screen
USGS-07164600,1988-03-11 00:00:00.000001,2026-08-18 00:00:00.000001,1826,,,,,1826,reachable,screen
USGS-07165562,1988-01-20 00:00:00.000001,2026-08-18 00:00:00.000001,1826,,,,,1826,reachable,screen
USGS-07165565,1987-10-01 00:00:00.000001,2026-08-18 00:00:00.000001,1826,,,,,1826,reachable,screen
USGS-07165570,1972-06-01 00:00:00.000001,2026-08-18 00:00:00.000001,1826,,,,,1826,reachable,screen
USGS-07165750,1989-10-01 00:00:00.000001,2026-08-17 00:00:00.000001,1826,,,,,1826,reachable,screen
USGS-07166500,1939-04-01 00:00:00.000001,2026-08-18 00:00:00.000001,1826,,,,,1826,reachable,screen
USGS-07167500,1946-10-01 00:00:00.000001,2026-08-18 00:00:00.000001,1826,,,,,1826,reachable,screen
USGS-07169500,1938-10-01 00:00:00.000001,2026-08-18 00:00:00.000001,1826,,,,,1826,reachable,screen
USGS-07169800,1967-01-01 00:00:00.000001,2026-08-18 00:00:00.000001,1826,,,,,1826,reachable,screen
USGS-07170500,1895-08-01 00:00:00.000001,2026-08-18 00:00:00.000001,1826,,,,,1826,reachable,screen
USGS-07170700,1957-10-01 00:00:00.000001,2026-08-18 00:00:00.000001,0,0.0,21828.0,1957-10-01 00:00:00,2017-10-25 00:00:00,0,unreachable,individual fetch
USGS-07170990,2002-04-01 00:00:00.000001,2026-08-18 00:00:00.000001,1826,,,,,1826,reachable,screen
USGS-07171000,1938-10-01 00:00:00.000001,2026-08-18 00:00:00.000001,1826,,,,,1826,reachable,screen
USGS-07172000,1939-10-01 00:00:00.000001,2026-08-18 00:00:00.000001,1826,,,,,1826,reachable,screen
USGS-07174400,1985-10-01 00:00:00.000001,2026-08-18 00:00:00.000001,1826,,,,,1826,reachable,screen
USGS-07175500,1945-10-01 00:00:00.000001,2026-08-18 00:00:00.000001,1826,,,,,1826,reachable,screen
USGS-07176000,1935-10-01 00:00:00.000001,2026-08-18 00:00:00.000001,1826,,,,,1826,reachable,screen
USGS-07176321,2013-11-18 00:00:00.000001,2020-02-17 00:00:00.000001,778,,,,,778,reachable,screen
USGS-07176500,1945-10-01 00:00:00.000001,2026-08-18 00:00:00.000001,1826,,,,,1826,reachable,screen
USGS-07176950,2003-10-01 00:00:00.000001,2020-09-30 00:00:00.000001,1004,,,,,1004,reachable,screen
USGS-07177500,1938-10-01 00:00:00.000001,2026-08-18 00:00:00.000001,1826,,,,,1826,reachable,screen
USGS-07177650,1987-12-01 00:00:00.000001,2026-08-18 00:00:00.000001,1826,,,,,1826,reachable,screen
USGS-07177800,1988-01-30 00:00:00.000001,2026-08-18 00:00:00.000001,1826,,,,,1826,reachable,screen
USGS-07178000,1935-10-01 00:00:00.000001,2026-08-18 00:00:00.000001,1826,,,,,1826,reachable,screen
USGS-07178200,1988-08-01 00:00:00.000001,2026-08-18 00:00:00.000001,1826,,,,,1826,reachable,screen
USGS-07179300,2012-08-14 00:00:00.000001,2026-08-18 00:00:00.000001,1826,,,,,1826,reachable,screen
USGS-07179500,1938-10-01 00:00:00.000001,2026-08-18 00:00:00.000001,1826,,,,,1826,reachable,screen
USGS-07179700,2012-09-30 00:00:00.000001,2026-08-18 00:00:00.000001,1826,,,,,1826,reachable,screen
USGS-07179730,1963-07-01 00:00:00.000001,2026-08-18 00:00:00.000001,1826,,,,,1826,reachable,screen
USGS-07179750,2026-03-08 00:00:00.000001,2026-08-18 00:00:00.000001,0,0.0,163.0,2026-03-08 00:00:00,2026-08-18 00:00:00,0,unreachable,individual fetch
USGS-07179785,2016-08-31 00:00:00.000001,2026-08-18 00:00:00.000001,1826,,,,,1826,reachable,screen
USGS-07179795,1968-07-01 00:00:00.000001,2026-08-18 00:00:00.000001,1826,,,,,1826,reachable,screen
USGS-07180400,1961-07-01 00:00:00.000001,2026-08-18 00:00:00.000001,1826,,,,,1826,reachable,screen
USGS-07180500,1938-10-01 00:00:00.000001,2026-08-18 00:00:00.000001,1826,,,,,1826,reachable,screen
USGS-07182000,2019-09-20 00:00:00.000001,2026-08-18 00:00:00.000001,1199,,,,,1199,reachable,screen
USGS-07182200,2012-10-01 00:00:00.000001,2026-08-18 00:00:00.000001,1823,,,,,1823,reachable,screen
USGS-07182250,1963-03-01 00:00:00.000001,2026-08-18 00:00:00.000001,1826,,,,,1826,reachable,screen
USGS-07182260,2013-10-25 00:00:00.000001,2026-08-18 00:00:00.000001,1826,,,,,1826,reachable,screen
USGS-07182390,2009-07-30 00:00:00.000001,2026-08-18 00:00:00.000001,1826,,,,,1826,reachable,screen
USGS-07182510,1961-07-01 00:00:00.000001,2026-08-18 00:00:00.000001,1826,,,,,1826,reachable,screen
USGS-07183000,1895-10-01 00:00:00.000001,2026-08-18 00:00:00.000001,1826,,,,,1826,reachable,screen
USGS-07183500,1921-10-01 00:00:00.000001,2026-08-18 00:00:00.000001,1826,,,,,1826,reachable,screen
USGS-07184000,1938-10-01 00:00:00.000001,2026-08-18 00:00:00.000001,1826,,,,,1826,reachable,screen
USGS-07184500,1938-10-01 00:00:00.000001,2026-08-18 00:00:00.000001,1826,,,,,1826,reachable,screen
USGS-07185000,1939-10-01 00:00:00.000001,2026-08-18 00:00:00.000001,1826,,,,,1826,reachable,screen
USGS-07185030,2016-10-06 00:00:00.000001,2026-08-18 00:00:00.000001,1826,,,,,1826,reachable,screen
USGS-07185090,2004-07-21 00:00:00.000001,2026-08-18 00:00:00.000001,1826,,,,,1826,reachable,screen
USGS-07185095,1984-01-11 00:00:00.000001,2026-08-18 00:00:00.000001,1826,,,,,1826,reachable,screen
USGS-07185700,1957-04-30 00:00:00.000001,2026-08-17 00:00:00.000001,1826,,,,,1826,reachable,screen
USGS-07185765,1966-10-01 00:00:00.000001,2026-08-17 00:00:00.000001,1826,,,,,1826,reachable,screen
USGS-07185910,2007-05-03 00:00:00.000001,2026-08-17 00:00:00.000001,1826,,,,,1826,reachable,screen
USGS-07186000,1924-04-25 00:00:00.000001,2026-08-17 00:00:00.000001,1826,,,,,1826,reachable,screen
USGS-07186055,2014-02-19 00:00:00.000001,2019-01-28 00:00:00.000001,393,,,,,393,reachable,screen
USGS-07186480,2014-02-27 00:00:00.000001,2018-12-06 00:00:00.000001,340,,,,,340,reachable,screen
USGS-07187000,1941-10-01 00:00:00.000001,2026-08-17 00:00:00.000001,1826,,,,,1826,reachable,screen
USGS-07187600,2008-09-30 00:00:00.000001,2026-08-18 00:00:00.000001,1826,,,,,1826,reachable,screen
USGS-07188000,1939-07-12 00:00:00.000001,2026-08-18 00:00:00.000001,1826,,,,,1826,reachable,screen
USGS-07188005,2016-11-03 00:00:00.000001,2026-08-18 00:00:00.000001,1826,,,,,1826,reachable,screen
USGS-07188653,2000-05-25 00:00:00.000001,2026-08-17 00:00:00.000001,1826,,,,,1826,reachable,screen
USGS-07188838,2004-10-01 00:00:00.000001,2026-08-17 00:00:00.000001,1826,,,,,1826,reachable,screen
USGS-07188885,2000-05-24 00:00:00.000001,2026-08-17 00:00:00.000001,1826,,,,,1826,reachable,screen
USGS-07189000,1939-10-01 00:00:00.000001,2026-04-27 00:00:00.000001,1826,,,,,1826,reachable,screen
USGS-07189100,2000-05-24 00:00:00.000001,2026-08-19 00:00:00.000001,1826,,,,,1826,reachable,screen
USGS-07189540,1997-09-06 00:00:00.000001,2026-08-18 00:00:00.000001,1826,,,,,1826,reachable,screen
USGS-07189542,1997-09-06 00:00:00.000001,2026-08-18 00:00:00.000001,1826,,,,,1826,reachable,screen
USGS-07189700,2020-07-22 00:00:00.000001,2026-08-18 00:00:00.000001,893,,,,,893,reachable,screen
USGS-07189710,2020-08-18 00:00:00.000001,2026-08-18 00:00:00.000001,866,,,,,866,reachable,screen
USGS-07190500,2016-04-14 00:00:00.000001,2026-08-18 00:00:00.000001,1826,,,,,1826,reachable,screen
USGS-07191000,1947-10-01 00:00:00.000001,2026-08-18 00:00:00.000001,1826,,,,,1826,reachable,screen
USGS-07191160,2001-10-01 00:00:00.000001,2026-08-18 00:00:00.000001,1826,,,,,1826,reachable,screen
USGS-07191179,2001-10-01 00:00:00.000001,2026-08-18 00:00:00.000001,1826,,,,,1826,reachable,screen
USGS-07191220,1961-10-01 00:00:00.000001,2026-08-18 00:00:00.000001,1826,,,,,1826,reachable,screen
USGS-071912213,2001-10-01 00:00:00.000001,2026-08-18 00:00:00.000001,1826,,,,,1826,reachable,screen
USGS-07191222,1998-07-30 00:00:00.000001,2026-08-18 00:00:00.000001,1826,,,,,1826,reachable,screen
USGS-07191265,2022-07-07 00:00:00.000001,2026-08-18 00:00:00.000001,178,,,,,178,reachable,screen
USGS-07191288,2001-10-01 00:00:00.000001,2026-08-18 00:00:00.000001,1826,,,,,1826,reachable,screen
USGS-07191315,,,0,0.0,0.0,,,0,unreachable,individual fetch
USGS-07191322,,,0,0.0,0.0,,,0,unreachable,individual fetch
USGS-07191500,1937-10-01 00:00:00.000001,2026-08-18 00:00:00.000001,1826,,,,,1826,reachable,screen
USGS-07194500,2003-07-25 00:00:00.000001,2026-08-18 00:00:00.000001,1826,,,,,1826,reachable,screen
USGS-07194800,1979-06-21 00:00:00.000001,2026-08-17 00:00:00.000001,1826,,,,,1826,reachable,screen
USGS-071948095,2015-09-30 00:00:00.000001,2026-08-17 00:00:00.000001,1826,,,,,1826,reachable,screen
USGS-07194880,1990-10-01 00:00:00.000001,2026-08-17 00:00:00.000001,1826,,,,,1826,reachable,screen
USGS-07194906,2011-10-07 00:00:00.000001,2025-01-13 00:00:00.000001,1826,,,,,1826,reachable,screen
USGS-07194933,2011-10-17 00:00:00.000001,2025-01-15 00:00:00.000001,1826,,,,,1826,reachable,screen
USGS-07195000,1950-10-01 00:00:00.000001,2026-08-17 00:00:00.000001,1826,,,,,1826,reachable,screen
USGS-07195400,1979-06-21 00:00:00.000001,2026-08-17 00:00:00.000001,1826,,,,,1826,reachable,screen
USGS-07195430,1995-07-14 00:00:00.000001,2025-09-30 00:00:00.000001,1826,,,,,1826,reachable,screen
USGS-07195500,1955-10-01 00:00:00.000001,2026-08-18 00:00:00.000001,1826,,,,,1826,reachable,screen
USGS-07195800,1961-07-01 00:00:00.000001,2026-08-18 00:00:00.000001,1826,,,,,1826,reachable,screen
USGS-07195855,1979-10-01 00:00:00.000001,2026-08-04 00:00:00.000001,1826,,,,,1826,reachable,screen
USGS-07195865,1996-09-12 00:00:00.000001,2026-08-18 00:00:00.000001,1826,,,,,1826,reachable,screen
USGS-07196000,1955-10-01 00:00:00.000001,2026-08-18 00:00:00.000001,1826,,,,,1826,reachable,screen
USGS-07196090,2000-10-01 00:00:00.000001,2026-08-18 00:00:00.000001,1826,,,,,1826,reachable,screen
USGS-07196500,1935-10-01 00:00:00.000001,2026-08-18 00:00:00.000001,1826,,,,,1826,reachable,screen
USGS-07196900,1958-04-01 00:00:00.000001,2026-08-17 00:00:00.000001,1826,,,,,1826,reachable,screen
USGS-07197000,1948-10-01 00:00:00.000001,2026-08-18 00:00:00.000001,1826,,,,,1826,reachable,screen
USGS-07197360,1997-10-01 00:00:00.000001,2026-08-18 00:00:00.000001,1826,,,,,1826,reachable,screen
USGS-07198000,1924-03-25 00:00:00.000001,2026-08-18 00:00:00.000001,1826,,,,,1826,reachable,screen
USGS-07202500,1945-01-01 00:00:00.000001,2026-08-17 00:00:00.000001,1826,,,,,1826,reachable,screen
USGS-07203000,1915-10-01 00:00:00.000001,2026-08-16 00:00:00.000001,1826,,,,,1826,reachable,screen
USGS-07206000,1950-05-01 00:00:00.000001,2026-08-18 00:00:00.000001,1826,,,,,1826,reachable,screen
USGS-07207000,1950-06-01 00:00:00.000001,2026-08-17 00:00:00.000001,1826,,,,,1826,reachable,screen
USGS-07207500,1916-01-01 00:00:00.000001,2026-08-17 00:00:00.000001,1826,,,,,1826,reachable,screen
USGS-07208500,1911-10-01 00:00:00.000001,2026-08-17 00:00:00.000001,1826,,,,,1826,reachable,screen
USGS-07211500,1939-10-01 00:00:00.000001,2026-08-17 00:00:00.000001,1826,,,,,1826,reachable,screen
USGS-07214470,2003-05-28 00:00:00.000001,2026-08-17 00:00:00.000001,888,,,,,888,reachable,screen
USGS-07214670,2017-05-04 00:00:00.000001,2026-08-17 00:00:00.000001,1016,,,,,1016,reachable,screen
USGS-07214680,2003-05-02 00:00:00.000001,2026-08-16 00:00:00.000001,1017,,,,,1017,reachable,screen
USGS-07215500,1906-05-01 00:00:00.000001,2026-08-17 00:00:00.000001,1826,,,,,1826,reachable,screen
USGS-07216500,1915-04-01 00:00:00.000001,2026-08-17 00:00:00.000001,1826,,,,,1826,reachable,screen
USGS-07218000,1929-10-01 00:00:00.000001,2026-08-17 00:00:00.000001,1770,,,,,1770,reachable,screen
USGS-07221500,1912-10-01 00:00:00.000001,2026-08-17 00:00:00.000001,1826,,,,,1826,reachable,screen
USGS-07222500,1936-10-01 00:00:00.000001,2026-08-17 00:00:00.000001,0,0.0,22990.0,1936-10-01 00:00:00,2026-08-18 00:00:00,0,unreachable,individual fetch
USGS-07226500,1942-01-01 00:00:00.000001,2026-08-17 00:00:00.000001,1826,,,,,1826,reachable,screen
USGS-07227000,1909-01-01 00:00:00.000001,2026-08-17 00:00:00.000001,1826,,,,,1826,reachable,screen
USGS-07227100,1959-08-01 00:00:00.000001,2026-08-17 00:00:00.000001,1826,,,,,1826,reachable,screen
USGS-07227420,2007-10-01 00:00:00.000001,2020-12-15 00:00:00.000001,1080,,,,,1080,reachable,screen
USGS-07227500,1938-04-01 00:00:00.000001,2026-08-18 00:00:00.000001,1826,,,,,1826,reachable,screen
USGS-07227890,2010-02-26 00:00:00.000001,2026-08-17 00:00:00.000001,1826,,,,,1826,reachable,screen
USGS-07228000,1938-04-01 00:00:00.000001,2026-08-18 00:00:00.000001,1826,,,,,1826,reachable,screen
USGS-07228650,2022-12-09 00:00:00.000001,2026-04-07 00:00:00.000001,23,,,,,23,reachable,screen
USGS-07228940,2006-05-01 00:00:00.000001,2026-08-18 00:00:00.000001,1826,,,,,1826,reachable,screen
USGS-07229050,1996-02-01 00:00:00.000001,2026-08-18 00:00:00.000001,1826,,,,,1826,reachable,screen
USGS-07229200,1959-10-01 00:00:00.000001,2026-08-18 00:00:00.000001,1826,,,,,1826,reachable,screen
USGS-07229300,1965-10-01 00:00:00.000001,2026-08-18 00:00:00.000001,1826,,,,,1826,reachable,screen
USGS-07230000,1952-10-01 00:00:00.000001,2026-08-18 00:00:00.000001,1826,,,,,1826,reachable,screen
USGS-07230500,1943-10-01 00:00:00.000001,2025-11-13 00:00:00.000001,1826,,,,,1826,reachable,screen
USGS-07231000,1942-10-01 00:00:00.000001,2026-08-18 00:00:00.000001,1826,,,,,1826,reachable,screen
USGS-07231500,1905-07-01 00:00:00.000001,2026-08-18 00:00:00.000001,1826,,,,,1826,reachable,screen
USGS-07233500,1945-08-01 00:00:00.000001,2026-08-17 00:00:00.000001,1826,,,,,1826,reachable,screen
USGS-07234000,1937-10-14 00:00:00.000001,2026-08-18 00:00:00.000001,1826,,,,,1826,reachable,screen
USGS-07235000,1940-10-01 00:00:00.000001,2026-08-17 00:00:00.000001,1826,,,,,1826,reachable,screen
USGS-07235600,2009-10-01 00:00:00.000001,2026-08-18 00:00:00.000001,1826,,,,,1826,reachable,screen
USGS-07237500,1905-01-01 00:00:00.000001,2026-08-17 00:00:00.000001,1826,,,,,1826,reachable,screen
USGS-07238000,1946-10-01 00:00:00.000001,2026-08-18 00:00:00.000001,1826,,,,,1826,reachable,screen
USGS-07239000,,,0,0.0,0.0,,,0,unreachable,individual fetch
USGS-07239300,1983-10-01 00:00:00.000001,2026-08-18 00:00:00.000001,1826,,,,,1826,reachable,screen
USGS-07239450,1988-10-01 00:00:00.000001,2026-08-18 00:00:00.000001,1826,,,,,1826,reachable,screen
USGS-07239500,1902-10-01 00:00:00.000001,2026-08-18 00:00:00.000001,1826,,,,,1826,reachable,screen
USGS-07239700,1999-10-01 00:00:00.000001,2026-08-18 00:00:00.000001,1826,,,,,1826,reachable,screen
USGS-07240000,1944-03-25 00:00:00.000001,2026-08-18 00:00:00.000001,1826,,,,,1826,reachable,screen
USGS-07241000,1952-10-01 00:00:00.000001,2026-08-18 00:00:00.000001,1826,,,,,1826,reachable,screen
USGS-07241504,2023-05-31 00:00:00.000001,2024-12-11 00:00:00.000001,0,0.0,561.0,2023-05-31 00:00:00,2024-12-11 00:00:00,0,unreachable,individual fetch
USGS-07241506,2023-06-06 00:00:00.000001,2026-08-18 00:00:00.000001,0,0.0,1166.0,2023-06-06 00:00:00,2026-08-18 00:00:00,0,unreachable,individual fetch
USGS-07241513,,,0,0.0,0.0,,,0,unreachable,individual fetch
USGS-07241520,1988-10-01 00:00:00.000001,2026-08-18 00:00:00.000001,1826,,,,,1826,reachable,screen
USGS-07241550,1968-10-01 00:00:00.000001,2026-08-18 00:00:00.000001,1826,,,,,1826,reachable,screen
USGS-07241780,2016-06-30 00:00:00.000001,2026-08-18 00:00:00.000001,1826,,,,,1826,reachable,screen
USGS-07241800,2001-02-07 00:00:00.000001,2026-08-18 00:00:00.000001,1826,,,,,1826,reachable,screen
USGS-07242000,1937-10-01 00:00:00.000001,2026-08-18 00:00:00.000001,1826,,,,,1826,reachable,screen
USGS-07242380,1983-10-01 00:00:00.000001,2026-08-18 00:00:00.000001,1826,,,,,1826,reachable,screen
USGS-07243500,1938-09-01 00:00:00.000001,2026-08-18 00:00:00.000001,1826,,,,,1826,reachable,screen
USGS-07245000,1938-10-01 00:00:00.000001,2026-08-18 00:00:00.000001,1826,,,,,1826,reachable,screen
USGS-07247000,1939-03-01 00:00:00.000001,2026-08-17 00:00:00.000001,1826,,,,,1826,reachable,screen
USGS-07247015,1992-04-01 00:00:00.000001,2026-08-18 00:00:00.000001,1826,,,,,1826,reachable,screen
USGS-07247250,1992-03-01 00:00:00.000001,2026-08-18 00:00:00.000001,1826,,,,,1826,reachable,screen
USGS-07247500,1938-10-01 00:00:00.000001,2026-08-18 00:00:00.000001,1826,,,,,1826,reachable,screen
USGS-07249400,1958-04-01 00:00:00.000001,2026-08-18 00:00:00.000001,1826,,,,,1826,reachable,screen
USGS-07249413,1989-10-01 00:00:00.000001,2026-08-18 00:00:00.000001,1826,,,,,1826,reachable,screen
USGS-07249455,1997-10-08 00:00:00.000001,2026-08-18 00:00:00.000001,1826,,,,,1826,reachable,screen
USGS-07249800,1999-09-16 00:00:00.000001,2026-08-17 00:00:00.000001,1811,,,,,1811,reachable,screen
USGS-07249920,2000-10-01 00:00:00.000001,2026-08-17 00:00:00.000001,1826,,,,,1826,reachable,screen
USGS-07249985,1930-10-01 00:00:00.000001,2026-08-18 00:00:00.000001,1826,,,,,1826,reachable,screen
USGS-07250550,2016-09-29 00:00:00.000001,2026-08-19 00:00:00.000001,1826,,,,,1826,reachable,screen
USGS-07250551,1989-10-01 00:00:00.000001,2026-08-17 00:00:00.000001,1826,,,,,1826,reachable,screen
USGS-07250935,2000-10-01 00:00:00.000001,2026-08-09 00:00:00.000001,1826,,,,,1826,reachable,screen
USGS-07250965,2000-10-01 00:00:00.000001,2026-08-17 00:00:00.000001,1826,,,,,1826,reachable,screen
USGS-07250974,2001-10-01 00:00:00.000001,2026-08-17 00:00:00.000001,1826,,,,,1826,reachable,screen
USGS-07252000,1938-06-01 00:00:00.000001,2026-08-18 00:00:00.000001,1826,,,,,1826,reachable,screen
USGS-07257006,1992-10-01 00:00:00.000001,2026-08-17 00:00:00.000001,1825,,,,,1825,reachable,screen
USGS-07257500,1947-10-01 00:00:00.000001,2026-08-17 00:00:00.000001,1826,,,,,1826,reachable,screen
USGS-07258500,1938-11-01 00:00:00.000001,2026-08-17 00:00:00.000001,1826,,,,,1826,reachable,screen
USGS-07259950,2021-08-19 00:00:00.000001,2026-08-18 00:00:00.000001,500,,,,,500,reachable,screen
USGS-07260500,1916-06-01 00:00:00.000001,2026-08-17 00:00:00.000001,1826,,,,,1826,reachable,screen
USGS-07260673,2001-10-01 00:00:00.000001,2026-08-17 00:00:00.000001,1826,,,,,1826,reachable,screen
USGS-07260800,2022-12-09 00:00:00.000001,2026-07-19 00:00:00.000001,2,,,,,2,reachable,screen
USGS-07261000,1954-10-01 00:00:00.000001,2026-08-17 00:00:00.000001,1823,,,,,1823,reachable,screen
USGS-07261090,2009-07-07 00:00:00.000001,2026-08-17 00:00:00.000001,1826,,,,,1826,reachable,screen
USGS-07261200,2012-02-10 00:00:00.000001,2020-06-29 00:00:00.000001,911,,,,,911,reachable,screen
USGS-07261500,1939-03-01 00:00:00.000001,2026-08-17 00:00:00.000001,1826,,,,,1826,reachable,screen
USGS-07263012,2002-10-01 00:00:00.000001,2026-08-17 00:00:00.000001,1826,,,,,1826,reachable,screen
USGS-07263115,2023-01-06 00:00:00.000001,2026-08-18 00:00:00.000001,0,0.0,1058.0,2023-01-06 00:00:00,2026-08-18 00:00:00,0,unreachable,individual fetch
USGS-07263295,1989-08-10 00:00:00.000001,2026-08-17 00:00:00.000001,1826,,,,,1826,reachable,screen
USGS-07263296,2007-07-11 00:00:00.000001,2026-08-17 00:00:00.000001,1826,,,,,1826,reachable,screen
USGS-072632962,2005-05-07 00:00:00.000001,2026-08-17 00:00:00.000001,1826,,,,,1826,reachable,screen
USGS-072632963,2019-10-01 00:00:00.000001,2026-08-18 00:00:00.000001,1188,,,,,1188,reachable,screen
USGS-072632966,2002-10-01 00:00:00.000001,2018-10-31 00:00:00.000001,187,,,,,187,reachable,screen
USGS-072632971,2005-05-07 00:00:00.000001,2026-07-23 00:00:00.000001,1826,,,,,1826,reachable,screen
USGS-072632982,2005-05-07 00:00:00.000001,2026-07-26 00:00:00.000001,1826,,,,,1826,reachable,screen
USGS-07263300,1989-08-17 00:00:00.000001,2026-08-09 00:00:00.000001,1826,,,,,1826,reachable,screen
USGS-07263450,2016-09-29 00:00:00.000001,2026-08-18 00:00:00.000001,1826,,,,,1826,reachable,screen
USGS-07263555,2007-09-08 00:00:00.000001,2026-08-16 00:00:00.000001,1826,,,,,1826,reachable,screen
USGS-07263580,1996-10-01 00:00:00.000001,2026-08-17 00:00:00.000001,1826,,,,,1826,reachable,screen
USGS-07263605,2016-09-30 00:00:00.000001,2026-08-18 00:00:00.000001,0,0.0,215.0,2016-09-30 00:00:00,2017-05-08 00:00:00,0,unreachable,individual fetch
USGS-07263875,2026-04-21 00:00:00.000001,2026-04-29 00:00:00.000001,0,0.0,0.0,,,0,unreachable,individual fetch
USGS-07263878,,,0,0.0,0.0,,,0,unreachable,individual fetch
USGS-072638805,2020-09-30 00:00:00.000001,2026-08-17 00:00:00.000001,823,,,,,823,reachable,screen
USGS-07264000,1954-10-01 00:00:00.000001,2026-08-17 00:00:00.000001,1826,,,,,1826,reachable,screen
USGS-07264200,2023-08-20 00:00:00.000001,2026-05-06 00:00:00.000001,0,0.0,554.0,2023-08-20 00:00:00,2025-02-23 00:00:00,0,unreachable,individual fetch
USGS-07264500,1935-10-01 00:00:00.000001,2026-05-06 00:00:00.000001,391,,,,,391,reachable,screen
USGS-07265000,1940-04-01 00:00:00.000001,2026-05-06 00:00:00.000001,93,,,,,93,reachable,screen
USGS-07268000,1938-10-01 00:00:00.000001,2026-08-18 00:00:00.000001,1826,,,,,1826,reachable,screen
USGS-07273100,1986-03-06 00:00:00.000001,2017-02-08 00:00:00.000001,0,0.0,5972.0,1986-03-06 00:00:00,2017-02-08 00:00:00,0,unreachable,individual fetch
USGS-07274000,1951-10-01 00:00:00.000001,2026-08-18 00:00:00.000001,1825,,,,,1825,reachable,screen
USGS-07274251,1985-01-10 00:00:00.000001,2001-09-29 00:00:00.000001,0,0.0,6107.0,1985-01-10 00:00:00,2001-09-29 00:00:00,0,unreachable,individual fetch
USGS-07274252,1985-06-19 00:00:00.000001,2001-09-29 00:00:00.000001,0,0.0,5947.0,1985-06-19 00:00:00,2001-09-29 00:00:00,0,unreachable,individual fetch
USGS-07275530,1986-12-18 00:00:00.000001,2001-09-29 00:00:00.000001,0,0.0,5400.0,1986-12-18 00:00:00,2001-09-29 00:00:00,0,unreachable,individual fetch
USGS-07275900,1996-09-30 00:00:00.000001,2026-08-17 00:00:00.000001,1826,,,,,1826,reachable,screen
USGS-07276000,1940-04-01 00:00:00.000001,2026-08-18 00:00:00.000001,474,,,,,474,reachable,screen
USGS-07277700,1986-02-07 00:00:00.000001,2011-09-29 00:00:00.000001,0,0.0,9001.0,1986-02-07 00:00:00,2011-09-29 00:00:00,0,unreachable,individual fetch
USGS-07277730,1986-02-08 00:00:00.000001,2001-09-29 00:00:00.000001,0,0.0,5713.0,1986-02-08 00:00:00,2001-09-29 00:00:00,0,unreachable,individual fetch
USGS-07280400,1996-09-30 00:00:00.000001,2009-09-29 00:00:00.000001,0,0.0,4018.0,1996-09-30 00:00:00,2009-09-29 00:00:00,0,unreachable,individual fetch
USGS-07281600,1995-10-01 00:00:00.000001,2026-08-17 00:00:00.000001,1825,,,,,1825,reachable,screen
USGS-07281960,1998-05-20 00:00:00.000001,2011-09-28 00:00:00.000001,0,0.0,4880.0,1998-05-20 00:00:00,2011-09-28 00:00:00,0,unreachable,individual fetch
USGS-07282000,1950-10-01 00:00:00.000001,2012-09-18 00:00:00.000001,0,0.0,21397.0,1950-10-01 00:00:00,2012-09-18 00:00:00,0,unreachable,individual fetch
USGS-07283000,1947-10-01 00:00:00.000001,2026-08-17 00:00:00.000001,1825,,,,,1825,reachable,screen
USGS-07285400,1985-06-20 00:00:00.000001,2026-08-17 00:00:00.000001,393,,,,,393,reachable,screen
USGS-07285500,1909-04-01 00:00:00.000001,2026-08-17 00:00:00.000001,1826,,,,,1826,reachable,screen
USGS-07287150,1991-10-01 00:00:00.000001,2021-03-27 00:00:00.000001,408,,,,,408,reachable,screen
USGS-07287400,1987-02-26 00:00:00.000001,2010-09-29 00:00:00.000001,0,0.0,8617.0,1987-02-26 00:00:00,2010-09-29 00:00:00,0,unreachable,individual fetch
USGS-07287404,1986-11-22 00:00:00.000001,2024-09-11 00:00:00.000001,472,,,,,472,reachable,screen
USGS-07287715,,,0,0.0,0.0,,,0,unreachable,individual fetch
USGS-07288000,1937-03-01 00:00:00.000001,2026-08-16 00:00:00.000001,1611,,,,,1611,reachable,screen
USGS-07288048,2014-03-31 00:00:00.000001,2026-08-18 00:00:00.000001,1521,,,,,1521,reachable,screen
USGS-07288068,2009-11-30 00:00:00.000001,2026-08-17 00:00:00.000001,1104,,,,,1104,reachable,screen
USGS-07288150,,,0,0.0,0.0,,,0,unreachable,individual fetch
USGS-07288280,1992-10-01 00:00:00.000001,2026-08-17 00:00:00.000001,1824,,,,,1824,reachable,screen
USGS-07288500,1935-10-01 00:00:00.000001,2026-08-18 00:00:00.000001,1826,,,,,1826,reachable,screen
USGS-07288521,2010-02-01 00:00:00.000001,2026-08-18 00:00:00.000001,1305,,,,,1305,reachable,screen
USGS-07288650,1996-09-30 00:00:00.000001,2026-08-17 00:00:00.000001,1824,,,,,1824,reachable,screen
USGS-07288955,1995-10-01 00:00:00.000001,2026-06-28 00:00:00.000001,1798,,,,,1798,reachable,screen
USGS-07289000,2008-01-01 00:00:00.000001,2026-08-18 00:00:00.000001,1826,,,,,1826,reachable,screen
USGS-07289350,1971-09-01 00:00:00.000001,2026-08-17 00:00:00.000001,1826,,,,,1826,reachable,screen
USGS-07289730,1995-10-01 00:00:00.000001,2026-08-17 00:00:00.000001,1812,,,,,1812,reachable,screen
USGS-07290000,1936-02-01 00:00:00.000001,2026-08-17 00:00:00.000001,1826,,,,,1826,reachable,screen
USGS-07290650,1961-06-01 00:00:00.000001,2026-08-17 00:00:00.000001,1063,,,,,1063,reachable,screen
USGS-07290830,,,0,0.0,0.0,,,0,unreachable,individual fetch
USGS-07291000,1938-10-01 00:00:00.000001,2026-08-17 00:00:00.000001,1818,,,,,1818,reachable,screen
USGS-07292500,1951-10-01 00:00:00.000001,2026-08-17 00:00:00.000001,1826,,,,,1826,reachable,screen
USGS-07295000,1942-03-01 00:00:00.000001,2026-08-17 00:00:00.000001,1825,,,,,1825,reachable,screen
USGS-07295400,2019-06-28 00:00:00.000001,2026-08-18 00:00:00.000001,1283,,,,,1283,reachable,screen
USGS-07295500,1939-12-01 00:00:00.000001,2026-08-17 00:00:00.000001,1826,,,,,1826,reachable,screen
USGS-07297910,1967-10-01 00:00:00.000001,2026-08-17 00:00:00.000001,1826,,,,,1826,reachable,screen
USGS-07298500,1939-01-01 00:00:00.000001,2026-08-17 00:00:00.000001,1826,,,,,1826,reachable,screen
USGS-07299540,1965-04-01 00:00:00.000001,2026-08-18 00:00:00.000001,1826,,,,,1826,reachable,screen
USGS-07299670,1961-12-01 00:00:00.000001,2026-08-17 00:00:00.000001,1826,,,,,1826,reachable,screen
USGS-07299890,1997-08-01 00:00:00.000001,2026-08-18 00:00:00.000001,1826,,,,,1826,reachable,screen
USGS-07300000,1952-06-08 00:00:00.000001,2026-07-26 00:00:00.000001,1826,,,,,1826,reachable,screen
USGS-07300500,1937-10-01 00:00:00.000001,2026-08-09 00:00:00.000001,1826,,,,,1826,reachable,screen
USGS-07301110,1979-10-01 00:00:00.000001,2026-08-18 00:00:00.000001,1826,,,,,1826,reachable,screen
USGS-07301300,1964-02-19 00:00:00.000001,2026-08-17 00:00:00.000001,1826,,,,,1826,reachable,screen
USGS-07301410,1961-11-16 00:00:00.000001,2026-08-18 00:00:00.000001,1826,,,,,1826,reachable,screen
USGS-07301420,1986-04-22 00:00:00.000001,2026-08-18 00:00:00.000001,1826,,,,,1826,reachable,screen
USGS-07301500,1944-10-01 00:00:00.000001,2026-08-18 00:00:00.000001,1826,,,,,1826,reachable,screen
USGS-07303000,1977-10-01 00:00:00.000001,2026-08-18 00:00:00.000001,1826,,,,,1826,reachable,screen
USGS-07303400,1994-10-01 00:00:00.000001,2026-08-18 00:00:00.000001,1826,,,,,1826,reachable,screen
USGS-07305000,1905-04-01 00:00:00.000001,2026-08-18 00:00:00.000001,1826,,,,,1826,reachable,screen
USGS-07307028,1983-06-28 00:00:00.000001,2026-08-18 00:00:00.000001,1826,,,,,1826,reachable,screen
USGS-07308200,1959-12-01 00:00:00.000001,2026-08-17 00:00:00.000001,1826,,,,,1826,reachable,screen
USGS-07308500,1924-07-11 00:00:00.000001,2026-08-17 00:00:00.000001,1826,,,,,1826,reachable,screen
USGS-07311000,1938-04-01 00:00:00.000001,2026-08-18 00:00:00.000001,1826,,,,,1826,reachable,screen
USGS-07311500,1949-10-01 00:00:00.000001,2026-08-18 00:00:00.000001,1826,,,,,1826,reachable,screen
USGS-07311600,,,0,0.0,0.0,,,0,unreachable,individual fetch
USGS-07311700,1959-12-01 00:00:00.000001,2026-08-18 00:00:00.000001,1826,,,,,1826,reachable,screen
USGS-07311800,1959-12-01 00:00:00.000001,2026-08-18 00:00:00.000001,1826,,,,,1826,reachable,screen
USGS-07311900,1959-12-01 00:00:00.000001,2026-08-17 00:00:00.000001,1826,,,,,1826,reachable,screen
USGS-07312100,1959-10-01 00:00:00.000001,2026-08-18 00:00:00.000001,1826,,,,,1826,reachable,screen
USGS-07312110,1971-10-01 00:00:00.000001,2026-08-17 00:00:00.000001,1826,,,,,1826,reachable,screen
USGS-07312200,1960-03-01 00:00:00.000001,2026-08-17 00:00:00.000001,1826,,,,,1826,reachable,screen
USGS-07312330,2010-01-29 00:00:00.000001,2018-09-23 00:00:00.000001,2,,,,,2,reachable,screen
USGS-07312500,1938-04-01 00:00:00.000001,2026-08-18 00:00:00.000001,1826,,,,,1826,reachable,screen
USGS-07312610,2009-05-01 00:00:00.000001,2026-08-17 00:00:00.000001,1826,,,,,1826,reachable,screen
USGS-07312700,1967-10-01 00:00:00.000001,2026-08-17 00:00:00.000001,273,,,,,273,reachable,screen
USGS-07314500,1945-10-01 00:00:00.000001,2026-08-17 00:00:00.000001,1826,,,,,1826,reachable,screen
USGS-07314900,1953-01-01 00:00:00.000001,2026-08-17 00:00:00.000001,1826,,,,,1826,reachable,screen
USGS-07315200,1963-12-01 00:00:00.000001,2026-08-08 00:00:00.000001,1826,,,,,1826,reachable,screen
USGS-07315500,1938-04-01 00:00:00.000001,2026-08-16 00:00:00.000001,1826,,,,,1826,reachable,screen
USGS-07315700,1960-10-01 00:00:00.000001,2026-08-18 00:00:00.000001,1826,,,,,1826,reachable,screen
USGS-07316000,1936-10-01 00:00:00.000001,2026-08-18 00:00:00.000001,1826,,,,,1826,reachable,screen
USGS-07316500,1937-10-01 00:00:00.000001,2026-08-18 00:00:00.000001,1826,,,,,1826,reachable,screen
USGS-07324200,1969-10-01 00:00:00.000001,2026-08-18 00:00:00.000001,1826,,,,,1826,reachable,screen
USGS-07324400,1956-03-01 00:00:00.000001,2026-08-18 00:00:00.000001,1826,,,,,1826,reachable,screen
USGS-07325000,1935-10-01 00:00:00.000001,2026-08-18 00:00:00.000001,1826,,,,,1826,reachable,screen
USGS-07325800,1968-10-01 00:00:00.000001,2026-08-18 00:00:00.000001,1826,,,,,1826,reachable,screen
USGS-07325840,2005-10-01 00:00:00.000001,2026-08-18 00:00:00.000001,1826,,,,,1826,reachable,screen
USGS-07325850,1969-10-01 00:00:00.000001,2026-08-18 00:00:00.000001,1826,,,,,1826,reachable,screen
USGS-07325860,1970-10-01 00:00:00.000001,2026-08-18 00:00:00.000001,1826,,,,,1826,reachable,screen
USGS-07326000,1939-10-01 00:00:00.000001,2026-08-18 00:00:00.000001,1826,,,,,1826,reachable,screen
USGS-07326500,1903-01-01 00:00:00.000001,2026-08-18 00:00:00.000001,1826,,,,,1826,reachable,screen
USGS-07327442,1992-10-01 00:00:00.000001,2026-08-18 00:00:00.000001,1826,,,,,1826,reachable,screen
USGS-07327447,1992-02-01 00:00:00.000001,2026-08-18 00:00:00.000001,1826,,,,,1826,reachable,screen
USGS-07327550,1992-02-01 00:00:00.000001,2026-08-18 00:00:00.000001,1826,,,,,1826,reachable,screen
USGS-07328100,1964-10-01 00:00:00.000001,2026-07-25 00:00:00.000001,1826,,,,,1826,reachable,screen
USGS-07328180,1989-10-01 00:00:00.000001,2026-08-18 00:00:00.000001,1806,,,,,1806,reachable,screen
USGS-07328500,1970-09-30 00:00:00.000001,2026-08-12 00:00:00.000001,1826,,,,,1826,reachable,screen
USGS-07329780,2004-10-01 00:00:00.000001,2026-08-18 00:00:00.000001,1826,,,,,1826,reachable,screen
USGS-073298507,2013-10-30 00:00:00.000001,2024-09-30 00:00:00.000001,1826,,,,,1826,reachable,screen
USGS-07329852,1989-10-01 00:00:00.000001,2026-08-18 00:00:00.000001,1826,,,,,1826,reachable,screen
USGS-07331000,1928-10-01 00:00:00.000001,2026-08-18 00:00:00.000001,1826,,,,,1826,reachable,screen
USGS-07331185,2019-10-17 00:00:00.000001,2025-03-10 00:00:00.000001,1172,,,,,1172,reachable,screen
USGS-07331200,2006-09-07 00:00:00.000001,2026-08-18 00:00:00.000001,1826,,,,,1826,reachable,screen
USGS-07331205,2019-09-05 00:00:00.000001,2024-12-18 00:00:00.000001,1214,,,,,1214,reachable,screen
USGS-07331293,,,0,0.0,0.0,,,0,unreachable,individual fetch
USGS-07331295,2006-09-09 00:00:00.000001,2025-11-18 00:00:00.000001,1553,,,,,1553,reachable,screen
USGS-07331300,2003-10-01 00:00:00.000001,2026-08-18 00:00:00.000001,1826,,,,,1826,reachable,screen
USGS-07331600,1924-01-01 00:00:00.000001,2026-08-18 00:00:00.000001,1826,,,,,1826,reachable,screen
USGS-07332307,2019-07-26 00:00:00.000001,2026-08-18 00:00:00.000001,1255,,,,,1255,reachable,screen
USGS-07332348,2019-08-08 00:00:00.000001,2025-12-11 00:00:00.000001,1242,,,,,1242,reachable,screen
USGS-07332390,1976-10-01 00:00:00.000001,2026-08-18 00:00:00.000001,1826,,,,,1826,reachable,screen
USGS-07332500,1936-06-01 00:00:00.000001,2026-08-18 00:00:00.000001,1826,,,,,1826,reachable,screen
USGS-07332603,,,0,0.0,0.0,,,0,unreachable,individual fetch
USGS-07332605,2019-03-06 00:00:00.000001,2026-08-19 00:00:00.000001,1397,,,,,1397,reachable,screen
USGS-07332622,2009-06-04 00:00:00.000001,2026-08-18 00:00:00.000001,1826,,,,,1826,reachable,screen
USGS-07332655,2019-03-09 00:00:00.000001,2026-08-19 00:00:00.000001,191,,,,,191,reachable,screen
USGS-07334000,1937-10-01 00:00:00.000001,2026-08-18 00:00:00.000001,1826,,,,,1826,reachable,screen
USGS-07334428,2019-09-05 00:00:00.000001,2026-08-18 00:00:00.000001,1214,,,,,1214,reachable,screen
USGS-07334800,2012-05-16 00:00:00.000001,2026-08-18 00:00:00.000001,1826,,,,,1826,reachable,screen
USGS-07335300,1982-08-25 00:00:00.000001,2026-08-18 00:00:00.000001,1826,,,,,1826,reachable,screen
USGS-07335500,1905-10-01 00:00:00.000001,2026-08-18 00:00:00.000001,1826,,,,,1826,reachable,screen
USGS-07335700,1965-10-01 00:00:00.000001,2026-08-18 00:00:00.000001,1826,,,,,1826,reachable,screen
USGS-07335790,1980-11-20 00:00:00.000001,2026-08-18 00:00:00.000001,1826,,,,,1826,reachable,screen
USGS-07336200,1972-10-01 00:00:00.000001,2026-08-18 00:00:00.000001,1826,,,,,1826,reachable,screen
USGS-07336820,2004-10-01 00:00:00.000001,2026-08-18 00:00:00.000001,1826,,,,,1826,reachable,screen
USGS-07337000,1936-10-01 00:00:00.000001,2026-08-17 00:00:00.000001,1826,,,,,1826,reachable,screen
USGS-07337900,1961-10-01 00:00:00.000001,2026-08-18 00:00:00.000001,1826,,,,,1826,reachable,screen
USGS-07338500,1946-10-01 00:00:00.000001,2026-08-18 00:00:00.000001,1826,,,,,1826,reachable,screen
USGS-07338750,1991-10-01 00:00:00.000001,2026-08-12 00:00:00.000001,1826,,,,,1826,reachable,screen
USGS-07339000,1924-04-01 00:00:00.000001,2026-08-18 00:00:00.000001,1826,,,,,1826,reachable,screen
USGS-07340000,1931-04-01 00:00:00.000001,2026-08-17 00:00:00.000001,1826,,,,,1826,reachable,screen
USGS-07340300,1967-06-01 00:00:00.000001,2026-08-17 00:00:00.000001,1826,,,,,1826,reachable,screen
USGS-07341200,1963-07-01 00:00:00.000001,2026-08-17 00:00:00.000001,1826,,,,,1826,reachable,screen
USGS-07341500,1927-10-01 00:00:00.000001,2026-08-17 00:00:00.000001,1189,,,,,1189,reachable,screen
USGS-07342470,1979-10-01 00:00:00.000001,2026-08-19 00:00:00.000001,1691,,,,,1691,reachable,screen
USGS-07342480,1991-10-01 00:00:00.000001,2026-08-17 00:00:00.000001,1826,,,,,1826,reachable,screen
USGS-07342500,1942-06-01 00:00:00.000001,2026-08-18 00:00:00.000001,1826,,,,,1826,reachable,screen
USGS-07343000,1949-10-01 00:00:00.000001,2026-08-18 00:00:00.000001,1826,,,,,1826,reachable,screen
USGS-07343200,2025-11-19 00:00:00.000001,2026-08-17 00:00:00.000001,1826,,,,,1826,reachable,screen
USGS-07343356,2010-08-19 00:00:00.000001,2026-08-17 00:00:00.000001,1826,,,,,1826,reachable,screen
USGS-07343450,2008-10-01 00:00:00.000001,2026-08-18 00:00:00.000001,1826,,,,,1826,reachable,screen
USGS-07343500,1949-12-01 00:00:00.000001,2026-08-18 00:00:00.000001,1826,,,,,1826,reachable,screen
USGS-07343840,2010-08-20 00:00:00.000001,2026-08-17 00:00:00.000001,1826,,,,,1826,reachable,screen
USGS-07344100,2010-08-26 00:00:00.000001,2020-09-30 00:00:00.000001,1004,,,,,1004,reachable,screen
USGS-07344210,1979-10-01 00:00:00.000001,2026-07-22 00:00:00.000001,1251,,,,,1251,reachable,screen
USGS-07344370,1997-10-01 00:00:00.000001,2026-08-17 00:00:00.000001,1826,,,,,1826,reachable,screen
USGS-07344450,1955-10-01 00:00:00.000001,2026-08-18 00:00:00.000001,803,,,,,803,reachable,screen
USGS-07344493,2004-12-09 00:00:00.000001,2026-08-18 00:00:00.000001,1826,,,,,1826,reachable,screen
USGS-07344500,1943-04-01 00:00:00.000001,2026-08-17 00:00:00.000001,1826,,,,,1826,reachable,screen
USGS-07346000,1924-08-01 00:00:00.000001,2026-08-17 00:00:00.000001,1826,,,,,1826,reachable,screen
USGS-07346045,1968-09-01 00:00:00.000001,2026-08-17 00:00:00.000001,1826,,,,,1826,reachable,screen
USGS-07346050,1962-12-16 00:00:00.000001,2026-08-18 00:00:00.000001,1826,,,,,1826,reachable,screen
USGS-07346070,1946-06-01 00:00:00.000001,2026-08-18 00:00:00.000001,1826,,,,,1826,reachable,screen
USGS-07346080,2006-05-05 00:00:00.000001,2026-08-17 00:00:00.000001,1824,,,,,1824,reachable,screen
USGS-07348000,1942-10-01 00:00:00.000001,2024-10-27 00:00:00.000001,0,0.0,19759.0,1942-10-01 00:00:00,2024-09-30 00:00:00,0,unreachable,individual fetch
USGS-07348700,1957-10-01 00:00:00.000001,2026-08-17 00:00:00.000001,1826,,,,,1826,reachable,screen
USGS-07349450,2014-10-11 00:00:00.000001,2026-08-17 00:00:00.000001,1826,,,,,1826,reachable,screen
USGS-07349860,1980-07-10 00:00:00.000001,2026-08-17 00:00:00.000001,1826,,,,,1826,reachable,screen
USGS-07351500,1939-04-01 00:00:00.000001,2026-08-17 00:00:00.000001,1826,,,,,1826,reachable,screen
USGS-07351750,1980-10-01 00:00:00.000001,2026-08-17 00:00:00.000001,1359,,,,,1359,reachable,screen
USGS-07352000,1940-10-01 00:00:00.000001,2026-08-17 00:00:00.000001,1826,,,,,1826,reachable,screen
USGS-073556009,2022-01-21 00:00:00.000001,2026-08-17 00:00:00.000001,207,,,,,207,reachable,screen
USGS-07355860,,,0,0.0,0.0,,,0,unreachable,individual fetch
USGS-07355870,2014-03-10 00:00:00.000001,2023-11-27 00:00:00.000001,1826,,,,,1826,reachable,screen
USGS-07356000,1941-10-01 00:00:00.000001,2026-08-17 00:00:00.000001,1826,,,,,1826,reachable,screen
USGS-07358250,1970-10-01 00:00:00.000001,2024-09-30 00:00:00.000001,1826,,,,,1826,reachable,screen
USGS-07358253,2008-06-23 00:00:00.000001,2026-08-18 00:00:00.000001,1826,,,,,1826,reachable,screen
USGS-07358257,2008-07-11 00:00:00.000001,2024-09-30 00:00:00.000001,1826,,,,,1826,reachable,screen
USGS-07358284,2008-07-09 00:00:00.000001,2026-08-17 00:00:00.000001,1826,,,,,1826,reachable,screen
USGS-07358550,2009-08-14 00:00:00.000001,2024-10-29 00:00:00.000001,1826,,,,,1826,reachable,screen
USGS-07358570,,,0,0.0,0.0,,,0,unreachable,individual fetch
USGS-07359002,1928-10-01 00:00:00.000001,2026-08-17 00:00:00.000001,1826,,,,,1826,reachable,screen
USGS-07359610,1988-10-01 00:00:00.000001,2026-08-18 00:00:00.000001,1826,,,,,1826,reachable,screen
USGS-07360200,1998-10-01 00:00:00.000001,2026-08-16 00:00:00.000001,1826,,,,,1826,reachable,screen
USGS-07361500,1954-10-01 00:00:00.000001,2026-08-17 00:00:00.000001,1826,,,,,1826,reachable,screen
USGS-07362000,1928-10-01 00:00:00.000001,2026-08-17 00:00:00.000001,1822,,,,,1822,reachable,screen
USGS-07362100,1961-10-01 00:00:00.000001,2026-08-17 00:00:00.000001,1826,,,,,1826,reachable,screen
USGS-07362500,1951-10-01 00:00:00.000001,2018-10-01 00:00:00.000001,274,,,,,274,reachable,screen
USGS-07362579,2009-05-16 00:00:00.000001,2026-08-11 00:00:00.000001,1826,,,,,1826,reachable,screen
USGS-07362587,1989-09-14 00:00:00.000001,2026-08-17 00:00:00.000001,1826,,,,,1826,reachable,screen
USGS-07363000,1950-10-01 00:00:00.000001,2026-08-17 00:00:00.000001,1826,,,,,1826,reachable,screen
USGS-07363054,2026-04-21 00:00:00.000001,2026-07-22 00:00:00.000001,0,0.0,91.0,2026-04-21 00:00:00,2026-07-21 00:00:00,0,unreachable,individual fetch
USGS-07363200,1970-10-01 00:00:00.000001,2026-08-17 00:00:00.000001,1826,,,,,1826,reachable,screen
USGS-07363400,1995-10-01 00:00:00.000001,2026-08-17 00:00:00.000001,1826,,,,,1826,reachable,screen
USGS-07363500,1937-10-01 00:00:00.000001,2026-08-17 00:00:00.000001,1826,,,,,1826,reachable,screen
USGS-07364078,2011-10-01 00:00:00.000001,2026-08-19 00:00:00.000001,1018,,,,,1018,reachable,screen
USGS-07364130,,,0,0.0,0.0,,,0,unreachable,individual fetch
USGS-07364133,1987-10-01 00:00:00.000001,2026-08-17 00:00:00.000001,1826,,,,,1826,reachable,screen
USGS-07364150,1938-10-01 00:00:00.000001,2026-08-17 00:00:00.000001,1826,,,,,1826,reachable,screen
USGS-07364185,1998-10-01 00:00:00.000001,2026-08-17 00:00:00.000001,1826,,,,,1826,reachable,screen
USGS-07364200,1957-10-01 00:00:00.000001,2026-08-17 00:00:00.000001,1826,,,,,1826,reachable,screen
USGS-07364300,2014-09-11 00:00:00.000001,2026-08-17 00:00:00.000001,1820,,,,,1820,reachable,screen
USGS-073645001,,,0,0.0,0.0,,,0,unreachable,individual fetch
USGS-07365000,1940-10-01 00:00:00.000001,1968-12-31 00:00:00.000001,0,0.0,10319.0,1940-10-01 00:00:00,1968-12-31 00:00:00,0,unreachable,individual fetch
USGS-07366200,1955-10-01 00:00:00.000001,2026-08-17 00:00:00.000001,1826,,,,,1826,reachable,screen
USGS-07367005,2007-09-30 00:00:00.000001,2026-08-17 00:00:00.000001,1826,,,,,1826,reachable,screen
USGS-07367680,2014-04-23 00:00:00.000001,2026-08-17 00:00:00.000001,1826,,,,,1826,reachable,screen
USGS-07367690,2011-09-30 00:00:00.000001,2026-08-17 00:00:00.000001,1513,,,,,1513,reachable,screen
USGS-07367930,2023-08-20 00:00:00.000001,2024-10-15 00:00:00.000001,0,0.0,403.0,2023-08-20 00:00:00,2024-09-30 00:00:00,0,unreachable,individual fetch
USGS-07368000,1938-10-01 00:00:00.000001,2026-08-17 00:00:00.000001,1826,,,,,1826,reachable,screen
USGS-07368503,2023-12-03 00:00:00.000001,2024-10-20 00:00:00.000001,0,0.0,293.0,2023-12-03 00:00:00,2024-09-30 00:00:00,0,unreachable,individual fetch
USGS-07369000,1939-04-01 00:00:00.000001,2026-08-17 00:00:00.000001,1826,,,,,1826,reachable,screen
USGS-07369500,1936-04-01 00:00:00.000001,2026-08-17 00:00:00.000001,1826,,,,,1826,reachable,screen
USGS-07369680,1988-10-01 00:00:00.000001,2026-08-17 00:00:00.000001,1826,,,,,1826,reachable,screen
USGS-07369700,1957-10-01 00:00:00.000001,2026-08-17 00:00:00.000001,818,,,,,818,reachable,screen
USGS-07370600,2020-06-29 00:00:00.000001,2026-08-17 00:00:00.000001,916,,,,,916,reachable,screen
USGS-07372050,2001-11-20 00:00:00.000001,2025-12-14 00:00:00.000001,1826,,,,,1826,reachable,screen
USGS-07372200,1957-10-01 00:00:00.000001,2026-08-17 00:00:00.000001,1826,,,,,1826,reachable,screen
USGS-07373000,1942-01-01 00:00:00.000001,2026-08-17 00:00:00.000001,1826,,,,,1826,reachable,screen
USGS-07374000,2004-03-17 00:00:00.000001,2026-08-17 00:00:00.000001,1826,,,,,1826,reachable,screen
USGS-07374525,2008-10-29 00:00:00.000001,2026-08-17 00:00:00.000001,1822,,,,,1822,reachable,screen
USGS-07375000,1943-10-01 00:00:00.000001,2026-08-17 00:00:00.000001,1227,,,,,1227,reachable,screen
USGS-07375050,2022-03-01 00:00:00.000001,2024-10-22 00:00:00.000001,306,,,,,306,reachable,screen
USGS-07375175,,,0,0.0,0.0,,,0,unreachable,individual fetch
USGS-07375230,2021-12-17 00:00:00.000001,2024-10-23 00:00:00.000001,346,,,,,346,reachable,screen
USGS-07375280,1996-10-01 00:00:00.000001,2026-08-18 00:00:00.000001,1825,,,,,1825,reachable,screen
USGS-07375300,2020-10-01 00:00:00.000001,2024-10-20 00:00:00.000001,822,,,,,822,reachable,screen
USGS-07375450,2021-09-24 00:00:00.000001,2024-10-20 00:00:00.000001,464,,,,,464,reachable,screen
USGS-07375480,2021-12-16 00:00:00.000001,2024-10-20 00:00:00.000001,381,,,,,381,reachable,screen
USGS-07375500,1938-10-01 00:00:00.000001,2026-08-17 00:00:00.000001,1826,,,,,1826,reachable,screen
USGS-07375650,2022-02-17 00:00:00.000001,2024-08-05 00:00:00.000001,301,,,,,301,reachable,screen
USGS-07375800,1956-04-01 00:00:00.000001,2026-08-17 00:00:00.000001,1826,,,,,1826,reachable,screen
USGS-07375960,2001-05-16 00:00:00.000001,2026-08-17 00:00:00.000001,1826,,,,,1826,reachable,screen
USGS-07376000,1940-10-01 00:00:00.000001,2026-08-17 00:00:00.000001,1826,,,,,1826,reachable,screen
USGS-07376300,2021-08-26 00:00:00.000001,2024-10-30 00:00:00.000001,493,,,,,493,reachable,screen
USGS-07376500,1943-09-01 00:00:00.000001,2026-08-17 00:00:00.000001,1826,,,,,1826,reachable,screen
USGS-07377000,1950-10-01 00:00:00.000001,2026-08-17 00:00:00.000001,1826,,,,,1826,reachable,screen
USGS-07377300,1995-01-20 00:00:00.000001,2021-10-25 00:00:00.000001,1394,,,,,1394,reachable,screen
USGS-07377500,1942-10-01 00:00:00.000001,2017-11-14 00:00:00.000001,0,0.0,27439.0,1942-10-01 00:00:00,2017-11-14 00:00:00,0,unreachable,individual fetch
USGS-07377600,2017-10-01 00:00:00.000001,2026-08-18 00:00:00.000001,1826,,,,,1826,reachable,screen
USGS-07378000,1944-10-01 00:00:00.000001,2026-08-17 00:00:00.000001,1228,,,,,1228,reachable,screen
USGS-07378500,1938-09-01 00:00:00.000001,2026-08-17 00:00:00.000001,1826,,,,,1826,reachable,screen
USGS-07380120,1987-10-01 00:00:00.000001,2015-09-29 00:00:00.000001,0,0.0,8183.0,1987-10-01 00:00:00,2015-09-29 00:00:00,0,unreachable,individual fetch
USGS-07380210,,,0,0.0,0.0,,,0,unreachable,individual fetch
USGS-07380215,2021-08-20 00:00:00.000001,2023-02-16 00:00:00.000001,498,,,,,498,reachable,screen
USGS-073802284,,,0,0.0,0.0,,,0,unreachable,individual fetch
USGS-07380238,2006-11-04 00:00:00.000001,2025-07-30 00:00:00.000001,440,,,,,440,reachable,screen
USGS-07380401,2000-10-01 00:00:00.000001,2026-08-17 00:00:00.000001,1714,,,,,1714,reachable,screen
USGS-07381000,1984-10-01 00:00:00.000001,2026-08-17 00:00:00.000001,1756,,,,,1756,reachable,screen
USGS-07381235,,,0,0.0,0.0,,,0,unreachable,individual fetch
USGS-07381324,1988-01-08 00:00:00.000001,2013-10-04 00:00:00.000001,0,0.0,5445.0,1988-01-08 00:00:00,2013-10-04 00:00:00,0,unreachable,individual fetch
USGS-07381427,2021-10-15 00:00:00.000001,2024-10-02 00:00:00.000001,439,,,,,439,reachable,screen
USGS-07381429,,,0,0.0,0.0,,,0,unreachable,individual fetch
USGS-07381450,2001-11-11 00:00:00.000001,2013-11-06 00:00:00.000001,0,0.0,4187.0,2001-11-11 00:00:00,2013-11-06 00:00:00,0,unreachable,individual fetch
USGS-07381454,2021-12-10 00:00:00.000001,2024-09-30 00:00:00.000001,370,,,,,370,reachable,screen
USGS-073814675,1997-09-30 00:00:00.000001,2015-09-29 00:00:00.000001,0,0.0,5416.0,1997-09-30 00:00:00,2015-09-29 00:00:00,0,unreachable,individual fetch
USGS-07381482,2009-03-18 00:00:00.000001,2026-03-22 00:00:00.000001,1669,,,,,1669,reachable,screen
USGS-07381490,2009-11-13 00:00:00.000001,2026-08-17 00:00:00.000001,1396,,,,,1396,reachable,screen
USGS-07381588,2022-12-10 00:00:00.000001,2024-10-01 00:00:00.000001,22,,,,,22,reachable,screen
USGS-07381590,1986-06-01 00:00:00.000001,2015-09-30 00:00:00.000001,0,0.0,10059.0,1986-06-01 00:00:00,2015-09-30 00:00:00,0,unreachable,individual fetch
USGS-07381600,1995-09-30 00:00:00.000001,2015-09-30 00:00:00.000001,0,0.0,6416.0,1995-09-30 00:00:00,2015-09-30 00:00:00,0,unreachable,individual fetch
USGS-07381670,2000-09-30 00:00:00.000001,2015-09-29 00:00:00.000001,0,0.0,4970.0,2000-09-30 00:00:00,2015-09-29 00:00:00,0,unreachable,individual fetch
USGS-07382000,1922-06-01 00:00:00.000001,2026-08-17 00:00:00.000001,1826,,,,,1826,reachable,screen
USGS-07382500,1946-08-01 00:00:00.000001,2026-08-17 00:00:00.000001,1802,,,,,1802,reachable,screen
USGS-07383500,1943-07-01 00:00:00.000001,2026-08-16 00:00:00.000001,1826,,,,,1826,reachable,screen
USGS-07385450,2022-06-02 00:00:00.000001,2024-10-25 00:00:00.000001,193,,,,,193,reachable,screen
USGS-07385500,1949-05-01 00:00:00.000001,2005-09-29 00:00:00.000001,0,0.0,20606.0,1949-05-01 00:00:00,2005-09-29 00:00:00,0,unreachable,individual fetch
USGS-07385700,1959-10-01 00:00:00.000001,2026-08-17 00:00:00.000001,1826,,,,,1826,reachable,screen
USGS-07385765,1997-02-08 00:00:00.000001,2015-09-29 00:00:00.000001,0,0.0,6095.0,1997-02-08 00:00:00,2015-09-29 00:00:00,0,unreachable,individual fetch
USGS-07386190,2023-08-20 00:00:00.000001,2024-10-24 00:00:00.000001,0,0.0,360.0,2023-08-20 00:00:00,2024-09-30 00:00:00,0,unreachable,individual fetch
USGS-07386655,2022-02-25 00:00:00.000001,2024-10-24 00:00:00.000001,310,,,,,310,reachable,screen
USGS-07386700,1959-10-01 00:00:00.000001,2005-09-29 00:00:00.000001,0,0.0,16801.0,1959-10-01 00:00:00,2005-09-29 00:00:00,0,unreachable,individual fetch
USGS-07386880,1983-03-08 00:00:00.000001,2015-09-26 00:00:00.000001,0,0.0,9148.0,1983-03-08 00:00:00,2015-09-26 00:00:00,0,unreachable,individual fetch
USGS-07386956,2022-11-17 00:00:00.000001,2023-10-15 00:00:00.000001,45,,,,,45,reachable,screen
USGS-07386980,1973-10-01 00:00:00.000001,2015-09-29 00:00:00.000001,0,0.0,10734.0,1973-10-01 00:00:00,2015-09-29 00:00:00,0,unreachable,individual fetch
USGS-08010000,1938-10-01 00:00:00.000001,2026-08-17 00:00:00.000001,1826,,,,,1826,reachable,screen
USGS-08010050,2022-10-12 00:00:00.000001,2024-10-22 00:00:00.000001,81,,,,,81,reachable,screen
USGS-08010120,2022-09-13 00:00:00.000001,2024-10-22 00:00:00.000001,110,,,,,110,reachable,screen
USGS-08011000,1942-10-01 00:00:00.000001,2024-10-22 00:00:00.000001,0,0.0,2245.0,1942-10-01 00:00:00,2024-10-22 00:00:00,0,unreachable,individual fetch
USGS-08012000,1938-10-01 00:00:00.000001,2026-08-17 00:00:00.000001,1826,,,,,1826,reachable,screen
USGS-08012150,1989-10-01 00:00:00.000001,2015-09-29 00:00:00.000001,0,0.0,8413.0,1989-10-01 00:00:00,2015-09-29 00:00:00,0,unreachable,individual fetch
USGS-08012300,1982-07-23 00:00:00.000001,2024-10-23 00:00:00.000001,0,0.0,5750.0,1982-07-23 00:00:00,2024-10-23 00:00:00,0,unreachable,individual fetch
USGS-08012400,2022-10-14 00:00:00.000001,2024-10-23 00:00:00.000001,76,,,,,76,reachable,screen
USGS-08012470,1987-10-14 00:00:00.000001,2024-10-21 00:00:00.000001,93,,,,,93,reachable,screen
USGS-08013000,2026-05-26 00:00:00.000001,2026-08-17 00:00:00.000001,1826,,,,,1826,reachable,screen
USGS-08013250,2021-04-22 00:00:00.000001,2024-10-23 00:00:00.000001,619,,,,,619,reachable,screen
USGS-08013500,1922-09-01 00:00:00.000001,2026-08-17 00:00:00.000001,1826,,,,,1826,reachable,screen
USGS-08014500,1939-02-01 00:00:00.000001,2026-08-17 00:00:00.000001,1826,,,,,1826,reachable,screen
USGS-08014800,1956-03-01 00:00:00.000001,2026-08-17 00:00:00.000001,1826,,,,,1826,reachable,screen
USGS-08015500,1922-09-01 00:00:00.000001,2026-08-17 00:00:00.000001,0,0.0,28721.0,1922-09-01 00:00:00,2026-08-18 00:00:00,0,unreachable,individual fetch
USGS-08017200,1959-02-26 00:00:00.000001,2026-08-18 00:00:00.000001,1826,,,,,1826,reachable,screen
USGS-08017250,,,0,0.0,0.0,,,0,unreachable,individual fetch
USGS-08017300,1959-02-28 00:00:00.000001,2026-08-18 00:00:00.000001,1826,,,,,1826,reachable,screen
USGS-08017410,1970-10-01 00:00:00.000001,2026-08-18 00:00:00.000001,1826,,,,,1826,reachable,screen
USGS-08017605,,,0,0.0,0.0,,,0,unreachable,individual fetch
USGS-08017900,,,0,0.0,0.0,,,0,unreachable,individual fetch
USGS-08018000,2022-12-08 00:00:00.000001,2026-08-18 00:00:00.000001,24,,,,,24,reachable,screen
USGS-08018500,1939-05-12 00:00:00.000001,2026-08-17 00:00:00.000001,1826,,,,,1826,reachable,screen
USGS-08019000,1924-07-01 00:00:00.000001,2026-08-18 00:00:00.000001,1826,,,,,1826,reachable,screen
USGS-08019200,1997-09-27 00:00:00.000001,2026-08-18 00:00:00.000001,1826,,,,,1826,reachable,screen
USGS-08019500,1939-02-16 00:00:00.000001,2026-08-18 00:00:00.000001,1826,,,,,1826,reachable,screen
USGS-08020000,1932-10-01 00:00:00.000001,2026-08-17 00:00:00.000001,1826,,,,,1826,reachable,screen
USGS-08020450,1983-10-01 00:00:00.000001,2026-08-17 00:00:00.000001,884,,,,,884,reachable,screen
USGS-08020700,1963-10-01 00:00:00.000001,2026-08-18 00:00:00.000001,1826,,,,,1826,reachable,screen
USGS-08020900,1995-10-01 00:00:00.000001,2026-08-18 00:00:00.000001,1826,,,,,1826,reachable,screen
USGS-08022040,1938-10-01 00:00:00.000001,2026-08-18 00:00:00.000001,1826,,,,,1826,reachable,screen
USGS-08022120,,,0,0.0,0.0,,,0,unreachable,individual fetch
USGS-08022500,1903-07-01 00:00:00.000001,2026-08-18 00:00:00.000001,1592,,,,,1592,reachable,screen
USGS-08023050,2023-04-18 00:00:00.000001,2026-08-19 00:00:00.000001,0,0.0,1220.0,2023-04-18 00:00:00,2026-08-19 00:00:00,0,unreachable,individual fetch
USGS-08023080,1980-01-10 00:00:00.000001,2026-08-17 00:00:00.000001,1826,,,,,1826,reachable,screen
USGS-08023200,1978-09-16 00:00:00.000001,2026-08-18 00:00:00.000001,0,0.0,2154.0,1978-09-16 00:00:00,2026-08-18 00:00:00,0,unreachable,individual fetch
USGS-08023400,1908-10-22 00:00:00.000001,2026-08-18 00:00:00.000001,1826,,,,,1826,reachable,screen
USGS-08024480,,,0,0.0,0.0,,,0,unreachable,individual fetch
USGS-08025240,,,0,0.0,0.0,,,0,unreachable,individual fetch
USGS-08025354,,,0,0.0,0.0,,,0,unreachable,individual fetch
USGS-08025356,,,0,0.0,0.0,,,0,unreachable,individual fetch
USGS-08025360,1971-10-01 00:00:00.000001,2026-08-18 00:00:00.000001,1733,,,,,1733,reachable,screen
USGS-08025500,1955-10-01 00:00:00.000001,2026-08-17 00:00:00.000001,1826,,,,,1826,reachable,screen
USGS-08026000,1955-09-01 00:00:00.000001,2026-08-17 00:00:00.000001,1826,,,,,1826,reachable,screen
USGS-08028000,1940-10-01 00:00:00.000001,2026-08-17 00:00:00.000001,1826,,,,,1826,reachable,screen
USGS-08028500,1923-10-01 00:00:00.000001,2026-08-17 00:00:00.000001,1826,,,,,1826,reachable,screen
USGS-08029500,1952-05-01 00:00:00.000001,2026-08-17 00:00:00.000001,1826,,,,,1826,reachable,screen
USGS-08029520,,,0,0.0,0.0,,,0,unreachable,individual fetch
USGS-08030500,1924-10-01 00:00:00.000001,2026-08-18 00:00:00.000001,1826,,,,,1826,reachable,screen
USGS-08031000,1952-03-10 00:00:00.000001,2026-08-17 00:00:00.000001,1826,,,,,1826,reachable,screen
USGS-08032000,1939-02-09 00:00:00.000001,2026-08-18 00:00:00.000001,1826,,,,,1826,reachable,screen
USGS-08032400,,,0,0.0,0.0,,,0,unreachable,individual fetch
USGS-08032500,1944-01-01 00:00:00.000001,1978-12-31 00:00:00.000001,0,0.0,12784.0,1944-01-01 00:00:00,1978-12-31 00:00:00,0,unreachable,individual fetch
USGS-08032700,2019-07-25 00:00:00.000001,2026-08-17 00:00:00.000001,1256,,,,,1256,reachable,screen
USGS-08033000,1923-10-01 00:00:00.000001,2026-08-17 00:00:00.000001,1826,,,,,1826,reachable,screen
USGS-08033350,,,0,0.0,0.0,,,0,unreachable,individual fetch
USGS-08033500,1903-07-01 00:00:00.000001,2026-08-17 00:00:00.000001,1826,,,,,1826,reachable,screen
USGS-08033900,1964-01-01 00:00:00.000001,2026-08-17 00:00:00.000001,1826,,,,,1826,reachable,screen
USGS-08034500,1939-05-06 00:00:00.000001,2026-08-17 00:00:00.000001,1826,,,,,1826,reachable,screen
USGS-08036500,1940-10-01 00:00:00.000001,2026-08-17 00:00:00.000001,1826,,,,,1826,reachable,screen
USGS-08037050,1964-10-01 00:00:00.000001,2026-08-18 00:00:00.000001,1322,,,,,1322,reachable,screen
USGS-08037180,2020-01-16 00:00:00.000001,2026-08-18 00:00:00.000001,1081,,,,,1081,reachable,screen
USGS-08038000,1924-02-01 00:00:00.000001,1985-09-30 00:00:00.000001,0,0.0,17137.0,1924-02-01 00:00:00,1985-09-30 00:00:00,0,unreachable,individual fetch
USGS-08039100,1959-02-17 00:00:00.000001,1985-09-30 00:00:00.000001,0,0.0,9723.0,1959-02-17 00:00:00,1985-09-30 00:00:00,0,unreachable,individual fetch
USGS-08040600,1951-04-01 00:00:00.000001,2026-08-17 00:00:00.000001,1826,,,,,1826,reachable,screen
USGS-08041000,1904-08-01 00:00:00.000001,2026-08-17 00:00:00.000001,1826,,,,,1826,reachable,screen
USGS-08041300,2018-06-14 00:00:00.000001,2026-08-17 00:00:00.000001,1662,,,,,1662,reachable,screen
USGS-08041500,1924-06-01 00:00:00.000001,2026-08-17 00:00:00.000001,1826,,,,,1826,reachable,screen
USGS-08041700,1967-10-01 00:00:00.000001,2026-08-18 00:00:00.000001,1826,,,,,1826,reachable,screen
USGS-08041749,2003-08-23 00:00:00.000001,2026-08-17 00:00:00.000001,1822,,,,,1822,reachable,screen
USGS-08041780,2003-06-05 00:00:00.000001,2026-08-18 00:00:00.000001,1826,,,,,1826,reachable,screen
USGS-08042558,,,0,0.0,0.0,,,0,unreachable,individual fetch
USGS-08042800,1956-03-01 00:00:00.000001,2026-08-10 00:00:00.000001,1826,,,,,1826,reachable,screen
USGS-08042950,,,0,0.0,0.0,,,0,unreachable,individual fetch
USGS-08044000,1936-10-01 00:00:00.000001,2026-08-17 00:00:00.000001,1826,,,,,1826,reachable,screen
USGS-08044500,1947-01-01 00:00:00.000001,2026-08-18 00:00:00.000001,1826,,,,,1826,reachable,screen
USGS-08044800,1995-10-01 00:00:00.000001,2026-08-17 00:00:00.000001,1826,,,,,1826,reachable,screen
USGS-08045550,2009-02-20 00:00:00.000001,2026-08-17 00:00:00.000001,1826,,,,,1826,reachable,screen
USGS-08045850,1980-05-01 00:00:00.000001,2026-08-17 00:00:00.000001,1826,,,,,1826,reachable,screen
USGS-08045995,2010-07-23 00:00:00.000001,2026-08-17 00:00:00.000001,1826,,,,,1826,reachable,screen
USGS-08047000,1947-07-01 00:00:00.000001,2026-08-17 00:00:00.000001,1826,,,,,1826,reachable,screen
USGS-08047050,1998-05-21 00:00:00.000001,2026-08-18 00:00:00.000001,1826,,,,,1826,reachable,screen
USGS-08047500,1924-03-01 00:00:00.000001,2026-08-18 00:00:00.000001,1826,,,,,1826,reachable,screen
USGS-08048000,1920-10-01 00:00:00.000001,2026-08-17 00:00:00.000001,1826,,,,,1826,reachable,screen
USGS-08048543,1976-10-01 00:00:00.000001,2026-08-18 00:00:00.000001,1826,,,,,1826,reachable,screen
USGS-08048800,1959-01-01 00:00:00.000001,2026-08-18 00:00:00.000001,1826,,,,,1826,reachable,screen
USGS-08048890,,,0,0.0,0.0,,,0,unreachable,individual fetch
USGS-08048922,,,0,0.0,0.0,,,0,unreachable,individual fetch
USGS-08048970,1989-10-01 00:00:00.000001,2026-08-17 00:00:00.000001,1826,,,,,1826,reachable,screen
USGS-08049300,2015-03-14 00:00:00.000001,2026-08-18 00:00:00.000001,1826,,,,,1826,reachable,screen
USGS-08049500,1925-03-27 00:00:00.000001,2026-08-18 00:00:00.000001,1826,,,,,1826,reachable,screen
USGS-0804956950,2015-01-27 00:00:00.000001,2026-08-18 00:00:00.000001,1826,,,,,1826,reachable,screen
USGS-08049580,1985-10-01 00:00:00.000001,2026-08-18 00:00:00.000001,1826,,,,,1826,reachable,screen
USGS-08049700,1960-10-01 00:00:00.000001,2026-08-18 00:00:00.000001,1826,,,,,1826,reachable,screen
USGS-08050100,1960-10-01 00:00:00.000001,2026-08-17 00:00:00.000001,1826,,,,,1826,reachable,screen
USGS-08050350,2018-05-10 00:00:00.000001,2026-08-18 00:00:00.000001,1697,,,,,1697,reachable,screen
USGS-08050400,1985-10-01 00:00:00.000001,2026-08-17 00:00:00.000001,1826,,,,,1826,reachable,screen
USGS-08050800,1985-10-01 00:00:00.000001,2026-08-17 00:00:00.000001,1826,,,,,1826,reachable,screen
USGS-08050840,1992-10-01 00:00:00.000001,2026-08-17 00:00:00.000001,1826,,,,,1826,reachable,screen
USGS-08051135,2009-06-18 00:00:00.000001,2026-08-18 00:00:00.000001,1826,,,,,1826,reachable,screen
USGS-08051500,1949-03-01 00:00:00.000001,2026-08-17 00:00:00.000001,1826,,,,,1826,reachable,screen
USGS-08052700,1956-06-01 00:00:00.000001,2026-08-17 00:00:00.000001,1826,,,,,1826,reachable,screen
USGS-08052745,2004-10-01 00:00:00.000001,2026-08-17 00:00:00.000001,1826,,,,,1826,reachable,screen
USGS-08052780,1985-06-20 00:00:00.000001,2026-08-17 00:00:00.000001,1826,,,,,1826,reachable,screen
USGS-08053000,1949-03-01 00:00:00.000001,2026-08-18 00:00:00.000001,1826,,,,,1826,reachable,screen
USGS-08053009,2007-02-15 00:00:00.000001,2026-08-18 00:00:00.000001,1826,,,,,1826,reachable,screen
USGS-08053025,,,0,0.0,0.0,,,0,unreachable,individual fetch
USGS-08053090,1986-12-07 00:00:00.000001,2026-08-17 00:00:00.000001,1826,,,,,1826,reachable,screen
USGS-08053430,2016-05-17 00:00:00.000001,2026-08-18 00:00:00.000001,1826,,,,,1826,reachable,screen
USGS-08053500,1949-10-01 00:00:00.000001,2026-08-17 00:00:00.000001,1826,,,,,1826,reachable,screen
USGS-08055000,1947-10-01 00:00:00.000001,2026-08-17 00:00:00.000001,1826,,,,,1826,reachable,screen
USGS-08055500,1907-01-01 00:00:00.000001,2026-08-17 00:00:00.000001,1826,,,,,1826,reachable,screen
USGS-08055560,2007-06-07 00:00:00.000001,2026-08-17 00:00:00.000001,1826,,,,,1826,reachable,screen
USGS-08056500,1951-10-01 00:00:00.000001,2026-08-18 00:00:00.000001,1826,,,,,1826,reachable,screen
USGS-08057000,1903-10-01 00:00:00.000001,2026-08-18 00:00:00.000001,1826,,,,,1826,reachable,screen
USGS-08057200,1961-08-01 00:00:00.000001,2026-08-18 00:00:00.000001,1826,,,,,1826,reachable,screen
USGS-08057300,1962-10-01 00:00:00.000001,2026-08-18 00:00:00.000001,1826,,,,,1826,reachable,screen
USGS-08057410,1956-11-01 00:00:00.000001,2026-08-17 00:00:00.000001,1825,,,,,1825,reachable,screen
USGS-08059000,1949-09-01 00:00:00.000001,2026-08-18 00:00:00.000001,1826,,,,,1826,reachable,screen
USGS-08059350,2007-04-26 00:00:00.000001,2026-08-18 00:00:00.000001,1826,,,,,1826,reachable,screen
USGS-08059400,1975-07-01 00:00:00.000001,2026-08-17 00:00:00.000001,1826,,,,,1826,reachable,screen
USGS-08059590,2015-02-07 00:00:00.000001,2026-08-18 00:00:00.000001,1826,,,,,1826,reachable,screen
USGS-08061000,1953-10-01 00:00:00.000001,2026-06-28 00:00:00.000001,647,,,,,647,reachable,screen
USGS-08061480,2026-04-21 00:00:00.000001,2026-08-17 00:00:00.000001,0,0.0,108.0,2026-04-21 00:00:00,2026-08-18 00:00:00,0,unreachable,individual fetch
USGS-08061540,1968-03-01 00:00:00.000001,2026-08-17 00:00:00.000001,1826,,,,,1826,reachable,screen
USGS-08061548,2017-02-06 00:00:00.000001,2026-08-19 00:00:00.000001,1826,,,,,1826,reachable,screen
USGS-08061551,2008-09-27 00:00:00.000001,2026-08-17 00:00:00.000001,1189,,,,,1189,reachable,screen
USGS-08061750,1973-01-19 00:00:00.000001,2024-07-30 00:00:00.000001,1826,,,,,1826,reachable,screen
USGS-08061970,,,0,0.0,0.0,,,0,unreachable,individual fetch
USGS-08062000,1949-07-01 00:00:00.000001,2026-08-17 00:00:00.000001,1826,,,,,1826,reachable,screen
USGS-08062095,2021-08-12 00:00:00.000001,2026-08-18 00:00:00.000001,507,,,,,507,reachable,screen
USGS-08062500,1924-08-01 00:00:00.000001,2026-08-18 00:00:00.000001,1826,,,,,1826,reachable,screen
USGS-08062575,,,0,0.0,0.0,,,0,unreachable,individual fetch
USGS-08062700,1964-10-01 00:00:00.000001,2026-08-17 00:00:00.000001,1826,,,,,1826,reachable,screen
USGS-08062800,1963-01-01 00:00:00.000001,2026-08-18 00:00:00.000001,1826,,,,,1826,reachable,screen
USGS-08062895,2009-03-04 00:00:00.000001,2026-08-17 00:00:00.000001,1826,,,,,1826,reachable,screen
USGS-08063030,2015-03-17 00:00:00.000001,2020-09-30 00:00:00.000001,1004,,,,,1004,reachable,screen
USGS-08063040,2015-03-17 00:00:00.000001,2025-06-18 00:00:00.000001,1005,,,,,1005,reachable,screen
USGS-08063048,2007-09-06 00:00:00.000001,2024-05-31 00:00:00.000001,1004,,,,,1004,reachable,screen
USGS-08063100,1960-10-01 00:00:00.000001,2026-08-18 00:00:00.000001,1826,,,,,1826,reachable,screen
USGS-08063460,2019-07-31 00:00:00.000001,2026-08-19 00:00:00.000001,1250,,,,,1250,reachable,screen
USGS-08063562,2015-03-18 00:00:00.000001,2026-08-18 00:00:00.000001,1826,,,,,1826,reachable,screen
USGS-08063590,2008-07-09 00:00:00.000001,2026-08-17 00:00:00.000001,1826,,,,,1826,reachable,screen
USGS-08063800,1963-10-01 00:00:00.000001,2026-08-17 00:00:00.000001,1826,,,,,1826,reachable,screen
USGS-08064100,1983-10-01 00:00:00.000001,2026-08-17 00:00:00.000001,1826,,,,,1826,reachable,screen
USGS-08064570,,,0,0.0,0.0,,,0,unreachable,individual fetch
USGS-08064700,1968-04-01 00:00:00.000001,2026-08-17 00:00:00.000001,1826,,,,,1826,reachable,screen
USGS-08065000,1923-10-01 00:00:00.000001,2026-08-18 00:00:00.000001,1826,,,,,1826,reachable,screen
USGS-08065080,,,0,0.0,0.0,,,0,unreachable,individual fetch
USGS-08065200,1962-05-01 00:00:00.000001,2026-08-17 00:00:00.000001,1826,,,,,1826,reachable,screen
USGS-08065350,1964-01-01 00:00:00.000001,2026-08-17 00:00:00.000001,1826,,,,,1826,reachable,screen
USGS-08065800,1967-10-01 00:00:00.000001,2026-08-17 00:00:00.000001,1826,,,,,1826,reachable,screen
USGS-08066175,2013-09-12 00:00:00.000001,2026-08-18 00:00:00.000001,1826,,,,,1826,reachable,screen
USGS-08066200,1963-01-01 00:00:00.000001,2026-08-18 00:00:00.000001,1826,,,,,1826,reachable,screen
USGS-08066250,1965-12-01 00:00:00.000001,2026-08-18 00:00:00.000001,1826,,,,,1826,reachable,screen
USGS-08066300,1965-12-01 00:00:00.000001,2026-08-17 00:00:00.000001,1826,,,,,1826,reachable,screen
USGS-08066500,1924-05-01 00:00:00.000001,2026-08-18 00:00:00.000001,1826,,,,,1826,reachable,screen
USGS-08066850,,,0,0.0,0.0,,,0,unreachable,individual fetch
USGS-08067000,1940-11-25 00:00:00.000001,2026-08-17 00:00:00.000001,1733,,,,,1733,reachable,screen
USGS-08067070,1981-04-08 00:00:00.000001,2026-08-18 00:00:00.000001,1826,,,,,1826,reachable,screen
USGS-08067250,,,0,0.0,0.0,,,0,unreachable,individual fetch
USGS-08067500,1971-10-01 00:00:00.000001,2026-08-18 00:00:00.000001,1826,,,,,1826,reachable,screen
USGS-08067525,2006-10-01 00:00:00.000001,2026-08-18 00:00:00.000001,1826,,,,,1826,reachable,screen
USGS-08067548,2009-09-12 00:00:00.000001,2026-08-18 00:00:00.000001,1826,,,,,1826,reachable,screen
USGS-08067552,,,0,0.0,0.0,,,0,unreachable,individual fetch
USGS-08067555,,,0,0.0,0.0,,,0,unreachable,individual fetch
USGS-08067575,2022-11-04 00:00:00.000001,2026-08-18 00:00:00.000001,58,,,,,58,reachable,screen
USGS-08067585,,,0,0.0,0.0,,,0,unreachable,individual fetch
USGS-08067650,1973-10-18 00:00:00.000001,2026-07-19 00:00:00.000001,433,,,,,433,reachable,screen
USGS-08067690,,,0,0.0,0.0,,,0,unreachable,individual fetch
USGS-08067920,2015-07-23 00:00:00.000001,2026-08-18 00:00:00.000001,1826,,,,,1826,reachable,screen
USGS-08068000,1924-05-01 00:00:00.000001,2026-08-17 00:00:00.000001,1826,,,,,1826,reachable,screen
USGS-08068002,,,0,0.0,0.0,,,0,unreachable,individual fetch
USGS-08068090,1984-05-01 00:00:00.000001,2026-08-18 00:00:00.000001,1826,,,,,1826,reachable,screen
USGS-08068275,1999-09-09 00:00:00.000001,2026-08-17 00:00:00.000001,1826,,,,,1826,reachable,screen
USGS-08068310,,,0,0.0,0.0,,,0,unreachable,individual fetch
USGS-08068325,2006-10-01 00:00:00.000001,2026-08-18 00:00:00.000001,1826,,,,,1826,reachable,screen
USGS-08068390,1999-01-27 00:00:00.000001,2026-08-18 00:00:00.000001,1826,,,,,1826,reachable,screen
USGS-08068400,1974-08-01 00:00:00.000001,2026-08-17 00:00:00.000001,1826,,,,,1826,reachable,screen
USGS-08068450,1972-04-01 00:00:00.000001,2026-08-17 00:00:00.000001,1826,,,,,1826,reachable,screen
USGS-08068500,1939-04-01 00:00:00.000001,2026-08-18 00:00:00.000001,1826,,,,,1826,reachable,screen
USGS-08068720,1975-06-01 00:00:00.000001,2026-08-18 00:00:00.000001,1826,,,,,1826,reachable,screen
USGS-08068740,1975-06-01 00:00:00.000001,2026-08-17 00:00:00.000001,1826,,,,,1826,reachable,screen
USGS-08068780,1982-05-01 00:00:00.000001,2026-08-17 00:00:00.000001,1826,,,,,1826,reachable,screen
USGS-08068800,1982-10-01 00:00:00.000001,2026-08-18 00:00:00.000001,1826,,,,,1826,reachable,screen
USGS-08068900,1987-10-01 00:00:00.000001,2026-07-15 00:00:00.000001,0,0.0,749.0,1987-10-01 00:00:00,2026-07-15 00:00:00,0,unreachable,individual fetch
USGS-08069000,1944-07-01 00:00:00.000001,2026-08-17 00:00:00.000001,1826,,,,,1826,reachable,screen
USGS-08069500,1928-10-01 00:00:00.000001,2026-08-17 00:00:00.000001,1696,,,,,1696,reachable,screen
USGS-08069800,2019-06-25 00:00:00.000001,2026-08-18 00:00:00.000001,1286,,,,,1286,reachable,screen
USGS-08070000,1939-05-01 00:00:00.000001,2026-08-18 00:00:00.000001,1826,,,,,1826,reachable,screen
USGS-08070200,1984-05-01 00:00:00.000001,2026-08-17 00:00:00.000001,1826,,,,,1826,reachable,screen
USGS-08070500,1944-01-01 00:00:00.000001,2026-08-18 00:00:00.000001,1826,,,,,1826,reachable,screen
USGS-08071000,1943-10-01 00:00:00.000001,2026-08-18 00:00:00.000001,1826,,,,,1826,reachable,screen
USGS-08071250,2022-09-23 00:00:00.000001,2026-08-18 00:00:00.000001,100,,,,,100,reachable,screen
USGS-08072050,,,0,0.0,0.0,,,0,unreachable,individual fetch
USGS-08072300,1977-07-01 00:00:00.000001,2026-08-17 00:00:00.000001,1826,,,,,1826,reachable,screen
USGS-08072470,,,0,0.0,0.0,,,0,unreachable,individual fetch
USGS-08072520,,,0,0.0,0.0,,,0,unreachable,individual fetch
USGS-08072600,2010-08-11 00:00:00.000001,2026-08-17 00:00:00.000001,1826,,,,,1826,reachable,screen
USGS-08072680,2015-10-21 00:00:00.000001,2026-08-18 00:00:00.000001,1826,,,,,1826,reachable,screen
USGS-08072730,1977-07-01 00:00:00.000001,2026-08-18 00:00:00.000001,1824,,,,,1824,reachable,screen
USGS-08072760,1977-07-01 00:00:00.000001,2026-08-17 00:00:00.000001,1826,,,,,1826,reachable,screen
USGS-08073100,2013-03-15 00:00:00.000001,2026-08-18 00:00:00.000001,1826,,,,,1826,reachable,screen
USGS-08073500,1945-09-01 00:00:00.000001,2026-08-18 00:00:00.000001,1826,,,,,1826,reachable,screen
USGS-08073600,1971-09-01 00:00:00.000001,2026-08-17 00:00:00.000001,1826,,,,,1826,reachable,screen
USGS-08073700,1963-10-01 00:00:00.000001,2026-08-17 00:00:00.000001,1826,,,,,1826,reachable,screen
USGS-08074000,1936-06-01 00:00:00.000001,2026-07-18 00:00:00.000001,157,,,,,157,reachable,screen
USGS-08074020,1999-10-01 00:00:00.000001,2026-08-18 00:00:00.000001,1826,,,,,1826,reachable,screen
USGS-08074150,1964-04-14 00:00:00.000001,1986-09-29 00:00:00.000001,0,0.0,8204.0,1964-04-14 00:00:00,1986-09-29 00:00:00,0,unreachable,individual fetch
USGS-08074250,1964-08-14 00:00:00.000001,1981-09-29 00:00:00.000001,0,0.0,6256.0,1964-08-14 00:00:00,1981-09-29 00:00:00,0,unreachable,individual fetch
USGS-08074500,1936-05-25 00:00:00.000001,2026-08-18 00:00:00.000001,1826,,,,,1826,reachable,screen
USGS-08074540,2026-05-01 00:00:00.000001,2026-05-01 00:00:00.000001,0,0.0,1.0,2026-05-01 00:00:00,2026-05-01 00:00:00,0,unreachable,individual fetch
USGS-08074760,2006-10-01 00:00:00.000001,2026-08-17 00:00:00.000001,1826,,,,,1826,reachable,screen
USGS-08074800,1964-08-13 00:00:00.000001,1981-09-29 00:00:00.000001,0,0.0,6257.0,1964-08-13 00:00:00,1981-09-29 00:00:00,0,unreachable,individual fetch
USGS-08074810,2001-10-01 00:00:00.000001,2026-08-17 00:00:00.000001,1826,,,,,1826,reachable,screen
USGS-08075000,1936-05-25 00:00:00.000001,2026-08-18 00:00:00.000001,1826,,,,,1826,reachable,screen
USGS-08075110,,,0,0.0,0.0,,,0,unreachable,individual fetch
USGS-08075400,1964-08-18 00:00:00.000001,2026-08-17 00:00:00.000001,1826,,,,,1826,reachable,screen
USGS-08075500,1952-10-01 00:00:00.000001,1995-09-29 00:00:00.000001,0,0.0,15704.0,1952-10-01 00:00:00,1995-09-29 00:00:00,0,unreachable,individual fetch
USGS-08075605,2006-10-01 00:00:00.000001,2026-08-17 00:00:00.000001,1826,,,,,1826,reachable,screen
USGS-08075730,1971-10-01 00:00:00.000001,2026-08-18 00:00:00.000001,1826,,,,,1826,reachable,screen
USGS-08075763,2006-10-01 00:00:00.000001,2026-08-17 00:00:00.000001,1826,,,,,1826,reachable,screen
USGS-08075770,1964-04-14 00:00:00.000001,2026-08-17 00:00:00.000001,1826,,,,,1826,reachable,screen
USGS-08075780,2026-05-01 00:00:00.000001,2026-06-05 00:00:00.000001,0,0.0,5.0,2026-05-01 00:00:00,2026-06-05 00:00:00,0,unreachable,individual fetch
USGS-08075900,1965-08-03 00:00:00.000001,2026-08-18 00:00:00.000001,1826,,,,,1826,reachable,screen
USGS-08076000,1952-10-01 00:00:00.000001,2026-08-18 00:00:00.000001,1826,,,,,1826,reachable,screen
USGS-08076180,1986-02-25 00:00:00.000001,2026-08-17 00:00:00.000001,1826,,,,,1826,reachable,screen
USGS-08076500,1952-10-01 00:00:00.000001,2026-08-18 00:00:00.000001,1826,,,,,1826,reachable,screen
USGS-08076700,1971-12-02 00:00:00.000001,2026-06-17 00:00:00.000001,15,,,,,15,reachable,screen
USGS-08076997,2006-10-01 00:00:00.000001,2026-08-17 00:00:00.000001,1826,,,,,1826,reachable,screen
USGS-08077600,,,0,0.0,0.0,,,0,unreachable,individual fetch
USGS-08078000,1959-03-01 00:00:00.000001,2026-08-18 00:00:00.000001,1826,,,,,1826,reachable,screen
USGS-08079510,2016-09-20 00:00:00.000001,2026-08-17 00:00:00.000001,1826,,,,,1826,reachable,screen
USGS-08079600,1961-12-01 00:00:00.000001,2026-08-17 00:00:00.000001,1826,,,,,1826,reachable,screen
USGS-08080505,2013-03-25 00:00:00.000001,2025-09-30 00:00:00.000001,1826,,,,,1826,reachable,screen
USGS-08080700,1939-06-21 00:00:00.000001,2026-08-17 00:00:00.000001,1826,,,,,1826,reachable,screen
USGS-08082000,1924-01-01 00:00:00.000001,2026-08-17 00:00:00.000001,1826,,,,,1826,reachable,screen
USGS-08082500,1923-12-01 00:00:00.000001,2026-08-18 00:00:00.000001,1826,,,,,1826,reachable,screen
USGS-08082700,1963-08-01 00:00:00.000001,2026-08-18 00:00:00.000001,1826,,,,,1826,reachable,screen
USGS-08083100,1962-01-01 00:00:00.000001,2026-08-18 00:00:00.000001,1826,,,,,1826,reachable,screen
USGS-08083235,2019-08-15 00:00:00.000001,2026-08-18 00:00:00.000001,1235,,,,,1235,reachable,screen
USGS-08083240,1967-10-01 00:00:00.000001,2026-08-17 00:00:00.000001,1826,,,,,1826,reachable,screen
USGS-08083420,1970-10-01 00:00:00.000001,2026-08-18 00:00:00.000001,1826,,,,,1826,reachable,screen
USGS-08083430,1979-10-01 00:00:00.000001,2026-08-17 00:00:00.000001,1787,,,,,1787,reachable,screen
USGS-08083480,2001-06-01 00:00:00.000001,2026-08-18 00:00:00.000001,1826,,,,,1826,reachable,screen
USGS-08084000,1924-03-01 00:00:00.000001,2026-08-17 00:00:00.000001,1826,,,,,1826,reachable,screen
USGS-08084200,2010-10-01 00:00:00.000001,2026-08-18 00:00:00.000001,1826,,,,,1826,reachable,screen
USGS-08084800,1962-10-01 00:00:00.000001,2026-08-18 00:00:00.000001,1826,,,,,1826,reachable,screen
USGS-08085500,1924-02-01 00:00:00.000001,2026-08-17 00:00:00.000001,1826,,,,,1826,reachable,screen
USGS-08086050,1962-11-01 00:00:00.000001,2026-08-17 00:00:00.000001,1826,,,,,1826,reachable,screen
USGS-08086212,1966-10-01 00:00:00.000001,2026-08-17 00:00:00.000001,1826,,,,,1826,reachable,screen
USGS-08086290,1962-02-01 00:00:00.000001,2026-08-18 00:00:00.000001,1826,,,,,1826,reachable,screen
USGS-08086500,1955-05-01 00:00:00.000001,2026-08-18 00:00:00.000001,1826,,,,,1826,reachable,screen
USGS-08087300,1915-12-01 00:00:00.000001,1982-10-04 00:00:00.000001,0,0.0,18387.0,1915-12-01 00:00:00,1982-10-04 00:00:00,0,unreachable,individual fetch
USGS-08088000,1938-10-01 00:00:00.000001,2026-08-17 00:00:00.000001,1826,,,,,1826,reachable,screen
USGS-08088430,2020-06-26 00:00:00.000001,2026-08-18 00:00:00.000001,919,,,,,919,reachable,screen
USGS-08088470,2020-07-17 00:00:00.000001,2026-08-17 00:00:00.000001,898,,,,,898,reachable,screen
USGS-08088610,1989-10-01 00:00:00.000001,2026-08-17 00:00:00.000001,1826,,,,,1826,reachable,screen
USGS-08089000,1924-02-01 00:00:00.000001,2026-08-17 00:00:00.000001,1826,,,,,1826,reachable,screen
USGS-08090800,1968-04-25 00:00:00.000001,2026-08-17 00:00:00.000001,1826,,,,,1826,reachable,screen
USGS-08090830,,,0,0.0,0.0,,,0,unreachable,individual fetch
USGS-08090905,2012-01-19 00:00:00.000001,2026-08-18 00:00:00.000001,1478,,,,,1478,reachable,screen
USGS-08091000,1923-10-01 00:00:00.000001,2026-08-18 00:00:00.000001,1826,,,,,1826,reachable,screen
USGS-08091500,1924-01-01 00:00:00.000001,2026-08-17 00:00:00.000001,1826,,,,,1826,reachable,screen
USGS-08092000,1924-08-01 00:00:00.000001,2026-08-18 00:00:00.000001,1825,,,,,1825,reachable,screen
USGS-08093100,1938-10-01 00:00:00.000001,2026-08-17 00:00:00.000001,1826,,,,,1826,reachable,screen
USGS-08093360,1979-10-01 00:00:00.000001,2026-08-17 00:00:00.000001,1826,,,,,1826,reachable,screen
USGS-08094800,1962-01-01 00:00:00.000001,2026-08-17 00:00:00.000001,1826,,,,,1826,reachable,screen
USGS-08095000,1923-10-01 00:00:00.000001,2026-08-17 00:00:00.000001,1826,,,,,1826,reachable,screen
USGS-08095200,1959-08-01 00:00:00.000001,2026-08-18 00:00:00.000001,1826,,,,,1826,reachable,screen
USGS-08095300,1959-08-19 00:00:00.000001,2026-08-18 00:00:00.000001,1826,,,,,1826,reachable,screen
USGS-08095400,1959-08-17 00:00:00.000001,2026-08-18 00:00:00.000001,1826,,,,,1826,reachable,screen
USGS-08096500,1898-10-01 00:00:00.000001,2026-08-18 00:00:00.000001,1826,,,,,1826,reachable,screen
USGS-08096580,,,0,0.0,0.0,,,0,unreachable,individual fetch
USGS-08098290,1965-10-01 00:00:00.000001,2026-08-17 00:00:00.000001,1826,,,,,1826,reachable,screen
USGS-08098300,1962-10-01 00:00:00.000001,2025-12-07 00:00:00.000001,1826,,,,,1826,reachable,screen
USGS-08099100,1960-09-01 00:00:00.000001,2026-08-18 00:00:00.000001,1826,,,,,1826,reachable,screen
USGS-08099300,1960-09-01 00:00:00.000001,2026-08-18 00:00:00.000001,1826,,,,,1826,reachable,screen
USGS-08099382,2015-04-03 00:00:00.000001,2025-12-09 00:00:00.000001,1826,,,,,1826,reachable,screen
USGS-08099500,1939-01-01 00:00:00.000001,2026-08-18 00:00:00.000001,1826,,,,,1826,reachable,screen
USGS-08100000,1925-01-01 00:00:00.000001,2026-08-17 00:00:00.000001,1826,,,,,1826,reachable,screen
USGS-08100500,1950-10-01 00:00:00.000001,2026-08-17 00:00:00.000001,1826,,,,,1826,reachable,screen
USGS-08101000,1950-10-01 00:00:00.000001,2026-08-17 00:00:00.000001,1826,,,,,1826,reachable,screen
USGS-08102500,1923-10-01 00:00:00.000001,2026-08-18 00:00:00.000001,1826,,,,,1826,reachable,screen
USGS-08102595,2018-03-28 00:00:00.000001,2026-08-18 00:00:00.000001,1740,,,,,1740,reachable,screen
USGS-08102850,,,0,0.0,0.0,,,0,unreachable,individual fetch
USGS-08103800,1962-10-01 00:00:00.000001,2026-08-17 00:00:00.000001,1826,,,,,1826,reachable,screen
USGS-08103900,1963-04-01 00:00:00.000001,2026-08-18 00:00:00.000001,1826,,,,,1826,reachable,screen
USGS-08103940,2015-12-09 00:00:00.000001,2026-08-18 00:00:00.000001,1826,,,,,1826,reachable,screen
USGS-08104100,1963-02-01 00:00:00.000001,2026-08-18 00:00:00.000001,1826,,,,,1826,reachable,screen
USGS-08104300,2013-03-14 00:00:00.000001,2026-08-17 00:00:00.000001,1826,,,,,1826,reachable,screen
USGS-08104500,1923-10-01 00:00:00.000001,2026-08-17 00:00:00.000001,1826,,,,,1826,reachable,screen
USGS-0810464660,2008-10-01 00:00:00.000001,2026-08-18 00:00:00.000001,1826,,,,,1826,reachable,screen
USGS-08104700,1968-06-19 00:00:00.000001,2026-08-17 00:00:00.000001,1826,,,,,1826,reachable,screen
USGS-08104900,1967-12-01 00:00:00.000001,2026-08-18 00:00:00.000001,1826,,,,,1826,reachable,screen
USGS-08105095,2003-10-01 00:00:00.000001,2026-08-18 00:00:00.000001,1826,,,,,1826,reachable,screen
USGS-08105505,2008-08-05 00:00:00.000001,2026-08-17 00:00:00.000001,1826,,,,,1826,reachable,screen
USGS-08105700,1965-07-16 00:00:00.000001,2026-08-17 00:00:00.000001,1826,,,,,1826,reachable,screen
USGS-08105872,2014-09-01 00:00:00.000001,2026-08-17 00:00:00.000001,1826,,,,,1826,reachable,screen
USGS-08105883,2014-11-19 00:00:00.000001,2026-08-17 00:00:00.000001,1826,,,,,1826,reachable,screen
USGS-08105886,2010-06-15 00:00:00.000001,2026-08-17 00:00:00.000001,1826,,,,,1826,reachable,screen
USGS-08105888,2014-10-25 00:00:00.000001,2026-08-18 00:00:00.000001,1826,,,,,1826,reachable,screen
USGS-08106050,2017-08-27 00:00:00.000001,2026-06-17 00:00:00.000001,25,,,,,25,reachable,screen
USGS-08106350,1981-02-12 00:00:00.000001,2026-08-18 00:00:00.000001,1339,,,,,1339,reachable,screen
USGS-08106500,1916-11-01 00:00:00.000001,2026-08-18 00:00:00.000001,1826,,,,,1826,reachable,screen
USGS-08107950,2010-08-12 00:00:00.000001,2026-08-18 00:00:00.000001,1826,,,,,1826,reachable,screen
USGS-08108250,2007-06-18 00:00:00.000001,2026-07-15 00:00:00.000001,38,,,,,38,reachable,screen
USGS-08108700,1993-07-14 00:00:00.000001,2026-08-18 00:00:00.000001,1826,,,,,1826,reachable,screen
USGS-08108780,2017-08-28 00:00:00.000001,2025-06-16 00:00:00.000001,59,,,,,59,reachable,screen
USGS-08109700,1962-08-01 00:00:00.000001,2026-08-16 00:00:00.000001,1826,,,,,1826,reachable,screen
USGS-08109800,1962-08-01 00:00:00.000001,2026-08-18 00:00:00.000001,1826,,,,,1826,reachable,screen
USGS-08110000,1924-05-24 00:00:00.000001,2026-08-18 00:00:00.000001,1826,,,,,1826,reachable,screen
USGS-08110100,1962-10-01 00:00:00.000001,2026-08-17 00:00:00.000001,1826,,,,,1826,reachable,screen
USGS-08110200,1965-11-01 00:00:00.000001,2026-08-18 00:00:00.000001,689,,,,,689,reachable,screen
USGS-08110325,1978-06-01 00:00:00.000001,2026-08-18 00:00:00.000001,1826,,,,,1826,reachable,screen
USGS-08110430,1978-07-01 00:00:00.000001,2026-08-17 00:00:00.000001,1826,,,,,1826,reachable,screen
USGS-08110500,1924-03-27 00:00:00.000001,2026-08-18 00:00:00.000001,1826,,,,,1826,reachable,screen
USGS-08110800,1997-04-01 00:00:00.000001,2026-08-17 00:00:00.000001,1826,,,,,1826,reachable,screen
USGS-08111070,,,0,0.0,0.0,,,0,unreachable,individual fetch
USGS-08111500,1938-10-01 00:00:00.000001,2026-08-18 00:00:00.000001,1826,,,,,1826,reachable,screen
USGS-08111700,1963-08-01 00:00:00.000001,2026-08-18 00:00:00.000001,1826,,,,,1826,reachable,screen
USGS-08111850,2013-08-02 00:00:00.000001,2026-08-18 00:00:00.000001,1826,,,,,1826,reachable,screen
USGS-08114000,1903-01-01 00:00:00.000001,2026-08-18 00:00:00.000001,1826,,,,,1826,reachable,screen
USGS-08114100,,,0,0.0,0.0,,,0,unreachable,individual fetch
USGS-08115000,1947-06-01 00:00:00.000001,2026-08-17 00:00:00.000001,1826,,,,,1826,reachable,screen
USGS-08116400,1958-10-01 00:00:00.000001,2026-08-17 00:00:00.000001,1826,,,,,1826,reachable,screen
USGS-08116650,1967-04-01 00:00:00.000001,2026-08-18 00:00:00.000001,1826,,,,,1826,reachable,screen
USGS-08116850,,,0,0.0,0.0,,,0,unreachable,individual fetch
USGS-08117370,,,0,0.0,0.0,,,0,unreachable,individual fetch
USGS-08117500,1954-05-01 00:00:00.000001,2026-08-17 00:00:00.000001,1826,,,,,1826,reachable,screen
USGS-08117705,2017-09-30 00:00:00.000001,2026-08-17 00:00:00.000001,1826,,,,,1826,reachable,screen
USGS-08117720,,,0,0.0,0.0,,,0,unreachable,individual fetch
USGS-08117855,2020-02-19 00:00:00.000001,2026-08-18 00:00:00.000001,1047,,,,,1047,reachable,screen
USGS-08117995,1988-03-01 00:00:00.000001,2026-08-17 00:00:00.000001,1826,,,,,1826,reachable,screen
USGS-08119500,1947-10-01 00:00:00.000001,1989-09-29 00:00:00.000001,0,0.0,13148.0,1947-10-01 00:00:00,1989-09-29 00:00:00,0,unreachable,individual fetch
USGS-08120500,1953-04-01 00:00:00.000001,2026-08-17 00:00:00.000001,1826,,,,,1826,reachable,screen
USGS-08121000,1923-12-01 00:00:00.000001,2026-08-17 00:00:00.000001,1826,,,,,1826,reachable,screen
USGS-08123800,1958-10-01 00:00:00.000001,2026-08-18 00:00:00.000001,1826,,,,,1826,reachable,screen
USGS-08123850,1967-08-29 00:00:00.000001,2026-08-17 00:00:00.000001,1826,,,,,1826,reachable,screen
USGS-08124000,1923-11-01 00:00:00.000001,2026-08-18 00:00:00.000001,1826,,,,,1826,reachable,screen
USGS-08126380,1907-06-01 00:00:00.000001,2026-08-18 00:00:00.000001,1826,,,,,1826,reachable,screen
USGS-08127000,1932-04-01 00:00:00.000001,2026-08-17 00:00:00.000001,1826,,,,,1826,reachable,screen
USGS-08128000,1930-03-01 00:00:00.000001,2026-08-18 00:00:00.000001,1826,,,,,1826,reachable,screen
USGS-08128030,2015-07-30 00:00:00.000001,2026-08-18 00:00:00.000001,1225,,,,,1225,reachable,screen
USGS-08128400,1961-04-01 00:00:00.000001,2026-08-18 00:00:00.000001,1826,,,,,1826,reachable,screen
USGS-08129300,1960-10-01 00:00:00.000001,1995-09-30 00:00:00.000001,0,0.0,12783.0,1960-10-01 00:00:00,1995-09-30 00:00:00,0,unreachable,individual fetch
USGS-08130500,1960-10-01 00:00:00.000001,2018-10-19 00:00:00.000001,2,,,,,2,reachable,screen
USGS-08130700,2001-10-01 00:00:00.000001,2026-08-18 00:00:00.000001,1597,,,,,1597,reachable,screen
USGS-08131400,1961-07-01 00:00:00.000001,2026-08-17 00:00:00.000001,1826,,,,,1826,reachable,screen
USGS-08131600,1963-04-01 00:00:00.000001,2025-09-30 00:00:00.000001,0,0.0,7183.0,1963-04-01 00:00:00,2025-09-29 00:00:00,0,unreachable,individual fetch
USGS-08132450,2015-10-01 00:00:00.000001,2025-03-09 00:00:00.000001,1826,,,,,1826,reachable,screen
USGS-08133250,2000-02-17 00:00:00.000001,2026-08-17 00:00:00.000001,1703,,,,,1703,reachable,screen
USGS-08133500,1939-09-01 00:00:00.000001,2018-10-10 00:00:00.000001,1,,,,,1,reachable,screen
USGS-08134000,1924-04-01 00:00:00.000001,2026-08-18 00:00:00.000001,1826,,,,,1826,reachable,screen
USGS-08134250,2000-02-14 00:00:00.000001,2026-08-17 00:00:00.000001,1711,,,,,1711,reachable,screen
USGS-08136000,1915-10-01 00:00:00.000001,2026-08-18 00:00:00.000001,1826,,,,,1826,reachable,screen
USGS-08136500,1915-10-01 00:00:00.000001,2026-08-17 00:00:00.000001,1826,,,,,1826,reachable,screen
USGS-08136700,1968-03-26 00:00:00.000001,2026-08-18 00:00:00.000001,1826,,,,,1826,reachable,screen
USGS-08140700,1968-04-16 00:00:00.000001,2024-11-11 00:00:00.000001,38,,,,,38,reachable,screen
USGS-08140860,,,0,0.0,0.0,,,0,unreachable,individual fetch
USGS-08142000,1940-10-01 00:00:00.000001,2026-08-18 00:00:00.000001,1826,,,,,1826,reachable,screen
USGS-08143500,1923-11-01 00:00:00.000001,2025-06-04 00:00:00.000001,107,,,,,107,reachable,screen
USGS-08143600,1967-10-01 00:00:00.000001,2026-08-18 00:00:00.000001,1826,,,,,1826,reachable,screen
USGS-08143990,,,0,0.0,0.0,,,0,unreachable,individual fetch
USGS-08144500,1915-10-01 00:00:00.000001,2026-08-17 00:00:00.000001,1826,,,,,1826,reachable,screen
USGS-08145000,1939-06-01 00:00:00.000001,2026-08-18 00:00:00.000001,1826,,,,,1826,reachable,screen
USGS-08146000,1915-10-01 00:00:00.000001,2026-08-17 00:00:00.000001,1826,,,,,1826,reachable,screen
USGS-08147000,1915-11-01 00:00:00.000001,2026-08-18 00:00:00.000001,1826,,,,,1826,reachable,screen
USGS-08148500,1915-10-01 00:00:00.000001,2026-08-18 00:00:00.000001,1826,,,,,1826,reachable,screen
USGS-08149900,2012-10-01 00:00:00.000001,2026-08-17 00:00:00.000001,1826,,,,,1826,reachable,screen
USGS-08150000,1915-10-01 00:00:00.000001,2026-08-18 00:00:00.000001,1826,,,,,1826,reachable,screen
USGS-08150700,1968-03-07 00:00:00.000001,2026-08-18 00:00:00.000001,1826,,,,,1826,reachable,screen
USGS-08150800,1963-08-01 00:00:00.000001,2026-08-18 00:00:00.000001,1826,,,,,1826,reachable,screen
USGS-08151500,1939-09-17 00:00:00.000001,2026-08-18 00:00:00.000001,1826,,,,,1826,reachable,screen
USGS-08152000,1966-10-01 00:00:00.000001,2026-08-18 00:00:00.000001,1826,,,,,1826,reachable,screen
USGS-08152900,1979-06-28 00:00:00.000001,2026-08-17 00:00:00.000001,1826,,,,,1826,reachable,screen
USGS-08153500,1939-05-04 00:00:00.000001,2026-08-18 00:00:00.000001,1826,,,,,1826,reachable,screen
USGS-08154700,1978-07-18 00:00:00.000001,2026-08-18 00:00:00.000001,1826,,,,,1826,reachable,screen
USGS-08155200,1978-02-07 00:00:00.000001,2026-08-18 00:00:00.000001,1826,,,,,1826,reachable,screen
USGS-08155240,1988-12-28 00:00:00.000001,2026-08-18 00:00:00.000001,1826,,,,,1826,reachable,screen
USGS-08155300,1977-02-01 00:00:00.000001,2026-08-17 00:00:00.000001,1826,,,,,1826,reachable,screen
USGS-08155400,1998-09-24 00:00:00.000001,2026-08-17 00:00:00.000001,1826,,,,,1826,reachable,screen
USGS-08155541,2007-07-21 00:00:00.000001,2026-08-17 00:00:00.000001,1826,,,,,1826,reachable,screen
USGS-08156675,2007-07-10 00:00:00.000001,2026-08-17 00:00:00.000001,1826,,,,,1826,reachable,screen
USGS-08156800,1983-01-08 00:00:00.000001,2026-08-17 00:00:00.000001,1826,,,,,1826,reachable,screen
USGS-08156910,2007-07-19 00:00:00.000001,2026-08-18 00:00:00.000001,1826,,,,,1826,reachable,screen
USGS-08157540,2014-10-01 00:00:00.000001,2026-08-18 00:00:00.000001,1826,,,,,1826,reachable,screen
USGS-08158000,1898-03-01 00:00:00.000001,2026-08-18 00:00:00.000001,1826,,,,,1826,reachable,screen
USGS-08158030,2007-08-02 00:00:00.000001,2026-08-17 00:00:00.000001,1826,,,,,1826,reachable,screen
USGS-08158035,2007-08-01 00:00:00.000001,2026-08-17 00:00:00.000001,1826,,,,,1826,reachable,screen
USGS-08158045,,,0,0.0,0.0,,,0,unreachable,individual fetch
USGS-08158200,1985-05-13 00:00:00.000001,2026-08-17 00:00:00.000001,1826,,,,,1826,reachable,screen
USGS-08158380,1985-02-21 00:00:00.000001,2026-08-17 00:00:00.000001,1826,,,,,1826,reachable,screen
USGS-08158600,1966-05-27 00:00:00.000001,2026-08-18 00:00:00.000001,1826,,,,,1826,reachable,screen
USGS-08158700,1979-07-01 00:00:00.000001,2026-08-18 00:00:00.000001,1826,,,,,1826,reachable,screen
USGS-08158810,1979-07-07 00:00:00.000001,2026-08-17 00:00:00.000001,1826,,,,,1826,reachable,screen
USGS-08158813,2015-09-30 00:00:00.000001,2026-08-18 00:00:00.000001,1826,,,,,1826,reachable,screen
USGS-08158827,2003-04-03 00:00:00.000001,2026-08-18 00:00:00.000001,1826,,,,,1826,reachable,screen
USGS-08158840,1978-01-16 00:00:00.000001,2026-08-17 00:00:00.000001,1826,,,,,1826,reachable,screen
USGS-08158860,2003-05-31 00:00:00.000001,2026-08-17 00:00:00.000001,1826,,,,,1826,reachable,screen
USGS-08158922,1993-03-11 00:00:00.000001,2026-08-18 00:00:00.000001,94,,,,,94,reachable,screen
USGS-08158927,2007-09-14 00:00:00.000001,2026-08-17 00:00:00.000001,1826,,,,,1826,reachable,screen
USGS-08158930,1984-10-01 00:00:00.000001,2026-08-17 00:00:00.000001,1826,,,,,1826,reachable,screen
USGS-08158970,1975-09-11 00:00:00.000001,2026-08-17 00:00:00.000001,1826,,,,,1826,reachable,screen
USGS-08159000,1924-06-01 00:00:00.000001,2026-08-17 00:00:00.000001,1826,,,,,1826,reachable,screen
USGS-08159105,2019-07-18 00:00:00.000001,2026-08-18 00:00:00.000001,1263,,,,,1263,reachable,screen
USGS-08159110,2019-02-22 00:00:00.000001,2026-08-18 00:00:00.000001,1409,,,,,1409,reachable,screen
USGS-08159200,1960-03-01 00:00:00.000001,2026-08-18 00:00:00.000001,1826,,,,,1826,reachable,screen
USGS-08159250,2019-07-20 00:00:00.000001,2026-08-18 00:00:00.000001,1261,,,,,1261,reachable,screen
USGS-08159500,1930-07-24 00:00:00.000001,2026-08-18 00:00:00.000001,1826,,,,,1826,reachable,screen
USGS-08160400,1988-04-21 00:00:00.000001,2026-08-17 00:00:00.000001,1826,,,,,1826,reachable,screen
USGS-08160800,1962-05-01 00:00:00.000001,2026-08-17 00:00:00.000001,1826,,,,,1826,reachable,screen
USGS-08161000,1916-05-22 00:00:00.000001,2026-08-17 00:00:00.000001,1825,,,,,1825,reachable,screen
USGS-08162000,1938-10-01 00:00:00.000001,2026-08-17 00:00:00.000001,1826,,,,,1826,reachable,screen
USGS-08162500,1948-05-01 00:00:00.000001,2026-07-31 00:00:00.000001,287,,,,,287,reachable,screen
USGS-08162501,,,0,0.0,0.0,,,0,unreachable,individual fetch
USGS-08162600,1970-06-17 00:00:00.000001,2026-08-18 00:00:00.000001,1826,,,,,1826,reachable,screen
USGS-08163500,1939-08-01 00:00:00.000001,2026-08-18 00:00:00.000001,1826,,,,,1826,reachable,screen
USGS-08164000,1938-08-13 00:00:00.000001,2026-08-18 00:00:00.000001,1826,,,,,1826,reachable,screen
USGS-08164300,1961-10-01 00:00:00.000001,2026-08-17 00:00:00.000001,1826,,,,,1826,reachable,screen
USGS-08164390,1996-10-01 00:00:00.000001,2026-08-17 00:00:00.000001,1826,,,,,1826,reachable,screen
USGS-08164450,1978-10-01 00:00:00.000001,2026-08-15 00:00:00.000001,1826,,,,,1826,reachable,screen
USGS-08164503,1977-10-01 00:00:00.000001,2026-08-18 00:00:00.000001,1826,,,,,1826,reachable,screen
USGS-08164504,1996-10-01 00:00:00.000001,2026-08-18 00:00:00.000001,1826,,,,,1826,reachable,screen
USGS-08164600,1970-06-15 00:00:00.000001,2026-08-17 00:00:00.000001,1826,,,,,1826,reachable,screen
USGS-08164800,1970-06-16 00:00:00.000001,2026-08-18 00:00:00.000001,1826,,,,,1826,reachable,screen
USGS-08165300,1967-08-01 00:00:00.000001,2026-08-17 00:00:00.000001,1826,,,,,1826,reachable,screen
USGS-08165500,1941-10-17 00:00:00.000001,2026-08-18 00:00:00.000001,1824,,,,,1824,reachable,screen
USGS-08166000,1941-09-24 00:00:00.000001,2026-08-17 00:00:00.000001,1826,,,,,1826,reachable,screen
USGS-08166140,1978-04-27 00:00:00.000001,2026-08-17 00:00:00.000001,1802,,,,,1802,reachable,screen
USGS-08166200,1986-06-12 00:00:00.000001,2026-08-17 00:00:00.000001,1826,,,,,1826,reachable,screen
USGS-08166250,2008-02-01 00:00:00.000001,2026-08-17 00:00:00.000001,1803,,,,,1803,reachable,screen
USGS-08167000,1939-05-31 00:00:00.000001,2026-08-18 00:00:00.000001,1826,,,,,1826,reachable,screen
USGS-08167200,2019-10-01 00:00:00.000001,2026-08-18 00:00:00.000001,1188,,,,,1188,reachable,screen
USGS-08167500,1922-06-28 00:00:00.000001,2026-08-17 00:00:00.000001,1826,,,,,1826,reachable,screen
USGS-08167800,1960-03-01 00:00:00.000001,2026-08-18 00:00:00.000001,1826,,,,,1826,reachable,screen
USGS-08168500,1927-12-19 00:00:00.000001,2026-08-17 00:00:00.000001,1826,,,,,1826,reachable,screen
USGS-08168797,2006-03-03 00:00:00.000001,2026-08-17 00:00:00.000001,1826,,,,,1826,reachable,screen
USGS-08168913,2012-02-03 00:00:00.000001,2026-08-17 00:00:00.000001,1826,,,,,1826,reachable,screen
USGS-08168932,2011-09-30 00:00:00.000001,2026-08-18 00:00:00.000001,1826,,,,,1826,reachable,screen
USGS-08169000,1927-12-19 00:00:00.000001,2026-08-18 00:00:00.000001,1826,,,,,1826,reachable,screen
USGS-08169792,2005-03-14 00:00:00.000001,2026-08-17 00:00:00.000001,1826,,,,,1826,reachable,screen
USGS-08169845,2016-07-29 00:00:00.000001,2026-08-18 00:00:00.000001,1826,,,,,1826,reachable,screen
USGS-08170500,1915-07-01 00:00:00.000001,2026-08-18 00:00:00.000001,1826,,,,,1826,reachable,screen
USGS-08170890,,,0,0.0,0.0,,,0,unreachable,individual fetch
USGS-08170905,,,0,0.0,0.0,,,0,unreachable,individual fetch
USGS-08170950,2016-04-08 00:00:00.000001,2026-08-17 00:00:00.000001,1821,,,,,1821,reachable,screen
USGS-08171000,1924-08-06 00:00:00.000001,2026-08-17 00:00:00.000001,1826,,,,,1826,reachable,screen
USGS-08171290,2008-12-19 00:00:00.000001,2026-08-18 00:00:00.000001,1822,,,,,1822,reachable,screen
USGS-08171300,1956-05-29 00:00:00.000001,2026-08-17 00:00:00.000001,1826,,,,,1826,reachable,screen
USGS-08171350,2015-01-22 00:00:00.000001,2026-08-18 00:00:00.000001,1826,,,,,1826,reachable,screen
USGS-08171400,2011-05-19 00:00:00.000001,2026-08-18 00:00:00.000001,1826,,,,,1826,reachable,screen
USGS-08172000,1939-04-18 00:00:00.000001,2026-08-18 00:00:00.000001,1826,,,,,1826,reachable,screen
USGS-08172400,1959-04-30 00:00:00.000001,2026-08-17 00:00:00.000001,1826,,,,,1826,reachable,screen
USGS-08173000,1930-03-21 00:00:00.000001,2026-08-17 00:00:00.000001,1826,,,,,1826,reachable,screen
USGS-08173900,1996-10-01 00:00:00.000001,2026-08-18 00:00:00.000001,1826,,,,,1826,reachable,screen
USGS-08174200,2016-09-02 00:00:00.000001,2026-08-18 00:00:00.000001,1826,,,,,1826,reachable,screen
USGS-08174550,2016-10-28 00:00:00.000001,2026-08-18 00:00:00.000001,1826,,,,,1826,reachable,screen
USGS-08174600,1959-08-01 00:00:00.000001,2026-08-17 00:00:00.000001,1826,,,,,1826,reachable,screen
USGS-08174700,2010-01-28 00:00:00.000001,2011-04-14 00:00:00.000001,0,0.0,203.0,2010-01-28 00:00:00,2011-04-14 00:00:00,0,unreachable,individual fetch
USGS-08174970,,,0,0.0,0.0,,,0,unreachable,individual fetch
USGS-08175000,1930-03-10 00:00:00.000001,2026-08-18 00:00:00.000001,1826,,,,,1826,reachable,screen
USGS-08175800,1964-01-01 00:00:00.000001,2026-08-18 00:00:00.000001,1826,,,,,1826,reachable,screen
USGS-08176500,1934-11-04 00:00:00.000001,2026-08-17 00:00:00.000001,1826,,,,,1826,reachable,screen
USGS-08176550,1984-10-01 00:00:00.000001,1989-09-29 00:00:00.000001,0,0.0,1825.0,1984-10-01 00:00:00,1989-09-29 00:00:00,0,unreachable,individual fetch
USGS-08176900,1978-10-01 00:00:00.000001,2026-08-18 00:00:00.000001,1826,,,,,1826,reachable,screen
USGS-08177300,1978-06-28 00:00:00.000001,2026-08-17 00:00:00.000001,1826,,,,,1826,reachable,screen
USGS-08177500,1939-06-28 00:00:00.000001,2026-08-18 00:00:00.000001,1826,,,,,1826,reachable,screen
USGS-08177520,,,0,0.0,0.0,,,0,unreachable,individual fetch
USGS-08177700,1968-06-07 00:00:00.000001,2026-08-18 00:00:00.000001,1826,,,,,1826,reachable,screen
USGS-08178000,1915-02-01 00:00:00.000001,2026-08-17 00:00:00.000001,1826,,,,,1826,reachable,screen
USGS-08178050,1992-10-01 00:00:00.000001,2026-08-17 00:00:00.000001,1826,,,,,1826,reachable,screen
USGS-08178500,1916-08-01 00:00:00.000001,2026-08-17 00:00:00.000001,1826,,,,,1826,reachable,screen
USGS-08178565,1986-10-01 00:00:00.000001,2026-08-18 00:00:00.000001,1826,,,,,1826,reachable,screen
USGS-08178593,2009-10-01 00:00:00.000001,2026-08-17 00:00:00.000001,1826,,,,,1826,reachable,screen
USGS-08178700,1960-09-01 00:00:00.000001,2026-02-03 00:00:00.000001,1826,,,,,1826,reachable,screen
USGS-08178800,1960-09-01 00:00:00.000001,2026-08-17 00:00:00.000001,1826,,,,,1826,reachable,screen
USGS-0817887350,2011-11-01 00:00:00.000001,2026-08-17 00:00:00.000001,1825,,,,,1825,reachable,screen
USGS-08178880,1982-10-01 00:00:00.000001,2026-08-18 00:00:00.000001,1826,,,,,1826,reachable,screen
USGS-08178980,2017-03-03 00:00:00.000001,2026-08-17 00:00:00.000001,1826,,,,,1826,reachable,screen
USGS-08180586,2011-02-18 00:00:00.000001,2026-08-18 00:00:00.000001,1826,,,,,1826,reachable,screen
USGS-08180640,1986-12-19 00:00:00.000001,2026-08-18 00:00:00.000001,1826,,,,,1826,reachable,screen
USGS-08180700,1981-01-01 00:00:00.000001,2026-08-17 00:00:00.000001,1826,,,,,1826,reachable,screen
USGS-08180800,1970-10-01 00:00:00.000001,2026-08-18 00:00:00.000001,1826,,,,,1826,reachable,screen
USGS-08181400,1968-06-01 00:00:00.000001,2026-08-17 00:00:00.000001,1826,,,,,1826,reachable,screen
USGS-08181480,1984-09-13 00:00:00.000001,2026-08-17 00:00:00.000001,1826,,,,,1826,reachable,screen
USGS-08181500,1939-07-27 00:00:00.000001,2026-08-17 00:00:00.000001,1826,,,,,1826,reachable,screen
USGS-08181725,,,0,0.0,0.0,,,0,unreachable,individual fetch
USGS-08181800,1962-10-01 00:00:00.000001,2026-08-18 00:00:00.000001,1826,,,,,1826,reachable,screen
USGS-08183200,2006-01-04 00:00:00.000001,2026-08-17 00:00:00.000001,1825,,,,,1825,reachable,screen
USGS-08183500,1925-05-01 00:00:00.000001,2026-08-18 00:00:00.000001,1826,,,,,1826,reachable,screen
USGS-08183900,1962-03-01 00:00:00.000001,2026-08-17 00:00:00.000001,1826,,,,,1826,reachable,screen
USGS-08183978,2014-09-03 00:00:00.000001,2026-08-18 00:00:00.000001,1824,,,,,1824,reachable,screen
USGS-08184050,2010-12-07 00:00:00.000001,2026-01-22 00:00:00.000001,1824,,,,,1824,reachable,screen
USGS-08185000,1946-04-01 00:00:00.000001,2026-08-17 00:00:00.000001,1826,,,,,1826,reachable,screen
USGS-08185065,2005-12-08 00:00:00.000001,2026-08-18 00:00:00.000001,1826,,,,,1826,reachable,screen
USGS-08185100,2005-11-16 00:00:00.000001,2026-08-18 00:00:00.000001,1826,,,,,1826,reachable,screen
USGS-08185500,1924-07-01 00:00:00.000001,2026-08-17 00:00:00.000001,1826,,,,,1826,reachable,screen
USGS-08186000,1930-10-01 00:00:00.000001,2026-08-17 00:00:00.000001,1826,,,,,1826,reachable,screen
USGS-08186500,1962-04-01 00:00:00.000001,2026-08-17 00:00:00.000001,1826,,,,,1826,reachable,screen
USGS-08187500,1954-08-01 00:00:00.000001,2026-08-18 00:00:00.000001,1826,,,,,1826,reachable,screen
USGS-08188060,2011-05-13 00:00:00.000001,2026-08-17 00:00:00.000001,1826,,,,,1826,reachable,screen
USGS-08188500,1924-07-01 00:00:00.000001,2026-08-17 00:00:00.000001,1826,,,,,1826,reachable,screen
USGS-08188570,2005-11-24 00:00:00.000001,2026-08-18 00:00:00.000001,1826,,,,,1826,reachable,screen
USGS-08188590,2016-05-06 00:00:00.000001,2026-08-17 00:00:00.000001,5478,,,,,5478,reachable,screen
USGS-08188800,2000-08-04 00:00:00.000001,2026-08-18 00:00:00.000001,1815,,,,,1815,reachable,screen
USGS-08188810,2013-03-10 00:00:00.000001,2026-08-18 00:00:00.000001,1826,,,,,1826,reachable,screen
USGS-08189200,1970-06-17 00:00:00.000001,2026-08-18 00:00:00.000001,1826,,,,,1826,reachable,screen
USGS-08189300,1962-03-01 00:00:00.000001,2026-08-17 00:00:00.000001,1826,,,,,1826,reachable,screen
USGS-08189500,1939-07-01 00:00:00.000001,2026-08-17 00:00:00.000001,1826,,,,,1826,reachable,screen
USGS-08189700,1964-03-27 00:00:00.000001,2026-08-17 00:00:00.000001,1826,,,,,1826,reachable,screen
USGS-0818999010,2009-02-05 00:00:00.000001,2026-08-17 00:00:00.000001,1777,,,,,1777,reachable,screen
USGS-08189998,,,0,0.0,0.0,,,0,unreachable,individual fetch
USGS-08190000,1923-10-01 00:00:00.000001,2026-08-17 00:00:00.000001,1826,,,,,1826,reachable,screen
USGS-08190500,1939-09-28 00:00:00.000001,2026-08-18 00:00:00.000001,1826,,,,,1826,reachable,screen
USGS-08192000,1939-04-05 00:00:00.000001,2026-08-17 00:00:00.000001,1826,,,,,1826,reachable,screen
USGS-08193000,1939-10-01 00:00:00.000001,2026-08-18 00:00:00.000001,1826,,,,,1826,reachable,screen
USGS-08194000,1926-10-01 00:00:00.000001,2026-08-17 00:00:00.000001,1812,,,,,1812,reachable,screen
USGS-08194200,1962-01-01 00:00:00.000001,2026-08-17 00:00:00.000001,1396,,,,,1396,reachable,screen
USGS-08194500,1942-12-01 00:00:00.000001,2026-08-17 00:00:00.000001,1826,,,,,1826,reachable,screen
USGS-08195000,1924-09-30 00:00:00.000001,2026-08-17 00:00:00.000001,1826,,,,,1826,reachable,screen
USGS-08196000,1952-09-01 00:00:00.000001,2026-08-18 00:00:00.000001,1826,,,,,1826,reachable,screen
USGS-08197500,1953-10-01 00:00:00.000001,2026-08-18 00:00:00.000001,1826,,,,,1826,reachable,screen
USGS-08197936,,,0,0.0,0.0,,,0,unreachable,individual fetch
USGS-08198000,1942-10-01 00:00:00.000001,2026-08-17 00:00:00.000001,1826,,,,,1826,reachable,screen
USGS-08198500,1986-09-30 00:00:00.000001,2026-08-18 00:00:00.000001,1826,,,,,1826,reachable,screen
USGS-08200000,1952-08-20 00:00:00.000001,2026-08-18 00:00:00.000001,1826,,,,,1826,reachable,screen
USGS-08200720,2006-07-06 00:00:00.000001,2026-08-17 00:00:00.000001,1825,,,,,1825,reachable,screen
USGS-08200977,2006-10-14 00:00:00.000001,2026-08-18 00:00:00.000001,1826,,,,,1826,reachable,screen
USGS-08201500,1961-05-01 00:00:00.000001,2026-08-17 00:00:00.000001,1826,,,,,1826,reachable,screen
USGS-08202700,1960-11-01 00:00:00.000001,2026-08-17 00:00:00.000001,1826,,,,,1826,reachable,screen
USGS-08203450,,,0,0.0,0.0,,,0,unreachable,individual fetch
USGS-08204005,2003-03-01 00:00:00.000001,2026-08-17 00:00:00.000001,1826,,,,,1826,reachable,screen
USGS-08205500,1915-08-01 00:00:00.000001,2026-08-18 00:00:00.000001,1826,,,,,1826,reachable,screen
USGS-08206600,1978-07-14 00:00:00.000001,2026-08-17 00:00:00.000001,1826,,,,,1826,reachable,screen
USGS-08206700,1964-01-25 00:00:00.000001,2026-08-17 00:00:00.000001,1826,,,,,1826,reachable,screen
USGS-08206910,1991-11-19 00:00:00.000001,2026-08-17 00:00:00.000001,1826,,,,,1826,reachable,screen
USGS-08207500,1951-07-25 00:00:00.000001,2026-08-18 00:00:00.000001,1826,,,,,1826,reachable,screen
USGS-08208000,1932-05-22 00:00:00.000001,2026-08-17 00:00:00.000001,1826,,,,,1826,reachable,screen
USGS-08210000,1915-07-01 00:00:00.000001,2026-08-18 00:00:00.000001,1826,,,,,1826,reachable,screen
USGS-08210400,1972-04-01 00:00:00.000001,2026-08-17 00:00:00.000001,1826,,,,,1826,reachable,screen
USGS-08211000,1939-08-05 00:00:00.000001,2026-08-17 00:00:00.000001,1826,,,,,1826,reachable,screen
USGS-08211200,1966-01-26 00:00:00.000001,2026-08-17 00:00:00.000001,1826,,,,,1826,reachable,screen
USGS-08211500,1989-10-01 00:00:00.000001,2026-08-18 00:00:00.000001,1826,,,,,1826,reachable,screen
USGS-08211520,1972-09-09 00:00:00.000001,2026-08-17 00:00:00.000001,1826,,,,,1826,reachable,screen
USGS-08211800,1963-10-01 00:00:00.000001,2026-08-19 00:00:00.000001,0,0.0,9453.0,1963-10-01 00:00:00,2026-08-19 00:00:00,0,unreachable,individual fetch
USGS-08211900,1965-01-01 00:00:00.000001,2026-08-17 00:00:00.000001,1826,,,,,1826,reachable,screen
USGS-08212300,2015-12-16 00:00:00.000001,2026-08-18 00:00:00.000001,1826,,,,,1826,reachable,screen
USGS-08212400,1967-01-01 00:00:00.000001,2026-08-17 00:00:00.000001,1780,,,,,1780,reachable,screen
USGS-08212820,2018-06-07 00:00:00.000001,2026-08-18 00:00:00.000001,1669,,,,,1669,reachable,screen
USGS-08220000,1890-01-01 00:00:00.000001,2024-12-31 00:00:00.000001,1826,,,,,1826,reachable,screen
USGS-08251500,1899-07-01 00:00:00.000001,2024-12-31 00:00:00.000001,1826,,,,,1826,reachable,screen
USGS-08252500,1937-05-01 00:00:00.000001,2026-08-17 00:00:00.000001,916,,,,,916,reachable,screen
USGS-08253000,1937-05-01 00:00:00.000001,2026-08-17 00:00:00.000001,916,,,,,916,reachable,screen
USGS-08253500,1937-05-01 00:00:00.000001,2026-08-17 00:00:00.000001,916,,,,,916,reachable,screen
USGS-08254000,1937-04-09 00:00:00.000001,2026-08-17 00:00:00.000001,917,,,,,917,reachable,screen
USGS-08255500,1936-03-07 00:00:00.000001,2026-08-17 00:00:00.000001,1826,,,,,1826,reachable,screen
USGS-08261000,1965-10-01 00:00:00.000001,2026-08-17 00:00:00.000001,922,,,,,922,reachable,screen
USGS-08263500,1948-10-01 00:00:00.000001,2026-08-17 00:00:00.000001,1826,,,,,1826,reachable,screen
USGS-08265000,1924-10-01 00:00:00.000001,2026-08-17 00:00:00.000001,1826,,,,,1826,reachable,screen
USGS-08266820,1978-08-09 00:00:00.000001,2026-08-17 00:00:00.000001,1826,,,,,1826,reachable,screen
USGS-08267500,1934-10-01 00:00:00.000001,2026-08-17 00:00:00.000001,1825,,,,,1825,reachable,screen
USGS-08269000,1913-01-01 00:00:00.000001,2026-08-17 00:00:00.000001,1826,,,,,1826,reachable,screen
USGS-08271000,1913-01-01 00:00:00.000001,2026-08-17 00:00:00.000001,1826,,,,,1826,reachable,screen
USGS-08275500,1952-10-01 00:00:00.000001,2026-08-18 00:00:00.000001,1826,,,,,1826,reachable,screen
USGS-08276300,1957-04-01 00:00:00.000001,2026-08-14 00:00:00.000001,1826,,,,,1826,reachable,screen
USGS-08276500,1925-10-01 00:00:00.000001,2026-08-18 00:00:00.000001,1826,,,,,1826,reachable,screen
USGS-08277470,1991-12-01 00:00:00.000001,2026-08-18 00:00:00.000001,1826,,,,,1826,reachable,screen
USGS-08279000,1923-10-01 00:00:00.000001,2026-08-17 00:00:00.000001,1826,,,,,1826,reachable,screen
USGS-08279500,1889-01-01 00:00:00.000001,2026-08-18 00:00:00.000001,1826,,,,,1826,reachable,screen
USGS-08281400,2014-08-20 00:00:00.000001,2026-08-17 00:00:00.000001,943,,,,,943,reachable,screen
USGS-08282300,2014-06-12 00:00:00.000001,2026-08-17 00:00:00.000001,1031,,,,,1031,reachable,screen
USGS-08284100,1955-10-01 00:00:00.000001,2026-08-17 00:00:00.000001,1826,,,,,1826,reachable,screen
USGS-08285500,1935-10-30 00:00:00.000001,2026-08-17 00:00:00.000001,1826,,,,,1826,reachable,screen
USGS-08286500,1961-08-01 00:00:00.000001,2026-08-17 00:00:00.000001,1826,,,,,1826,reachable,screen
USGS-08287000,1961-11-01 00:00:00.000001,2026-08-17 00:00:00.000001,1826,,,,,1826,reachable,screen
USGS-08289000,1932-10-01 00:00:00.000001,2026-08-17 00:00:00.000001,1826,,,,,1826,reachable,screen
USGS-08290000,1912-10-01 00:00:00.000001,2026-08-17 00:00:00.000001,1022,,,,,1022,reachable,screen
USGS-08291000,1932-10-01 00:00:00.000001,2026-08-17 00:00:00.000001,1826,,,,,1826,reachable,screen
USGS-08294195,2001-10-01 00:00:00.000001,2022-07-25 00:00:00.000001,1667,,,,,1667,reachable,screen
USGS-08294210,1979-01-01 00:00:00.000001,2026-08-17 00:00:00.000001,1826,,,,,1826,reachable,screen
USGS-08302500,1936-04-01 00:00:00.000001,2026-08-17 00:00:00.000001,1826,,,,,1826,reachable,screen
USGS-08308050,2017-04-27 00:00:00.000001,2026-08-18 00:00:00.000001,1826,,,,,1826,reachable,screen
USGS-08313000,1895-02-01 00:00:00.000001,2026-08-17 00:00:00.000001,1826,,,,,1826,reachable,screen
USGS-08313350,1983-02-11 00:00:00.000001,2016-10-29 00:00:00.000001,0,0.0,5893.0,1983-02-11 00:00:00,2016-10-29 00:00:00,0,unreachable,individual fetch
USGS-08313500,1954-08-01 00:00:00.000001,2026-08-17 00:00:00.000001,1521,,,,,1521,reachable,screen
USGS-08314000,1954-08-01 00:00:00.000001,2026-08-17 00:00:00.000001,1544,,,,,1544,reachable,screen
USGS-08315480,1998-07-01 00:00:00.000001,2026-08-17 00:00:00.000001,1826,,,,,1826,reachable,screen
USGS-08316000,1913-02-01 00:00:00.000001,2026-08-17 00:00:00.000001,1826,,,,,1826,reachable,screen
USGS-08317200,1970-03-20 00:00:00.000001,2026-08-17 00:00:00.000001,751,,,,,751,reachable,screen
USGS-08317400,1970-10-01 00:00:00.000001,2026-08-17 00:00:00.000001,1826,,,,,1826,reachable,screen
USGS-08317950,1970-03-20 00:00:00.000001,2026-08-17 00:00:00.000001,1826,,,,,1826,reachable,screen
USGS-08319000,1927-01-01 00:00:00.000001,2025-02-26 00:00:00.000001,1262,,,,,1262,reachable,screen
USGS-08324000,1936-10-01 00:00:00.000001,2026-08-17 00:00:00.000001,1388,,,,,1388,reachable,screen
USGS-08328950,2009-09-30 00:00:00.000001,2026-08-17 00:00:00.000001,1826,,,,,1826,reachable,screen
USGS-08329000,1936-04-01 00:00:00.000001,2009-09-29 00:00:00.000001,0,0.0,24837.0,1936-04-01 00:00:00,2009-09-29 00:00:00,0,unreachable,individual fetch
USGS-08329700,1982-04-20 00:00:00.000001,2025-12-22 00:00:00.000001,513,,,,,513,reachable,screen
USGS-08329720,1998-10-01 00:00:00.000001,2025-12-21 00:00:00.000001,544,,,,,544,reachable,screen
USGS-08329835,1982-05-19 00:00:00.000001,2025-11-19 00:00:00.000001,1114,,,,,1114,reachable,screen
USGS-08329840,1978-06-21 00:00:00.000001,2025-12-22 00:00:00.000001,226,,,,,226,reachable,screen
USGS-08329870,,,0,0.0,0.0,,,0,unreachable,individual fetch
USGS-08329884,2012-03-06 00:00:00.000001,2025-03-26 00:00:00.000001,506,,,,,506,reachable,screen
USGS-08329900,1968-07-01 00:00:00.000001,2026-08-17 00:00:00.000001,1004,,,,,1004,reachable,screen
USGS-08329918,2003-07-04 00:00:00.000001,2026-08-17 00:00:00.000001,1826,,,,,1826,reachable,screen
USGS-08329928,1989-03-01 00:00:00.000001,2026-08-17 00:00:00.000001,1826,,,,,1826,reachable,screen
USGS-083299377,2014-08-07 00:00:00.000001,2025-12-22 00:00:00.000001,1546,,,,,1546,reachable,screen
USGS-08330000,1965-10-01 00:00:00.000001,2026-08-18 00:00:00.000001,1826,,,,,1826,reachable,screen
USGS-08330200,1993-10-01 00:00:00.000001,2025-11-19 00:00:00.000001,673,,,,,673,reachable,screen
USGS-08330492,2023-08-20 00:00:00.000001,2026-08-17 00:00:00.000001,0,0.0,1095.0,2023-08-20 00:00:00,2026-08-18 00:00:00,0,unreachable,individual fetch
USGS-08330600,1982-09-30 00:00:00.000001,2026-08-17 00:00:00.000001,1358,,,,,1358,reachable,screen
USGS-08330775,1988-06-08 00:00:00.000001,2026-08-17 00:00:00.000001,879,,,,,879,reachable,screen
USGS-08330830,,,0,0.0,0.0,,,0,unreachable,individual fetch
USGS-08330875,2002-10-01 00:00:00.000001,2026-08-17 00:00:00.000001,1826,,,,,1826,reachable,screen
USGS-08331160,2006-03-16 00:00:00.000001,2026-08-18 00:00:00.000001,1826,,,,,1826,reachable,screen
USGS-08331510,2005-10-01 00:00:00.000001,2026-08-04 00:00:00.000001,1733,,,,,1733,reachable,screen
USGS-08332010,1957-10-01 00:00:00.000001,2026-08-17 00:00:00.000001,1826,,,,,1826,reachable,screen
USGS-08343500,1936-10-01 00:00:00.000001,2026-08-17 00:00:00.000001,1826,,,,,1826,reachable,screen
USGS-08353000,1939-11-01 00:00:00.000001,2026-08-17 00:00:00.000001,1418,,,,,1418,reachable,screen
USGS-08354900,1958-10-01 00:00:00.000001,2026-08-17 00:00:00.000001,1826,,,,,1826,reachable,screen
USGS-08355050,2005-09-30 00:00:00.000001,2026-08-17 00:00:00.000001,1825,,,,,1825,reachable,screen
USGS-08355490,2005-09-30 00:00:00.000001,2026-08-17 00:00:00.000001,1003,,,,,1003,reachable,screen
USGS-08357050,2022-04-01 00:00:00.000001,2024-05-01 00:00:00.000001,275,,,,,275,reachable,screen
USGS-08358300,1951-12-01 00:00:00.000001,2026-08-17 00:00:00.000001,1567,,,,,1567,reachable,screen
USGS-08358400,1949-10-01 00:00:00.000001,2026-08-18 00:00:00.000001,1826,,,,,1826,reachable,screen
USGS-08359500,1951-04-01 00:00:00.000001,2026-08-17 00:00:00.000001,1825,,,,,1825,reachable,screen
USGS-08361000,1916-10-01 00:00:00.000001,2026-08-17 00:00:00.000001,1826,,,,,1826,reachable,screen
USGS-08374550,2007-08-03 00:00:00.000001,2026-08-18 00:00:00.000001,1826,,,,,1826,reachable,screen
USGS-08375300,2007-08-03 00:00:00.000001,2026-08-17 00:00:00.000001,1826,,,,,1826,reachable,screen
USGS-08377900,1963-10-01 00:00:00.000001,2026-08-17 00:00:00.000001,1826,,,,,1826,reachable,screen
USGS-08378500,1919-10-01 00:00:00.000001,2026-08-18 00:00:00.000001,1826,,,,,1826,reachable,screen
USGS-08379500,1910-10-01 00:00:00.000001,2026-08-17 00:00:00.000001,1826,,,,,1826,reachable,screen
USGS-08380500,1926-09-01 00:00:00.000001,2026-08-17 00:00:00.000001,1826,,,,,1826,reachable,screen
USGS-08382000,1951-07-01 00:00:00.000001,2026-08-17 00:00:00.000001,1237,,,,,1237,reachable,screen
USGS-08382500,1951-01-01 00:00:00.000001,2026-08-17 00:00:00.000001,1826,,,,,1826,reachable,screen
USGS-08382600,1976-01-01 00:00:00.000001,2026-08-17 00:00:00.000001,1826,,,,,1826,reachable,screen
USGS-08382650,1976-02-28 00:00:00.000001,2026-08-18 00:00:00.000001,1826,,,,,1826,reachable,screen
USGS-08382830,1980-01-17 00:00:00.000001,2026-08-17 00:00:00.000001,1826,,,,,1826,reachable,screen
USGS-08383500,1938-05-01 00:00:00.000001,2026-08-18 00:00:00.000001,1826,,,,,1826,reachable,screen
USGS-08384500,1912-10-01 00:00:00.000001,2026-08-17 00:00:00.000001,1826,,,,,1826,reachable,screen
USGS-08385000,1939-03-29 00:00:00.000001,2026-08-17 00:00:00.000001,1705,,,,,1705,reachable,screen
USGS-08385503,2004-02-01 00:00:00.000001,2026-08-17 00:00:00.000001,1825,,,,,1825,reachable,screen
USGS-08385522,1992-08-12 00:00:00.000001,2026-08-17 00:00:00.000001,1826,,,,,1826,reachable,screen
USGS-08385630,1993-08-20 00:00:00.000001,2026-08-17 00:00:00.000001,1621,,,,,1621,reachable,screen
USGS-08386000,1937-07-01 00:00:00.000001,2026-08-17 00:00:00.000001,1826,,,,,1826,reachable,screen
USGS-08386505,1998-10-30 00:00:00.000001,2026-08-17 00:00:00.000001,1826,,,,,1826,reachable,screen
USGS-08387000,1953-10-01 00:00:00.000001,2026-08-17 00:00:00.000001,1826,,,,,1826,reachable,screen
USGS-08387550,2007-09-07 00:00:00.000001,2026-08-17 00:00:00.000001,1506,,,,,1506,reachable,screen
USGS-08387575,2007-09-06 00:00:00.000001,2024-06-05 00:00:00.000001,1826,,,,,1826,reachable,screen
USGS-08387600,1969-08-27 00:00:00.000001,2026-08-17 00:00:00.000001,1737,,,,,1737,reachable,screen
USGS-08389055,2023-08-20 00:00:00.000001,2026-08-17 00:00:00.000001,0,0.0,1091.0,2023-08-20 00:00:00,2026-08-18 00:00:00,0,unreachable,individual fetch
USGS-08390500,1939-10-01 00:00:00.000001,2026-08-18 00:00:00.000001,1826,,,,,1826,reachable,screen
USGS-08390800,1963-10-01 00:00:00.000001,2026-08-17 00:00:00.000001,1826,,,,,1826,reachable,screen
USGS-08393300,1963-05-01 00:00:00.000001,2026-08-17 00:00:00.000001,0,0.0,7457.0,1963-05-01 00:00:00,2026-08-18 00:00:00,0,unreachable,individual fetch
USGS-08393610,1997-06-01 00:00:00.000001,2026-08-17 00:00:00.000001,1826,,,,,1826,reachable,screen
USGS-08394500,1939-10-01 00:00:00.000001,2024-10-18 00:00:00.000001,380,,,,,380,reachable,screen
USGS-08395500,1938-08-24 00:00:00.000001,2026-08-17 00:00:00.000001,1826,,,,,1826,reachable,screen
USGS-08396500,1905-10-01 00:00:00.000001,2026-08-17 00:00:00.000001,1826,,,,,1826,reachable,screen
USGS-08397600,1956-10-01 00:00:00.000001,2026-08-17 00:00:00.000001,833,,,,,833,reachable,screen
USGS-08397620,2000-02-19 00:00:00.000001,2026-08-17 00:00:00.000001,1470,,,,,1470,reachable,screen
USGS-08398500,1951-04-01 00:00:00.000001,2026-08-17 00:00:00.000001,1826,,,,,1826,reachable,screen
USGS-08399500,1950-05-16 00:00:00.000001,2026-08-17 00:00:00.000001,1826,,,,,1826,reachable,screen
USGS-08400000,1951-10-01 00:00:00.000001,2026-08-17 00:00:00.000001,1826,,,,,1826,reachable,screen
USGS-08401200,1963-10-01 00:00:00.000001,2026-08-17 00:00:00.000001,1826,,,,,1826,reachable,screen
USGS-08401500,1971-10-01 00:00:00.000001,2026-08-17 00:00:00.000001,1826,,,,,1826,reachable,screen
USGS-08401900,1963-10-01 00:00:00.000001,2026-08-17 00:00:00.000001,1826,,,,,1826,reachable,screen
USGS-08402000,1939-08-22 00:00:00.000001,2026-08-17 00:00:00.000001,1826,,,,,1826,reachable,screen
USGS-08403500,1939-07-01 00:00:00.000001,2026-08-17 00:00:00.000001,1826,,,,,1826,reachable,screen
USGS-08404000,1951-06-01 00:00:00.000001,2026-08-17 00:00:00.000001,1826,,,,,1826,reachable,screen
USGS-08405105,2002-02-03 00:00:00.000001,2026-08-17 00:00:00.000001,1106,,,,,1106,reachable,screen
USGS-08405150,1973-01-01 00:00:00.000001,2026-08-18 00:00:00.000001,1826,,,,,1826,reachable,screen
USGS-08405200,1970-01-01 00:00:00.000001,2026-08-17 00:00:00.000001,1826,,,,,1826,reachable,screen
USGS-08405350,2019-06-28 00:00:00.000001,2026-08-17 00:00:00.000001,953,,,,,953,reachable,screen
USGS-08405400,2019-06-28 00:00:00.000001,2026-08-17 00:00:00.000001,889,,,,,889,reachable,screen
USGS-08405450,2000-04-13 00:00:00.000001,2026-08-17 00:00:00.000001,1555,,,,,1555,reachable,screen
USGS-08405500,1947-01-01 00:00:00.000001,2026-08-17 00:00:00.000001,1826,,,,,1826,reachable,screen
USGS-08406000,2000-02-24 00:00:00.000001,2026-08-17 00:00:00.000001,1395,,,,,1395,reachable,screen
USGS-08406500,1914-10-01 00:00:00.000001,2026-08-17 00:00:00.000001,1826,,,,,1826,reachable,screen
USGS-08407000,1938-08-01 00:00:00.000001,2026-08-16 00:00:00.000001,1826,,,,,1826,reachable,screen
USGS-08407500,1937-10-01 00:00:00.000001,2026-08-17 00:00:00.000001,1826,,,,,1826,reachable,screen
USGS-08408500,1937-10-01 00:00:00.000001,2026-08-17 00:00:00.000001,1826,,,,,1826,reachable,screen
USGS-08412500,1937-06-01 00:00:00.000001,2026-08-17 00:00:00.000001,1826,,,,,1826,reachable,screen
USGS-08419000,,,0,0.0,0.0,,,0,unreachable,individual fetch
USGS-08433000,1924-12-01 00:00:00.000001,2026-08-18 00:00:00.000001,1826,,,,,1826,reachable,screen
USGS-08437710,2007-07-13 00:00:00.000001,2026-08-18 00:00:00.000001,1823,,,,,1823,reachable,screen
USGS-08446500,1939-09-01 00:00:00.000001,2026-08-16 00:00:00.000001,1826,,,,,1826,reachable,screen
USGS-08447000,1921-10-01 00:00:00.000001,2026-08-17 00:00:00.000001,1818,,,,,1818,reachable,screen
USGS-08447020,1974-01-17 00:00:00.000001,2026-08-17 00:00:00.000001,1826,,,,,1826,reachable,screen
USGS-08447300,2007-07-15 00:00:00.000001,2026-08-17 00:00:00.000001,1813,,,,,1813,reachable,screen
USGS-08449100,2011-11-17 00:00:00.000001,2026-08-17 00:00:00.000001,1806,,,,,1806,reachable,screen
USGS-08456310,2014-09-30 00:00:00.000001,2026-08-17 00:00:00.000001,1825,,,,,1825,reachable,screen
USGS-08458995,2014-08-28 00:00:00.000001,2026-08-17 00:00:00.000001,1826,,,,,1826,reachable,screen
USGS-08474095,2022-04-27 00:00:00.000001,2026-08-19 00:00:00.000001,249,,,,,249,reachable,screen
USGS-08474107,2022-04-01 00:00:00.000001,2026-08-19 00:00:00.000001,275,,,,,275,reachable,screen
USGS-08474108,2022-04-01 00:00:00.000001,2026-08-19 00:00:00.000001,275,,,,,275,reachable,screen
USGS-08474110,2022-01-26 00:00:00.000001,2026-08-19 00:00:00.000001,340,,,,,340,reachable,screen
USGS-08474300,2022-04-01 00:00:00.000001,2026-08-19 00:00:00.000001,275,,,,,275,reachable,screen
USGS-08477110,1978-03-01 00:00:00.000001,2026-08-17 00:00:00.000001,1523,,,,,1523,reachable,screen
USGS-08480595,1995-08-31 00:00:00.000001,2026-08-17 00:00:00.000001,1826,,,,,1826,reachable,screen
USGS-08481500,1948-01-01 00:00:00.000001,2026-08-17 00:00:00.000001,1826,,,,,1826,reachable,screen
USGS-09010500,1953-06-01 00:00:00.000001,2026-08-17 00:00:00.000001,1826,,,,,1826,reachable,screen
USGS-09014050,2010-04-09 00:00:00.000001,2026-08-18 00:00:00.000001,1211,,,,,1211,reachable,screen
USGS-09015000,1947-10-01 00:00:00.000001,2026-08-17 00:00:00.000001,1826,,,,,1826,reachable,screen
USGS-09019000,2018-12-18 00:00:00.000001,2026-08-17 00:00:00.000001,1475,,,,,1475,reachable,screen
USGS-09019500,1908-01-01 00:00:00.000001,2026-08-18 00:00:00.000001,889,,,,,889,reachable,screen
USGS-09019850,,,0,0.0,0.0,,,0,unreachable,individual fetch
USGS-09021000,1953-10-01 00:00:00.000001,2026-08-17 00:00:00.000001,1747,,,,,1747,reachable,screen
USGS-09022000,1968-10-01 00:00:00.000001,2026-08-17 00:00:00.000001,1826,,,,,1826,reachable,screen
USGS-09024000,1910-10-01 00:00:00.000001,2026-08-18 00:00:00.000001,1826,,,,,1826,reachable,screen
USGS-09025000,1934-08-01 00:00:00.000001,2026-08-18 00:00:00.000001,1826,,,,,1826,reachable,screen
USGS-09025300,1996-10-01 00:00:00.000001,2026-08-18 00:00:00.000001,1826,,,,,1826,reachable,screen
USGS-09026500,1934-08-01 00:00:00.000001,2026-08-18 00:00:00.000001,1826,,,,,1826,reachable,screen
USGS-09027100,2011-05-01 00:00:00.000001,2026-08-17 00:00:00.000001,1826,,,,,1826,reachable,screen
USGS-09029995,,,0,0.0,0.0,,,0,unreachable,individual fetch
USGS-09031600,2021-05-21 00:00:00.000001,2026-08-17 00:00:00.000001,590,,,,,590,reachable,screen
USGS-09031700,2021-05-21 00:00:00.000001,2026-08-17 00:00:00.000001,590,,,,,590,reachable,screen
USGS-09032000,1934-10-01 00:00:00.000001,2026-08-18 00:00:00.000001,1826,,,,,1826,reachable,screen
USGS-09032050,2018-07-20 00:00:00.000001,2026-08-17 00:00:00.000001,840,,,,,840,reachable,screen
USGS-09032100,1983-10-01 00:00:00.000001,2026-08-17 00:00:00.000001,1826,,,,,1826,reachable,screen
USGS-09032200,2018-07-13 00:00:00.000001,2026-08-17 00:00:00.000001,847,,,,,847,reachable,screen
USGS-09032300,2018-07-04 00:00:00.000001,2026-08-17 00:00:00.000001,856,,,,,856,reachable,screen
USGS-09032400,2019-06-14 00:00:00.000001,2026-08-17 00:00:00.000001,691,,,,,691,reachable,screen
USGS-09032990,2018-06-01 00:00:00.000001,2026-08-18 00:00:00.000001,889,,,,,889,reachable,screen
USGS-09033010,2018-06-29 00:00:00.000001,2026-08-18 00:00:00.000001,861,,,,,861,reachable,screen
USGS-09033100,1997-04-17 00:00:00.000001,2026-08-17 00:00:00.000001,765,,,,,765,reachable,screen
USGS-09033300,1998-10-01 00:00:00.000001,2026-08-17 00:00:00.000001,920,,,,,920,reachable,screen
USGS-09034250,1981-10-01 00:00:00.000001,2026-08-18 00:00:00.000001,1826,,,,,1826,reachable,screen
USGS-09034900,1965-10-01 00:00:00.000001,2026-08-17 00:00:00.000001,1826,,,,,1826,reachable,screen
USGS-09035500,1933-07-01 00:00:00.000001,2026-08-17 00:00:00.000001,1826,,,,,1826,reachable,screen
USGS-09035700,1965-10-01 00:00:00.000001,2026-08-18 00:00:00.000001,1826,,,,,1826,reachable,screen
USGS-09035900,1965-10-01 00:00:00.000001,2026-08-18 00:00:00.000001,1825,,,,,1825,reachable,screen
USGS-09036000,1933-10-01 00:00:00.000001,2026-08-17 00:00:00.000001,1826,,,,,1826,reachable,screen
USGS-09037500,1904-10-01 00:00:00.000001,2026-08-17 00:00:00.000001,1826,,,,,1826,reachable,screen
USGS-09038500,1948-10-01 00:00:00.000001,2026-08-18 00:00:00.000001,1826,,,,,1826,reachable,screen
USGS-09040500,1904-10-01 00:00:00.000001,2026-08-17 00:00:00.000001,584,,,,,584,reachable,screen
USGS-09041090,1990-04-01 00:00:00.000001,2026-08-13 00:00:00.000001,1070,,,,,1070,reachable,screen
USGS-09041400,1995-07-29 00:00:00.000001,2026-08-17 00:00:00.000001,1826,,,,,1826,reachable,screen
USGS-09041900,1957-10-01 00:00:00.000001,2025-10-31 00:00:00.000001,1082,,,,,1082,reachable,screen
USGS-09044300,1957-10-01 00:00:00.000001,2026-06-16 00:00:00.000001,915,,,,,915,reachable,screen
USGS-09044800,1957-10-01 00:00:00.000001,2025-09-30 00:00:00.000001,915,,,,,915,reachable,screen
USGS-09046490,1983-10-01 00:00:00.000001,2026-08-18 00:00:00.000001,1826,,,,,1826,reachable,screen
USGS-09046600,1957-10-01 00:00:00.000001,2026-08-17 00:00:00.000001,1826,,,,,1826,reachable,screen
USGS-09047500,1942-10-01 00:00:00.000001,2026-08-17 00:00:00.000001,1039,,,,,1039,reachable,screen
USGS-09047700,1957-10-01 00:00:00.000001,2026-08-17 00:00:00.000001,1826,,,,,1826,reachable,screen
USGS-09050100,1957-10-01 00:00:00.000001,2026-08-17 00:00:00.000001,1826,,,,,1826,reachable,screen
USGS-09050700,1960-01-01 00:00:00.000001,2026-08-17 00:00:00.000001,1826,,,,,1826,reachable,screen
USGS-09051050,1986-10-01 00:00:00.000001,2026-08-17 00:00:00.000001,1826,,,,,1826,reachable,screen
USGS-09053500,1943-10-01 00:00:00.000001,1987-09-29 00:00:00.000001,0,0.0,10955.0,1943-10-01 00:00:00,1987-09-29 00:00:00,0,unreachable,individual fetch
USGS-09056500,2009-04-01 00:00:00.000001,2026-08-17 00:00:00.000001,915,,,,,915,reachable,screen
USGS-09057500,1937-10-01 00:00:00.000001,2026-08-17 00:00:00.000001,1826,,,,,1826,reachable,screen
USGS-09058000,1904-08-01 00:00:00.000001,2026-08-17 00:00:00.000001,1826,,,,,1826,reachable,screen
USGS-09058500,1947-10-01 00:00:00.000001,2026-08-17 00:00:00.000001,765,,,,,765,reachable,screen
USGS-09059500,1944-06-01 00:00:00.000001,2026-08-17 00:00:00.000001,1826,,,,,1826,reachable,screen
USGS-09060770,1983-10-01 00:00:00.000001,2026-08-18 00:00:00.000001,0,0.0,5764.0,1983-10-01 00:00:00,2026-08-18 00:00:00,0,unreachable,individual fetch
USGS-09060799,2016-10-21 00:00:00.000001,2026-08-17 00:00:00.000001,1230,,,,,1230,reachable,screen
USGS-09061600,2002-06-28 00:00:00.000001,2026-08-17 00:00:00.000001,1826,,,,,1826,reachable,screen
USGS-09062600,,,0,0.0,0.0,,,0,unreachable,individual fetch
USGS-09063000,1910-10-01 00:00:00.000001,2026-08-18 00:00:00.000001,1826,,,,,1826,reachable,screen
USGS-09063440,,,0,0.0,0.0,,,0,unreachable,individual fetch
USGS-09063900,1972-07-19 00:00:00.000001,2026-08-18 00:00:00.000001,1826,,,,,1826,reachable,screen
USGS-09064000,1947-10-01 00:00:00.000001,2026-08-18 00:00:00.000001,1826,,,,,1826,reachable,screen
USGS-09064600,1989-10-01 00:00:00.000001,2026-08-17 00:00:00.000001,1826,,,,,1826,reachable,screen
USGS-09065100,1956-10-01 00:00:00.000001,2026-08-17 00:00:00.000001,1826,,,,,1826,reachable,screen
USGS-09065500,1947-10-01 00:00:00.000001,2026-08-18 00:00:00.000001,1826,,,,,1826,reachable,screen
USGS-09066000,1947-10-01 00:00:00.000001,2026-08-18 00:00:00.000001,1826,,,,,1826,reachable,screen
USGS-09066200,1964-10-01 00:00:00.000001,2026-08-17 00:00:00.000001,1826,,,,,1826,reachable,screen
USGS-09066300,1964-10-01 00:00:00.000001,2026-08-17 00:00:00.000001,1826,,,,,1826,reachable,screen
USGS-09066310,1988-08-18 00:00:00.000001,1999-09-29 00:00:00.000001,0,0.0,4060.0,1988-08-18 00:00:00,1999-09-29 00:00:00,0,unreachable,individual fetch
USGS-09066325,1999-10-01 00:00:00.000001,2026-08-18 00:00:00.000001,1826,,,,,1826,reachable,screen
USGS-09066510,1995-10-01 00:00:00.000001,2026-08-17 00:00:00.000001,1826,,,,,1826,reachable,screen
USGS-09067000,1974-05-01 00:00:00.000001,2026-08-17 00:00:00.000001,1462,,,,,1462,reachable,screen
USGS-09067005,1988-10-01 00:00:00.000001,1999-09-29 00:00:00.000001,0,0.0,4016.0,1988-10-01 00:00:00,1999-09-29 00:00:00,0,unreachable,individual fetch
USGS-09067020,1999-10-01 00:00:00.000001,2026-08-18 00:00:00.000001,1826,,,,,1826,reachable,screen
USGS-09067200,1993-10-01 00:00:00.000001,2026-08-18 00:00:00.000001,1826,,,,,1826,reachable,screen
USGS-09070000,1946-10-01 00:00:00.000001,2026-08-17 00:00:00.000001,1826,,,,,1826,reachable,screen
USGS-09070500,1940-12-01 00:00:00.000001,2026-08-18 00:00:00.000001,1826,,,,,1826,reachable,screen
USGS-09071295,2022-09-10 00:00:00.000001,2026-08-18 00:00:00.000001,113,,,,,113,reachable,screen
USGS-09072550,1980-10-01 00:00:00.000001,2026-08-17 00:00:00.000001,564,,,,,564,reachable,screen
USGS-09073005,1980-10-01 00:00:00.000001,2026-08-17 00:00:00.000001,1826,,,,,1826,reachable,screen
USGS-09073300,1979-10-01 00:00:00.000001,2026-08-18 00:00:00.000001,1826,,,,,1826,reachable,screen
USGS-09073400,1964-10-01 00:00:00.000001,2026-08-18 00:00:00.000001,1826,,,,,1826,reachable,screen
USGS-09073721,2009-04-09 00:00:00.000001,2026-08-03 00:00:00.000001,915,,,,,915,reachable,screen
USGS-09073791,2009-04-09 00:00:00.000001,2026-08-03 00:00:00.000001,915,,,,,915,reachable,screen
USGS-09073891,2009-04-08 00:00:00.000001,2026-08-03 00:00:00.000001,915,,,,,915,reachable,screen
USGS-09074500,2009-09-16 00:00:00.000001,2026-08-17 00:00:00.000001,915,,,,,915,reachable,screen
USGS-09076000,1911-01-01 00:00:00.000001,2026-08-19 00:00:00.000001,1826,,,,,1826,reachable,screen
USGS-09076300,2018-07-01 00:00:00.000001,2026-08-17 00:00:00.000001,1645,,,,,1645,reachable,screen
USGS-09078141,2009-04-10 00:00:00.000001,2026-07-28 00:00:00.000001,915,,,,,915,reachable,screen
USGS-09078475,2009-04-10 00:00:00.000001,2026-08-17 00:00:00.000001,915,,,,,915,reachable,screen
USGS-09079450,2009-04-10 00:00:00.000001,2026-08-17 00:00:00.000001,915,,,,,915,reachable,screen
USGS-09080400,1964-10-01 00:00:00.000001,2026-08-17 00:00:00.000001,1826,,,,,1826,reachable,screen
USGS-09081000,1998-03-12 00:00:00.000001,2026-08-18 00:00:00.000001,1826,,,,,1826,reachable,screen
USGS-09081600,1955-10-01 00:00:00.000001,2026-08-18 00:00:00.000001,1826,,,,,1826,reachable,screen
USGS-09085000,1906-04-01 00:00:00.000001,2026-08-18 00:00:00.000001,1826,,,,,1826,reachable,screen
USGS-09085100,1966-10-01 00:00:00.000001,2026-08-17 00:00:00.000001,1826,,,,,1826,reachable,screen
USGS-09085500,1954-10-01 00:00:00.000001,2026-08-17 00:00:00.000001,260,,,,,260,reachable,screen
USGS-09087500,1922-04-01 00:00:00.000001,2026-08-18 00:00:00.000001,290,,,,,290,reachable,screen
USGS-09090785,2022-07-26 00:00:00.000001,2026-08-17 00:00:00.000001,159,,,,,159,reachable,screen
USGS-09092570,2022-06-04 00:00:00.000001,2024-10-31 00:00:00.000001,150,,,,,150,reachable,screen
USGS-09093500,1921-04-01 00:00:00.000001,2026-08-17 00:00:00.000001,619,,,,,619,reachable,screen
USGS-09095500,1933-10-01 00:00:00.000001,2026-08-17 00:00:00.000001,1826,,,,,1826,reachable,screen
USGS-09105000,1936-04-26 00:00:00.000001,2026-08-18 00:00:00.000001,1826,,,,,1826,reachable,screen
USGS-09106150,1990-10-01 00:00:00.000001,2026-08-17 00:00:00.000001,1826,,,,,1826,reachable,screen
USGS-09106485,2024-10-22 00:00:00.000001,2026-08-17 00:00:00.000001,0,0.0,666.0,2024-10-22 00:00:00,2026-08-18 00:00:00,0,unreachable,individual fetch
USGS-09106800,,,0,0.0,0.0,,,0,unreachable,individual fetch
USGS-09107000,1929-06-01 00:00:00.000001,2026-08-17 00:00:00.000001,1826,,,,,1826,reachable,screen
USGS-09107500,1929-06-01 00:00:00.000001,2026-08-17 00:00:00.000001,372,,,,,372,reachable,screen
USGS-09108250,2021-05-25 00:00:00.000001,2026-08-17 00:00:00.000001,374,,,,,374,reachable,screen
USGS-09109000,1938-10-01 00:00:00.000001,2026-08-17 00:00:00.000001,1826,,,,,1826,reachable,screen
USGS-09110000,1910-07-27 00:00:00.000001,2026-08-17 00:00:00.000001,1826,,,,,1826,reachable,screen
USGS-09110970,,,0,0.0,0.0,,,0,unreachable,individual fetch
USGS-09110990,2017-10-17 00:00:00.000001,2026-08-17 00:00:00.000001,1054,,,,,1054,reachable,screen
USGS-09111250,2014-10-01 00:00:00.000001,2026-08-17 00:00:00.000001,1145,,,,,1145,reachable,screen
USGS-09112200,1963-10-01 00:00:00.000001,2026-08-17 00:00:00.000001,1826,,,,,1826,reachable,screen
USGS-09112500,1910-10-01 00:00:00.000001,2026-08-17 00:00:00.000001,1826,,,,,1826,reachable,screen
USGS-09113500,1940-04-01 00:00:00.000001,2026-08-17 00:00:00.000001,887,,,,,887,reachable,screen
USGS-09113980,1998-12-04 00:00:00.000001,2026-08-17 00:00:00.000001,1826,,,,,1826,reachable,screen
USGS-09114500,1910-10-01 00:00:00.000001,2026-08-17 00:00:00.000001,1826,,,,,1826,reachable,screen
USGS-09114520,2017-05-01 00:00:00.000001,2026-08-18 00:00:00.000001,765,,,,,765,reachable,screen
USGS-09115500,1916-10-01 00:00:00.000001,2026-08-17 00:00:00.000001,1826,,,,,1826,reachable,screen
USGS-09118450,1981-10-01 00:00:00.000001,2026-08-18 00:00:00.000001,1826,,,,,1826,reachable,screen
USGS-09119000,1937-10-01 00:00:00.000001,2026-08-18 00:00:00.000001,1826,,,,,1826,reachable,screen
USGS-09123450,2012-11-08 00:00:00.000001,2026-08-17 00:00:00.000001,1826,,,,,1826,reachable,screen
USGS-09124010,2019-05-17 00:00:00.000001,2026-08-18 00:00:00.000001,962,,,,,962,reachable,screen
USGS-09124500,1937-10-01 00:00:00.000001,2026-08-17 00:00:00.000001,1826,,,,,1826,reachable,screen
USGS-09126000,1954-10-01 00:00:00.000001,2026-08-17 00:00:00.000001,1826,,,,,1826,reachable,screen
USGS-09127000,1942-10-01 00:00:00.000001,2026-08-17 00:00:00.000001,1826,,,,,1826,reachable,screen
USGS-09127450,,,0,0.0,0.0,,,0,unreachable,individual fetch
USGS-09128000,1910-10-01 00:00:00.000001,2026-08-17 00:00:00.000001,1826,,,,,1826,reachable,screen
USGS-09129600,1976-06-01 00:00:00.000001,2026-07-31 00:00:00.000001,610,,,,,610,reachable,screen
USGS-09132050,1977-07-01 00:00:00.000001,1981-09-29 00:00:00.000001,0,0.0,1552.0,1977-07-01 00:00:00,1981-09-29 00:00:00,0,unreachable,individual fetch
USGS-09132095,2015-03-01 00:00:00.000001,2026-08-18 00:00:00.000001,1375,,,,,1375,reachable,screen
USGS-09132500,1933-10-01 00:00:00.000001,2026-08-17 00:00:00.000001,1826,,,,,1826,reachable,screen
USGS-09132960,2001-10-01 00:00:00.000001,2026-08-17 00:00:00.000001,250,,,,,250,reachable,screen
USGS-09134100,2000-03-07 00:00:00.000001,2026-08-18 00:00:00.000001,615,,,,,615,reachable,screen
USGS-09135920,2022-06-15 00:00:00.000001,2026-08-18 00:00:00.000001,200,,,,,200,reachable,screen
USGS-09136100,2009-04-16 00:00:00.000001,2026-08-18 00:00:00.000001,1826,,,,,1826,reachable,screen
USGS-09143000,1939-07-01 00:00:00.000001,2026-08-18 00:00:00.000001,1070,,,,,1070,reachable,screen
USGS-09143500,1917-10-01 00:00:00.000001,2026-08-17 00:00:00.000001,1826,,,,,1826,reachable,screen
USGS-09144250,1976-06-01 00:00:00.000001,2026-08-17 00:00:00.000001,1826,,,,,1826,reachable,screen
USGS-09146020,2001-04-04 00:00:00.000001,2026-08-17 00:00:00.000001,1826,,,,,1826,reachable,screen
USGS-09146200,1958-10-01 00:00:00.000001,2026-08-17 00:00:00.000001,1826,,,,,1826,reachable,screen
USGS-09147000,1922-03-01 00:00:00.000001,2026-08-17 00:00:00.000001,1826,,,,,1826,reachable,screen
USGS-09147025,1988-10-01 00:00:00.000001,2026-08-17 00:00:00.000001,1826,,,,,1826,reachable,screen
USGS-09147500,1912-10-01 00:00:00.000001,2026-08-17 00:00:00.000001,1826,,,,,1826,reachable,screen
USGS-09149500,1938-10-01 00:00:00.000001,2026-08-17 00:00:00.000001,1826,,,,,1826,reachable,screen
USGS-09151500,1976-05-01 00:00:00.000001,2026-08-17 00:00:00.000001,631,,,,,631,reachable,screen
USGS-09152500,1896-10-01 00:00:00.000001,2026-08-18 00:00:00.000001,1826,,,,,1826,reachable,screen
USGS-09153270,1973-03-01 00:00:00.000001,2024-11-20 00:00:00.000001,554,,,,,554,reachable,screen
USGS-09163492,2021-05-14 00:00:00.000001,2026-08-17 00:00:00.000001,597,,,,,597,reachable,screen
USGS-09163500,1951-05-01 00:00:00.000001,2026-08-18 00:00:00.000001,1826,,,,,1826,reachable,screen
USGS-09165000,1951-10-01 00:00:00.000001,2026-08-18 00:00:00.000001,1826,,,,,1826,reachable,screen
USGS-09166500,1895-10-01 00:00:00.000001,2026-08-18 00:00:00.000001,1826,,,,,1826,reachable,screen
USGS-09166950,1984-04-01 00:00:00.000001,2026-08-18 00:00:00.000001,1826,,,,,1826,reachable,screen
USGS-09168730,1997-05-01 00:00:00.000001,2026-08-17 00:00:00.000001,1070,,,,,1070,reachable,screen
USGS-09169500,1917-10-01 00:00:00.000001,2026-08-17 00:00:00.000001,1826,,,,,1826,reachable,screen
USGS-09171100,1971-08-01 00:00:00.000001,2026-08-17 00:00:00.000001,1826,,,,,1826,reachable,screen
USGS-09171240,2011-11-01 00:00:00.000001,2026-08-17 00:00:00.000001,1826,,,,,1826,reachable,screen
USGS-09171310,2011-11-01 00:00:00.000001,2026-08-17 00:00:00.000001,1826,,,,,1826,reachable,screen
USGS-09172500,1910-10-01 00:00:00.000001,2026-08-17 00:00:00.000001,1826,,,,,1826,reachable,screen
USGS-09174600,1995-03-31 00:00:00.000001,2026-08-18 00:00:00.000001,1826,,,,,1826,reachable,screen
USGS-09177000,1954-08-01 00:00:00.000001,2026-08-17 00:00:00.000001,1826,,,,,1826,reachable,screen
USGS-09179450,2014-11-18 00:00:00.000001,2026-08-17 00:00:00.000001,1826,,,,,1826,reachable,screen
USGS-09180000,1950-12-01 00:00:00.000001,2026-08-18 00:00:00.000001,1826,,,,,1826,reachable,screen
USGS-09180500,1913-10-01 00:00:00.000001,2026-08-17 00:00:00.000001,1826,,,,,1826,reachable,screen
USGS-09182400,1992-04-03 00:00:00.000001,2026-08-17 00:00:00.000001,0,0.0,9632.0,1992-04-03 00:00:00,2026-08-18 00:00:00,0,unreachable,individual fetch
USGS-09183500,1954-10-01 00:00:00.000001,2026-08-17 00:00:00.000001,1826,,,,,1826,reachable,screen
USGS-09183600,2003-10-01 00:00:00.000001,2026-08-17 00:00:00.000001,1826,,,,,1826,reachable,screen
USGS-09184600,2022-06-17 00:00:00.000001,2026-08-18 00:00:00.000001,198,,,,,198,reachable,screen
USGS-09185100,2018-05-03 00:00:00.000001,2026-08-17 00:00:00.000001,1704,,,,,1704,reachable,screen
USGS-09185600,2014-10-29 00:00:00.000001,2026-08-17 00:00:00.000001,1826,,,,,1826,reachable,screen
USGS-09188500,1931-10-01 00:00:00.000001,2026-08-17 00:00:00.000001,1826,,,,,1826,reachable,screen
USGS-09192750,2023-11-02 00:00:00.000001,2026-08-17 00:00:00.000001,0,0.0,1021.0,2023-11-02 00:00:00,2026-08-18 00:00:00,0,unreachable,individual fetch
USGS-09195000,2023-11-02 00:00:00.000001,2026-08-18 00:00:00.000001,0,0.0,1021.0,2023-11-02 00:00:00,2026-08-18 00:00:00,0,unreachable,individual fetch
USGS-09196500,1954-10-01 00:00:00.000001,2026-08-17 00:00:00.000001,1826,,,,,1826,reachable,screen
USGS-09201500,1938-10-01 00:00:00.000001,2026-08-18 00:00:00.000001,0,0.0,1833.0,1938-10-01 00:00:00,2026-08-18 00:00:00,0,unreachable,individual fetch
USGS-09202000,1938-11-01 00:00:00.000001,1973-10-04 00:00:00.000001,0,0.0,12575.0,1938-11-01 00:00:00,1973-10-04 00:00:00,0,unreachable,individual fetch
USGS-09205000,1954-09-01 00:00:00.000001,2026-08-17 00:00:00.000001,1826,,,,,1826,reachable,screen
USGS-09209400,1963-10-01 00:00:00.000001,2026-08-17 00:00:00.000001,1826,,,,,1826,reachable,screen
USGS-09210500,1951-10-01 00:00:00.000001,2026-08-18 00:00:00.000001,1826,,,,,1826,reachable,screen
USGS-09211200,1963-12-01 00:00:00.000001,2026-08-17 00:00:00.000001,1826,,,,,1826,reachable,screen
USGS-09213500,1914-11-01 00:00:00.000001,2026-08-17 00:00:00.000001,958,,,,,958,reachable,screen
USGS-09215000,1954-10-01 00:00:00.000001,2024-12-03 00:00:00.000001,1826,,,,,1826,reachable,screen
USGS-09217000,1951-10-01 00:00:00.000001,2026-08-17 00:00:00.000001,1826,,,,,1826,reachable,screen
USGS-09217900,1966-08-01 00:00:00.000001,2026-08-17 00:00:00.000001,1826,,,,,1826,reachable,screen
USGS-09218500,1939-10-01 00:00:00.000001,2026-08-17 00:00:00.000001,996,,,,,996,reachable,screen
USGS-09219200,2018-04-05 00:00:00.000001,2026-08-17 00:00:00.000001,1732,,,,,1732,reachable,screen
USGS-09220000,1939-07-01 00:00:00.000001,2026-08-17 00:00:00.000001,1826,,,,,1826,reachable,screen
USGS-09222400,1975-07-01 00:00:00.000001,2026-08-17 00:00:00.000001,1621,,,,,1621,reachable,screen
USGS-09223000,1952-10-01 00:00:00.000001,2026-08-17 00:00:00.000001,1826,,,,,1826,reachable,screen
USGS-09224700,1962-06-01 00:00:00.000001,2026-08-18 00:00:00.000001,1826,,,,,1826,reachable,screen
USGS-09229500,1928-10-01 00:00:00.000001,2026-08-17 00:00:00.000001,1826,,,,,1826,reachable,screen
USGS-09234500,1950-10-01 00:00:00.000001,2026-08-17 00:00:00.000001,1826,,,,,1826,reachable,screen
USGS-09237450,1988-10-01 00:00:00.000001,2026-08-17 00:00:00.000001,1826,,,,,1826,reachable,screen
USGS-09237500,1939-10-01 00:00:00.000001,2026-08-17 00:00:00.000001,1826,,,,,1826,reachable,screen
USGS-09238900,1966-10-01 00:00:00.000001,2026-08-17 00:00:00.000001,1826,,,,,1826,reachable,screen
USGS-09239500,1904-10-01 00:00:00.000001,2026-08-17 00:00:00.000001,1826,,,,,1826,reachable,screen
USGS-09240020,2008-06-25 00:00:00.000001,2026-08-17 00:00:00.000001,615,,,,,615,reachable,screen
USGS-09242500,1904-10-01 00:00:00.000001,2026-08-17 00:00:00.000001,1826,,,,,1826,reachable,screen
USGS-09244490,2004-03-16 00:00:00.000001,2026-08-17 00:00:00.000001,1826,,,,,1826,reachable,screen
USGS-09246200,1995-08-10 00:00:00.000001,2026-08-17 00:00:00.000001,1826,,,,,1826,reachable,screen
USGS-09246500,1910-01-01 00:00:00.000001,2026-08-17 00:00:00.000001,1826,,,,,1826,reachable,screen
USGS-09247600,1984-10-01 00:00:00.000001,2026-08-17 00:00:00.000001,1826,,,,,1826,reachable,screen
USGS-09251000,1916-05-01 00:00:00.000001,2026-08-17 00:00:00.000001,1826,,,,,1826,reachable,screen
USGS-09253000,1942-10-01 00:00:00.000001,2026-08-18 00:00:00.000001,1826,,,,,1826,reachable,screen
USGS-09255000,1931-10-01 00:00:00.000001,2026-08-18 00:00:00.000001,1826,,,,,1826,reachable,screen
USGS-09255200,2023-10-26 00:00:00.000001,2026-08-18 00:00:00.000001,0,0.0,1028.0,2023-10-26 00:00:00,2026-08-18 00:00:00,0,unreachable,individual fetch
USGS-09257000,1910-10-01 00:00:00.000001,2026-08-17 00:00:00.000001,1554,,,,,1554,reachable,screen
USGS-09258050,2010-07-23 00:00:00.000001,2026-08-17 00:00:00.000001,1826,,,,,1826,reachable,screen
USGS-09258980,2004-04-17 00:00:00.000001,2026-08-17 00:00:00.000001,1826,,,,,1826,reachable,screen
USGS-09259049,2024-03-13 00:00:00.000001,2025-10-28 00:00:00.000001,0,0.0,432.0,2024-03-13 00:00:00,2025-10-28 00:00:00,0,unreachable,individual fetch
USGS-09259050,2023-10-27 00:00:00.000001,2026-08-18 00:00:00.000001,0,0.0,1027.0,2023-10-27 00:00:00,2026-08-18 00:00:00,0,unreachable,individual fetch
USGS-09259700,1961-10-01 00:00:00.000001,2026-08-17 00:00:00.000001,0,0.0,3574.0,1961-10-01 00:00:00,2026-08-18 00:00:00,0,unreachable,individual fetch
USGS-09260000,1921-10-01 00:00:00.000001,2026-08-18 00:00:00.000001,1826,,,,,1826,reachable,screen
USGS-09260050,1982-10-01 00:00:00.000001,2026-08-18 00:00:00.000001,1826,,,,,1826,reachable,screen
USGS-09261000,1946-10-01 00:00:00.000001,2026-08-17 00:00:00.000001,1826,,,,,1826,reachable,screen
USGS-09261700,1979-10-01 00:00:00.000001,2026-08-17 00:00:00.000001,1826,,,,,1826,reachable,screen
USGS-09266500,1914-10-01 00:00:00.000001,2026-08-17 00:00:00.000001,1826,,,,,1826,reachable,screen
USGS-09267500,1954-08-01 00:00:00.000001,2003-09-29 00:00:00.000001,0,0.0,13848.0,1954-08-01 00:00:00,2003-09-29 00:00:00,0,unreachable,individual fetch
USGS-09271000,1939-06-23 00:00:00.000001,2026-08-18 00:00:00.000001,0,0.0,10282.0,1939-06-23 00:00:00,2026-08-18 00:00:00,0,unreachable,individual fetch
USGS-09271550,1991-07-09 00:00:00.000001,2026-08-18 00:00:00.000001,0,0.0,4871.0,1991-07-09 00:00:00,2026-08-18 00:00:00,0,unreachable,individual fetch
USGS-09272400,2009-05-27 00:00:00.000001,2026-08-17 00:00:00.000001,1826,,,,,1826,reachable,screen
USGS-09277500,1918-10-01 00:00:00.000001,2026-08-17 00:00:00.000001,1826,,,,,1826,reachable,screen
USGS-09279000,1937-10-01 00:00:00.000001,2026-08-18 00:00:00.000001,1826,,,,,1826,reachable,screen
USGS-09285900,1989-10-01 00:00:00.000001,2026-08-17 00:00:00.000001,1826,,,,,1826,reachable,screen
USGS-09288000,1935-01-01 00:00:00.000001,2026-08-17 00:00:00.000001,1826,,,,,1826,reachable,screen
USGS-09288180,1968-05-01 00:00:00.000001,2026-08-17 00:00:00.000001,1826,,,,,1826,reachable,screen
USGS-09289500,1933-05-01 00:00:00.000001,2026-08-17 00:00:00.000001,1826,,,,,1826,reachable,screen
USGS-09291000,1942-04-01 00:00:00.000001,2026-08-17 00:00:00.000001,1826,,,,,1826,reachable,screen
USGS-09292000,1996-08-06 00:00:00.000001,2026-08-18 00:00:00.000001,1826,,,,,1826,reachable,screen
USGS-09292500,1944-10-01 00:00:00.000001,2026-08-17 00:00:00.000001,1826,,,,,1826,reachable,screen
USGS-09294500,1910-03-01 00:00:00.000001,2026-08-17 00:00:00.000001,0,0.0,12092.0,1910-03-01 00:00:00,2026-08-18 00:00:00,0,unreachable,individual fetch
USGS-09295000,1910-03-12 00:00:00.000001,2026-08-17 00:00:00.000001,1826,,,,,1826,reachable,screen
USGS-09295100,1998-03-26 00:00:00.000001,2026-08-17 00:00:00.000001,1826,,,,,1826,reachable,screen
USGS-09296800,1990-10-01 00:00:00.000001,2026-08-17 00:00:00.000001,1826,,,,,1826,reachable,screen
USGS-09299500,1909-10-01 00:00:00.000001,2026-08-17 00:00:00.000001,1826,,,,,1826,reachable,screen
USGS-09301500,1976-09-18 00:00:00.000001,2026-08-17 00:00:00.000001,1826,,,,,1826,reachable,screen
USGS-09302000,1942-10-01 00:00:00.000001,2026-08-18 00:00:00.000001,1826,,,,,1826,reachable,screen
USGS-09303000,1910-05-01 00:00:00.000001,2001-09-29 00:00:00.000001,0,0.0,20605.0,1910-05-01 00:00:00,2001-09-29 00:00:00,0,unreachable,individual fetch
USGS-09303400,1976-05-25 00:00:00.000001,1995-09-29 00:00:00.000001,0,0.0,7067.0,1976-05-25 00:00:00,1995-09-29 00:00:00,0,unreachable,individual fetch
USGS-09303500,1903-10-01 00:00:00.000001,1992-09-29 00:00:00.000001,0,0.0,14060.0,1903-10-01 00:00:00,1992-09-29 00:00:00,0,unreachable,individual fetch
USGS-09304000,1919-07-01 00:00:00.000001,1997-09-29 00:00:00.000001,0,0.0,17351.0,1919-07-01 00:00:00,1997-09-29 00:00:00,0,unreachable,individual fetch
USGS-09304115,2003-01-09 00:00:00.000001,2009-12-31 00:00:00.000001,0,0.0,2549.0,2003-01-09 00:00:00,2009-12-31 00:00:00,0,unreachable,individual fetch
USGS-09304200,1961-10-01 00:00:00.000001,2026-08-17 00:00:00.000001,1826,,,,,1826,reachable,screen
USGS-09304500,1901-10-01 00:00:00.000001,2026-08-17 00:00:00.000001,1826,,,,,1826,reachable,screen
USGS-09304800,1961-10-01 00:00:00.000001,2026-08-18 00:00:00.000001,1826,,,,,1826,reachable,screen
USGS-09306200,1964-10-01 00:00:00.000001,2026-08-18 00:00:00.000001,1826,,,,,1826,reachable,screen
USGS-09306222,1964-10-01 00:00:00.000001,2026-08-17 00:00:00.000001,1826,,,,,1826,reachable,screen
USGS-09306242,1974-03-14 00:00:00.000001,2026-08-18 00:00:00.000001,1826,,,,,1826,reachable,screen
USGS-09306255,1972-10-01 00:00:00.000001,2026-08-17 00:00:00.000001,1826,,,,,1826,reachable,screen
USGS-09306290,1982-08-01 00:00:00.000001,2026-08-18 00:00:00.000001,1826,,,,,1826,reachable,screen
USGS-09306500,1923-04-01 00:00:00.000001,2026-08-17 00:00:00.000001,1826,,,,,1826,reachable,screen
USGS-09309600,1967-10-01 00:00:00.000001,2026-08-17 00:00:00.000001,989,,,,,989,reachable,screen
USGS-09310500,1931-06-01 00:00:00.000001,2026-08-17 00:00:00.000001,1826,,,,,1826,reachable,screen
USGS-09310700,1978-08-22 00:00:00.000001,2026-08-17 00:00:00.000001,1826,,,,,1826,reachable,screen
USGS-09311500,1917-11-17 00:00:00.000001,2026-08-18 00:00:00.000001,0,0.0,14834.0,1917-11-17 00:00:00,2026-08-18 00:00:00,0,unreachable,individual fetch
USGS-09312600,1967-05-19 00:00:00.000001,2026-08-18 00:00:00.000001,1826,,,,,1826,reachable,screen
USGS-09313520,2024-06-14 00:00:00.000001,2026-08-18 00:00:00.000001,0,0.0,796.0,2024-06-14 00:00:00,2026-08-18 00:00:00,0,unreachable,individual fetch
USGS-09314500,1945-12-01 00:00:00.000001,2026-08-17 00:00:00.000001,1826,,,,,1826,reachable,screen
USGS-09315000,1894-10-01 00:00:00.000001,2026-08-17 00:00:00.000001,1826,,,,,1826,reachable,screen
USGS-09319000,1960-10-01 00:00:00.000001,2026-08-17 00:00:00.000001,960,,,,,960,reachable,screen
USGS-09326500,1911-10-01 00:00:00.000001,2026-08-17 00:00:00.000001,1826,,,,,1826,reachable,screen
USGS-09328500,1909-10-01 00:00:00.000001,2026-08-17 00:00:00.000001,1826,,,,,1826,reachable,screen
USGS-09328910,2015-07-17 00:00:00.000001,2026-08-17 00:00:00.000001,1826,,,,,1826,reachable,screen
USGS-09328920,2014-03-04 00:00:00.000001,2026-08-18 00:00:00.000001,1826,,,,,1826,reachable,screen
USGS-09328960,2023-06-30 00:00:00.000001,2026-08-17 00:00:00.000001,0,0.0,1146.0,2023-06-30 00:00:00,2026-08-18 00:00:00,0,unreachable,individual fetch
USGS-09329050,1964-10-01 00:00:00.000001,2026-08-18 00:00:00.000001,1826,,,,,1826,reachable,screen
USGS-09330000,1909-05-13 00:00:00.000001,2026-08-18 00:00:00.000001,1826,,,,,1826,reachable,screen
USGS-09330500,1910-10-01 00:00:00.000001,2026-08-17 00:00:00.000001,1826,,,,,1826,reachable,screen
USGS-09332100,1973-08-05 00:00:00.000001,2026-08-17 00:00:00.000001,0,0.0,6265.0,1973-08-05 00:00:00,2026-08-18 00:00:00,0,unreachable,individual fetch
USGS-09333500,1948-06-07 00:00:00.000001,2026-08-17 00:00:00.000001,1826,,,,,1826,reachable,screen
USGS-09337000,1950-08-01 00:00:00.000001,2026-08-17 00:00:00.000001,1826,,,,,1826,reachable,screen
USGS-09337500,1911-01-01 00:00:00.000001,2026-08-15 00:00:00.000001,1826,,,,,1826,reachable,screen
USGS-09342500,1935-10-01 00:00:00.000001,2026-08-17 00:00:00.000001,1826,,,,,1826,reachable,screen
USGS-09346400,1961-11-01 00:00:00.000001,2026-08-17 00:00:00.000001,1826,,,,,1826,reachable,screen
USGS-09349800,1962-09-01 00:00:00.000001,2026-08-17 00:00:00.000001,1826,,,,,1826,reachable,screen
USGS-09352800,2018-04-20 00:00:00.000001,2026-08-17 00:00:00.000001,1717,,,,,1717,reachable,screen
USGS-09352900,1962-10-01 00:00:00.000001,2026-08-18 00:00:00.000001,1826,,,,,1826,reachable,screen
USGS-09353800,1999-10-01 00:00:00.000001,2026-08-18 00:00:00.000001,1826,,,,,1826,reachable,screen
USGS-09354500,1951-01-01 00:00:00.000001,2026-08-18 00:00:00.000001,1826,,,,,1826,reachable,screen
USGS-09355500,1954-12-01 00:00:00.000001,2026-08-17 00:00:00.000001,1826,,,,,1826,reachable,screen
USGS-09357000,2019-12-12 00:00:00.000001,2026-08-18 00:00:00.000001,791,,,,,791,reachable,screen
USGS-09357700,2019-12-20 00:00:00.000001,2026-08-18 00:00:00.000001,417,,,,,417,reachable,screen
USGS-09358000,1991-10-01 00:00:00.000001,2026-08-17 00:00:00.000001,1826,,,,,1826,reachable,screen
USGS-09358550,1991-10-01 00:00:00.000001,2026-08-17 00:00:00.000001,1826,,,,,1826,reachable,screen
USGS-09359010,1991-10-01 00:00:00.000001,2026-08-18 00:00:00.000001,1826,,,,,1826,reachable,screen
USGS-09359020,1991-10-01 00:00:00.000001,2026-08-18 00:00:00.000001,1826,,,,,1826,reachable,screen
USGS-09359080,2011-11-01 00:00:00.000001,2026-08-17 00:00:00.000001,1826,,,,,1826,reachable,screen
USGS-09359082,2011-11-01 00:00:00.000001,2026-08-17 00:00:00.000001,1826,,,,,1826,reachable,screen
USGS-09359500,1945-10-01 00:00:00.000001,2026-08-17 00:00:00.000001,1826,,,,,1826,reachable,screen
USGS-09361000,1920-10-01 00:00:00.000001,2026-08-18 00:00:00.000001,825,,,,,825,reachable,screen
USGS-09361500,1897-10-01 00:00:00.000001,2026-08-18 00:00:00.000001,1826,,,,,1826,reachable,screen
USGS-09362520,2008-03-25 00:00:00.000001,2026-08-18 00:00:00.000001,1826,,,,,1826,reachable,screen
USGS-09363500,1933-11-01 00:00:00.000001,2026-08-17 00:00:00.000001,1826,,,,,1826,reachable,screen
USGS-09364010,2002-12-17 00:00:00.000001,2026-08-17 00:00:00.000001,1826,,,,,1826,reachable,screen
USGS-09364200,2019-12-13 00:00:00.000001,2026-08-17 00:00:00.000001,1115,,,,,1115,reachable,screen
USGS-09364500,1913-10-01 00:00:00.000001,2026-08-18 00:00:00.000001,1826,,,,,1826,reachable,screen
USGS-09365000,1930-10-01 00:00:00.000001,2026-08-17 00:00:00.000001,962,,,,,962,reachable,screen
USGS-09367000,2002-12-17 00:00:00.000001,2026-08-18 00:00:00.000001,1826,,,,,1826,reachable,screen
USGS-09367500,1938-03-01 00:00:00.000001,2026-08-18 00:00:00.000001,990,,,,,990,reachable,screen
USGS-09367540,2017-03-31 00:00:00.000001,2025-12-07 00:00:00.000001,1826,,,,,1826,reachable,screen
USGS-09367580,2014-06-27 00:00:00.000001,2025-12-08 00:00:00.000001,809,,,,,809,reachable,screen
USGS-09367958,2023-08-20 00:00:00.000001,2025-11-07 00:00:00.000001,0,0.0,811.0,2023-08-20 00:00:00,2025-11-07 00:00:00,0,unreachable,individual fetch
USGS-09368000,1934-10-01 00:00:00.000001,2026-08-17 00:00:00.000001,1826,,,,,1826,reachable,screen
USGS-09371000,1921-04-01 00:00:00.000001,2026-08-18 00:00:00.000001,1826,,,,,1826,reachable,screen
USGS-093710009,2023-08-20 00:00:00.000001,2026-02-04 00:00:00.000001,0,0.0,897.0,2023-08-20 00:00:00,2026-02-04 00:00:00,0,unreachable,individual fetch
USGS-09371010,1977-10-01 00:00:00.000001,2026-08-17 00:00:00.000001,1706,,,,,1706,reachable,screen
USGS-09371492,1981-10-01 00:00:00.000001,2026-08-18 00:00:00.000001,1826,,,,,1826,reachable,screen
USGS-09371520,1993-08-01 00:00:00.000001,2026-08-18 00:00:00.000001,1826,,,,,1826,reachable,screen
USGS-09372000,1951-03-01 00:00:00.000001,2026-08-17 00:00:00.000001,1826,,,,,1826,reachable,screen
USGS-09378170,1985-10-01 00:00:00.000001,2026-08-17 00:00:00.000001,1826,,,,,1826,reachable,screen
USGS-09378630,1965-10-01 00:00:00.000001,2026-08-17 00:00:00.000001,1826,,,,,1826,reachable,screen
USGS-09379025,1999-11-05 00:00:00.000001,2026-08-13 00:00:00.000001,317,,,,,317,reachable,screen
USGS-09379200,1964-10-01 00:00:00.000001,2026-08-18 00:00:00.000001,1824,,,,,1824,reachable,screen
USGS-09379250,2021-08-13 00:00:00.000001,2024-10-15 00:00:00.000001,506,,,,,506,reachable,screen
USGS-09379500,1914-10-30 00:00:00.000001,2026-08-17 00:00:00.000001,1826,,,,,1826,reachable,screen
USGS-09380000,1921-10-01 00:00:00.000001,2026-08-17 00:00:00.000001,1826,,,,,1826,reachable,screen
USGS-09381800,2002-08-07 00:00:00.000001,2026-08-17 00:00:00.000001,1826,,,,,1826,reachable,screen
USGS-09382000,1923-10-01 00:00:00.000001,2026-08-17 00:00:00.000001,1826,,,,,1826,reachable,screen
USGS-09383100,1985-09-28 00:00:00.000001,2002-01-16 00:00:00.000001,0,0.0,4445.0,1985-09-28 00:00:00,2002-01-16 00:00:00,0,unreachable,individual fetch
USGS-09383400,1960-08-01 00:00:00.000001,2026-08-17 00:00:00.000001,1826,,,,,1826,reachable,screen
USGS-09384000,1940-04-01 00:00:00.000001,2026-08-17 00:00:00.000001,1826,,,,,1826,reachable,screen
USGS-09385700,1985-03-01 00:00:00.000001,2026-08-17 00:00:00.000001,1826,,,,,1826,reachable,screen
USGS-09386030,1975-10-01 00:00:00.000001,2026-08-17 00:00:00.000001,1826,,,,,1826,reachable,screen
USGS-09386300,1998-09-11 00:00:00.000001,2026-08-18 00:00:00.000001,1826,,,,,1826,reachable,screen
USGS-09386900,1969-10-01 00:00:00.000001,2026-08-17 00:00:00.000001,1826,,,,,1826,reachable,screen
USGS-09386950,1969-10-01 00:00:00.000001,2026-08-18 00:00:00.000001,1826,,,,,1826,reachable,screen
USGS-09390500,1953-05-01 00:00:00.000001,2026-08-17 00:00:00.000001,1826,,,,,1826,reachable,screen
USGS-09394500,1905-03-16 00:00:00.000001,2026-08-17 00:00:00.000001,1826,,,,,1826,reachable,screen
USGS-09396100,1973-02-07 00:00:00.000001,2023-03-23 00:00:00.000001,774,,,,,774,reachable,screen
USGS-09397000,1905-03-17 00:00:00.000001,2026-08-15 00:00:00.000001,980,,,,,980,reachable,screen
USGS-09397300,1970-03-01 00:00:00.000001,2026-07-23 00:00:00.000001,830,,,,,830,reachable,screen
USGS-09397500,1947-05-01 00:00:00.000001,2026-08-17 00:00:00.000001,1826,,,,,1826,reachable,screen
USGS-09398000,1906-01-01 00:00:00.000001,2026-08-17 00:00:00.000001,762,,,,,762,reachable,screen
USGS-09399400,1969-10-01 00:00:00.000001,2026-08-18 00:00:00.000001,1825,,,,,1825,reachable,screen
USGS-09400350,2001-12-13 00:00:00.000001,2026-08-17 00:00:00.000001,1764,,,,,1764,reachable,screen
USGS-09400815,2014-08-22 00:00:00.000001,2026-08-17 00:00:00.000001,1825,,,,,1825,reachable,screen
USGS-09401260,1976-07-01 00:00:00.000001,2026-08-17 00:00:00.000001,1824,,,,,1824,reachable,screen
USGS-09402000,1947-06-01 00:00:00.000001,2026-08-17 00:00:00.000001,1826,,,,,1826,reachable,screen
USGS-09402300,1990-05-04 00:00:00.000001,2026-08-17 00:00:00.000001,1826,,,,,1826,reachable,screen
USGS-09402500,1922-10-01 00:00:00.000001,2026-08-18 00:00:00.000001,1826,,,,,1826,reachable,screen
USGS-09403013,1995-06-22 00:00:00.000001,2026-08-17 00:00:00.000001,1520,,,,,1520,reachable,screen
USGS-09403043,1994-10-02 00:00:00.000001,2026-04-02 00:00:00.000001,1515,,,,,1515,reachable,screen
USGS-09403600,1979-01-01 00:00:00.000001,2026-08-17 00:00:00.000001,1826,,,,,1826,reachable,screen
USGS-09403850,1990-11-02 00:00:00.000001,2026-08-18 00:00:00.000001,1720,,,,,1720,reachable,screen
USGS-09404104,2008-12-11 00:00:00.000001,2026-08-17 00:00:00.000001,1826,,,,,1826,reachable,screen
USGS-09404115,1995-10-01 00:00:00.000001,2026-08-17 00:00:00.000001,1823,,,,,1823,reachable,screen
USGS-09404120,1983-07-31 00:00:00.000001,1996-04-25 00:00:00.000001,0,0.0,1584.0,1983-07-31 00:00:00,1996-04-25 00:00:00,0,unreachable,individual fetch
USGS-09404200,1983-08-23 00:00:00.000001,2026-08-17 00:00:00.000001,1826,,,,,1826,reachable,screen
USGS-09404208,1993-05-12 00:00:00.000001,2026-08-17 00:00:00.000001,1826,,,,,1826,reachable,screen
USGS-09404222,1998-03-26 00:00:00.000001,2026-08-18 00:00:00.000001,1825,,,,,1825,reachable,screen
USGS-09404450,1966-10-01 00:00:00.000001,2026-08-17 00:00:00.000001,1826,,,,,1826,reachable,screen
USGS-09404900,1991-10-01 00:00:00.000001,2026-08-17 00:00:00.000001,1826,,,,,1826,reachable,screen
USGS-09405500,1923-06-06 00:00:00.000001,2026-08-17 00:00:00.000001,1826,,,,,1826,reachable,screen
USGS-09406000,1909-05-01 00:00:00.000001,2026-08-18 00:00:00.000001,1826,,,,,1826,reachable,screen
USGS-09406100,2005-10-01 00:00:00.000001,2026-08-17 00:00:00.000001,1826,,,,,1826,reachable,screen
USGS-09408000,1964-10-01 00:00:00.000001,2026-08-18 00:00:00.000001,1826,,,,,1826,reachable,screen
USGS-09408135,1989-02-15 00:00:00.000001,2026-08-17 00:00:00.000001,1826,,,,,1826,reachable,screen
USGS-09408150,1967-03-01 00:00:00.000001,2026-08-17 00:00:00.000001,1826,,,,,1826,reachable,screen
USGS-09408195,1984-10-01 00:00:00.000001,2026-08-17 00:00:00.000001,1826,,,,,1826,reachable,screen
USGS-09408400,1959-08-01 00:00:00.000001,2026-08-17 00:00:00.000001,1826,,,,,1826,reachable,screen
USGS-09409100,1989-10-01 00:00:00.000001,2026-08-17 00:00:00.000001,1826,,,,,1826,reachable,screen
USGS-09410100,1971-11-24 00:00:00.000001,2026-08-17 00:00:00.000001,1826,,,,,1826,reachable,screen
USGS-09413000,1950-10-01 00:00:00.000001,2026-08-17 00:00:00.000001,1826,,,,,1826,reachable,screen
USGS-09413200,1977-09-16 00:00:00.000001,2026-08-17 00:00:00.000001,1826,,,,,1826,reachable,screen
USGS-09413500,1950-10-01 00:00:00.000001,2026-08-17 00:00:00.000001,1826,,,,,1826,reachable,screen
USGS-09413700,1998-06-23 00:00:00.000001,2026-08-17 00:00:00.000001,1826,,,,,1826,reachable,screen
USGS-09413900,1991-10-01 00:00:00.000001,2024-10-22 00:00:00.000001,1826,,,,,1826,reachable,screen
USGS-09415000,1929-10-01 00:00:00.000001,2026-08-17 00:00:00.000001,1826,,,,,1826,reachable,screen
USGS-09415060,1951-04-01 00:00:00.000001,2026-08-17 00:00:00.000001,1826,,,,,1826,reachable,screen
USGS-09415510,1982-12-01 00:00:00.000001,2026-08-17 00:00:00.000001,1826,,,,,1826,reachable,screen
USGS-09415558,2006-08-01 00:00:00.000001,2026-08-17 00:00:00.000001,1826,,,,,1826,reachable,screen
USGS-09415645,2011-07-08 00:00:00.000001,2025-11-20 00:00:00.000001,1826,,,,,1826,reachable,screen
USGS-09415900,1985-08-22 00:00:00.000001,2026-08-17 00:00:00.000001,1826,,,,,1826,reachable,screen
USGS-09415908,2002-05-10 00:00:00.000001,2026-08-17 00:00:00.000001,1826,,,,,1826,reachable,screen
USGS-09415910,1986-10-01 00:00:00.000001,2026-08-18 00:00:00.000001,1826,,,,,1826,reachable,screen
USGS-09415915,2020-08-15 00:00:00.000001,2026-08-18 00:00:00.000001,869,,,,,869,reachable,screen
USGS-09415920,1985-08-22 00:00:00.000001,2026-08-17 00:00:00.000001,1826,,,,,1826,reachable,screen
USGS-09415927,2001-10-01 00:00:00.000001,2026-08-17 00:00:00.000001,1826,,,,,1826,reachable,screen
USGS-09416000,1913-07-01 00:00:00.000001,2026-08-17 00:00:00.000001,1826,,,,,1826,reachable,screen
USGS-09417500,1962-08-23 00:00:00.000001,2026-08-17 00:00:00.000001,1826,,,,,1826,reachable,screen
USGS-09418500,1951-02-01 00:00:00.000001,2026-08-18 00:00:00.000001,1826,,,,,1826,reachable,screen
USGS-09418700,1987-02-06 00:00:00.000001,2026-04-19 00:00:00.000001,991,,,,,991,reachable,screen
USGS-09419000,1950-02-01 00:00:00.000001,2026-08-17 00:00:00.000001,1826,,,,,1826,reachable,screen
USGS-09419530,2019-04-19 00:00:00.000001,2026-08-17 00:00:00.000001,1353,,,,,1353,reachable,screen
USGS-09419625,1985-07-01 00:00:00.000001,2026-08-17 00:00:00.000001,1825,,,,,1825,reachable,screen
USGS-09419659,1988-01-26 00:00:00.000001,2020-06-30 00:00:00.000001,912,,,,,912,reachable,screen
USGS-09419665,1988-09-30 00:00:00.000001,2026-08-16 00:00:00.000001,1826,,,,,1826,reachable,screen
USGS-094196781,1988-10-01 00:00:00.000001,2026-08-17 00:00:00.000001,1826,,,,,1826,reachable,screen
USGS-094196783,1996-10-28 00:00:00.000001,2026-08-16 00:00:00.000001,1826,,,,,1826,reachable,screen
USGS-094196784,1999-06-16 00:00:00.000001,2026-08-18 00:00:00.000001,1823,,,,,1823,reachable,screen
USGS-09419679,1979-05-01 00:00:00.000001,2026-08-17 00:00:00.000001,1826,,,,,1826,reachable,screen
USGS-09419696,2001-01-26 00:00:00.000001,2026-08-18 00:00:00.000001,1826,,,,,1826,reachable,screen
USGS-09419698,2016-09-17 00:00:00.000001,2026-08-17 00:00:00.000001,1826,,,,,1826,reachable,screen
USGS-09419700,1957-02-11 00:00:00.000001,2026-08-18 00:00:00.000001,1826,,,,,1826,reachable,screen
USGS-09419740,1990-10-01 00:00:00.000001,2026-08-18 00:00:00.000001,1826,,,,,1826,reachable,screen
USGS-09419745,2006-01-12 00:00:00.000001,2026-08-17 00:00:00.000001,1826,,,,,1826,reachable,screen
USGS-09419747,2016-09-08 00:00:00.000001,2026-08-17 00:00:00.000001,1826,,,,,1826,reachable,screen
USGS-09419749,2016-09-10 00:00:00.000001,2026-08-17 00:00:00.000001,1826,,,,,1826,reachable,screen
USGS-09419753,1988-05-23 00:00:00.000001,2026-08-17 00:00:00.000001,1826,,,,,1826,reachable,screen
USGS-09419756,1991-10-01 00:00:00.000001,2026-08-17 00:00:00.000001,1826,,,,,1826,reachable,screen
USGS-09419800,1969-08-01 00:00:00.000001,2026-08-17 00:00:00.000001,1826,,,,,1826,reachable,screen
USGS-09423000,1905-05-11 00:00:00.000001,2022-10-02 00:00:00.000001,1736,,,,,1736,reachable,screen
USGS-09423350,1963-10-01 00:00:00.000001,2026-08-17 00:00:00.000001,1826,,,,,1826,reachable,screen
USGS-09423560,2018-10-11 00:00:00.000001,2026-08-17 00:00:00.000001,1543,,,,,1543,reachable,screen
USGS-09424380,2019-04-18 00:00:00.000001,2026-08-18 00:00:00.000001,1354,,,,,1354,reachable,screen
USGS-09424447,1980-07-25 00:00:00.000001,2026-08-18 00:00:00.000001,1826,,,,,1826,reachable,screen
USGS-09424450,1966-03-29 00:00:00.000001,2026-08-18 00:00:00.000001,1826,,,,,1826,reachable,screen
USGS-09424580,2016-08-23 00:00:00.000001,2025-06-24 00:00:00.000001,1826,,,,,1826,reachable,screen
USGS-09424600,2016-08-23 00:00:00.000001,2026-08-18 00:00:00.000001,1826,,,,,1826,reachable,screen
USGS-09424900,1966-04-18 00:00:00.000001,2026-08-17 00:00:00.000001,1826,,,,,1826,reachable,screen
USGS-09426000,1939-12-01 00:00:00.000001,2026-08-18 00:00:00.000001,1826,,,,,1826,reachable,screen
USGS-09426620,1988-10-01 00:00:00.000001,2026-08-18 00:00:00.000001,1826,,,,,1826,reachable,screen
USGS-09428500,1954-10-02 00:00:00.000001,2026-08-19 00:00:00.000001,1826,,,,,1826,reachable,screen
USGS-09428505,1966-05-01 00:00:00.000001,2026-08-18 00:00:00.000001,1826,,,,,1826,reachable,screen
USGS-09428510,1969-10-01 00:00:00.000001,2026-08-19 00:00:00.000001,1826,,,,,1826,reachable,screen
USGS-09429000,1950-10-01 00:00:00.000001,2026-08-18 00:00:00.000001,1826,,,,,1826,reachable,screen
USGS-09429030,1979-10-01 00:00:00.000001,2026-08-17 00:00:00.000001,1826,,,,,1826,reachable,screen
USGS-09429070,2009-09-30 00:00:00.000001,2026-08-18 00:00:00.000001,1824,,,,,1824,reachable,screen
USGS-09429100,1956-03-24 00:00:00.000001,2026-08-17 00:00:00.000001,1826,,,,,1826,reachable,screen
USGS-09429155,1968-01-01 00:00:00.000001,2026-08-18 00:00:00.000001,1826,,,,,1826,reachable,screen
USGS-09429180,1968-01-01 00:00:00.000001,2026-08-05 00:00:00.000001,1826,,,,,1826,reachable,screen
USGS-09429200,1967-12-01 00:00:00.000001,2026-08-17 00:00:00.000001,1826,,,,,1826,reachable,screen
USGS-09429500,2018-11-29 00:00:00.000001,2026-08-17 00:00:00.000001,1494,,,,,1494,reachable,screen
USGS-09429600,1971-12-16 00:00:00.000001,2026-08-17 00:00:00.000001,1826,,,,,1826,reachable,screen
USGS-09430010,2016-10-19 00:00:00.000001,2026-08-17 00:00:00.000001,1373,,,,,1373,reachable,screen
USGS-09430020,2016-10-20 00:00:00.000001,2026-08-17 00:00:00.000001,1406,,,,,1406,reachable,screen
USGS-09430030,2017-03-01 00:00:00.000001,2026-08-17 00:00:00.000001,1411,,,,,1411,reachable,screen
USGS-09430500,1927-12-01 00:00:00.000001,2026-08-17 00:00:00.000001,1490,,,,,1490,reachable,screen
USGS-09430600,1967-02-21 00:00:00.000001,2026-08-17 00:00:00.000001,1826,,,,,1826,reachable,screen
USGS-09431500,1930-10-01 00:00:00.000001,2026-08-17 00:00:00.000001,1097,,,,,1097,reachable,screen
USGS-09432000,1927-07-01 00:00:00.000001,2026-08-17 00:00:00.000001,1826,,,,,1826,reachable,screen
USGS-09439000,2003-09-30 00:00:00.000001,2026-08-12 00:00:00.000001,1826,,,,,1826,reachable,screen
USGS-09442000,1910-11-01 00:00:00.000001,2026-08-18 00:00:00.000001,1826,,,,,1826,reachable,screen
USGS-09442681,2018-06-14 00:00:00.000001,2026-08-17 00:00:00.000001,1662,,,,,1662,reachable,screen
USGS-09444000,1927-10-01 00:00:00.000001,2026-08-17 00:00:00.000001,1826,,,,,1826,reachable,screen
USGS-09444200,1967-11-07 00:00:00.000001,2025-09-30 00:00:00.000001,1826,,,,,1826,reachable,screen
USGS-09444500,1910-10-23 00:00:00.000001,2026-08-17 00:00:00.000001,1826,,,,,1826,reachable,screen
USGS-09446320,2018-06-07 00:00:00.000001,2026-08-17 00:00:00.000001,1669,,,,,1669,reachable,screen
USGS-09446500,1944-08-26 00:00:00.000001,2026-08-18 00:00:00.000001,1577,,,,,1577,reachable,screen
USGS-09447000,1944-04-01 00:00:00.000001,2026-08-17 00:00:00.000001,1826,,,,,1826,reachable,screen
USGS-09447800,1981-08-01 00:00:00.000001,2026-08-17 00:00:00.000001,1826,,,,,1826,reachable,screen
USGS-09448500,1920-10-01 00:00:00.000001,2026-08-17 00:00:00.000001,1826,,,,,1826,reachable,screen
USGS-09457000,1931-06-01 00:00:00.000001,2025-09-30 00:00:00.000001,458,,,,,458,reachable,screen
USGS-09466500,1929-10-01 00:00:00.000001,2026-08-17 00:00:00.000001,1826,,,,,1826,reachable,screen
USGS-09468500,1914-04-01 00:00:00.000001,2026-08-18 00:00:00.000001,1826,,,,,1826,reachable,screen
USGS-09469500,1899-07-11 00:00:00.000001,2026-08-18 00:00:00.000001,1826,,,,,1826,reachable,screen
USGS-09470500,1930-05-31 00:00:00.000001,2026-08-17 00:00:00.000001,1825,,,,,1825,reachable,screen
USGS-09470700,2001-02-09 00:00:00.000001,2026-08-17 00:00:00.000001,1826,,,,,1826,reachable,screen
USGS-09470750,2000-05-01 00:00:00.000001,2026-08-18 00:00:00.000001,1826,,,,,1826,reachable,screen
USGS-09470800,1959-10-01 00:00:00.000001,2026-08-17 00:00:00.000001,1826,,,,,1826,reachable,screen
USGS-09471000,1904-03-29 00:00:00.000001,2026-08-17 00:00:00.000001,1826,,,,,1826,reachable,screen
USGS-09471310,2000-05-12 00:00:00.000001,2026-08-17 00:00:00.000001,1826,,,,,1826,reachable,screen
USGS-09471380,2000-07-09 00:00:00.000001,2026-08-17 00:00:00.000001,1826,,,,,1826,reachable,screen
USGS-09471400,2000-03-18 00:00:00.000001,2026-08-17 00:00:00.000001,1826,,,,,1826,reachable,screen
USGS-09471550,1967-04-18 00:00:00.000001,2026-08-18 00:00:00.000001,1826,,,,,1826,reachable,screen
USGS-09472050,2015-09-30 00:00:00.000001,2026-08-18 00:00:00.000001,1826,,,,,1826,reachable,screen
USGS-09473000,1931-05-01 00:00:00.000001,2026-08-18 00:00:00.000001,1826,,,,,1826,reachable,screen
USGS-09474000,1911-01-26 00:00:00.000001,2026-08-17 00:00:00.000001,1826,,,,,1826,reachable,screen
USGS-09475500,1984-09-05 00:00:00.000001,2026-08-17 00:00:00.000001,1826,,,,,1826,reachable,screen
USGS-09478500,,,0,0.0,0.0,,,0,unreachable,individual fetch
USGS-09479350,1995-05-19 00:00:00.000001,2026-08-18 00:00:00.000001,1826,,,,,1826,reachable,screen
USGS-09480000,1949-01-01 00:00:00.000001,2026-08-17 00:00:00.000001,1331,,,,,1331,reachable,screen
USGS-09480500,1913-01-01 00:00:00.000001,2026-08-17 00:00:00.000001,1826,,,,,1826,reachable,screen
USGS-09481000,1932-04-01 00:00:00.000001,2026-08-17 00:00:00.000001,1826,,,,,1826,reachable,screen
USGS-09481740,1995-09-23 00:00:00.000001,2026-08-17 00:00:00.000001,1826,,,,,1826,reachable,screen
USGS-09482000,1940-05-01 00:00:00.000001,2026-08-18 00:00:00.000001,1826,,,,,1826,reachable,screen
USGS-09482440,2022-12-23 00:00:00.000001,2026-08-16 00:00:00.000001,9,,,,,9,reachable,screen
USGS-09482490,2021-06-10 00:00:00.000001,2024-10-03 00:00:00.000001,487,,,,,487,reachable,screen
USGS-09482495,2021-06-10 00:00:00.000001,2024-10-03 00:00:00.000001,494,,,,,494,reachable,screen
USGS-09482500,1905-10-01 00:00:00.000001,2026-08-17 00:00:00.000001,1826,,,,,1826,reachable,screen
USGS-09484000,1932-06-27 00:00:00.000001,2026-08-18 00:00:00.000001,1826,,,,,1826,reachable,screen
USGS-09484500,1940-06-01 00:00:00.000001,2026-08-18 00:00:00.000001,1825,,,,,1825,reachable,screen
USGS-09484550,2026-04-21 00:00:00.000001,2026-08-18 00:00:00.000001,0,0.0,120.0,2026-04-21 00:00:00,2026-08-18 00:00:00,0,unreachable,individual fetch
USGS-09484580,2009-01-23 00:00:00.000001,2026-08-18 00:00:00.000001,1826,,,,,1826,reachable,screen
USGS-09484600,1959-01-01 00:00:00.000001,2026-08-19 00:00:00.000001,1826,,,,,1826,reachable,screen
USGS-09485000,1952-10-01 00:00:00.000001,2026-08-17 00:00:00.000001,1825,,,,,1825,reachable,screen
USGS-09485450,1998-07-18 00:00:00.000001,2026-08-17 00:00:00.000001,1826,,,,,1826,reachable,screen
USGS-09485700,1987-07-24 00:00:00.000001,2026-08-17 00:00:00.000001,1826,,,,,1826,reachable,screen
USGS-09486055,1990-07-07 00:00:00.000001,2026-08-17 00:00:00.000001,1826,,,,,1826,reachable,screen
USGS-09486350,1992-08-07 00:00:00.000001,2026-08-17 00:00:00.000001,1826,,,,,1826,reachable,screen
USGS-09486500,1939-10-01 00:00:00.000001,2026-08-18 00:00:00.000001,1826,,,,,1826,reachable,screen
USGS-09486520,1989-04-01 00:00:00.000001,2026-08-17 00:00:00.000001,1826,,,,,1826,reachable,screen
USGS-09486800,1966-01-11 00:00:00.000001,2026-08-17 00:00:00.000001,1826,,,,,1826,reachable,screen
USGS-09487000,1990-12-14 00:00:00.000001,2026-08-17 00:00:00.000001,1826,,,,,1826,reachable,screen
USGS-09489000,1940-01-01 00:00:00.000001,2026-08-17 00:00:00.000001,1826,,,,,1826,reachable,screen
USGS-09489082,,,0,0.0,0.0,,,0,unreachable,individual fetch
USGS-09489500,1953-06-01 00:00:00.000001,2026-08-17 00:00:00.000001,1825,,,,,1825,reachable,screen
USGS-09490500,1912-11-24 00:00:00.000001,2026-08-18 00:00:00.000001,1826,,,,,1826,reachable,screen
USGS-09492400,1957-08-01 00:00:00.000001,2026-08-17 00:00:00.000001,1826,,,,,1826,reachable,screen
USGS-09494000,1917-10-01 00:00:00.000001,2026-08-17 00:00:00.000001,1826,,,,,1826,reachable,screen
USGS-09496500,1951-06-22 00:00:00.000001,2026-08-17 00:00:00.000001,1826,,,,,1826,reachable,screen
USGS-09497500,1924-09-18 00:00:00.000001,2026-08-18 00:00:00.000001,1826,,,,,1826,reachable,screen
USGS-09497700,2002-07-05 00:00:00.000001,2026-08-17 00:00:00.000001,0,0.0,2190.0,2002-07-05 00:00:00,2026-08-18 00:00:00,0,unreachable,individual fetch
USGS-09497800,1959-05-15 00:00:00.000001,2026-08-17 00:00:00.000001,1826,,,,,1826,reachable,screen
USGS-09497980,1965-05-04 00:00:00.000001,2026-08-17 00:00:00.000001,1826,,,,,1826,reachable,screen
USGS-09498400,1980-07-24 00:00:00.000001,2026-08-17 00:00:00.000001,1826,,,,,1826,reachable,screen
USGS-09498500,1913-10-01 00:00:00.000001,2026-08-18 00:00:00.000001,1826,,,,,1826,reachable,screen
USGS-094985005,2007-10-31 00:00:00.000001,2026-08-18 00:00:00.000001,1826,,,,,1826,reachable,screen
USGS-09498501,1995-10-01 00:00:00.000001,2026-08-17 00:00:00.000001,1826,,,,,1826,reachable,screen
USGS-09498502,1994-09-30 00:00:00.000001,2026-08-17 00:00:00.000001,1824,,,,,1824,reachable,screen
USGS-09498503,1985-11-16 00:00:00.000001,2026-08-17 00:00:00.000001,1826,,,,,1826,reachable,screen
USGS-09499000,1940-12-21 00:00:00.000001,2026-08-17 00:00:00.000001,1826,,,,,1826,reachable,screen
USGS-09502000,1934-10-01 00:00:00.000001,2026-08-17 00:00:00.000001,1826,,,,,1826,reachable,screen
USGS-09502800,1965-03-26 00:00:00.000001,2026-08-17 00:00:00.000001,1824,,,,,1824,reachable,screen
USGS-09502830,2021-10-11 00:00:00.000001,2026-08-18 00:00:00.000001,447,,,,,447,reachable,screen
USGS-09502900,1996-08-09 00:00:00.000001,2026-08-17 00:00:00.000001,1826,,,,,1826,reachable,screen
USGS-09502960,1994-11-16 00:00:00.000001,2026-08-17 00:00:00.000001,1826,,,,,1826,reachable,screen
USGS-09503000,1932-07-01 00:00:00.000001,2026-08-17 00:00:00.000001,1826,,,,,1826,reachable,screen
USGS-09503300,1999-09-16 00:00:00.000001,2026-08-17 00:00:00.000001,1826,,,,,1826,reachable,screen
USGS-09503700,1963-07-17 00:00:00.000001,2026-08-17 00:00:00.000001,1826,,,,,1826,reachable,screen
USGS-09503990,2026-04-21 00:00:00.000001,2026-08-17 00:00:00.000001,0,0.0,120.0,2026-04-21 00:00:00,2026-08-18 00:00:00,0,unreachable,individual fetch
USGS-09504000,1915-06-18 00:00:00.000001,2026-08-17 00:00:00.000001,1826,,,,,1826,reachable,screen
USGS-09504350,2023-10-25 00:00:00.000001,2026-08-17 00:00:00.000001,0,0.0,1029.0,2023-10-25 00:00:00,2026-08-18 00:00:00,0,unreachable,individual fetch
USGS-09504420,1981-10-01 00:00:00.000001,2026-08-18 00:00:00.000001,1826,,,,,1826,reachable,screen
USGS-09504500,1940-07-01 00:00:00.000001,2026-08-17 00:00:00.000001,1826,,,,,1826,reachable,screen
USGS-09504950,2018-05-25 00:00:00.000001,2026-08-17 00:00:00.000001,1682,,,,,1682,reachable,screen
USGS-09505200,1961-10-01 00:00:00.000001,2026-08-18 00:00:00.000001,1826,,,,,1826,reachable,screen
USGS-09505350,1960-10-01 00:00:00.000001,2026-08-18 00:00:00.000001,1826,,,,,1826,reachable,screen
USGS-09505400,,,0,0.0,0.0,,,0,unreachable,individual fetch
USGS-09505800,1964-12-05 00:00:00.000001,2026-08-18 00:00:00.000001,1826,,,,,1826,reachable,screen
USGS-09506000,1934-04-01 00:00:00.000001,2026-08-17 00:00:00.000001,1826,,,,,1826,reachable,screen
USGS-09507480,2010-09-30 00:00:00.000001,2026-08-17 00:00:00.000001,1826,,,,,1826,reachable,screen
USGS-09507580,1965-10-21 00:00:00.000001,2026-08-18 00:00:00.000001,1825,,,,,1825,reachable,screen
USGS-09507980,1961-09-01 00:00:00.000001,2026-08-17 00:00:00.000001,1825,,,,,1825,reachable,screen
USGS-09508000,1934-06-22 00:00:00.000001,2025-11-23 00:00:00.000001,0,0.0,5579.0,1934-06-22 00:00:00,2025-11-23 00:00:00,0,unreachable,individual fetch
USGS-09508300,1967-06-04 00:00:00.000001,2026-08-17 00:00:00.000001,1826,,,,,1826,reachable,screen
USGS-09508500,1945-08-22 00:00:00.000001,2026-08-17 00:00:00.000001,1826,,,,,1826,reachable,screen
USGS-09510000,1904-01-01 00:00:00.000001,2026-08-17 00:00:00.000001,1826,,,,,1826,reachable,screen
USGS-09510200,1960-10-01 00:00:00.000001,2026-08-18 00:00:00.000001,1826,,,,,1826,reachable,screen
USGS-09511300,1961-02-13 00:00:00.000001,2026-08-17 00:00:00.000001,1826,,,,,1826,reachable,screen
USGS-09512165,1993-12-07 00:00:00.000001,2026-08-17 00:00:00.000001,1826,,,,,1826,reachable,screen
USGS-09512280,1980-10-01 00:00:00.000001,2026-08-16 00:00:00.000001,1826,,,,,1826,reachable,screen
USGS-09512450,2000-01-07 00:00:00.000001,2026-08-16 00:00:00.000001,1825,,,,,1825,reachable,screen
USGS-09512500,1940-01-01 00:00:00.000001,2026-08-18 00:00:00.000001,1825,,,,,1825,reachable,screen
USGS-09512800,1970-01-27 00:00:00.000001,2026-08-17 00:00:00.000001,1826,,,,,1826,reachable,screen
USGS-09513780,1965-10-01 00:00:00.000001,2026-08-17 00:00:00.000001,1826,,,,,1826,reachable,screen
USGS-09513860,1967-10-01 00:00:00.000001,2026-08-17 00:00:00.000001,1826,,,,,1826,reachable,screen
USGS-09514100,1992-10-01 00:00:00.000001,2026-08-17 00:00:00.000001,1826,,,,,1826,reachable,screen
USGS-09516500,1938-10-01 00:00:00.000001,2026-08-17 00:00:00.000001,1826,,,,,1826,reachable,screen
USGS-09517000,1959-11-01 00:00:00.000001,2026-08-17 00:00:00.000001,1826,,,,,1826,reachable,screen
USGS-09517490,1978-08-28 00:00:00.000001,2026-08-17 00:00:00.000001,1818,,,,,1818,reachable,screen
USGS-09519000,1974-03-12 00:00:00.000001,2026-08-17 00:00:00.000001,1826,,,,,1826,reachable,screen
USGS-09519501,1992-10-01 00:00:00.000001,2026-08-13 00:00:00.000001,1826,,,,,1826,reachable,screen
USGS-09519800,1959-10-01 00:00:00.000001,2026-08-17 00:00:00.000001,1729,,,,,1729,reachable,screen
USGS-09520280,1993-10-01 00:00:00.000001,2026-08-17 00:00:00.000001,1826,,,,,1826,reachable,screen
USGS-09520500,1905-01-01 00:00:00.000001,2026-08-17 00:00:00.000001,1826,,,,,1826,reachable,screen
USGS-09520900,2023-04-15 00:00:00.000001,2026-08-18 00:00:00.000001,0,0.0,1222.0,2023-04-15 00:00:00,2026-08-18 00:00:00,0,unreachable,individual fetch
USGS-09521100,1963-10-01 00:00:00.000001,2026-08-18 00:00:00.000001,1826,,,,,1826,reachable,screen
USGS-09522500,1943-08-16 00:00:00.000001,2026-08-17 00:00:00.000001,1826,,,,,1826,reachable,screen
USGS-09522600,1966-10-01 00:00:00.000001,2026-08-17 00:00:00.000001,1826,,,,,1826,reachable,screen
USGS-09522650,1969-07-01 00:00:00.000001,2026-08-17 00:00:00.000001,1826,,,,,1826,reachable,screen
USGS-09522660,2004-10-01 00:00:00.000001,2026-08-18 00:00:00.000001,1826,,,,,1826,reachable,screen
USGS-09522680,2007-10-01 00:00:00.000001,2026-08-17 00:00:00.000001,1826,,,,,1826,reachable,screen
USGS-09522700,2026-04-21 00:00:00.000001,2026-08-18 00:00:00.000001,0,0.0,120.0,2026-04-21 00:00:00,2026-08-18 00:00:00,0,unreachable,individual fetch
USGS-09522800,1973-10-01 00:00:00.000001,2026-08-17 00:00:00.000001,1826,,,,,1826,reachable,screen
USGS-09522850,2005-09-30 00:00:00.000001,2026-08-17 00:00:00.000001,1826,,,,,1826,reachable,screen
USGS-09522860,2015-09-30 00:00:00.000001,2026-08-17 00:00:00.000001,1826,,,,,1826,reachable,screen
USGS-09522880,2005-09-30 00:00:00.000001,2026-08-17 00:00:00.000001,1826,,,,,1826,reachable,screen
USGS-09522900,2005-09-30 00:00:00.000001,2026-08-17 00:00:00.000001,1826,,,,,1826,reachable,screen
USGS-09523000,1939-10-01 00:00:00.000001,2026-08-17 00:00:00.000001,1826,,,,,1826,reachable,screen
USGS-09523200,1974-10-01 00:00:00.000001,2026-08-19 00:00:00.000001,1826,,,,,1826,reachable,screen
USGS-09523400,1966-10-01 00:00:00.000001,2024-04-30 00:00:00.000001,1826,,,,,1826,reachable,screen
USGS-09523600,1966-10-01 00:00:00.000001,2026-08-17 00:00:00.000001,1826,,,,,1826,reachable,screen
USGS-09523800,1966-10-01 00:00:00.000001,2026-08-17 00:00:00.000001,1826,,,,,1826,reachable,screen
USGS-09524000,1938-10-01 00:00:00.000001,2026-08-17 00:00:00.000001,1826,,,,,1826,reachable,screen
USGS-09524700,2015-04-09 00:00:00.000001,2026-08-17 00:00:00.000001,1826,,,,,1826,reachable,screen
USGS-09525000,1930-10-01 00:00:00.000001,2026-08-19 00:00:00.000001,1826,,,,,1826,reachable,screen
USGS-09525500,1938-10-01 00:00:00.000001,2026-08-17 00:00:00.000001,1826,,,,,1826,reachable,screen
USGS-09526000,1983-10-01 00:00:00.000001,2026-08-17 00:00:00.000001,1826,,,,,1826,reachable,screen
USGS-09526200,1995-01-01 00:00:00.000001,2026-08-17 00:00:00.000001,1826,,,,,1826,reachable,screen
USGS-09527590,2003-10-01 00:00:00.000001,2026-08-17 00:00:00.000001,1826,,,,,1826,reachable,screen
USGS-09527594,2009-10-17 00:00:00.000001,2026-08-18 00:00:00.000001,1826,,,,,1826,reachable,screen
USGS-09527597,2009-10-24 00:00:00.000001,2026-08-17 00:00:00.000001,1826,,,,,1826,reachable,screen
USGS-09527630,2013-11-06 00:00:00.000001,2026-08-18 00:00:00.000001,1826,,,,,1826,reachable,screen
USGS-09527660,2013-10-23 00:00:00.000001,2026-08-17 00:00:00.000001,1826,,,,,1826,reachable,screen
USGS-09527700,2011-10-26 00:00:00.000001,2026-08-18 00:00:00.000001,1826,,,,,1826,reachable,screen
USGS-09528200,2007-01-23 00:00:00.000001,2026-08-18 00:00:00.000001,1826,,,,,1826,reachable,screen
USGS-09528800,1966-10-01 00:00:00.000001,2026-08-17 00:00:00.000001,1826,,,,,1826,reachable,screen
USGS-09529000,1974-10-01 00:00:00.000001,2026-08-18 00:00:00.000001,1826,,,,,1826,reachable,screen
USGS-09529150,1966-10-01 00:00:00.000001,2026-08-18 00:00:00.000001,1826,,,,,1826,reachable,screen
USGS-09529250,1966-10-01 00:00:00.000001,2026-08-17 00:00:00.000001,1826,,,,,1826,reachable,screen
USGS-09529300,1966-10-01 00:00:00.000001,2026-08-17 00:00:00.000001,1826,,,,,1826,reachable,screen
USGS-09529420,1966-10-01 00:00:00.000001,2026-08-18 00:00:00.000001,1826,,,,,1826,reachable,screen
USGS-09530000,1966-10-01 00:00:00.000001,2026-08-17 00:00:00.000001,1826,,,,,1826,reachable,screen
USGS-09530200,1971-10-01 00:00:00.000001,2026-08-17 00:00:00.000001,0,0.0,16178.0,1971-10-01 00:00:00,2026-08-18 00:00:00,0,unreachable,individual fetch
USGS-09530500,1979-10-01 00:00:00.000001,2026-08-17 00:00:00.000001,1826,,,,,1826,reachable,screen
USGS-09537200,1969-10-01 00:00:00.000001,2026-08-17 00:00:00.000001,1826,,,,,1826,reachable,screen
USGS-09537500,1912-07-01 00:00:00.000001,2026-08-17 00:00:00.000001,1826,,,,,1826,reachable,screen
USGS-09537700,2024-07-24 00:00:00.000001,2026-08-18 00:00:00.000001,0,0.0,756.0,2024-07-24 00:00:00,2026-08-18 00:00:00,0,unreachable,individual fetch
USGS-10011500,1942-07-01 00:00:00.000001,2026-08-17 00:00:00.000001,1826,,,,,1826,reachable,screen
USGS-10016900,1984-05-14 00:00:00.000001,2026-08-17 00:00:00.000001,1826,,,,,1826,reachable,screen
USGS-10020100,1961-10-01 00:00:00.000001,2026-08-17 00:00:00.000001,1826,,,,,1826,reachable,screen
USGS-10020300,1961-10-01 00:00:00.000001,2026-08-17 00:00:00.000001,1826,,,,,1826,reachable,screen
USGS-10023000,1939-03-19 00:00:00.000001,2026-08-17 00:00:00.000001,1826,,,,,1826,reachable,screen
USGS-10028500,1941-11-01 00:00:00.000001,2026-08-17 00:00:00.000001,989,,,,,989,reachable,screen
USGS-10032000,1942-06-01 00:00:00.000001,2026-08-17 00:00:00.000001,1826,,,,,1826,reachable,screen
USGS-10038000,1954-05-01 00:00:00.000001,2026-08-17 00:00:00.000001,1826,,,,,1826,reachable,screen
USGS-10039500,1937-10-01 00:00:00.000001,2026-08-17 00:00:00.000001,1826,,,,,1826,reachable,screen
USGS-10068500,1922-01-01 00:00:00.000001,2026-08-17 00:00:00.000001,1826,,,,,1826,reachable,screen
USGS-10075000,1944-04-15 00:00:00.000001,2023-09-30 00:00:00.000001,915,,,,,915,reachable,screen
USGS-10079500,1857-02-01 00:00:00.000001,2018-10-18 00:00:00.000001,291,,,,,291,reachable,screen
USGS-10086500,2013-10-01 00:00:00.000001,2023-09-30 00:00:00.000001,1826,,,,,1826,reachable,screen
USGS-10092700,1970-10-01 00:00:00.000001,2026-08-17 00:00:00.000001,1826,,,,,1826,reachable,screen
USGS-10102200,1962-06-01 00:00:00.000001,2000-09-30 00:00:00.000001,0,0.0,1293.0,1962-06-01 00:00:00,2000-09-30 00:00:00,0,unreachable,individual fetch
USGS-10105900,1991-10-01 00:00:00.000001,2026-08-17 00:00:00.000001,1826,,,,,1826,reachable,screen
USGS-10108400,1963-05-01 00:00:00.000001,2026-08-17 00:00:00.000001,1826,,,,,1826,reachable,screen
USGS-10109000,1953-10-01 00:00:00.000001,2026-08-18 00:00:00.000001,1826,,,,,1826,reachable,screen
USGS-10109001,1921-10-01 00:00:00.000001,2026-08-18 00:00:00.000001,1826,,,,,1826,reachable,screen
USGS-10113500,1913-11-28 00:00:00.000001,2026-08-17 00:00:00.000001,1826,,,,,1826,reachable,screen
USGS-10118000,1902-10-01 00:00:00.000001,2023-09-30 00:00:00.000001,1826,,,,,1826,reachable,screen
USGS-10125500,1938-11-19 00:00:00.000001,2026-08-18 00:00:00.000001,283,,,,,283,reachable,screen
USGS-10126000,1949-10-01 00:00:00.000001,2026-08-18 00:00:00.000001,1826,,,,,1826,reachable,screen
USGS-10128500,1904-10-01 00:00:00.000001,2026-08-17 00:00:00.000001,1826,,,,,1826,reachable,screen
USGS-10129300,1957-05-01 00:00:00.000001,2026-08-17 00:00:00.000001,1826,,,,,1826,reachable,screen
USGS-10129500,1950-10-01 00:00:00.000001,2026-08-17 00:00:00.000001,1826,,,,,1826,reachable,screen
USGS-10129900,2001-10-01 00:00:00.000001,2026-08-17 00:00:00.000001,1826,,,,,1826,reachable,screen
USGS-10130500,1927-04-01 00:00:00.000001,2026-08-17 00:00:00.000001,1826,,,,,1826,reachable,screen
USGS-10131000,1927-04-01 00:00:00.000001,2026-08-17 00:00:00.000001,1826,,,,,1826,reachable,screen
USGS-10132000,1927-04-01 00:00:00.000001,2026-08-17 00:00:00.000001,1826,,,,,1826,reachable,screen
USGS-10132500,1921-02-01 00:00:00.000001,2026-08-17 00:00:00.000001,1826,,,,,1826,reachable,screen
USGS-10133550,2024-10-26 00:00:00.000001,2026-08-18 00:00:00.000001,0,0.0,662.0,2024-10-26 00:00:00,2026-08-18 00:00:00,0,unreachable,individual fetch
USGS-10133600,1990-10-01 00:00:00.000001,2026-08-17 00:00:00.000001,1826,,,,,1826,reachable,screen
USGS-10133650,2002-11-07 00:00:00.000001,2026-08-17 00:00:00.000001,1826,,,,,1826,reachable,screen
USGS-10133800,2001-10-01 00:00:00.000001,2026-08-16 00:00:00.000001,1826,,,,,1826,reachable,screen
USGS-10133980,2007-07-06 00:00:00.000001,2026-08-17 00:00:00.000001,1826,,,,,1826,reachable,screen
USGS-10134500,1931-10-01 00:00:00.000001,2026-08-17 00:00:00.000001,1826,,,,,1826,reachable,screen
USGS-10136500,1919-07-01 00:00:00.000001,2026-08-18 00:00:00.000001,1826,,,,,1826,reachable,screen
USGS-10136600,2016-04-20 00:00:00.000001,2026-08-17 00:00:00.000001,1826,,,,,1826,reachable,screen
USGS-10137000,1950-12-01 00:00:00.000001,2026-08-17 00:00:00.000001,1826,,,,,1826,reachable,screen
USGS-10137300,1966-01-25 00:00:00.000001,2026-08-18 00:00:00.000001,0,0.0,1303.0,1966-01-25 00:00:00,2026-08-18 00:00:00,0,unreachable,individual fetch
USGS-10137500,1921-03-21 00:00:00.000001,2026-08-16 00:00:00.000001,1826,,,,,1826,reachable,screen
USGS-10140100,1988-10-01 00:00:00.000001,2026-08-17 00:00:00.000001,1826,,,,,1826,reachable,screen
USGS-10140700,2012-04-11 00:00:00.000001,2026-08-17 00:00:00.000001,1826,,,,,1826,reachable,screen
USGS-10141000,1907-10-01 00:00:00.000001,2026-08-18 00:00:00.000001,1826,,,,,1826,reachable,screen
USGS-10141100,1971-10-01 00:00:00.000001,2026-08-18 00:00:00.000001,0,0.0,2081.0,1971-10-01 00:00:00,2026-08-18 00:00:00,0,unreachable,individual fetch
USGS-10141200,1971-09-17 00:00:00.000001,2026-08-18 00:00:00.000001,0,0.0,2168.0,1971-09-17 00:00:00,2026-08-18 00:00:00,0,unreachable,individual fetch
USGS-10141450,2024-08-29 00:00:00.000001,2026-08-17 00:00:00.000001,0,0.0,719.0,2024-08-29 00:00:00,2026-08-18 00:00:00,0,unreachable,individual fetch
USGS-10142000,1949-10-01 00:00:00.000001,2026-08-17 00:00:00.000001,1826,,,,,1826,reachable,screen
USGS-10145400,1993-09-15 00:00:00.000001,2026-08-17 00:00:00.000001,1826,,,,,1826,reachable,screen
USGS-10146000,1950-12-01 00:00:00.000001,2026-08-17 00:00:00.000001,1826,,,,,1826,reachable,screen
USGS-10146400,1978-10-01 00:00:00.000001,2026-08-18 00:00:00.000001,1826,,,,,1826,reachable,screen
USGS-10147100,2015-12-02 00:00:00.000001,2026-08-17 00:00:00.000001,1826,,,,,1826,reachable,screen
USGS-10149000,1998-10-15 00:00:00.000001,2026-08-17 00:00:00.000001,1826,,,,,1826,reachable,screen
USGS-10149400,2001-10-01 00:00:00.000001,2026-08-17 00:00:00.000001,1826,,,,,1826,reachable,screen
USGS-10149500,1953-10-01 00:00:00.000001,2001-11-08 00:00:00.000001,0,0.0,10532.0,1953-10-01 00:00:00,2001-11-08 00:00:00,0,unreachable,individual fetch
USGS-10150500,1919-05-01 00:00:00.000001,2026-08-18 00:00:00.000001,1826,,,,,1826,reachable,screen
USGS-10153100,2008-11-15 00:00:00.000001,2026-08-17 00:00:00.000001,1826,,,,,1826,reachable,screen
USGS-10154200,1963-07-12 00:00:00.000001,2026-08-17 00:00:00.000001,1826,,,,,1826,reachable,screen
USGS-10155000,1949-10-01 00:00:00.000001,2026-08-17 00:00:00.000001,1826,,,,,1826,reachable,screen
USGS-10155200,2001-09-08 00:00:00.000001,2026-08-17 00:00:00.000001,1826,,,,,1826,reachable,screen
USGS-10155500,1938-10-01 00:00:00.000001,2026-08-17 00:00:00.000001,1826,,,,,1826,reachable,screen
USGS-10156000,1938-10-01 00:00:00.000001,2026-08-17 00:00:00.000001,1826,,,,,1826,reachable,screen
USGS-10157500,1993-05-01 00:00:00.000001,2026-08-17 00:00:00.000001,1826,,,,,1826,reachable,screen
USGS-10163000,1903-10-01 00:00:00.000001,2026-08-17 00:00:00.000001,1826,,,,,1826,reachable,screen
USGS-10164500,1927-01-01 00:00:00.000001,2026-08-17 00:00:00.000001,1826,,,,,1826,reachable,screen
USGS-10165600,2019-05-02 00:00:00.000001,2026-08-17 00:00:00.000001,605,,,,,605,reachable,screen
USGS-10166430,1965-07-01 00:00:00.000001,2026-08-17 00:00:00.000001,1826,,,,,1826,reachable,screen
USGS-10168000,1980-02-20 00:00:00.000001,2026-08-17 00:00:00.000001,1826,,,,,1826,reachable,screen
USGS-10170500,1942-12-01 00:00:00.000001,2026-08-17 00:00:00.000001,1826,,,,,1826,reachable,screen
USGS-10171000,1942-12-01 00:00:00.000001,2026-08-17 00:00:00.000001,1826,,,,,1826,reachable,screen
USGS-10172200,1963-10-01 00:00:00.000001,2026-08-17 00:00:00.000001,1826,,,,,1826,reachable,screen
USGS-10172600,1963-10-01 00:00:00.000001,2026-08-18 00:00:00.000001,0,0.0,2363.0,1963-10-01 00:00:00,2026-08-18 00:00:00,0,unreachable,individual fetch
USGS-10172630,1963-10-01 00:00:00.000001,2026-08-18 00:00:00.000001,1826,,,,,1826,reachable,screen
USGS-10172640,1971-10-01 00:00:00.000001,2026-08-18 00:00:00.000001,0,0.0,5390.0,1971-10-01 00:00:00,2026-08-18 00:00:00,0,unreachable,individual fetch
USGS-10172700,1958-06-26 00:00:00.000001,2026-08-17 00:00:00.000001,1826,,,,,1826,reachable,screen
USGS-10172727,1991-05-17 00:00:00.000001,2026-08-17 00:00:00.000001,1826,,,,,1826,reachable,screen
USGS-10172765,1984-12-01 00:00:00.000001,2001-10-11 00:00:00.000001,0,0.0,6159.0,1984-12-01 00:00:00,2001-10-11 00:00:00,0,unreachable,individual fetch
USGS-10172800,1963-07-25 00:00:00.000001,2026-08-17 00:00:00.000001,1826,,,,,1826,reachable,screen
USGS-10172870,1958-12-01 00:00:00.000001,2026-08-18 00:00:00.000001,1826,,,,,1826,reachable,screen
USGS-10172952,1971-05-01 00:00:00.000001,2026-08-17 00:00:00.000001,1826,,,,,1826,reachable,screen
USGS-10173450,1964-10-01 00:00:00.000001,2026-08-17 00:00:00.000001,1826,,,,,1826,reachable,screen
USGS-10174500,1914-10-01 00:00:00.000001,2026-08-17 00:00:00.000001,1826,,,,,1826,reachable,screen
USGS-10183500,1914-06-12 00:00:00.000001,2026-08-17 00:00:00.000001,1826,,,,,1826,reachable,screen
USGS-10189000,1913-03-27 00:00:00.000001,2026-08-19 00:00:00.000001,1826,,,,,1826,reachable,screen
USGS-10194200,1957-08-01 00:00:00.000001,2026-08-17 00:00:00.000001,1826,,,,,1826,reachable,screen
USGS-10205030,1963-10-01 00:00:00.000001,2026-08-17 00:00:00.000001,1826,,,,,1826,reachable,screen
USGS-10215900,1964-10-01 00:00:00.000001,2026-08-17 00:00:00.000001,1826,,,,,1826,reachable,screen
USGS-10217000,1917-10-01 00:00:00.000001,2026-08-17 00:00:00.000001,1826,,,,,1826,reachable,screen
USGS-10219000,1911-10-01 00:00:00.000001,2026-08-17 00:00:00.000001,1826,,,,,1826,reachable,screen
USGS-10224000,1914-04-25 00:00:00.000001,2026-08-17 00:00:00.000001,1826,,,,,1826,reachable,screen
USGS-10234500,1914-03-15 00:00:00.000001,2026-08-17 00:00:00.000001,1826,,,,,1826,reachable,screen
USGS-10242000,1915-06-01 00:00:00.000001,2026-08-17 00:00:00.000001,1826,,,,,1826,reachable,screen
USGS-10243260,1947-10-01 00:00:00.000001,2026-08-17 00:00:00.000001,1826,,,,,1826,reachable,screen
USGS-10243700,1914-05-29 00:00:00.000001,2026-08-17 00:00:00.000001,1826,,,,,1826,reachable,screen
USGS-10244950,1966-06-01 00:00:00.000001,2026-08-17 00:00:00.000001,1826,,,,,1826,reachable,screen
USGS-10245100,2005-12-01 00:00:00.000001,2026-08-17 00:00:00.000001,1826,,,,,1826,reachable,screen
USGS-10245960,2011-01-12 00:00:00.000001,2026-08-17 00:00:00.000001,1826,,,,,1826,reachable,screen
USGS-10245970,2011-05-04 00:00:00.000001,2026-08-17 00:00:00.000001,1826,,,,,1826,reachable,screen
USGS-10245980,2023-08-20 00:00:00.000001,2023-09-27 00:00:00.000001,0,0.0,39.0,2023-08-20 00:00:00,2023-09-27 00:00:00,0,unreachable,individual fetch
USGS-10246835,2007-09-27 00:00:00.000001,2026-08-18 00:00:00.000001,773,,,,,773,reachable,screen
USGS-10246846,1964-10-01 00:00:00.000001,2026-08-18 00:00:00.000001,0,0.0,10225.0,1964-10-01 00:00:00,2026-08-18 00:00:00,0,unreachable,individual fetch
USGS-10247200,1991-04-01 00:00:00.000001,2026-08-18 00:00:00.000001,0,0.0,2257.0,1991-04-01 00:00:00,2026-08-18 00:00:00,0,unreachable,individual fetch
USGS-10249280,1966-10-01 00:00:00.000001,2025-05-22 00:00:00.000001,1826,,,,,1826,reachable,screen
USGS-10249300,1965-08-05 00:00:00.000001,2026-08-17 00:00:00.000001,1826,,,,,1826,reachable,screen
USGS-10251259,1993-09-01 00:00:00.000001,1995-09-30 00:00:00.000001,0,0.0,760.0,1993-09-01 00:00:00,1995-09-30 00:00:00,0,unreachable,individual fetch
USGS-10251290,2013-04-28 00:00:00.000001,2026-08-05 00:00:00.000001,1826,,,,,1826,reachable,screen
USGS-10251300,1961-10-01 00:00:00.000001,2026-08-17 00:00:00.000001,1826,,,,,1826,reachable,screen
USGS-10251330,2006-06-13 00:00:00.000001,2026-08-17 00:00:00.000001,1826,,,,,1826,reachable,screen
USGS-10251335,2013-02-20 00:00:00.000001,2026-08-17 00:00:00.000001,1826,,,,,1826,reachable,screen
USGS-10254050,1961-02-01 00:00:00.000001,2026-08-17 00:00:00.000001,1813,,,,,1813,reachable,screen
USGS-10254730,1960-10-01 00:00:00.000001,2026-08-17 00:00:00.000001,1826,,,,,1826,reachable,screen
USGS-10255550,1943-01-01 00:00:00.000001,2026-08-17 00:00:00.000001,1826,,,,,1826,reachable,screen
USGS-10256500,1921-07-21 00:00:00.000001,2026-08-17 00:00:00.000001,1825,,,,,1825,reachable,screen
USGS-10257500,1922-09-01 00:00:00.000001,2026-08-17 00:00:00.000001,1826,,,,,1826,reachable,screen
USGS-10257548,1998-10-01 00:00:00.000001,2026-08-18 00:00:00.000001,1779,,,,,1779,reachable,screen
USGS-10257549,1998-10-01 00:00:00.000001,2026-08-18 00:00:00.000001,1824,,,,,1824,reachable,screen
USGS-10257720,1986-10-01 00:00:00.000001,2026-08-17 00:00:00.000001,1826,,,,,1826,reachable,screen
USGS-10258000,2026-07-06 00:00:00.000001,2026-08-17 00:00:00.000001,0,0.0,44.0,2026-07-06 00:00:00,2026-08-18 00:00:00,0,unreachable,individual fetch
USGS-10258500,1930-02-01 00:00:00.000001,2026-08-17 00:00:00.000001,1826,,,,,1826,reachable,screen
USGS-10258700,2016-11-04 00:00:00.000001,2026-08-17 00:00:00.000001,1826,,,,,1826,reachable,screen
USGS-10259000,1948-10-01 00:00:00.000001,2026-08-17 00:00:00.000001,1826,,,,,1826,reachable,screen
USGS-10259050,1987-10-01 00:00:00.000001,2026-08-17 00:00:00.000001,1826,,,,,1826,reachable,screen
USGS-10259100,1989-03-30 00:00:00.000001,2026-08-17 00:00:00.000001,1826,,,,,1826,reachable,screen
USGS-10259200,1962-05-01 00:00:00.000001,2026-08-17 00:00:00.000001,1826,,,,,1826,reachable,screen
USGS-10259300,1966-03-01 00:00:00.000001,2026-08-17 00:00:00.000001,1826,,,,,1826,reachable,screen
USGS-10259540,1960-10-01 00:00:00.000001,2026-08-17 00:00:00.000001,1822,,,,,1822,reachable,screen
USGS-10260200,1958-09-01 00:00:00.000001,2026-08-18 00:00:00.000001,0,0.0,5830.0,1958-09-01 00:00:00,2026-08-18 00:00:00,0,unreachable,individual fetch
USGS-10260400,1957-08-01 00:00:00.000001,2026-08-18 00:00:00.000001,0,0.0,6259.0,1957-08-01 00:00:00,2026-08-18 00:00:00,0,unreachable,individual fetch
USGS-10260500,1904-10-01 00:00:00.000001,2026-08-17 00:00:00.000001,1826,,,,,1826,reachable,screen
USGS-10260950,1974-10-01 00:00:00.000001,2026-08-17 00:00:00.000001,1826,,,,,1826,reachable,screen
USGS-10261500,1899-03-01 00:00:00.000001,2026-08-18 00:00:00.000001,1826,,,,,1826,reachable,screen
USGS-10262000,1930-10-01 00:00:00.000001,2026-08-17 00:00:00.000001,93,,,,,93,reachable,screen
USGS-10262500,1930-10-01 00:00:00.000001,2026-08-17 00:00:00.000001,1826,,,,,1826,reachable,screen
USGS-10262700,2022-08-31 00:00:00.000001,2026-08-17 00:00:00.000001,123,,,,,123,reachable,screen
USGS-10263000,1929-10-01 00:00:00.000001,2026-08-17 00:00:00.000001,1826,,,,,1826,reachable,screen
USGS-10263500,1923-02-01 00:00:00.000001,2026-08-17 00:00:00.000001,1826,,,,,1826,reachable,screen
USGS-10265100,2017-05-06 00:00:00.000001,2026-08-18 00:00:00.000001,1826,,,,,1826,reachable,screen
USGS-10265150,1982-11-17 00:00:00.000001,2026-08-17 00:00:00.000001,1730,,,,,1730,reachable,screen
USGS-10289000,1953-10-01 00:00:00.000001,2026-08-17 00:00:00.000001,289,,,,,289,reachable,screen
USGS-10289500,1953-10-01 00:00:00.000001,2026-08-17 00:00:00.000001,303,,,,,303,reachable,screen
USGS-10290500,1953-10-01 00:00:00.000001,2026-08-18 00:00:00.000001,303,,,,,303,reachable,screen
USGS-10291500,1911-04-01 00:00:00.000001,2026-08-17 00:00:00.000001,283,,,,,283,reachable,screen
USGS-10293000,1921-10-01 00:00:00.000001,2026-08-18 00:00:00.000001,1826,,,,,1826,reachable,screen
USGS-10293200,,,0,0.0,0.0,,,0,unreachable,individual fetch
USGS-10293500,1947-10-01 00:00:00.000001,2026-08-18 00:00:00.000001,1826,,,,,1826,reachable,screen
USGS-10295000,1910-12-01 00:00:00.000001,2026-08-18 00:00:00.000001,0,0.0,4933.0,1910-12-01 00:00:00,2026-08-18 00:00:00,0,unreachable,individual fetch
USGS-10296000,1938-04-01 00:00:00.000001,2026-08-18 00:00:00.000001,1826,,,,,1826,reachable,screen
USGS-10296500,1902-10-01 00:00:00.000001,2026-08-18 00:00:00.000001,1826,,,,,1826,reachable,screen
USGS-10296750,2010-09-30 00:00:00.000001,2026-08-17 00:00:00.000001,0,0.0,3066.0,2010-09-30 00:00:00,2026-08-18 00:00:00,0,unreachable,individual fetch
USGS-10297010,2010-07-22 00:00:00.000001,2026-08-18 00:00:00.000001,1705,,,,,1705,reachable,screen
USGS-10297500,1910-05-01 00:00:00.000001,2026-08-18 00:00:00.000001,1826,,,,,1826,reachable,screen
USGS-10300000,1914-10-01 00:00:00.000001,2026-08-18 00:00:00.000001,1826,,,,,1826,reachable,screen
USGS-10300600,1974-05-01 00:00:00.000001,2026-08-18 00:00:00.000001,1826,,,,,1826,reachable,screen
USGS-10301115,2018-03-24 00:00:00.000001,2026-08-18 00:00:00.000001,1744,,,,,1744,reachable,screen
USGS-10301300,2023-08-09 00:00:00.000001,2026-08-17 00:00:00.000001,0,0.0,1106.0,2023-08-09 00:00:00,2026-08-18 00:00:00,0,unreachable,individual fetch
USGS-10301500,1902-07-22 00:00:00.000001,2026-08-18 00:00:00.000001,1826,,,,,1826,reachable,screen
USGS-10301600,1977-06-13 00:00:00.000001,2026-08-18 00:00:00.000001,1826,,,,,1826,reachable,screen
USGS-10301720,2013-09-13 00:00:00.000001,2026-08-18 00:00:00.000001,1826,,,,,1826,reachable,screen
USGS-10301742,1995-04-19 00:00:00.000001,2026-08-18 00:00:00.000001,1826,,,,,1826,reachable,screen
USGS-10301745,1995-04-19 00:00:00.000001,2026-08-18 00:00:00.000001,1826,,,,,1826,reachable,screen
USGS-10301755,1995-04-21 00:00:00.000001,2026-08-18 00:00:00.000001,1826,,,,,1826,reachable,screen
USGS-10302002,1994-10-01 00:00:00.000001,2026-08-18 00:00:00.000001,1826,,,,,1826,reachable,screen
USGS-10302025,2004-10-01 00:00:00.000001,2026-08-18 00:00:00.000001,1826,,,,,1826,reachable,screen
USGS-10308200,1960-09-01 00:00:00.000001,2026-08-18 00:00:00.000001,1826,,,,,1826,reachable,screen
USGS-10308783,1998-10-22 00:00:00.000001,2026-08-17 00:00:00.000001,1826,,,,,1826,reachable,screen
USGS-103087835,2010-03-25 00:00:00.000001,2026-08-17 00:00:00.000001,1140,,,,,1140,reachable,screen
USGS-10308784,1998-11-02 00:00:00.000001,2026-08-17 00:00:00.000001,1826,,,,,1826,reachable,screen
USGS-10308785,2000-02-10 00:00:00.000001,2026-08-17 00:00:00.000001,1826,,,,,1826,reachable,screen
USGS-103087855,2009-12-12 00:00:00.000001,2026-08-17 00:00:00.000001,1325,,,,,1325,reachable,screen
USGS-103087865,2010-03-20 00:00:00.000001,2026-08-17 00:00:00.000001,1258,,,,,1258,reachable,screen
USGS-103087889,2003-10-01 00:00:00.000001,2026-08-17 00:00:00.000001,1826,,,,,1826,reachable,screen
USGS-10308789,1998-10-24 00:00:00.000001,2026-08-17 00:00:00.000001,1826,,,,,1826,reachable,screen
USGS-103087891,2003-10-01 00:00:00.000001,2026-08-17 00:00:00.000001,1826,,,,,1826,reachable,screen
USGS-10308792,1999-12-29 00:00:00.000001,2026-08-17 00:00:00.000001,1826,,,,,1826,reachable,screen
USGS-10308794,1998-11-07 00:00:00.000001,2026-08-18 00:00:00.000001,1826,,,,,1826,reachable,screen
USGS-10309000,1890-01-01 00:00:00.000001,2026-08-17 00:00:00.000001,1826,,,,,1826,reachable,screen
USGS-10309010,2014-06-15 00:00:00.000001,2026-08-17 00:00:00.000001,690,,,,,690,reachable,screen
USGS-10309035,1994-04-13 00:00:00.000001,1998-11-11 00:00:00.000001,0,0.0,1674.0,1994-04-13 00:00:00,1998-11-11 00:00:00,0,unreachable,individual fetch
USGS-10309050,1980-04-01 00:00:00.000001,2024-09-30 00:00:00.000001,628,,,,,628,reachable,screen
USGS-10310000,1900-10-01 00:00:00.000001,2026-08-17 00:00:00.000001,1826,,,,,1826,reachable,screen
USGS-10310500,1948-03-01 00:00:00.000001,2026-08-17 00:00:00.000001,1826,,,,,1826,reachable,screen
USGS-10311000,1939-05-12 00:00:00.000001,2026-08-17 00:00:00.000001,1826,,,,,1826,reachable,screen
USGS-10311100,1976-06-01 00:00:00.000001,2026-08-17 00:00:00.000001,1826,,,,,1826,reachable,screen
USGS-10311200,1976-07-01 00:00:00.000001,2026-08-18 00:00:00.000001,1826,,,,,1826,reachable,screen
USGS-10311300,1985-01-01 00:00:00.000001,2026-08-17 00:00:00.000001,1826,,,,,1826,reachable,screen
USGS-10311400,1979-04-20 00:00:00.000001,2026-08-17 00:00:00.000001,1826,,,,,1826,reachable,screen
USGS-10311700,1994-04-01 00:00:00.000001,2026-03-31 00:00:00.000001,633,,,,,633,reachable,screen
USGS-10311750,2016-01-29 00:00:00.000001,2026-08-17 00:00:00.000001,1826,,,,,1826,reachable,screen
USGS-10312000,1911-04-13 00:00:00.000001,2026-08-17 00:00:00.000001,1826,,,,,1826,reachable,screen
USGS-10312150,1966-10-01 00:00:00.000001,2026-08-17 00:00:00.000001,1826,,,,,1826,reachable,screen
USGS-10312275,1985-03-29 00:00:00.000001,2026-08-17 00:00:00.000001,1826,,,,,1826,reachable,screen
USGS-10313900,2014-09-24 00:00:00.000001,2023-12-05 00:00:00.000001,1825,,,,,1825,reachable,screen
USGS-10315500,1943-10-01 00:00:00.000001,2026-08-17 00:00:00.000001,1826,,,,,1826,reachable,screen
USGS-10316500,1915-05-01 00:00:00.000001,2026-08-17 00:00:00.000001,1826,,,,,1826,reachable,screen
USGS-10317480,2013-09-06 00:00:00.000001,2024-05-01 00:00:00.000001,1826,,,,,1826,reachable,screen
USGS-10317500,1913-10-01 00:00:00.000001,2026-08-17 00:00:00.000001,1826,,,,,1826,reachable,screen
USGS-10318500,1895-07-01 00:00:00.000001,2026-08-18 00:00:00.000001,1826,,,,,1826,reachable,screen
USGS-10319900,1989-02-01 00:00:00.000001,2026-08-17 00:00:00.000001,1826,,,,,1826,reachable,screen
USGS-10320000,1948-10-01 00:00:00.000001,2026-08-17 00:00:00.000001,1826,,,,,1826,reachable,screen
USGS-10320100,1989-10-01 00:00:00.000001,1996-09-29 00:00:00.000001,0,0.0,2556.0,1989-10-01 00:00:00,1996-09-29 00:00:00,0,unreachable,individual fetch
USGS-10321000,1943-10-01 00:00:00.000001,2026-08-17 00:00:00.000001,1826,,,,,1826,reachable,screen
USGS-10321590,1992-04-29 00:00:00.000001,2026-08-17 00:00:00.000001,1826,,,,,1826,reachable,screen
USGS-10321925,1996-11-16 00:00:00.000001,2003-09-30 00:00:00.000001,0,0.0,2510.0,1996-11-16 00:00:00,2003-09-30 00:00:00,0,unreachable,individual fetch
USGS-10321940,1997-01-21 00:00:00.000001,2026-08-18 00:00:00.000001,1826,,,,,1826,reachable,screen
USGS-10321950,1989-09-23 00:00:00.000001,2026-08-17 00:00:00.000001,1826,,,,,1826,reachable,screen
USGS-10322000,1913-07-01 00:00:00.000001,2026-08-17 00:00:00.000001,1826,,,,,1826,reachable,screen
USGS-10322150,1989-11-18 00:00:00.000001,2026-08-17 00:00:00.000001,1826,,,,,1826,reachable,screen
USGS-10322500,1902-10-01 00:00:00.000001,2026-08-17 00:00:00.000001,1826,,,,,1826,reachable,screen
USGS-10322505,2014-01-23 00:00:00.000001,2026-08-17 00:00:00.000001,1824,,,,,1824,reachable,screen
USGS-103225055,2014-01-23 00:00:00.000001,2026-08-17 00:00:00.000001,1826,,,,,1826,reachable,screen
USGS-10322510,2010-08-26 00:00:00.000001,2026-08-17 00:00:00.000001,1826,,,,,1826,reachable,screen
USGS-10322535,2011-01-11 00:00:00.000001,2026-08-17 00:00:00.000001,1826,,,,,1826,reachable,screen
USGS-10322555,2011-05-05 00:00:00.000001,2026-08-17 00:00:00.000001,1826,,,,,1826,reachable,screen
USGS-10322800,2014-01-22 00:00:00.000001,2026-08-17 00:00:00.000001,1826,,,,,1826,reachable,screen
USGS-10323000,1912-02-01 00:00:00.000001,2026-08-18 00:00:00.000001,0,0.0,6279.0,1912-02-01 00:00:00,2026-08-18 00:00:00,0,unreachable,individual fetch
USGS-10323425,1991-02-14 00:00:00.000001,2026-08-18 00:00:00.000001,1826,,,,,1826,reachable,screen
USGS-10324500,1918-04-01 00:00:00.000001,2026-08-17 00:00:00.000001,1826,,,,,1826,reachable,screen
USGS-10324700,1991-02-01 00:00:00.000001,2026-06-30 00:00:00.000001,906,,,,,906,reachable,screen
USGS-10325000,1896-10-01 00:00:00.000001,2026-08-17 00:00:00.000001,1826,,,,,1826,reachable,screen
USGS-10327500,1894-10-01 00:00:00.000001,2026-08-17 00:00:00.000001,1826,,,,,1826,reachable,screen
USGS-10328450,1975-10-01 00:00:00.000001,2026-08-18 00:00:00.000001,0,0.0,3037.0,1975-10-01 00:00:00,2026-08-18 00:00:00,0,unreachable,individual fetch
USGS-10328475,1975-10-01 00:00:00.000001,2026-08-18 00:00:00.000001,0,0.0,3058.0,1975-10-01 00:00:00,2026-08-18 00:00:00,0,unreachable,individual fetch
USGS-10328500,1941-10-01 00:00:00.000001,2026-08-17 00:00:00.000001,0,0.0,12234.0,1941-10-01 00:00:00,2026-08-18 00:00:00,0,unreachable,individual fetch
USGS-10329000,1921-10-01 00:00:00.000001,2026-08-17 00:00:00.000001,1826,,,,,1826,reachable,screen
USGS-10329500,1921-10-01 00:00:00.000001,2026-08-17 00:00:00.000001,1826,,,,,1826,reachable,screen
USGS-10333000,1935-06-01 00:00:00.000001,2026-08-17 00:00:00.000001,1826,,,,,1826,reachable,screen
USGS-10335000,1896-02-01 00:00:00.000001,2026-08-17 00:00:00.000001,1826,,,,,1826,reachable,screen
USGS-103366092,1990-06-01 00:00:00.000001,2026-08-17 00:00:00.000001,1826,,,,,1826,reachable,screen
USGS-10336610,1971-10-01 00:00:00.000001,2026-08-17 00:00:00.000001,1826,,,,,1826,reachable,screen
USGS-10336645,1980-07-07 00:00:00.000001,2026-08-17 00:00:00.000001,1826,,,,,1826,reachable,screen
USGS-10336660,1960-10-01 00:00:00.000001,2026-08-17 00:00:00.000001,1826,,,,,1826,reachable,screen
USGS-10336676,1972-10-01 00:00:00.000001,2026-08-17 00:00:00.000001,1826,,,,,1826,reachable,screen
USGS-10336698,1969-10-01 00:00:00.000001,2026-08-17 00:00:00.000001,1826,,,,,1826,reachable,screen
USGS-10336700,1969-10-01 00:00:00.000001,2026-08-17 00:00:00.000001,1826,,,,,1826,reachable,screen
USGS-10336715,1973-10-01 00:00:00.000001,2026-08-17 00:00:00.000001,1428,,,,,1428,reachable,screen
USGS-10336730,1971-10-01 00:00:00.000001,2026-08-17 00:00:00.000001,1826,,,,,1826,reachable,screen
USGS-10336780,1960-10-01 00:00:00.000001,2026-08-17 00:00:00.000001,1826,,,,,1826,reachable,screen
USGS-10337500,1895-07-01 00:00:00.000001,2026-08-17 00:00:00.000001,1826,,,,,1826,reachable,screen
USGS-10338000,1944-12-01 00:00:00.000001,2026-08-17 00:00:00.000001,1826,,,,,1826,reachable,screen
USGS-10338500,1929-01-01 00:00:00.000001,2026-08-17 00:00:00.000001,1826,,,,,1826,reachable,screen
USGS-10338700,1993-03-24 00:00:00.000001,2026-08-17 00:00:00.000001,1826,,,,,1826,reachable,screen
USGS-10339410,2016-06-17 00:00:00.000001,2026-08-17 00:00:00.000001,1826,,,,,1826,reachable,screen
USGS-10340500,1942-10-01 00:00:00.000001,2026-08-17 00:00:00.000001,1826,,,,,1826,reachable,screen
USGS-10343000,1909-10-21 00:00:00.000001,2026-08-17 00:00:00.000001,1826,,,,,1826,reachable,screen
USGS-10343500,1953-10-01 00:00:00.000001,2026-08-18 00:00:00.000001,1826,,,,,1826,reachable,screen
USGS-10344400,1939-09-01 00:00:00.000001,2026-08-17 00:00:00.000001,1826,,,,,1826,reachable,screen
USGS-10344500,1911-01-01 00:00:00.000001,2026-08-17 00:00:00.000001,1826,,,,,1826,reachable,screen
USGS-10344505,2002-08-28 00:00:00.000001,2026-08-17 00:00:00.000001,1826,,,,,1826,reachable,screen
USGS-10346000,1909-01-01 00:00:00.000001,2026-08-17 00:00:00.000001,1826,,,,,1826,reachable,screen
USGS-10347310,1992-11-05 00:00:00.000001,2026-08-17 00:00:00.000001,1826,,,,,1826,reachable,screen
USGS-10347460,1993-02-19 00:00:00.000001,2026-08-17 00:00:00.000001,1826,,,,,1826,reachable,screen
USGS-10347600,1961-10-01 00:00:00.000001,2026-08-17 00:00:00.000001,1826,,,,,1826,reachable,screen
USGS-10348000,1906-10-01 00:00:00.000001,2026-08-17 00:00:00.000001,1826,,,,,1826,reachable,screen
USGS-10348036,2014-07-04 00:00:00.000001,2026-08-17 00:00:00.000001,1826,,,,,1826,reachable,screen
USGS-10348200,1977-04-20 00:00:00.000001,2026-08-17 00:00:00.000001,1826,,,,,1826,reachable,screen
USGS-10348245,1992-04-30 00:00:00.000001,2026-08-17 00:00:00.000001,1826,,,,,1826,reachable,screen
USGS-10348295,2017-04-01 00:00:00.000001,2026-08-18 00:00:00.000001,1826,,,,,1826,reachable,screen
USGS-10348460,1974-06-01 00:00:00.000001,2026-08-17 00:00:00.000001,1054,,,,,1054,reachable,screen
USGS-10348505,,,0,0.0,0.0,,,0,unreachable,individual fetch
USGS-10348520,2017-06-03 00:00:00.000001,2026-08-17 00:00:00.000001,1826,,,,,1826,reachable,screen
USGS-10348550,2018-09-21 00:00:00.000001,2026-08-17 00:00:00.000001,1563,,,,,1563,reachable,screen
USGS-10348570,2018-09-21 00:00:00.000001,2026-08-17 00:00:00.000001,1563,,,,,1563,reachable,screen
USGS-10348801,2021-11-17 00:00:00.000001,2026-08-17 00:00:00.000001,410,,,,,410,reachable,screen
USGS-10348850,1984-10-01 00:00:00.000001,2026-08-17 00:00:00.000001,1739,,,,,1739,reachable,screen
USGS-10348995,,,0,0.0,0.0,,,0,unreachable,individual fetch
USGS-10349300,1961-10-01 00:00:00.000001,2026-08-17 00:00:00.000001,1826,,,,,1826,reachable,screen
USGS-10349700,1961-10-01 00:00:00.000001,2026-08-18 00:00:00.000001,0,0.0,2701.0,1961-10-01 00:00:00,2026-08-18 00:00:00,0,unreachable,individual fetch
USGS-10349770,2023-02-14 00:00:00.000001,2026-08-17 00:00:00.000001,0,0.0,1282.0,2023-02-14 00:00:00,2026-08-18 00:00:00,0,unreachable,individual fetch
USGS-10349849,1982-04-12 00:00:00.000001,2026-08-17 00:00:00.000001,1826,,,,,1826,reachable,screen
USGS-10349980,1976-07-29 00:00:00.000001,2026-08-18 00:00:00.000001,1826,,,,,1826,reachable,screen
USGS-10350000,1899-08-18 00:00:00.000001,2026-08-17 00:00:00.000001,1826,,,,,1826,reachable,screen
USGS-10350340,1997-02-25 00:00:00.000001,2026-08-17 00:00:00.000001,1826,,,,,1826,reachable,screen
USGS-10351300,1966-10-01 00:00:00.000001,2026-08-18 00:00:00.000001,1778,,,,,1778,reachable,screen
USGS-10351400,1966-10-01 00:00:00.000001,2026-08-18 00:00:00.000001,1826,,,,,1826,reachable,screen
USGS-10351600,1918-01-01 00:00:00.000001,2026-08-17 00:00:00.000001,1826,,,,,1826,reachable,screen
USGS-10351650,1965-05-01 00:00:00.000001,2026-08-17 00:00:00.000001,1826,,,,,1826,reachable,screen
USGS-10351700,1957-10-01 00:00:00.000001,2026-08-18 00:00:00.000001,1826,,,,,1826,reachable,screen
USGS-10352500,1948-10-01 00:00:00.000001,2026-08-17 00:00:00.000001,1826,,,,,1826,reachable,screen
USGS-103530001,2014-07-23 00:00:00.000001,2026-08-17 00:00:00.000001,1826,,,,,1826,reachable,screen
USGS-10396000,1911-04-01 00:00:00.000001,2026-08-17 00:00:00.000001,1826,,,,,1826,reachable,screen
USGS-11012500,1936-10-01 00:00:00.000001,2026-08-17 00:00:00.000001,1826,,,,,1826,reachable,screen
USGS-11014000,1940-04-10 00:00:00.000001,2026-08-17 00:00:00.000001,1826,,,,,1826,reachable,screen
USGS-11015000,1905-10-01 00:00:00.000001,2026-08-17 00:00:00.000001,1826,,,,,1826,reachable,screen
USGS-11016200,2005-10-01 00:00:00.000001,2026-08-17 00:00:00.000001,1826,,,,,1826,reachable,screen
USGS-11022200,1983-10-01 00:00:00.000001,2026-08-17 00:00:00.000001,1826,,,,,1826,reachable,screen
USGS-11022480,1912-05-01 00:00:00.000001,2026-08-17 00:00:00.000001,1826,,,,,1826,reachable,screen
USGS-11022830,2024-08-16 00:00:00.000001,2026-08-17 00:00:00.000001,0,0.0,733.0,2024-08-16 00:00:00,2026-08-18 00:00:00,0,unreachable,individual fetch
USGS-11023000,1982-01-18 00:00:00.000001,2026-08-17 00:00:00.000001,1826,,,,,1826,reachable,screen
USGS-11023100,2025-01-23 00:00:00.000001,2026-08-18 00:00:00.000001,0,0.0,573.0,2025-01-23 00:00:00,2026-08-18 00:00:00,0,unreachable,individual fetch
USGS-11023340,1964-10-01 00:00:00.000001,2026-08-17 00:00:00.000001,1826,,,,,1826,reachable,screen
USGS-11025500,1912-02-01 00:00:00.000001,2026-08-18 00:00:00.000001,1826,,,,,1826,reachable,screen
USGS-11027000,1947-01-01 00:00:00.000001,2026-08-17 00:00:00.000001,1826,,,,,1826,reachable,screen
USGS-11028500,1912-12-01 00:00:00.000001,2026-08-17 00:00:00.000001,1826,,,,,1826,reachable,screen
USGS-11042000,1912-10-01 00:00:00.000001,2026-08-18 00:00:00.000001,1826,,,,,1826,reachable,screen
USGS-11042400,1957-08-01 00:00:00.000001,2026-08-17 00:00:00.000001,1826,,,,,1826,reachable,screen
USGS-11042800,1987-10-01 00:00:00.000001,2026-08-17 00:00:00.000001,1826,,,,,1826,reachable,screen
USGS-11042900,1987-10-01 00:00:00.000001,2026-08-18 00:00:00.000001,1476,,,,,1476,reachable,screen
USGS-11043000,1930-10-01 00:00:00.000001,2026-08-17 00:00:00.000001,1826,,,,,1826,reachable,screen
USGS-11044000,1923-02-01 00:00:00.000001,2026-08-18 00:00:00.000001,1826,,,,,1826,reachable,screen
USGS-11044250,1989-11-01 00:00:00.000001,2026-08-18 00:00:00.000001,1826,,,,,1826,reachable,screen
USGS-11044300,1989-10-01 00:00:00.000001,2026-08-17 00:00:00.000001,1826,,,,,1826,reachable,screen
USGS-11044350,1989-10-01 00:00:00.000001,2026-08-17 00:00:00.000001,1826,,,,,1826,reachable,screen
USGS-11044800,1992-10-01 00:00:00.000001,2026-08-17 00:00:00.000001,1826,,,,,1826,reachable,screen
USGS-11045300,1993-10-01 00:00:00.000001,2026-08-17 00:00:00.000001,1826,,,,,1826,reachable,screen
USGS-11045600,1998-10-01 00:00:00.000001,2026-08-18 00:00:00.000001,1826,,,,,1826,reachable,screen
USGS-11045700,2025-11-14 00:00:00.000001,2026-08-17 00:00:00.000001,0,0.0,278.0,2025-11-14 00:00:00,2026-08-18 00:00:00,0,unreachable,individual fetch
USGS-11046000,1923-03-01 00:00:00.000001,2026-08-17 00:00:00.000001,1826,,,,,1826,reachable,screen
USGS-11046300,1952-10-01 00:00:00.000001,2024-11-19 00:00:00.000001,1826,,,,,1826,reachable,screen
USGS-11046360,1993-10-01 00:00:00.000001,2026-08-17 00:00:00.000001,1826,,,,,1826,reachable,screen
USGS-11046530,1985-10-01 00:00:00.000001,2026-08-17 00:00:00.000001,1826,,,,,1826,reachable,screen
USGS-11047300,1972-10-01 00:00:00.000001,2026-08-17 00:00:00.000001,1826,,,,,1826,reachable,screen
USGS-11048175,2015-12-02 00:00:00.000001,2026-08-17 00:00:00.000001,1826,,,,,1826,reachable,screen
USGS-11048600,2001-07-01 00:00:00.000001,2026-08-17 00:00:00.000001,1826,,,,,1826,reachable,screen
USGS-11051499,1994-10-01 00:00:00.000001,2026-08-17 00:00:00.000001,1826,,,,,1826,reachable,screen
USGS-11051502,1977-10-01 00:00:00.000001,2026-08-17 00:00:00.000001,1826,,,,,1826,reachable,screen
USGS-11055500,1919-02-01 00:00:00.000001,2026-08-17 00:00:00.000001,1826,,,,,1826,reachable,screen
USGS-11055800,1919-10-01 00:00:00.000001,2026-08-17 00:00:00.000001,1826,,,,,1826,reachable,screen
USGS-11057500,1954-10-01 00:00:00.000001,2026-08-17 00:00:00.000001,1826,,,,,1826,reachable,screen
USGS-11058500,1919-12-27 00:00:00.000001,2026-08-17 00:00:00.000001,1826,,,,,1826,reachable,screen
USGS-11058600,1911-11-01 00:00:00.000001,2026-08-17 00:00:00.000001,1826,,,,,1826,reachable,screen
USGS-11059300,1939-03-01 00:00:00.000001,2026-08-17 00:00:00.000001,1826,,,,,1826,reachable,screen
USGS-11060400,1964-03-01 00:00:00.000001,2026-08-18 00:00:00.000001,1826,,,,,1826,reachable,screen
USGS-11062000,1918-10-01 00:00:00.000001,2026-08-17 00:00:00.000001,1826,,,,,1826,reachable,screen
USGS-11062399,1992-10-01 00:00:00.000001,2026-08-17 00:00:00.000001,1826,,,,,1826,reachable,screen
USGS-11062400,1971-12-01 00:00:00.000001,2026-08-17 00:00:00.000001,1826,,,,,1826,reachable,screen
USGS-11062450,1972-10-01 00:00:00.000001,2026-08-17 00:00:00.000001,1826,,,,,1826,reachable,screen
USGS-11062700,1972-10-01 00:00:00.000001,2026-04-06 00:00:00.000001,1826,,,,,1826,reachable,screen
USGS-11062800,1971-12-01 00:00:00.000001,2026-08-17 00:00:00.000001,1826,,,,,1826,reachable,screen
USGS-11063510,1971-10-01 00:00:00.000001,2026-08-17 00:00:00.000001,1826,,,,,1826,reachable,screen
USGS-11063680,1920-01-01 00:00:00.000001,2026-08-18 00:00:00.000001,1826,,,,,1826,reachable,screen
USGS-11065000,1957-10-01 00:00:00.000001,2026-08-17 00:00:00.000001,1826,,,,,1826,reachable,screen
USGS-11069500,1920-10-01 00:00:00.000001,2026-08-17 00:00:00.000001,1826,,,,,1826,reachable,screen
USGS-11070150,1996-10-01 00:00:00.000001,2006-09-29 00:00:00.000001,0,0.0,3651.0,1996-10-01 00:00:00,2006-09-29 00:00:00,0,unreachable,individual fetch
USGS-11070210,2000-08-23 00:00:00.000001,2026-08-17 00:00:00.000001,1826,,,,,1826,reachable,screen
USGS-11070270,1969-10-01 00:00:00.000001,2026-08-17 00:00:00.000001,1566,,,,,1566,reachable,screen
USGS-11070365,2000-08-25 00:00:00.000001,2026-08-17 00:00:00.000001,1826,,,,,1826,reachable,screen
USGS-11070465,1983-10-01 00:00:00.000001,2026-08-17 00:00:00.000001,1826,,,,,1826,reachable,screen
USGS-11070500,1916-01-01 00:00:00.000001,2026-08-17 00:00:00.000001,1826,,,,,1826,reachable,screen
USGS-11071760,2018-12-04 00:00:00.000001,2026-08-17 00:00:00.000001,1489,,,,,1489,reachable,screen
USGS-11071900,2012-11-06 00:00:00.000001,2026-08-17 00:00:00.000001,1826,,,,,1826,reachable,screen
USGS-11072100,1980-10-01 00:00:00.000001,2026-08-17 00:00:00.000001,1826,,,,,1826,reachable,screen
USGS-11073300,1998-12-19 00:00:00.000001,2026-08-17 00:00:00.000001,1826,,,,,1826,reachable,screen
USGS-11073360,1969-10-01 00:00:00.000001,2026-08-17 00:00:00.000001,1826,,,,,1826,reachable,screen
USGS-11073495,1968-02-01 00:00:00.000001,2026-08-18 00:00:00.000001,1826,,,,,1826,reachable,screen
USGS-11074000,1940-09-30 00:00:00.000001,2026-08-17 00:00:00.000001,1826,,,,,1826,reachable,screen
USGS-11075720,1961-10-01 00:00:00.000001,2026-08-17 00:00:00.000001,1826,,,,,1826,reachable,screen
USGS-11077500,1928-10-01 00:00:00.000001,2026-08-17 00:00:00.000001,1826,,,,,1826,reachable,screen
USGS-11078000,1923-02-01 00:00:00.000001,2026-08-17 00:00:00.000001,1826,,,,,1826,reachable,screen
USGS-11085000,1942-10-01 00:00:00.000001,2026-08-17 00:00:00.000001,1826,,,,,1826,reachable,screen
USGS-11087020,1955-10-01 00:00:00.000001,2026-08-17 00:00:00.000001,1826,,,,,1826,reachable,screen
USGS-11088500,1942-01-01 00:00:00.000001,2026-08-18 00:00:00.000001,1826,,,,,1826,reachable,screen
USGS-11089500,1941-10-01 00:00:00.000001,2026-08-18 00:00:00.000001,1826,,,,,1826,reachable,screen
USGS-11092450,1931-10-01 00:00:00.000001,2026-08-17 00:00:00.000001,1826,,,,,1826,reachable,screen
USGS-11097000,1932-05-01 00:00:00.000001,2026-08-17 00:00:00.000001,1826,,,,,1826,reachable,screen
USGS-11098000,1910-12-01 00:00:00.000001,2026-08-17 00:00:00.000001,1826,,,,,1826,reachable,screen
USGS-11101250,1956-03-01 00:00:00.000001,2026-08-17 00:00:00.000001,1826,,,,,1826,reachable,screen
USGS-11102300,1966-10-01 00:00:00.000001,2026-08-17 00:00:00.000001,1826,,,,,1826,reachable,screen
USGS-11109000,1927-10-01 00:00:00.000001,2026-08-17 00:00:00.000001,1826,,,,,1826,reachable,screen
USGS-11109600,1955-10-01 00:00:00.000001,2026-08-17 00:00:00.000001,1826,,,,,1826,reachable,screen
USGS-11109800,1955-10-01 00:00:00.000001,2026-08-17 00:00:00.000001,1373,,,,,1373,reachable,screen
USGS-11111500,1947-10-01 00:00:00.000001,2026-08-17 00:00:00.000001,1826,,,,,1826,reachable,screen
USGS-11113000,1911-08-31 00:00:00.000001,2026-08-17 00:00:00.000001,1825,,,,,1825,reachable,screen
USGS-11113500,1927-10-01 00:00:00.000001,2026-08-17 00:00:00.000001,1826,,,,,1826,reachable,screen
USGS-11114495,2002-02-15 00:00:00.000001,2025-09-30 00:00:00.000001,1826,,,,,1826,reachable,screen
USGS-11118500,1929-10-01 00:00:00.000001,2026-08-17 00:00:00.000001,1826,,,,,1826,reachable,screen
USGS-11119500,1941-01-01 00:00:00.000001,2026-08-14 00:00:00.000001,1826,,,,,1826,reachable,screen
USGS-11119745,1983-10-28 00:00:00.000001,2021-09-30 00:00:00.000001,1369,,,,,1369,reachable,screen
USGS-11119750,1970-10-01 00:00:00.000001,2026-08-17 00:00:00.000001,1826,,,,,1826,reachable,screen
USGS-11119940,1970-10-01 00:00:00.000001,2026-08-17 00:00:00.000001,1826,,,,,1826,reachable,screen
USGS-11120000,1941-10-01 00:00:00.000001,2026-08-18 00:00:00.000001,1826,,,,,1826,reachable,screen
USGS-11120500,1941-01-01 00:00:00.000001,2026-08-17 00:00:00.000001,1826,,,,,1826,reachable,screen
USGS-11120520,1970-10-01 00:00:00.000001,2026-08-17 00:00:00.000001,1493,,,,,1493,reachable,screen
USGS-11121900,1970-10-01 00:00:00.000001,2026-08-16 00:00:00.000001,1826,,,,,1826,reachable,screen
USGS-11122010,1988-10-01 00:00:00.000001,2026-08-16 00:00:00.000001,1826,,,,,1826,reachable,screen
USGS-11123000,1933-10-01 00:00:00.000001,2026-08-16 00:00:00.000001,1826,,,,,1826,reachable,screen
USGS-11123500,1947-05-13 00:00:00.000001,2026-08-17 00:00:00.000001,1826,,,,,1826,reachable,screen
USGS-11124500,1941-10-01 00:00:00.000001,2026-08-17 00:00:00.000001,1826,,,,,1826,reachable,screen
USGS-11125600,2002-03-23 00:00:00.000001,2016-12-01 00:00:00.000001,0,0.0,5306.0,2002-03-23 00:00:00,2016-12-01 00:00:00,0,unreachable,individual fetch
USGS-11125605,2016-12-07 00:00:00.000001,2026-08-17 00:00:00.000001,1801,,,,,1801,reachable,screen
USGS-11126000,1929-01-01 00:00:00.000001,2009-09-29 00:00:00.000001,0,0.0,20672.0,1929-01-01 00:00:00,2009-09-29 00:00:00,0,unreachable,individual fetch
USGS-11126400,2022-10-01 00:00:00.000001,2026-08-17 00:00:00.000001,92,,,,,92,reachable,screen
USGS-11128250,1970-10-01 00:00:00.000001,2026-08-17 00:00:00.000001,1826,,,,,1826,reachable,screen
USGS-11128500,1928-10-01 00:00:00.000001,2026-08-17 00:00:00.000001,1826,,,,,1826,reachable,screen
USGS-11129800,1963-10-01 00:00:00.000001,2026-08-17 00:00:00.000001,1826,,,,,1826,reachable,screen
USGS-11132500,1941-04-01 00:00:00.000001,2026-08-17 00:00:00.000001,1826,,,,,1826,reachable,screen
USGS-11133000,1952-05-01 00:00:00.000001,2026-08-17 00:00:00.000001,1826,,,,,1826,reachable,screen
USGS-11134000,1946-10-01 00:00:00.000001,2026-08-14 00:00:00.000001,1826,,,,,1826,reachable,screen
USGS-11135800,1970-10-01 00:00:00.000001,2026-08-17 00:00:00.000001,1826,,,,,1826,reachable,screen
USGS-11136040,2016-12-15 00:00:00.000001,2026-08-18 00:00:00.000001,341,,,,,341,reachable,screen
USGS-11136045,2023-03-28 00:00:00.000001,2026-08-18 00:00:00.000001,0,0.0,1239.0,2023-03-28 00:00:00,2026-08-19 00:00:00,0,unreachable,individual fetch
USGS-11136100,1955-10-01 00:00:00.000001,2026-08-17 00:00:00.000001,1711,,,,,1711,reachable,screen
USGS-11136500,1945-09-30 00:00:00.000001,2026-08-17 00:00:00.000001,457,,,,,457,reachable,screen
USGS-11136600,2009-10-01 00:00:00.000001,2026-08-17 00:00:00.000001,1826,,,,,1826,reachable,screen
USGS-11136710,2021-10-01 00:00:00.000001,2026-08-17 00:00:00.000001,457,,,,,457,reachable,screen
USGS-11136800,1959-10-01 00:00:00.000001,2026-08-17 00:00:00.000001,1826,,,,,1826,reachable,screen
USGS-11137900,1959-06-01 00:00:00.000001,2026-08-17 00:00:00.000001,1826,,,,,1826,reachable,screen
USGS-11138500,1929-10-01 00:00:00.000001,2026-02-26 00:00:00.000001,1004,,,,,1004,reachable,screen
USGS-11140000,1941-02-01 00:00:00.000001,2026-08-17 00:00:00.000001,1826,,,,,1826,reachable,screen
USGS-11140585,1999-04-01 00:00:00.000001,2026-08-18 00:00:00.000001,1826,,,,,1826,reachable,screen
USGS-11141050,1982-10-01 00:00:00.000001,2026-08-17 00:00:00.000001,1826,,,,,1826,reachable,screen
USGS-11141280,1967-07-21 00:00:00.000001,2026-08-17 00:00:00.000001,1826,,,,,1826,reachable,screen
USGS-11143000,1950-04-01 00:00:00.000001,2026-08-17 00:00:00.000001,1826,,,,,1826,reachable,screen
USGS-11143200,1957-08-01 00:00:00.000001,2026-08-17 00:00:00.000001,1826,,,,,1826,reachable,screen
USGS-11143250,1962-08-01 00:00:00.000001,2026-08-17 00:00:00.000001,1826,,,,,1826,reachable,screen
USGS-11147070,1961-10-01 00:00:00.000001,2025-01-09 00:00:00.000001,0,0.0,12761.0,1961-10-01 00:00:00,2025-01-09 00:00:00,0,unreachable,individual fetch
USGS-11147098,2022-10-26 00:00:00.000001,2025-01-16 00:00:00.000001,67,,,,,67,reachable,screen
USGS-11147500,1939-11-01 00:00:00.000001,2026-08-17 00:00:00.000001,1826,,,,,1826,reachable,screen
USGS-11148500,1954-10-01 00:00:00.000001,2019-02-03 00:00:00.000001,399,,,,,399,reachable,screen
USGS-11148900,1971-09-16 00:00:00.000001,2026-08-17 00:00:00.000001,1826,,,,,1826,reachable,screen
USGS-11149400,1957-10-01 00:00:00.000001,2026-08-17 00:00:00.000001,1826,,,,,1826,reachable,screen
USGS-11149900,1965-10-01 00:00:00.000001,2026-08-17 00:00:00.000001,1826,,,,,1826,reachable,screen
USGS-11150500,1948-10-01 00:00:00.000001,2026-08-17 00:00:00.000001,1826,,,,,1826,reachable,screen
USGS-11151300,1958-10-01 00:00:00.000001,2026-08-18 00:00:00.000001,1826,,,,,1826,reachable,screen
USGS-11151700,1968-10-01 00:00:00.000001,2026-08-17 00:00:00.000001,1826,,,,,1826,reachable,screen
USGS-11151870,1961-10-01 00:00:00.000001,2026-08-17 00:00:00.000001,729,,,,,729,reachable,screen
USGS-11152000,1901-10-01 00:00:00.000001,2026-08-17 00:00:00.000001,1826,,,,,1826,reachable,screen
USGS-11152050,1994-10-01 00:00:00.000001,2026-08-17 00:00:00.000001,1826,,,,,1826,reachable,screen
USGS-11152300,1976-10-01 00:00:00.000001,2026-08-18 00:00:00.000001,1826,,,,,1826,reachable,screen
USGS-11152500,1929-10-01 00:00:00.000001,2026-08-17 00:00:00.000001,1826,,,,,1826,reachable,screen
USGS-11152650,1970-10-01 00:00:00.000001,2026-08-17 00:00:00.000001,1826,,,,,1826,reachable,screen
USGS-11152900,1961-10-01 00:00:00.000001,2025-09-30 00:00:00.000001,0,0.0,8270.0,1961-10-01 00:00:00,2025-09-30 00:00:00,0,unreachable,individual fetch
USGS-11153000,1939-10-01 00:00:00.000001,2026-08-17 00:00:00.000001,1826,,,,,1826,reachable,screen
USGS-11153650,2002-11-23 00:00:00.000001,2026-08-17 00:00:00.000001,1826,,,,,1826,reachable,screen
USGS-11156500,1939-10-01 00:00:00.000001,2026-08-17 00:00:00.000001,1826,,,,,1826,reachable,screen
USGS-11157500,1922-12-08 00:00:00.000001,2026-08-17 00:00:00.000001,1826,,,,,1826,reachable,screen
USGS-11158600,1970-10-01 00:00:00.000001,2026-08-17 00:00:00.000001,1826,,,,,1826,reachable,screen
USGS-11159000,1939-10-01 00:00:00.000001,2026-08-17 00:00:00.000001,1826,,,,,1826,reachable,screen
USGS-11159200,1956-10-01 00:00:00.000001,2026-08-17 00:00:00.000001,1826,,,,,1826,reachable,screen
USGS-11159490,2022-01-28 00:00:00.000001,2026-08-17 00:00:00.000001,338,,,,,338,reachable,screen
USGS-11159500,1911-10-01 00:00:00.000001,2026-08-14 00:00:00.000001,1423,,,,,1423,reachable,screen
USGS-11159690,1971-10-01 00:00:00.000001,2026-05-20 00:00:00.000001,0,0.0,5715.0,1971-10-01 00:00:00,2026-04-29 00:00:00,0,unreachable,individual fetch
USGS-11160000,1951-05-01 00:00:00.000001,2026-08-17 00:00:00.000001,1826,,,,,1826,reachable,screen
USGS-11160500,1936-10-01 00:00:00.000001,2026-08-15 00:00:00.000001,1826,,,,,1826,reachable,screen
USGS-11161000,1952-10-01 00:00:00.000001,2026-08-17 00:00:00.000001,1826,,,,,1826,reachable,screen
USGS-11162500,1951-04-14 00:00:00.000001,2026-08-18 00:00:00.000001,1826,,,,,1826,reachable,screen
USGS-11162540,1962-07-01 00:00:00.000001,2026-08-17 00:00:00.000001,0,0.0,9817.0,1962-07-01 00:00:00,2026-08-18 00:00:00,0,unreachable,individual fetch
USGS-11162570,1969-10-01 00:00:00.000001,2026-08-17 00:00:00.000001,1826,,,,,1826,reachable,screen
USGS-111626182,2022-03-02 00:00:00.000001,2026-08-17 00:00:00.000001,305,,,,,305,reachable,screen
USGS-11162619,2022-03-01 00:00:00.000001,2026-08-17 00:00:00.000001,306,,,,,306,reachable,screen
USGS-11162620,1997-10-01 00:00:00.000001,2026-08-17 00:00:00.000001,1826,,,,,1826,reachable,screen
USGS-11162630,1966-07-01 00:00:00.000001,2026-08-17 00:00:00.000001,1826,,,,,1826,reachable,screen
USGS-11162735,2022-02-24 00:00:00.000001,2026-08-17 00:00:00.000001,311,,,,,311,reachable,screen
USGS-11162737,2022-02-24 00:00:00.000001,2026-08-17 00:00:00.000001,311,,,,,311,reachable,screen
USGS-11162753,2008-09-12 00:00:00.000001,2026-08-17 00:00:00.000001,1826,,,,,1826,reachable,screen
USGS-11164500,1930-10-01 00:00:00.000001,2026-08-17 00:00:00.000001,1826,,,,,1826,reachable,screen
USGS-11169025,2002-05-23 00:00:00.000001,2026-08-17 00:00:00.000001,1826,,,,,1826,reachable,screen
USGS-11169500,1933-10-01 00:00:00.000001,2026-08-17 00:00:00.000001,1826,,,,,1826,reachable,screen
USGS-11169800,1960-10-01 00:00:00.000001,2026-08-17 00:00:00.000001,1826,,,,,1826,reachable,screen
USGS-11169860,2017-11-29 00:00:00.000001,2026-08-17 00:00:00.000001,1826,,,,,1826,reachable,screen
USGS-11170000,1903-01-27 00:00:00.000001,2026-08-17 00:00:00.000001,334,,,,,334,reachable,screen
USGS-11172175,1999-01-01 00:00:00.000001,2026-08-17 00:00:00.000001,1826,,,,,1826,reachable,screen
USGS-11172945,1994-10-01 00:00:00.000001,2026-08-17 00:00:00.000001,1826,,,,,1826,reachable,screen
USGS-11172955,2010-10-01 00:00:00.000001,2026-08-17 00:00:00.000001,1826,,,,,1826,reachable,screen
USGS-11173200,1968-10-01 00:00:00.000001,2026-08-17 00:00:00.000001,1826,,,,,1826,reachable,screen
USGS-11173500,1898-04-01 00:00:00.000001,2026-08-17 00:00:00.000001,1826,,,,,1826,reachable,screen
USGS-11173510,1995-10-01 00:00:00.000001,2026-08-17 00:00:00.000001,1826,,,,,1826,reachable,screen
USGS-11173575,1999-10-01 00:00:00.000001,2026-08-17 00:00:00.000001,1826,,,,,1826,reachable,screen
USGS-11173800,2014-03-12 00:00:00.000001,2026-08-17 00:00:00.000001,1458,,,,,1458,reachable,screen
USGS-11174000,1912-01-01 00:00:00.000001,2026-08-17 00:00:00.000001,1826,,,,,1826,reachable,screen
USGS-11174160,2023-09-29 00:00:00.000001,2026-08-17 00:00:00.000001,0,0.0,1020.0,2023-09-29 00:00:00,2026-08-18 00:00:00,0,unreachable,individual fetch
USGS-11174600,1979-08-30 00:00:00.000001,2026-08-17 00:00:00.000001,1826,,,,,1826,reachable,screen
USGS-11176340,2022-12-23 00:00:00.000001,2026-08-17 00:00:00.000001,9,,,,,9,reachable,screen
USGS-11176400,1963-10-01 00:00:00.000001,2026-08-18 00:00:00.000001,1826,,,,,1826,reachable,screen
USGS-11176500,1912-04-01 00:00:00.000001,2026-08-18 00:00:00.000001,1826,,,,,1826,reachable,screen
USGS-11176900,1912-04-01 00:00:00.000001,2026-08-17 00:00:00.000001,1826,,,,,1826,reachable,screen
USGS-11179000,1891-01-01 00:00:00.000001,2026-08-17 00:00:00.000001,1826,,,,,1826,reachable,screen
USGS-11179100,2012-12-04 00:00:00.000001,2026-08-17 00:00:00.000001,1826,,,,,1826,reachable,screen
USGS-11180500,1916-10-01 00:00:00.000001,2026-08-17 00:00:00.000001,1826,,,,,1826,reachable,screen
USGS-11180700,1958-10-01 00:00:00.000001,2026-08-17 00:00:00.000001,1826,,,,,1826,reachable,screen
USGS-11180825,1980-10-01 00:00:00.000001,2026-08-17 00:00:00.000001,1826,,,,,1826,reachable,screen
USGS-11180900,1997-10-01 00:00:00.000001,2026-08-17 00:00:00.000001,1826,,,,,1826,reachable,screen
USGS-11180960,1978-10-01 00:00:00.000001,2026-08-17 00:00:00.000001,1826,,,,,1826,reachable,screen
USGS-11181000,1940-04-01 00:00:00.000001,2026-08-17 00:00:00.000001,1826,,,,,1826,reachable,screen
USGS-11181008,1971-10-01 00:00:00.000001,2026-08-18 00:00:00.000001,1826,,,,,1826,reachable,screen
USGS-11181040,1967-10-01 00:00:00.000001,2026-08-17 00:00:00.000001,1826,,,,,1826,reachable,screen
USGS-11182500,1952-10-01 00:00:00.000001,2026-08-17 00:00:00.000001,1826,,,,,1826,reachable,screen
USGS-11189500,1911-09-12 00:00:00.000001,2026-08-17 00:00:00.000001,1826,,,,,1826,reachable,screen
USGS-11200800,1968-09-01 00:00:00.000001,2026-08-17 00:00:00.000001,1826,,,,,1826,reachable,screen
USGS-11203580,2000-01-22 00:00:00.000001,2026-08-18 00:00:00.000001,1826,,,,,1826,reachable,screen
USGS-11204100,2000-09-02 00:00:00.000001,2026-08-17 00:00:00.000001,1658,,,,,1658,reachable,screen
USGS-11206820,2013-10-01 00:00:00.000001,2026-08-18 00:00:00.000001,1826,,,,,1826,reachable,screen
USGS-11224000,2009-10-27 00:00:00.000001,2026-08-17 00:00:00.000001,1826,,,,,1826,reachable,screen
USGS-11224500,1945-05-01 00:00:00.000001,2026-08-18 00:00:00.000001,1826,,,,,1826,reachable,screen
USGS-11251000,1907-10-01 00:00:00.000001,2026-08-17 00:00:00.000001,1826,,,,,1826,reachable,screen
USGS-11253310,1966-10-01 00:00:00.000001,2026-08-17 00:00:00.000001,1826,,,,,1826,reachable,screen
USGS-11254000,1939-10-01 00:00:00.000001,2023-09-11 00:00:00.000001,1530,,,,,1530,reachable,screen
USGS-11255575,1997-12-01 00:00:00.000001,2026-08-17 00:00:00.000001,1107,,,,,1107,reachable,screen
USGS-11261100,1985-10-01 00:00:00.000001,2026-08-18 00:00:00.000001,1826,,,,,1826,reachable,screen
USGS-11261500,1937-04-01 00:00:00.000001,2026-08-17 00:00:00.000001,1826,,,,,1826,reachable,screen
USGS-11262900,1985-10-01 00:00:00.000001,2026-08-16 00:00:00.000001,1826,,,,,1826,reachable,screen
USGS-11264500,1915-08-23 00:00:00.000001,2026-08-17 00:00:00.000001,1826,,,,,1826,reachable,screen
USGS-11266500,1916-10-01 00:00:00.000001,2026-08-17 00:00:00.000001,1826,,,,,1826,reachable,screen
USGS-11273400,2009-08-28 00:00:00.000001,2026-08-17 00:00:00.000001,1752,,,,,1752,reachable,screen
USGS-11274000,1912-05-01 00:00:00.000001,2026-08-17 00:00:00.000001,1826,,,,,1826,reachable,screen
USGS-11274500,1932-04-01 00:00:00.000001,2026-08-17 00:00:00.000001,1826,,,,,1826,reachable,screen
USGS-11274550,1995-10-01 00:00:00.000001,2026-08-17 00:00:00.000001,1826,,,,,1826,reachable,screen
USGS-11274630,1965-06-18 00:00:00.000001,2026-08-17 00:00:00.000001,1825,,,,,1825,reachable,screen
USGS-11274790,2006-10-13 00:00:00.000001,2026-08-17 00:00:00.000001,1826,,,,,1826,reachable,screen
USGS-11276500,1910-10-01 00:00:00.000001,2026-08-17 00:00:00.000001,1826,,,,,1826,reachable,screen
USGS-11276600,1970-10-01 00:00:00.000001,2026-08-17 00:00:00.000001,1826,,,,,1826,reachable,screen
USGS-11276900,1966-10-01 00:00:00.000001,2026-08-17 00:00:00.000001,1826,,,,,1826,reachable,screen
USGS-11277300,1956-11-01 00:00:00.000001,2026-08-17 00:00:00.000001,1826,,,,,1826,reachable,screen
USGS-11278000,1909-10-01 00:00:00.000001,2026-08-17 00:00:00.000001,1826,,,,,1826,reachable,screen
USGS-11278300,1956-06-01 00:00:00.000001,2026-08-18 00:00:00.000001,1826,,,,,1826,reachable,screen
USGS-11278400,1963-04-01 00:00:00.000001,2026-08-17 00:00:00.000001,1826,,,,,1826,reachable,screen
USGS-11284400,1969-05-01 00:00:00.000001,2026-08-17 00:00:00.000001,1826,,,,,1826,reachable,screen
USGS-11289000,1909-01-01 00:00:00.000001,2026-08-17 00:00:00.000001,1826,,,,,1826,reachable,screen
USGS-11289500,1899-07-01 00:00:00.000001,2026-08-17 00:00:00.000001,1826,,,,,1826,reachable,screen
USGS-11289650,1970-10-01 00:00:00.000001,2026-08-17 00:00:00.000001,1826,,,,,1826,reachable,screen
USGS-11289850,2020-01-23 00:00:00.000001,2026-08-17 00:00:00.000001,1074,,,,,1074,reachable,screen
USGS-11290000,1895-01-01 00:00:00.000001,2026-08-17 00:00:00.000001,1826,,,,,1826,reachable,screen
USGS-11299600,1983-08-24 00:00:00.000001,2026-08-17 00:00:00.000001,1826,,,,,1826,reachable,screen
USGS-11303000,1940-10-01 00:00:00.000001,2026-08-17 00:00:00.000001,1826,,,,,1826,reachable,screen
USGS-11303500,1923-10-01 00:00:00.000001,2026-08-17 00:00:00.000001,1826,,,,,1826,reachable,screen
USGS-11304810,,,0,0.0,0.0,,,0,unreachable,individual fetch
USGS-11311300,,,0,0.0,0.0,,,0,unreachable,individual fetch
USGS-11312672,,,0,0.0,0.0,,,0,unreachable,individual fetch
USGS-11312676,,,0,0.0,0.0,,,0,unreachable,individual fetch
USGS-11312685,,,0,0.0,0.0,,,0,unreachable,individual fetch
USGS-11312968,,,0,0.0,0.0,,,0,unreachable,individual fetch
USGS-11313240,,,0,0.0,0.0,,,0,unreachable,individual fetch
USGS-11313315,,,0,0.0,0.0,,,0,unreachable,individual fetch
USGS-11313405,,,0,0.0,0.0,,,0,unreachable,individual fetch
USGS-11313431,,,0,0.0,0.0,,,0,unreachable,individual fetch
USGS-11313433,,,0,0.0,0.0,,,0,unreachable,individual fetch
USGS-11313434,,,0,0.0,0.0,,,0,unreachable,individual fetch
USGS-11313440,,,0,0.0,0.0,,,0,unreachable,individual fetch
USGS-11313452,,,0,0.0,0.0,,,0,unreachable,individual fetch
USGS-11313460,,,0,0.0,0.0,,,0,unreachable,individual fetch
USGS-11335000,1907-10-01 00:00:00.000001,2026-08-17 00:00:00.000001,1826,,,,,1826,reachable,screen
USGS-11336585,1995-10-01 00:00:00.000001,2018-10-21 00:00:00.000001,294,,,,,294,reachable,screen
USGS-11336600,,,0,0.0,0.0,,,0,unreachable,individual fetch
USGS-11336680,,,0,0.0,0.0,,,0,unreachable,individual fetch
USGS-11336685,,,0,0.0,0.0,,,0,unreachable,individual fetch
USGS-11336790,,,0,0.0,0.0,,,0,unreachable,individual fetch
USGS-11336930,,,0,0.0,0.0,,,0,unreachable,individual fetch
USGS-11336955,,,0,0.0,0.0,,,0,unreachable,individual fetch
USGS-11337080,,,0,0.0,0.0,,,0,unreachable,individual fetch
USGS-11337190,,,0,0.0,0.0,,,0,unreachable,individual fetch
USGS-11342000,1944-10-01 00:00:00.000001,2026-08-17 00:00:00.000001,1826,,,,,1826,reachable,screen
USGS-11345500,1928-10-01 00:00:00.000001,2026-08-18 00:00:00.000001,1826,,,,,1826,reachable,screen
USGS-11348500,2026-07-06 00:00:00.000001,2026-08-17 00:00:00.000001,0,0.0,44.0,2026-07-06 00:00:00,2026-08-18 00:00:00,0,unreachable,individual fetch
USGS-11355010,1975-08-01 00:00:00.000001,2026-08-17 00:00:00.000001,1826,,,,,1826,reachable,screen
USGS-11355500,1926-07-07 00:00:00.000001,2026-08-17 00:00:00.000001,1826,,,,,1826,reachable,screen
USGS-11362890,1991-10-01 00:00:00.000001,2025-09-30 00:00:00.000001,1578,,,,,1578,reachable,screen
USGS-11370500,1938-10-01 00:00:00.000001,2026-08-17 00:00:00.000001,1826,,,,,1826,reachable,screen
USGS-11370700,1991-04-01 00:00:00.000001,2026-08-17 00:00:00.000001,707,,,,,707,reachable,screen
USGS-11372000,1940-10-01 00:00:00.000001,2026-08-17 00:00:00.000001,1826,,,,,1826,reachable,screen
USGS-11374000,1949-10-01 00:00:00.000001,2026-08-17 00:00:00.000001,1826,,,,,1826,reachable,screen
USGS-11376000,1940-10-01 00:00:00.000001,2026-08-17 00:00:00.000001,1826,,,,,1826,reachable,screen
USGS-11376550,1961-10-01 00:00:00.000001,2026-08-17 00:00:00.000001,1826,,,,,1826,reachable,screen
USGS-11377100,1891-10-01 00:00:00.000001,2026-08-17 00:00:00.000001,1826,,,,,1826,reachable,screen
USGS-11379500,1948-10-01 00:00:00.000001,2026-08-17 00:00:00.000001,1826,,,,,1826,reachable,screen
USGS-11381500,1928-10-01 00:00:00.000001,2026-08-17 00:00:00.000001,1826,,,,,1826,reachable,screen
USGS-11383500,1911-10-01 00:00:00.000001,2026-08-17 00:00:00.000001,1826,,,,,1826,reachable,screen
USGS-11389500,1921-04-11 00:00:00.000001,2026-08-17 00:00:00.000001,1826,,,,,1826,reachable,screen
USGS-11390000,1930-10-01 00:00:00.000001,2026-08-17 00:00:00.000001,1826,,,,,1826,reachable,screen
USGS-11390500,1938-10-01 00:00:00.000001,2026-08-17 00:00:00.000001,1826,,,,,1826,reachable,screen
USGS-11401920,2009-11-11 00:00:00.000001,2026-08-17 00:00:00.000001,1826,,,,,1826,reachable,screen
USGS-11402000,1933-10-01 00:00:00.000001,2026-08-17 00:00:00.000001,1826,,,,,1826,reachable,screen
USGS-11413000,1930-10-01 00:00:00.000001,2026-08-17 00:00:00.000001,1826,,,,,1826,reachable,screen
USGS-11418500,1935-10-01 00:00:00.000001,2026-08-17 00:00:00.000001,1826,,,,,1826,reachable,screen
USGS-11421000,1943-10-01 00:00:00.000001,2026-08-17 00:00:00.000001,1826,,,,,1826,reachable,screen
USGS-11424000,1928-10-23 00:00:00.000001,2026-08-18 00:00:00.000001,1826,,,,,1826,reachable,screen
USGS-11425500,1929-10-01 00:00:00.000001,2026-08-17 00:00:00.000001,1826,,,,,1826,reachable,screen
USGS-11427000,1941-10-01 00:00:00.000001,2026-08-17 00:00:00.000001,1826,,,,,1826,reachable,screen
USGS-11446500,1904-10-01 00:00:00.000001,2026-08-17 00:00:00.000001,1826,,,,,1826,reachable,screen
USGS-11447360,1963-08-01 00:00:00.000001,2026-08-17 00:00:00.000001,1826,,,,,1826,reachable,screen
USGS-11447650,1948-10-01 00:00:00.000001,2015-09-30 00:00:00.000001,0,0.0,24471.0,1948-10-01 00:00:00,2015-09-30 00:00:00,0,unreachable,individual fetch
USGS-11447830,,,0,0.0,0.0,,,0,unreachable,individual fetch
USGS-11447850,,,0,0.0,0.0,,,0,unreachable,individual fetch
USGS-11447890,,,0,0.0,0.0,,,0,unreachable,individual fetch
USGS-11447903,,,0,0.0,0.0,,,0,unreachable,individual fetch
USGS-11447905,,,0,0.0,0.0,,,0,unreachable,individual fetch
USGS-11448750,2020-11-05 00:00:00.000001,2026-06-10 00:00:00.000001,481,,,,,481,reachable,screen
USGS-11448800,2020-11-06 00:00:00.000001,2026-08-05 00:00:00.000001,480,,,,,480,reachable,screen
USGS-11449235,2022-10-01 00:00:00.000001,2026-08-17 00:00:00.000001,92,,,,,92,reachable,screen
USGS-11449255,2022-10-01 00:00:00.000001,2026-08-18 00:00:00.000001,92,,,,,92,reachable,screen
USGS-11449370,2022-10-01 00:00:00.000001,2024-04-30 00:00:00.000001,92,,,,,92,reachable,screen
USGS-11449500,1946-10-01 00:00:00.000001,2026-08-18 00:00:00.000001,1826,,,,,1826,reachable,screen
USGS-11449820,2022-10-01 00:00:00.000001,2026-08-17 00:00:00.000001,92,,,,,92,reachable,screen
USGS-11451000,1944-10-01 00:00:00.000001,2026-08-17 00:00:00.000001,1826,,,,,1826,reachable,screen
USGS-11451100,1971-10-01 00:00:00.000001,2026-08-17 00:00:00.000001,1826,,,,,1826,reachable,screen
USGS-11451300,1983-10-01 00:00:00.000001,2026-08-17 00:00:00.000001,1826,,,,,1826,reachable,screen
USGS-11451715,1997-11-20 00:00:00.000001,2026-08-18 00:00:00.000001,1826,,,,,1826,reachable,screen
USGS-11451800,2015-10-01 00:00:00.000001,2026-08-17 00:00:00.000001,1826,,,,,1826,reachable,screen
USGS-11452500,1903-01-01 00:00:00.000001,2026-08-17 00:00:00.000001,1826,,,,,1826,reachable,screen
USGS-11452800,2008-01-11 00:00:00.000001,2026-04-30 00:00:00.000001,1066,,,,,1066,reachable,screen
USGS-11452900,2009-02-18 00:00:00.000001,2026-04-30 00:00:00.000001,1061,,,,,1061,reachable,screen
USGS-11453000,1939-10-01 00:00:00.000001,2026-08-17 00:00:00.000001,1826,,,,,1826,reachable,screen
USGS-11453500,1904-10-01 00:00:00.000001,2026-08-17 00:00:00.000001,1826,,,,,1826,reachable,screen
USGS-11453590,2020-12-24 00:00:00.000001,2026-08-17 00:00:00.000001,432,,,,,432,reachable,screen
USGS-11454000,1930-06-28 00:00:00.000001,2026-08-17 00:00:00.000001,1826,,,,,1826,reachable,screen
USGS-11455095,,,0,0.0,0.0,,,0,unreachable,individual fetch
USGS-11455140,,,0,0.0,0.0,,,0,unreachable,individual fetch
USGS-11455276,,,0,0.0,0.0,,,0,unreachable,individual fetch
USGS-11455315,,,0,0.0,0.0,,,0,unreachable,individual fetch
USGS-11455338,,,0,0.0,0.0,,,0,unreachable,individual fetch
USGS-11455385,,,0,0.0,0.0,,,0,unreachable,individual fetch
USGS-11455420,,,0,0.0,0.0,,,0,unreachable,individual fetch
USGS-11456000,1929-10-01 00:00:00.000001,2026-08-17 00:00:00.000001,1826,,,,,1826,reachable,screen
USGS-11458000,1929-10-01 00:00:00.000001,2026-08-18 00:00:00.000001,1826,,,,,1826,reachable,screen
USGS-11458433,2008-10-01 00:00:00.000001,2026-08-17 00:00:00.000001,1826,,,,,1826,reachable,screen
USGS-11458500,1955-02-09 00:00:00.000001,2026-08-17 00:00:00.000001,1826,,,,,1826,reachable,screen
USGS-11458600,2016-10-14 00:00:00.000001,2026-08-17 00:00:00.000001,1061,,,,,1061,reachable,screen
USGS-11459500,1946-10-01 00:00:00.000001,2026-08-17 00:00:00.000001,1826,,,,,1826,reachable,screen
USGS-11460000,1951-02-22 00:00:00.000001,2026-08-17 00:00:00.000001,1826,,,,,1826,reachable,screen
USGS-11460151,2014-10-01 00:00:00.000001,2026-08-18 00:00:00.000001,1826,,,,,1826,reachable,screen
USGS-11460400,1982-12-21 00:00:00.000001,2026-08-17 00:00:00.000001,1826,,,,,1826,reachable,screen
USGS-11460600,1974-10-01 00:00:00.000001,2026-08-17 00:00:00.000001,1826,,,,,1826,reachable,screen
USGS-11460605,2017-10-01 00:00:00.000001,2026-08-17 00:00:00.000001,1826,,,,,1826,reachable,screen
USGS-11460750,1983-10-01 00:00:00.000001,2026-08-17 00:00:00.000001,1826,,,,,1826,reachable,screen
USGS-11461500,1941-10-01 00:00:00.000001,2026-08-17 00:00:00.000001,1826,,,,,1826,reachable,screen
USGS-11462080,2009-08-06 00:00:00.000001,2026-08-17 00:00:00.000001,1826,,,,,1826,reachable,screen
USGS-11462500,1939-10-01 00:00:00.000001,2026-08-17 00:00:00.000001,1826,,,,,1826,reachable,screen
USGS-11463000,1951-08-01 00:00:00.000001,2026-08-17 00:00:00.000001,1826,,,,,1826,reachable,screen
USGS-11463170,1980-10-01 00:00:00.000001,2026-08-17 00:00:00.000001,1826,,,,,1826,reachable,screen
USGS-11463200,1957-07-01 00:00:00.000001,2026-08-17 00:00:00.000001,1676,,,,,1676,reachable,screen
USGS-11463500,1910-10-01 00:00:00.000001,2026-08-17 00:00:00.000001,1826,,,,,1826,reachable,screen
USGS-11463682,2009-07-01 00:00:00.000001,2026-08-18 00:00:00.000001,1826,,,,,1826,reachable,screen
USGS-11463900,1961-01-01 00:00:00.000001,2026-08-17 00:00:00.000001,1754,,,,,1754,reachable,screen
USGS-11463980,1987-10-01 00:00:00.000001,2026-08-17 00:00:00.000001,1380,,,,,1380,reachable,screen
USGS-11464000,1939-10-01 00:00:00.000001,2026-08-17 00:00:00.000001,1826,,,,,1826,reachable,screen
USGS-11465240,2011-11-10 00:00:00.000001,2026-08-17 00:00:00.000001,1814,,,,,1814,reachable,screen
USGS-11465350,1981-10-01 00:00:00.000001,2026-08-17 00:00:00.000001,1826,,,,,1826,reachable,screen
USGS-11465390,2009-06-01 00:00:00.000001,2026-08-17 00:00:00.000001,889,,,,,889,reachable,screen
USGS-11465660,2006-10-01 00:00:00.000001,2026-04-30 00:00:00.000001,1061,,,,,1061,reachable,screen
USGS-11465680,1998-11-06 00:00:00.000001,2026-08-17 00:00:00.000001,1826,,,,,1826,reachable,screen
USGS-11465690,2006-10-01 00:00:00.000001,2026-04-30 00:00:00.000001,1061,,,,,1061,reachable,screen
USGS-11465700,1998-11-07 00:00:00.000001,2026-08-18 00:00:00.000001,1826,,,,,1826,reachable,screen
USGS-11465750,1998-11-18 00:00:00.000001,2026-08-17 00:00:00.000001,1826,,,,,1826,reachable,screen
USGS-11466065,2005-10-01 00:00:00.000001,2010-04-30 00:00:00.000001,0,0.0,1092.0,2005-10-01 00:00:00,2010-04-30 00:00:00,0,unreachable,individual fetch
USGS-11466170,2004-10-01 00:00:00.000001,2026-04-30 00:00:00.000001,1061,,,,,1061,reachable,screen
USGS-11466200,1939-10-01 00:00:00.000001,2026-04-30 00:00:00.000001,1061,,,,,1061,reachable,screen
USGS-11466320,1998-12-09 00:00:00.000001,2026-08-17 00:00:00.000001,1826,,,,,1826,reachable,screen
USGS-11466800,2005-10-01 00:00:00.000001,2026-08-17 00:00:00.000001,1826,,,,,1826,reachable,screen
USGS-11467000,1939-10-01 00:00:00.000001,2026-08-17 00:00:00.000001,1826,,,,,1826,reachable,screen
USGS-11467200,1959-06-01 00:00:00.000001,2026-08-17 00:00:00.000001,1826,,,,,1826,reachable,screen
USGS-11467510,1991-06-01 00:00:00.000001,2026-08-17 00:00:00.000001,1826,,,,,1826,reachable,screen
USGS-11467553,2000-10-01 00:00:00.000001,2026-08-18 00:00:00.000001,1700,,,,,1700,reachable,screen
USGS-11468000,1950-10-01 00:00:00.000001,2026-08-17 00:00:00.000001,1826,,,,,1826,reachable,screen
USGS-11468500,1951-10-01 00:00:00.000001,2026-08-17 00:00:00.000001,1826,,,,,1826,reachable,screen
USGS-11468900,2001-06-21 00:00:00.000001,2026-08-18 00:00:00.000001,1826,,,,,1826,reachable,screen
USGS-11469000,1911-10-01 00:00:00.000001,2026-08-17 00:00:00.000001,1826,,,,,1826,reachable,screen
USGS-11472180,2018-10-01 00:00:00.000001,2026-05-15 00:00:00.000001,999,,,,,999,reachable,screen
USGS-11473900,1965-10-01 00:00:00.000001,2026-08-17 00:00:00.000001,1826,,,,,1826,reachable,screen
USGS-11475000,1955-09-01 00:00:00.000001,2026-08-17 00:00:00.000001,1826,,,,,1826,reachable,screen
USGS-11475500,1946-10-01 00:00:00.000001,2026-08-17 00:00:00.000001,0,0.0,9453.0,1946-10-01 00:00:00,2026-08-18 00:00:00,0,unreachable,individual fetch
USGS-11475560,1967-10-01 00:00:00.000001,2026-08-18 00:00:00.000001,1826,,,,,1826,reachable,screen
USGS-11475800,1965-10-01 00:00:00.000001,2026-08-17 00:00:00.000001,1826,,,,,1826,reachable,screen
USGS-11476500,1939-10-01 00:00:00.000001,2026-08-17 00:00:00.000001,1826,,,,,1826,reachable,screen
USGS-11476600,1960-10-01 00:00:00.000001,2026-08-17 00:00:00.000001,1341,,,,,1341,reachable,screen
USGS-11477000,1910-10-01 00:00:00.000001,2026-08-17 00:00:00.000001,1826,,,,,1826,reachable,screen
USGS-11478500,1950-10-01 00:00:00.000001,2026-08-17 00:00:00.000001,1826,,,,,1826,reachable,screen
USGS-11480390,1980-06-20 00:00:00.000001,2026-08-17 00:00:00.000001,1826,,,,,1826,reachable,screen
USGS-11481000,1910-10-01 00:00:00.000001,2026-08-18 00:00:00.000001,1826,,,,,1826,reachable,screen
USGS-11481200,1955-10-01 00:00:00.000001,2026-08-18 00:00:00.000001,1826,,,,,1826,reachable,screen
USGS-11481500,1953-10-01 00:00:00.000001,2026-08-17 00:00:00.000001,1826,,,,,1826,reachable,screen
USGS-11482500,1911-09-01 00:00:00.000001,2026-08-18 00:00:00.000001,1826,,,,,1826,reachable,screen
USGS-11491450,2024-05-07 00:00:00.000001,2026-08-17 00:00:00.000001,0,0.0,833.0,2024-05-07 00:00:00,2026-08-18 00:00:00,0,unreachable,individual fetch
USGS-11491470,2024-04-11 00:00:00.000001,2026-08-17 00:00:00.000001,0,0.0,822.0,2024-04-11 00:00:00,2026-08-18 00:00:00,0,unreachable,individual fetch
USGS-11491950,2023-12-01 00:00:00.000001,2026-08-17 00:00:00.000001,0,0.0,977.0,2023-12-01 00:00:00,2026-08-18 00:00:00,0,unreachable,individual fetch
USGS-11492550,2023-12-04 00:00:00.000001,2026-08-17 00:00:00.000001,0,0.0,892.0,2023-12-04 00:00:00,2026-08-18 00:00:00,0,unreachable,individual fetch
USGS-11493100,2023-11-30 00:00:00.000001,2026-08-17 00:00:00.000001,0,0.0,883.0,2023-11-30 00:00:00,2026-08-18 00:00:00,0,unreachable,individual fetch
USGS-11493500,1954-10-01 00:00:00.000001,2026-08-17 00:00:00.000001,1826,,,,,1826,reachable,screen
USGS-11501000,1921-03-01 00:00:00.000001,2026-08-17 00:00:00.000001,1826,,,,,1826,reachable,screen
USGS-11502500,1917-10-01 00:00:00.000001,2026-08-17 00:00:00.000001,1826,,,,,1826,reachable,screen
USGS-11504115,2013-08-01 00:00:00.000001,2026-08-17 00:00:00.000001,1825,,,,,1825,reachable,screen
USGS-11504260,2021-08-05 00:00:00.000001,2026-08-17 00:00:00.000001,514,,,,,514,reachable,screen
USGS-11504270,,,0,0.0,0.0,,,0,unreachable,individual fetch
USGS-11504290,2017-05-04 00:00:00.000001,2026-08-17 00:00:00.000001,1826,,,,,1826,reachable,screen
USGS-11507500,1961-10-01 00:00:00.000001,2026-08-17 00:00:00.000001,1826,,,,,1826,reachable,screen
USGS-11509105,2012-02-29 00:00:00.000001,2026-08-18 00:00:00.000001,1826,,,,,1826,reachable,screen
USGS-11509200,2011-10-01 00:00:00.000001,2026-08-17 00:00:00.000001,1825,,,,,1825,reachable,screen
USGS-11509250,2012-09-30 00:00:00.000001,2026-08-17 00:00:00.000001,1826,,,,,1826,reachable,screen
USGS-11509340,2011-10-31 00:00:00.000001,2026-08-17 00:00:00.000001,1826,,,,,1826,reachable,screen
USGS-11509500,1904-06-01 00:00:00.000001,2026-08-17 00:00:00.000001,1826,,,,,1826,reachable,screen
USGS-11510700,1959-01-01 00:00:00.000001,2026-08-18 00:00:00.000001,1826,,,,,1826,reachable,screen
USGS-11516530,1960-10-01 00:00:00.000001,2026-08-17 00:00:00.000001,1826,,,,,1826,reachable,screen
USGS-11517000,1911-10-01 00:00:00.000001,2026-08-17 00:00:00.000001,1826,,,,,1826,reachable,screen
USGS-11517500,1933-10-01 00:00:00.000001,2026-08-17 00:00:00.000001,1826,,,,,1826,reachable,screen
USGS-11519500,1941-10-01 00:00:00.000001,2026-08-18 00:00:00.000001,1826,,,,,1826,reachable,screen
USGS-11520500,1912-10-01 00:00:00.000001,2026-08-17 00:00:00.000001,1826,,,,,1826,reachable,screen
USGS-11521500,1956-12-15 00:00:00.000001,2026-08-17 00:00:00.000001,1826,,,,,1826,reachable,screen
USGS-11522500,1911-10-01 00:00:00.000001,2026-08-17 00:00:00.000001,1826,,,,,1826,reachable,screen
USGS-11523000,1927-10-01 00:00:00.000001,2026-08-17 00:00:00.000001,1826,,,,,1826,reachable,screen
USGS-11523200,1957-10-01 00:00:00.000001,2026-08-17 00:00:00.000001,1826,,,,,1826,reachable,screen
USGS-11525500,1911-10-01 00:00:00.000001,2026-08-18 00:00:00.000001,1826,,,,,1826,reachable,screen
USGS-11525530,2002-10-01 00:00:00.000001,2026-08-17 00:00:00.000001,1826,,,,,1826,reachable,screen
USGS-11525655,1981-04-28 00:00:00.000001,2026-08-17 00:00:00.000001,1826,,,,,1826,reachable,screen
USGS-11525670,2004-10-01 00:00:00.000001,2026-08-18 00:00:00.000001,1826,,,,,1826,reachable,screen
USGS-11525854,2002-10-01 00:00:00.000001,2026-08-17 00:00:00.000001,1826,,,,,1826,reachable,screen
USGS-11526250,2002-10-01 00:00:00.000001,2026-08-18 00:00:00.000001,1826,,,,,1826,reachable,screen
USGS-11526400,2005-03-29 00:00:00.000001,2026-08-17 00:00:00.000001,1826,,,,,1826,reachable,screen
USGS-11527000,1931-10-01 00:00:00.000001,2026-08-17 00:00:00.000001,1826,,,,,1826,reachable,screen
USGS-11528700,1965-10-01 00:00:00.000001,2026-08-17 00:00:00.000001,1826,,,,,1826,reachable,screen
USGS-11530000,1911-10-01 00:00:00.000001,2026-08-17 00:00:00.000001,1826,,,,,1826,reachable,screen
USGS-11530500,1910-10-01 00:00:00.000001,2026-08-17 00:00:00.000001,1826,,,,,1826,reachable,screen
USGS-11532500,1931-10-01 00:00:00.000001,2026-08-17 00:00:00.000001,1826,,,,,1826,reachable,screen
USGS-12010000,1929-05-01 00:00:00.000001,2026-08-17 00:00:00.000001,1826,,,,,1826,reachable,screen
USGS-12013500,1947-08-26 00:00:00.000001,2026-08-17 00:00:00.000001,1826,,,,,1826,reachable,screen
USGS-12020000,1939-10-01 00:00:00.000001,2026-08-17 00:00:00.000001,1826,,,,,1826,reachable,screen
USGS-12020525,2009-12-16 00:00:00.000001,2026-04-30 00:00:00.000001,1061,,,,,1061,reachable,screen
USGS-12020800,1998-10-15 00:00:00.000001,2026-04-30 00:00:00.000001,1061,,,,,1061,reachable,screen
USGS-12021800,2015-10-01 00:00:00.000001,2026-08-17 00:00:00.000001,1826,,,,,1826,reachable,screen
USGS-12024000,1944-07-01 00:00:00.000001,2026-08-17 00:00:00.000001,1067,,,,,1067,reachable,screen
USGS-12024400,1998-10-15 00:00:00.000001,2026-08-17 00:00:00.000001,1074,,,,,1074,reachable,screen
USGS-12025000,1929-03-01 00:00:00.000001,2026-08-17 00:00:00.000001,1826,,,,,1826,reachable,screen
USGS-12025700,1967-10-01 00:00:00.000001,2026-08-17 00:00:00.000001,1826,,,,,1826,reachable,screen
USGS-12026150,1969-08-01 00:00:00.000001,2026-08-17 00:00:00.000001,1826,,,,,1826,reachable,screen
USGS-12026400,1967-12-27 00:00:00.000001,2026-08-17 00:00:00.000001,1826,,,,,1826,reachable,screen
USGS-12027500,1928-10-01 00:00:00.000001,2026-08-18 00:00:00.000001,1826,,,,,1826,reachable,screen
USGS-12031000,1952-02-01 00:00:00.000001,2026-08-17 00:00:00.000001,1826,,,,,1826,reachable,screen
USGS-12035000,1929-04-01 00:00:00.000001,2026-08-17 00:00:00.000001,1826,,,,,1826,reachable,screen
USGS-12035400,1965-10-01 00:00:00.000001,2026-08-17 00:00:00.000001,1825,,,,,1825,reachable,screen
USGS-12035450,1972-07-25 00:00:00.000001,1996-09-29 00:00:00.000001,0,0.0,8833.0,1972-07-25 00:00:00,1996-09-29 00:00:00,0,unreachable,individual fetch
USGS-12036000,1925-06-01 00:00:00.000001,2026-08-17 00:00:00.000001,1826,,,,,1826,reachable,screen
USGS-12036400,,,0,0.0,0.0,,,0,unreachable,individual fetch
USGS-12037400,1956-10-01 00:00:00.000001,2026-08-17 00:00:00.000001,1826,,,,,1826,reachable,screen
USGS-12039005,2002-07-20 00:00:00.000001,2026-08-17 00:00:00.000001,1461,,,,,1461,reachable,screen
USGS-12039500,1911-10-01 00:00:00.000001,2026-08-18 00:00:00.000001,1826,,,,,1826,reachable,screen
USGS-12039510,2014-10-01 00:00:00.000001,2024-09-30 00:00:00.000001,1822,,,,,1822,reachable,screen
USGS-1203951610,2017-12-09 00:00:00.000001,2026-08-17 00:00:00.000001,1826,,,,,1826,reachable,screen
USGS-12040500,1930-10-01 00:00:00.000001,2026-08-17 00:00:00.000001,1826,,,,,1826,reachable,screen
USGS-12041200,1960-10-01 00:00:00.000001,2026-08-17 00:00:00.000001,1826,,,,,1826,reachable,screen
USGS-12042800,1975-04-01 00:00:00.000001,2026-08-17 00:00:00.000001,1585,,,,,1585,reachable,screen
USGS-12043000,1897-11-01 00:00:00.000001,2026-08-17 00:00:00.000001,1826,,,,,1826,reachable,screen
USGS-12043163,1976-03-20 00:00:00.000001,2026-08-17 00:00:00.000001,1826,,,,,1826,reachable,screen
USGS-12043300,1962-08-01 00:00:00.000001,2026-08-17 00:00:00.000001,1826,,,,,1826,reachable,screen
USGS-12045500,1897-10-01 00:00:00.000001,2026-08-17 00:00:00.000001,1826,,,,,1826,reachable,screen
USGS-12048000,1923-06-01 00:00:00.000001,2026-08-17 00:00:00.000001,1826,,,,,1826,reachable,screen
USGS-12052210,1994-01-21 00:00:00.000001,2026-08-17 00:00:00.000001,1816,,,,,1816,reachable,screen
USGS-12054000,1938-07-01 00:00:00.000001,2026-08-17 00:00:00.000001,1826,,,,,1826,reachable,screen
USGS-12056500,1924-08-01 00:00:00.000001,2026-08-17 00:00:00.000001,1826,,,,,1826,reachable,screen
USGS-12058790,2008-09-30 00:00:00.000001,2026-08-17 00:00:00.000001,1826,,,,,1826,reachable,screen
USGS-12059500,1944-04-01 00:00:00.000001,2026-08-17 00:00:00.000001,1826,,,,,1826,reachable,screen
USGS-12060500,1931-08-01 00:00:00.000001,2026-08-17 00:00:00.000001,1826,,,,,1826,reachable,screen
USGS-12061250,,,0,0.0,0.0,,,0,unreachable,individual fetch
USGS-12061500,1943-07-01 00:00:00.000001,2026-08-17 00:00:00.000001,1756,,,,,1756,reachable,screen
USGS-12073500,1947-07-01 00:00:00.000001,2026-08-17 00:00:00.000001,1826,,,,,1826,reachable,screen
USGS-12076800,2004-10-01 00:00:00.000001,2026-08-17 00:00:00.000001,1826,,,,,1826,reachable,screen
USGS-12079000,1949-06-01 00:00:00.000001,2026-08-17 00:00:00.000001,1826,,,,,1826,reachable,screen
USGS-12080010,1945-05-01 00:00:00.000001,2026-08-17 00:00:00.000001,1825,,,,,1825,reachable,screen
USGS-12082500,1942-06-01 00:00:00.000001,2026-08-17 00:00:00.000001,1826,,,,,1826,reachable,screen
USGS-12083000,1942-06-01 00:00:00.000001,2026-08-17 00:00:00.000001,1682,,,,,1682,reachable,screen
USGS-12086000,,,0,0.0,0.0,,,0,unreachable,individual fetch
USGS-12086500,1906-10-01 00:00:00.000001,2026-08-17 00:00:00.000001,1826,,,,,1826,reachable,screen
USGS-12087000,1940-10-01 00:00:00.000001,2026-08-17 00:00:00.000001,1826,,,,,1826,reachable,screen
USGS-12088000,1927-06-01 00:00:00.000001,2026-08-18 00:00:00.000001,1826,,,,,1826,reachable,screen
USGS-12089208,1979-03-21 00:00:00.000001,2026-08-17 00:00:00.000001,1826,,,,,1826,reachable,screen
USGS-12089500,1947-10-01 00:00:00.000001,2026-08-17 00:00:00.000001,1826,,,,,1826,reachable,screen
USGS-12090400,1990-11-07 00:00:00.000001,2026-06-27 00:00:00.000001,1826,,,,,1826,reachable,screen
USGS-12090500,1949-07-01 00:00:00.000001,2026-08-17 00:00:00.000001,1826,,,,,1826,reachable,screen
USGS-12091100,1959-06-01 00:00:00.000001,2026-08-17 00:00:00.000001,1825,,,,,1825,reachable,screen
USGS-12091200,1957-03-01 00:00:00.000001,2026-08-17 00:00:00.000001,1825,,,,,1825,reachable,screen
USGS-12091290,2005-09-30 00:00:00.000001,2026-08-17 00:00:00.000001,1062,,,,,1062,reachable,screen
USGS-12091500,1938-01-01 00:00:00.000001,2026-08-17 00:00:00.000001,1826,,,,,1826,reachable,screen
USGS-12092000,1909-01-01 00:00:00.000001,2026-08-17 00:00:00.000001,1826,,,,,1826,reachable,screen
USGS-12093500,1931-10-01 00:00:00.000001,2026-08-17 00:00:00.000001,1826,,,,,1826,reachable,screen
USGS-12094000,1910-12-01 00:00:00.000001,2026-08-17 00:00:00.000001,1826,,,,,1826,reachable,screen
USGS-12095000,1949-06-01 00:00:00.000001,2026-08-18 00:00:00.000001,1826,,,,,1826,reachable,screen
USGS-12096500,2006-09-30 00:00:00.000001,2026-08-17 00:00:00.000001,1826,,,,,1826,reachable,screen
USGS-12096505,2010-10-22 00:00:00.000001,2026-08-18 00:00:00.000001,1068,,,,,1068,reachable,screen
USGS-12096865,2011-10-01 00:00:00.000001,2026-08-17 00:00:00.000001,1826,,,,,1826,reachable,screen
USGS-12097500,1911-10-01 00:00:00.000001,2026-08-17 00:00:00.000001,1826,,,,,1826,reachable,screen
USGS-12097820,2011-06-04 00:00:00.000001,2026-08-17 00:00:00.000001,1826,,,,,1826,reachable,screen
USGS-12097850,1974-06-01 00:00:00.000001,2026-08-17 00:00:00.000001,1826,,,,,1826,reachable,screen
USGS-12098500,1928-10-01 00:00:00.000001,2003-09-30 00:00:00.000001,0,0.0,25566.0,1928-10-01 00:00:00,2003-09-30 00:00:00,0,unreachable,individual fetch
USGS-12098920,2010-08-13 00:00:00.000001,2026-08-17 00:00:00.000001,1826,,,,,1826,reachable,screen
USGS-12099200,2003-07-18 00:00:00.000001,2026-08-17 00:00:00.000001,1826,,,,,1826,reachable,screen
USGS-12099600,1977-03-11 00:00:00.000001,2025-05-14 00:00:00.000001,1826,,,,,1826,reachable,screen
USGS-12100490,2009-09-30 00:00:00.000001,2026-08-17 00:00:00.000001,1826,,,,,1826,reachable,screen
USGS-12100496,1987-08-20 00:00:00.000001,2009-09-29 00:00:00.000001,0,0.0,6615.0,1987-08-20 00:00:00,2009-09-29 00:00:00,0,unreachable,individual fetch
USGS-12101100,1958-05-01 00:00:00.000001,2026-08-17 00:00:00.000001,1826,,,,,1826,reachable,screen
USGS-12101470,2010-10-22 00:00:00.000001,2026-08-17 00:00:00.000001,1062,,,,,1062,reachable,screen
USGS-12101500,1914-05-01 00:00:00.000001,2026-08-17 00:00:00.000001,1826,,,,,1826,reachable,screen
USGS-12102078,2022-10-22 00:00:00.000001,2026-08-18 00:00:00.000001,71,,,,,71,reachable,screen
USGS-12102190,1989-10-01 00:00:00.000001,2026-04-30 00:00:00.000001,1061,,,,,1061,reachable,screen
USGS-12105900,1960-10-01 00:00:00.000001,2026-08-17 00:00:00.000001,1826,,,,,1826,reachable,screen
USGS-12106700,1963-07-01 00:00:00.000001,2026-08-17 00:00:00.000001,1826,,,,,1826,reachable,screen
USGS-12108500,1944-07-01 00:00:00.000001,2026-08-19 00:00:00.000001,1826,,,,,1826,reachable,screen
USGS-12108800,,,0,0.0,0.0,,,0,unreachable,individual fetch
USGS-12112600,1960-09-01 00:00:00.000001,2026-08-17 00:00:00.000001,1826,,,,,1826,reachable,screen
USGS-12113000,1936-08-01 00:00:00.000001,2026-08-17 00:00:00.000001,1826,,,,,1826,reachable,screen
USGS-12113150,2020-08-25 00:00:00.000001,2026-08-19 00:00:00.000001,859,,,,,859,reachable,screen
USGS-12113310,,,0,0.0,0.0,,,0,unreachable,individual fetch
USGS-12113344,2011-12-29 00:00:00.000001,2026-08-18 00:00:00.000001,1826,,,,,1826,reachable,screen
USGS-12113346,1993-10-01 00:00:00.000001,2026-08-17 00:00:00.000001,1826,,,,,1826,reachable,screen
USGS-12113347,1994-01-11 00:00:00.000001,2026-08-18 00:00:00.000001,1826,,,,,1826,reachable,screen
USGS-12113349,1994-02-25 00:00:00.000001,2026-08-17 00:00:00.000001,1826,,,,,1826,reachable,screen
USGS-12113390,,,0,0.0,0.0,,,0,unreachable,individual fetch
USGS-12114500,1945-10-01 00:00:00.000001,2026-08-17 00:00:00.000001,1826,,,,,1826,reachable,screen
USGS-12115000,1945-10-01 00:00:00.000001,2026-08-17 00:00:00.000001,1826,,,,,1826,reachable,screen
USGS-12115500,1945-10-01 00:00:00.000001,2026-08-17 00:00:00.000001,1826,,,,,1826,reachable,screen
USGS-12115700,1983-03-01 00:00:00.000001,2026-07-06 00:00:00.000001,1826,,,,,1826,reachable,screen
USGS-12116100,1945-06-01 00:00:00.000001,2026-08-17 00:00:00.000001,1826,,,,,1826,reachable,screen
USGS-12116400,2001-10-01 00:00:00.000001,2026-08-18 00:00:00.000001,1826,,,,,1826,reachable,screen
USGS-12116500,1914-04-01 00:00:00.000001,2026-08-17 00:00:00.000001,1826,,,,,1826,reachable,screen
USGS-12117000,1945-07-01 00:00:00.000001,2026-08-17 00:00:00.000001,1826,,,,,1826,reachable,screen
USGS-12117500,1895-08-01 00:00:00.000001,2026-08-17 00:00:00.000001,1826,,,,,1826,reachable,screen
USGS-12117600,1991-12-12 00:00:00.000001,2026-08-17 00:00:00.000001,1826,,,,,1826,reachable,screen
USGS-12118400,1956-07-01 00:00:00.000001,2026-08-17 00:00:00.000001,1826,,,,,1826,reachable,screen
USGS-12119000,1945-09-01 00:00:00.000001,2026-08-17 00:00:00.000001,1826,,,,,1826,reachable,screen
USGS-12120600,1986-10-01 00:00:00.000001,2026-08-17 00:00:00.000001,1826,,,,,1826,reachable,screen
USGS-12121600,1963-10-01 00:00:00.000001,2026-08-18 00:00:00.000001,1826,,,,,1826,reachable,screen
USGS-12131300,2022-10-20 00:00:00.000001,2025-03-31 00:00:00.000001,73,,,,,73,reachable,screen
USGS-12131500,2016-10-01 00:00:00.000001,2026-08-17 00:00:00.000001,1826,,,,,1826,reachable,screen
USGS-12134500,1928-10-01 00:00:00.000001,2026-08-17 00:00:00.000001,1826,,,,,1826,reachable,screen
USGS-12135000,1928-12-01 00:00:00.000001,2026-08-17 00:00:00.000001,0,0.0,17968.0,1928-12-01 00:00:00,2026-08-18 00:00:00,0,unreachable,individual fetch
USGS-12137290,1991-10-01 00:00:00.000001,2026-08-17 00:00:00.000001,1826,,,,,1826,reachable,screen
USGS-12137800,1983-05-01 00:00:00.000001,2026-08-17 00:00:00.000001,1826,,,,,1826,reachable,screen
USGS-12138160,1983-10-01 00:00:00.000001,2026-08-17 00:00:00.000001,1826,,,,,1826,reachable,screen
USGS-12141300,1961-02-01 00:00:00.000001,2026-08-17 00:00:00.000001,1826,,,,,1826,reachable,screen
USGS-12142000,1929-10-01 00:00:00.000001,2026-08-17 00:00:00.000001,1826,,,,,1826,reachable,screen
USGS-12143400,1960-10-01 00:00:00.000001,2026-08-17 00:00:00.000001,1826,,,,,1826,reachable,screen
USGS-12143600,1962-07-01 00:00:00.000001,2026-08-18 00:00:00.000001,1826,,,,,1826,reachable,screen
USGS-12143700,1945-09-01 00:00:00.000001,2026-08-17 00:00:00.000001,1826,,,,,1826,reachable,screen
USGS-12143900,1981-08-12 00:00:00.000001,2026-08-17 00:00:00.000001,1826,,,,,1826,reachable,screen
USGS-12144000,1907-08-01 00:00:00.000001,2026-08-17 00:00:00.000001,1826,,,,,1826,reachable,screen
USGS-12144500,1898-05-01 00:00:00.000001,2026-08-17 00:00:00.000001,1826,,,,,1826,reachable,screen
USGS-12145500,1945-07-01 00:00:00.000001,2026-08-17 00:00:00.000001,1826,,,,,1826,reachable,screen
USGS-12147470,2015-10-01 00:00:00.000001,2026-08-17 00:00:00.000001,1826,,,,,1826,reachable,screen
USGS-12147500,1952-10-01 00:00:00.000001,2016-09-29 00:00:00.000001,0,0.0,21947.0,1952-10-01 00:00:00,2016-09-29 00:00:00,0,unreachable,individual fetch
USGS-12147600,1959-12-01 00:00:00.000001,2026-08-17 00:00:00.000001,1826,,,,,1826,reachable,screen
USGS-12147680,2019-10-24 00:00:00.000001,2026-08-18 00:00:00.000001,1165,,,,,1165,reachable,screen
USGS-12148000,1952-10-01 00:00:00.000001,2026-08-17 00:00:00.000001,1826,,,,,1826,reachable,screen
USGS-12148300,1982-03-01 00:00:00.000001,2026-08-17 00:00:00.000001,1826,,,,,1826,reachable,screen
USGS-12148500,1928-09-01 00:00:00.000001,2026-08-17 00:00:00.000001,1826,,,,,1826,reachable,screen
USGS-12149000,1929-03-01 00:00:00.000001,2026-08-17 00:00:00.000001,1826,,,,,1826,reachable,screen
USGS-12150800,1963-02-01 00:00:00.000001,2026-08-17 00:00:00.000001,1826,,,,,1826,reachable,screen
USGS-12155300,1992-05-05 00:00:00.000001,2026-08-17 00:00:00.000001,1826,,,,,1826,reachable,screen
USGS-12155500,1965-10-07 00:00:00.000001,1966-07-18 00:00:00.000001,0,0.0,156.0,1965-10-07 00:00:00,1966-07-18 00:00:00,0,unreachable,individual fetch
USGS-12157250,1974-10-01 00:00:00.000001,2026-08-11 00:00:00.000001,1826,,,,,1826,reachable,screen
USGS-12158010,2000-11-13 00:00:00.000001,2026-08-17 00:00:00.000001,1826,,,,,1826,reachable,screen
USGS-12158032,2000-11-13 00:00:00.000001,2026-08-17 00:00:00.000001,1826,,,,,1826,reachable,screen
USGS-12158040,1974-10-01 00:00:00.000001,2026-08-17 00:00:00.000001,1826,,,,,1826,reachable,screen
USGS-12167000,1928-08-01 00:00:00.000001,2026-08-17 00:00:00.000001,1826,,,,,1826,reachable,screen
USGS-12170300,2013-11-15 00:00:00.000001,2016-09-05 00:00:00.000001,0,0.0,731.0,2013-11-15 00:00:00,2016-09-05 00:00:00,0,unreachable,individual fetch
USGS-12172000,1940-03-01 00:00:00.000001,2026-08-17 00:00:00.000001,1650,,,,,1650,reachable,screen
USGS-12173500,1948-10-01 00:00:00.000001,2026-08-17 00:00:00.000001,1707,,,,,1707,reachable,screen
USGS-12175500,1930-10-01 00:00:00.000001,2026-08-17 00:00:00.000001,1826,,,,,1826,reachable,screen
USGS-12178000,1908-12-21 00:00:00.000001,2026-08-17 00:00:00.000001,1826,,,,,1826,reachable,screen
USGS-12178100,1961-02-01 00:00:00.000001,2025-08-24 00:00:00.000001,1734,,,,,1734,reachable,screen
USGS-12178150,,,0,0.0,0.0,,,0,unreachable,individual fetch
USGS-12179000,1950-10-01 00:00:00.000001,2026-06-14 00:00:00.000001,933,,,,,933,reachable,screen
USGS-12179900,1943-08-01 00:00:00.000001,2026-08-17 00:00:00.000001,1826,,,,,1826,reachable,screen
USGS-12181000,1943-09-01 00:00:00.000001,2026-08-17 00:00:00.000001,1826,,,,,1826,reachable,screen
USGS-12182500,1928-10-01 00:00:00.000001,2026-08-17 00:00:00.000001,1826,,,,,1826,reachable,screen
USGS-12186000,1917-10-01 00:00:00.000001,2026-08-17 00:00:00.000001,1826,,,,,1826,reachable,screen
USGS-12187500,1914-07-01 00:00:00.000001,2016-09-29 00:00:00.000001,0,0.0,7852.0,1914-07-01 00:00:00,2016-09-29 00:00:00,0,unreachable,individual fetch
USGS-12189500,1911-04-01 00:00:00.000001,2026-08-17 00:00:00.000001,1826,,,,,1826,reachable,screen
USGS-12190400,2012-09-30 00:00:00.000001,2026-08-17 00:00:00.000001,1826,,,,,1826,reachable,screen
USGS-12193400,1910-09-11 00:00:00.000001,2026-08-17 00:00:00.000001,1826,,,,,1826,reachable,screen
USGS-12194000,1924-10-01 00:00:00.000001,2026-08-17 00:00:00.000001,1826,,,,,1826,reachable,screen
USGS-12200500,1940-10-01 00:00:00.000001,2026-08-17 00:00:00.000001,1826,,,,,1826,reachable,screen
USGS-12201500,1943-08-01 00:00:00.000001,2026-08-17 00:00:00.000001,1826,,,,,1826,reachable,screen
USGS-12201700,2022-09-23 00:00:00.000001,2026-08-17 00:00:00.000001,100,,,,,100,reachable,screen
USGS-12201950,1967-10-01 00:00:00.000001,2026-08-17 00:00:00.000001,1826,,,,,1826,reachable,screen
USGS-12201960,2001-10-01 00:00:00.000001,2026-07-14 00:00:00.000001,1825,,,,,1825,reachable,screen
USGS-12202300,1967-11-01 00:00:00.000001,2026-08-17 00:00:00.000001,1826,,,,,1826,reachable,screen
USGS-12202310,2002-05-22 00:00:00.000001,2026-08-17 00:00:00.000001,1826,,,,,1826,reachable,screen
USGS-12202400,2001-10-01 00:00:00.000001,2026-07-05 00:00:00.000001,1826,,,,,1826,reachable,screen
USGS-12202450,2026-01-11 00:00:00.000001,2026-08-06 00:00:00.000001,0,0.0,208.0,2026-01-11 00:00:00,2026-08-06 00:00:00,0,unreachable,individual fetch
USGS-12204010,2022-09-16 00:00:00.000001,2026-08-17 00:00:00.000001,107,,,,,107,reachable,screen
USGS-12205000,1937-10-01 00:00:00.000001,2026-08-17 00:00:00.000001,1826,,,,,1826,reachable,screen
USGS-12208000,1920-08-28 00:00:00.000001,2026-08-18 00:00:00.000001,1826,,,,,1826,reachable,screen
USGS-12209000,1934-05-01 00:00:00.000001,2008-09-29 00:00:00.000001,0,0.0,23531.0,1934-05-01 00:00:00,2008-09-29 00:00:00,0,unreachable,individual fetch
USGS-12209490,1998-10-01 00:00:00.000001,2026-08-17 00:00:00.000001,1826,,,,,1826,reachable,screen
USGS-12210000,1920-09-01 00:00:00.000001,2026-08-17 00:00:00.000001,1826,,,,,1826,reachable,screen
USGS-12210500,1935-07-01 00:00:00.000001,2005-09-29 00:00:00.000001,0,0.0,23985.0,1935-07-01 00:00:00,2005-09-29 00:00:00,0,unreachable,individual fetch
USGS-12210700,2004-10-15 00:00:00.000001,2026-08-17 00:00:00.000001,1826,,,,,1826,reachable,screen
USGS-12210900,1998-10-01 00:00:00.000001,2026-08-06 00:00:00.000001,1826,,,,,1826,reachable,screen
USGS-12211200,2016-09-30 00:00:00.000001,2026-08-17 00:00:00.000001,1826,,,,,1826,reachable,screen
USGS-12212050,1998-10-01 00:00:00.000001,2026-08-17 00:00:00.000001,1826,,,,,1826,reachable,screen
USGS-12212430,2007-01-06 00:00:00.000001,2026-08-04 00:00:00.000001,1826,,,,,1826,reachable,screen
USGS-12213100,1966-10-01 00:00:00.000001,2026-08-18 00:00:00.000001,1826,,,,,1826,reachable,screen
USGS-12301250,2015-11-11 00:00:00.000001,2026-08-17 00:00:00.000001,1826,,,,,1826,reachable,screen
USGS-12301933,1971-10-01 00:00:00.000001,2026-08-17 00:00:00.000001,1826,,,,,1826,reachable,screen
USGS-12302055,1967-10-01 00:00:00.000001,2026-08-18 00:00:00.000001,1826,,,,,1826,reachable,screen
USGS-12303500,1945-01-01 00:00:00.000001,1996-03-14 00:00:00.000001,0,0.0,9569.0,1945-01-01 00:00:00,1996-03-14 00:00:00,0,unreachable,individual fetch
USGS-12304500,1956-03-01 00:00:00.000001,2026-08-17 00:00:00.000001,1826,,,,,1826,reachable,screen
USGS-12305000,1928-03-25 00:00:00.000001,2026-08-17 00:00:00.000001,1826,,,,,1826,reachable,screen
USGS-12306500,1929-09-01 00:00:00.000001,2026-08-18 00:00:00.000001,1826,,,,,1826,reachable,screen
USGS-12308000,2010-09-02 00:00:00.000001,2026-08-17 00:00:00.000001,1826,,,,,1826,reachable,screen
USGS-12310100,2002-10-01 00:00:00.000001,2022-10-26 00:00:00.000001,1760,,,,,1760,reachable,screen
USGS-12321500,1928-05-17 00:00:00.000001,2026-08-17 00:00:00.000001,1826,,,,,1826,reachable,screen
USGS-12322000,2013-10-01 00:00:00.000001,2026-08-17 00:00:00.000001,1826,,,,,1826,reachable,screen
USGS-12323233,2020-05-01 00:00:00.000001,2026-08-17 00:00:00.000001,975,,,,,975,reachable,screen
USGS-12323242,2020-06-12 00:00:00.000001,2026-08-17 00:00:00.000001,933,,,,,933,reachable,screen
USGS-12323250,1983-10-01 00:00:00.000001,2026-08-17 00:00:00.000001,1826,,,,,1826,reachable,screen
USGS-12323600,1988-07-01 00:00:00.000001,2026-08-17 00:00:00.000001,1826,,,,,1826,reachable,screen
USGS-12323670,2004-10-01 00:00:00.000001,2026-08-17 00:00:00.000001,1823,,,,,1823,reachable,screen
USGS-12323700,2003-04-01 00:00:00.000001,2026-08-17 00:00:00.000001,1826,,,,,1826,reachable,screen
USGS-12323710,2005-04-01 00:00:00.000001,2026-08-17 00:00:00.000001,1824,,,,,1824,reachable,screen
USGS-12323720,2003-04-01 00:00:00.000001,2026-08-17 00:00:00.000001,1825,,,,,1825,reachable,screen
USGS-12323750,1972-03-13 00:00:00.000001,2026-08-17 00:00:00.000001,1826,,,,,1826,reachable,screen
USGS-12323760,1997-10-01 00:00:00.000001,2026-08-17 00:00:00.000001,1826,,,,,1826,reachable,screen
USGS-12323770,1983-10-01 00:00:00.000001,2026-08-17 00:00:00.000001,1824,,,,,1824,reachable,screen
USGS-12323800,1988-07-01 00:00:00.000001,2026-08-17 00:00:00.000001,1826,,,,,1826,reachable,screen
USGS-12323840,2004-10-01 00:00:00.000001,2026-08-17 00:00:00.000001,1824,,,,,1824,reachable,screen
USGS-12323850,2003-04-01 00:00:00.000001,2026-08-17 00:00:00.000001,1826,,,,,1826,reachable,screen
USGS-12324200,1978-10-01 00:00:00.000001,2026-08-17 00:00:00.000001,1826,,,,,1826,reachable,screen
USGS-12324400,2009-03-01 00:00:00.000001,2026-08-17 00:00:00.000001,1826,,,,,1826,reachable,screen
USGS-12324590,1972-09-26 00:00:00.000001,2026-08-17 00:00:00.000001,1825,,,,,1825,reachable,screen
USGS-12324680,1977-09-20 00:00:00.000001,2026-08-17 00:00:00.000001,1826,,,,,1826,reachable,screen
USGS-12325500,1940-10-01 00:00:00.000001,2026-08-17 00:00:00.000001,1120,,,,,1120,reachable,screen
USGS-12329500,1941-07-29 00:00:00.000001,2026-08-17 00:00:00.000001,1826,,,,,1826,reachable,screen
USGS-12330000,1939-05-01 00:00:00.000001,2026-08-17 00:00:00.000001,1826,,,,,1826,reachable,screen
USGS-12331500,1947-10-20 00:00:00.000001,2026-08-17 00:00:00.000001,1826,,,,,1826,reachable,screen
USGS-12331800,1993-04-01 00:00:00.000001,2026-08-17 00:00:00.000001,1826,,,,,1826,reachable,screen
USGS-12332000,1937-10-01 00:00:00.000001,2026-08-17 00:00:00.000001,1824,,,,,1824,reachable,screen
USGS-12334510,1972-10-01 00:00:00.000001,2026-08-17 00:00:00.000001,1826,,,,,1826,reachable,screen
USGS-12334550,1984-10-01 00:00:00.000001,2026-08-17 00:00:00.000001,1826,,,,,1826,reachable,screen
USGS-12335100,1999-10-01 00:00:00.000001,2026-08-17 00:00:00.000001,1634,,,,,1634,reachable,screen
USGS-12335500,1939-05-01 00:00:00.000001,2025-01-24 00:00:00.000001,1826,,,,,1826,reachable,screen
USGS-12338300,1997-10-01 00:00:00.000001,2026-08-17 00:00:00.000001,1639,,,,,1639,reachable,screen
USGS-12340000,1898-07-01 00:00:00.000001,2026-08-18 00:00:00.000001,1826,,,,,1826,reachable,screen
USGS-12340500,1929-03-01 00:00:00.000001,2026-08-17 00:00:00.000001,1824,,,,,1824,reachable,screen
USGS-12342500,1941-05-01 00:00:00.000001,2026-08-17 00:00:00.000001,1826,,,,,1826,reachable,screen
USGS-12344000,1937-04-01 00:00:00.000001,2026-08-17 00:00:00.000001,1826,,,,,1826,reachable,screen
USGS-12350250,1987-04-01 00:00:00.000001,2026-08-17 00:00:00.000001,1226,,,,,1226,reachable,screen
USGS-12352500,1898-07-01 00:00:00.000001,2026-08-17 00:00:00.000001,1826,,,,,1826,reachable,screen
USGS-12353000,1929-10-01 00:00:00.000001,2026-08-17 00:00:00.000001,1826,,,,,1826,reachable,screen
USGS-12354000,1910-09-01 00:00:00.000001,2026-08-17 00:00:00.000001,1826,,,,,1826,reachable,screen
USGS-12354500,1910-11-01 00:00:00.000001,2026-08-17 00:00:00.000001,1826,,,,,1826,reachable,screen
USGS-12355500,1910-10-01 00:00:00.000001,2026-08-17 00:00:00.000001,1826,,,,,1826,reachable,screen
USGS-12358500,1939-10-01 00:00:00.000001,2026-08-18 00:00:00.000001,1826,,,,,1826,reachable,screen
USGS-12359800,1964-10-01 00:00:00.000001,2026-08-17 00:00:00.000001,1071,,,,,1071,reachable,screen
USGS-12362500,1911-02-01 00:00:00.000001,2026-08-17 00:00:00.000001,1826,,,,,1826,reachable,screen
USGS-12363000,1922-06-01 00:00:00.000001,2026-08-17 00:00:00.000001,1826,,,,,1826,reachable,screen
USGS-12363500,2021-08-11 00:00:00.000001,2024-12-31 00:00:00.000001,508,,,,,508,reachable,screen
USGS-12365700,2007-03-01 00:00:00.000001,2026-08-17 00:00:00.000001,1826,,,,,1826,reachable,screen
USGS-12366000,1928-08-01 00:00:00.000001,2026-08-17 00:00:00.000001,1173,,,,,1173,reachable,screen
USGS-12370000,1922-05-01 00:00:00.000001,2026-08-18 00:00:00.000001,1826,,,,,1826,reachable,screen
USGS-12372000,1907-08-01 00:00:00.000001,2026-08-17 00:00:00.000001,1826,,,,,1826,reachable,screen
USGS-12377150,1982-10-01 00:00:00.000001,2026-08-17 00:00:00.000001,1826,,,,,1826,reachable,screen
USGS-12381400,1982-09-28 00:00:00.000001,2026-08-17 00:00:00.000001,1825,,,,,1825,reachable,screen
USGS-12388700,1983-10-01 00:00:00.000001,2026-08-17 00:00:00.000001,1826,,,,,1826,reachable,screen
USGS-12389000,1910-10-01 00:00:00.000001,2026-08-17 00:00:00.000001,1826,,,,,1826,reachable,screen
USGS-12389500,1911-03-01 00:00:00.000001,2026-08-17 00:00:00.000001,1826,,,,,1826,reachable,screen
USGS-12390700,1956-04-01 00:00:00.000001,2026-08-17 00:00:00.000001,1826,,,,,1826,reachable,screen
USGS-12391950,1995-10-01 00:00:00.000001,2026-08-17 00:00:00.000001,1826,,,,,1826,reachable,screen
USGS-12392155,1988-10-01 00:00:00.000001,2026-08-17 00:00:00.000001,1826,,,,,1826,reachable,screen
USGS-12392300,1958-09-01 00:00:00.000001,2025-04-24 00:00:00.000001,1826,,,,,1826,reachable,screen
USGS-12393501,2016-11-10 00:00:00.000001,2026-08-19 00:00:00.000001,1826,,,,,1826,reachable,screen
USGS-12395000,1903-07-01 00:00:00.000001,2026-08-17 00:00:00.000001,1826,,,,,1826,reachable,screen
USGS-12395500,1903-07-01 00:00:00.000001,2026-08-10 00:00:00.000001,1826,,,,,1826,reachable,screen
USGS-12396500,1952-10-01 00:00:00.000001,2026-08-17 00:00:00.000001,1826,,,,,1826,reachable,screen
USGS-12398600,1962-12-01 00:00:00.000001,2026-07-31 00:00:00.000001,1826,,,,,1826,reachable,screen
USGS-12399500,1938-03-01 00:00:00.000001,2026-08-17 00:00:00.000001,1826,,,,,1826,reachable,screen
USGS-12401500,1928-10-01 00:00:00.000001,2026-08-17 00:00:00.000001,1826,,,,,1826,reachable,screen
USGS-12404500,1929-09-01 00:00:00.000001,2026-08-17 00:00:00.000001,1826,,,,,1826,reachable,screen
USGS-12409000,1922-11-01 00:00:00.000001,2026-08-17 00:00:00.000001,1826,,,,,1826,reachable,screen
USGS-12411000,1950-10-01 00:00:00.000001,2026-08-17 00:00:00.000001,1826,,,,,1826,reachable,screen
USGS-12413000,1911-03-03 00:00:00.000001,2026-08-17 00:00:00.000001,1826,,,,,1826,reachable,screen
USGS-12413040,1998-10-01 00:00:00.000001,2000-04-30 00:00:00.000001,0,0.0,578.0,1998-10-01 00:00:00,2000-04-30 00:00:00,0,unreachable,individual fetch
USGS-12413125,1998-10-01 00:00:00.000001,2026-08-16 00:00:00.000001,1826,,,,,1826,reachable,screen
USGS-12413130,1998-10-01 00:00:00.000001,2026-08-19 00:00:00.000001,1826,,,,,1826,reachable,screen
USGS-12413131,2009-12-01 00:00:00.000001,2026-08-16 00:00:00.000001,1826,,,,,1826,reachable,screen
USGS-12413210,1987-08-12 00:00:00.000001,2026-08-17 00:00:00.000001,1826,,,,,1826,reachable,screen
USGS-12413355,2008-10-01 00:00:00.000001,2026-08-18 00:00:00.000001,1826,,,,,1826,reachable,screen
USGS-12413445,1997-11-06 00:00:00.000001,2015-10-04 00:00:00.000001,0,0.0,6542.0,1997-11-06 00:00:00,2015-10-04 00:00:00,0,unreachable,individual fetch
USGS-12413470,1987-08-12 00:00:00.000001,2026-08-16 00:00:00.000001,1826,,,,,1826,reachable,screen
USGS-12413500,1911-05-01 00:00:00.000001,2026-08-17 00:00:00.000001,1826,,,,,1826,reachable,screen
USGS-12413860,2004-03-01 00:00:00.000001,2026-08-16 00:00:00.000001,1826,,,,,1826,reachable,screen
USGS-12413875,1997-10-16 00:00:00.000001,2026-08-17 00:00:00.000001,1826,,,,,1826,reachable,screen
USGS-12414500,1911-05-01 00:00:00.000001,2026-08-18 00:00:00.000001,1826,,,,,1826,reachable,screen
USGS-12414900,1965-10-01 00:00:00.000001,2026-08-17 00:00:00.000001,1826,,,,,1826,reachable,screen
USGS-12415135,2009-10-01 00:00:00.000001,2026-08-18 00:00:00.000001,1826,,,,,1826,reachable,screen
USGS-12417650,2014-07-22 00:00:00.000001,2026-08-17 00:00:00.000001,1826,,,,,1826,reachable,screen
USGS-12419000,1913-01-01 00:00:00.000001,2026-08-19 00:00:00.000001,1826,,,,,1826,reachable,screen
USGS-12422000,1948-12-01 00:00:00.000001,2026-08-17 00:00:00.000001,1826,,,,,1826,reachable,screen
USGS-12422500,1891-04-01 00:00:00.000001,2026-08-17 00:00:00.000001,1826,,,,,1826,reachable,screen
USGS-12422990,2007-06-29 00:00:00.000001,2026-08-17 00:00:00.000001,1826,,,,,1826,reachable,screen
USGS-12424000,1948-04-01 00:00:00.000001,2026-08-17 00:00:00.000001,1826,,,,,1826,reachable,screen
USGS-12426000,1948-03-01 00:00:00.000001,2026-08-17 00:00:00.000001,1826,,,,,1826,reachable,screen
USGS-12431000,1929-05-01 00:00:00.000001,2026-08-17 00:00:00.000001,1826,,,,,1826,reachable,screen
USGS-12431500,1948-04-01 00:00:00.000001,2026-08-17 00:00:00.000001,1826,,,,,1826,reachable,screen
USGS-12433200,1971-02-01 00:00:00.000001,2026-08-17 00:00:00.000001,1826,,,,,1826,reachable,screen
USGS-12434590,2006-09-21 00:00:00.000001,2026-08-17 00:00:00.000001,1826,,,,,1826,reachable,screen
USGS-12438905,2017-09-30 00:00:00.000001,2026-08-17 00:00:00.000001,1826,,,,,1826,reachable,screen
USGS-12439500,1942-10-01 00:00:00.000001,2026-08-17 00:00:00.000001,1826,,,,,1826,reachable,screen
USGS-12442500,1928-10-01 00:00:00.000001,2026-08-17 00:00:00.000001,1826,,,,,1826,reachable,screen
USGS-12444290,2013-10-01 00:00:00.000001,2026-08-17 00:00:00.000001,1826,,,,,1826,reachable,screen
USGS-12444550,2016-03-01 00:00:00.000001,2026-08-18 00:00:00.000001,1826,,,,,1826,reachable,screen
USGS-12445000,1929-05-01 00:00:00.000001,2026-08-17 00:00:00.000001,1826,,,,,1826,reachable,screen
USGS-12445500,2013-10-01 00:00:00.000001,2026-08-17 00:00:00.000001,1826,,,,,1826,reachable,screen
USGS-12445900,1972-03-01 00:00:00.000001,2026-08-17 00:00:00.000001,1826,,,,,1826,reachable,screen
USGS-12446150,2012-09-30 00:00:00.000001,2026-08-17 00:00:00.000001,1826,,,,,1826,reachable,screen
USGS-12446400,2012-09-30 00:00:00.000001,2026-08-17 00:00:00.000001,1826,,,,,1826,reachable,screen
USGS-12446995,2012-10-01 00:00:00.000001,2026-08-17 00:00:00.000001,1826,,,,,1826,reachable,screen
USGS-12447200,1965-12-18 00:00:00.000001,2026-08-17 00:00:00.000001,1826,,,,,1826,reachable,screen
USGS-12447285,2012-10-01 00:00:00.000001,2026-08-17 00:00:00.000001,1826,,,,,1826,reachable,screen
USGS-12447383,1991-04-20 00:00:00.000001,2026-08-17 00:00:00.000001,1826,,,,,1826,reachable,screen
USGS-12447390,1968-06-01 00:00:00.000001,2026-08-17 00:00:00.000001,1826,,,,,1826,reachable,screen
USGS-12448000,1991-10-01 00:00:00.000001,2026-08-17 00:00:00.000001,1826,,,,,1826,reachable,screen
USGS-12448500,1912-01-01 00:00:00.000001,2026-08-17 00:00:00.000001,1826,,,,,1826,reachable,screen
USGS-12448998,1975-05-01 00:00:00.000001,2026-08-18 00:00:00.000001,1826,,,,,1826,reachable,screen
USGS-12449500,1919-06-01 00:00:00.000001,2026-08-18 00:00:00.000001,1826,,,,,1826,reachable,screen
USGS-12449950,1959-04-01 00:00:00.000001,2026-08-17 00:00:00.000001,1826,,,,,1826,reachable,screen
USGS-12451000,1910-12-01 00:00:00.000001,2026-08-17 00:00:00.000001,1826,,,,,1826,reachable,screen
USGS-12452500,1903-11-01 00:00:00.000001,2026-06-30 00:00:00.000001,1826,,,,,1826,reachable,screen
USGS-12452550,2017-11-02 00:00:00.000001,2026-08-17 00:00:00.000001,765,,,,,765,reachable,screen
USGS-12452800,1957-09-01 00:00:00.000001,2026-08-17 00:00:00.000001,1826,,,,,1826,reachable,screen
USGS-12452890,2002-04-26 00:00:00.000001,2026-08-17 00:00:00.000001,1826,,,,,1826,reachable,screen
USGS-12452990,1996-03-15 00:00:00.000001,2026-08-17 00:00:00.000001,1826,,,,,1826,reachable,screen
USGS-12456500,1911-05-29 00:00:00.000001,2026-08-17 00:00:00.000001,1826,,,,,1826,reachable,screen
USGS-12457000,1910-11-27 00:00:00.000001,2026-08-17 00:00:00.000001,1826,,,,,1826,reachable,screen
USGS-12458000,1936-10-01 00:00:00.000001,2026-08-17 00:00:00.000001,1826,,,,,1826,reachable,screen
USGS-12459000,1929-03-01 00:00:00.000001,2026-08-17 00:00:00.000001,1826,,,,,1826,reachable,screen
USGS-12462500,1962-10-01 00:00:00.000001,2026-08-17 00:00:00.000001,1826,,,,,1826,reachable,screen
USGS-12464800,1963-05-01 00:00:00.000001,2026-08-17 00:00:00.000001,1826,,,,,1826,reachable,screen
USGS-12465000,1942-09-01 00:00:00.000001,2026-08-17 00:00:00.000001,1826,,,,,1826,reachable,screen
USGS-12465400,1969-03-01 00:00:00.000001,2026-08-17 00:00:00.000001,1826,,,,,1826,reachable,screen
USGS-12466015,2024-06-14 00:00:00.000001,2026-08-17 00:00:00.000001,0,0.0,791.0,2024-06-14 00:00:00,2026-08-18 00:00:00,0,unreachable,individual fetch
USGS-12467000,1942-10-01 00:00:00.000001,2026-08-17 00:00:00.000001,1826,,,,,1826,reachable,screen
USGS-12470500,1942-08-01 00:00:00.000001,1991-10-09 00:00:00.000001,0,0.0,17967.0,1942-08-01 00:00:00,1991-10-09 00:00:00,0,unreachable,individual fetch
USGS-12472600,1959-02-12 00:00:00.000001,2026-08-17 00:00:00.000001,1826,,,,,1826,reachable,screen
USGS-12472800,1917-10-01 00:00:00.000001,2026-08-17 00:00:00.000001,1826,,,,,1826,reachable,screen
USGS-12484500,1908-10-01 00:00:00.000001,2026-08-17 00:00:00.000001,1826,,,,,1826,reachable,screen
USGS-12488500,1909-04-25 00:00:00.000001,2026-08-17 00:00:00.000001,1826,,,,,1826,reachable,screen
USGS-12500450,1966-10-01 00:00:00.000001,2026-08-18 00:00:00.000001,1826,,,,,1826,reachable,screen
USGS-12502500,1904-05-01 00:00:00.000001,2026-08-17 00:00:00.000001,1826,,,,,1826,reachable,screen
USGS-12505450,1991-05-17 00:00:00.000001,2026-08-17 00:00:00.000001,1826,,,,,1826,reachable,screen
USGS-12506000,1909-03-01 00:00:00.000001,2026-08-17 00:00:00.000001,1826,,,,,1826,reachable,screen
USGS-12508990,1970-10-01 00:00:00.000001,2026-08-18 00:00:00.000001,1826,,,,,1826,reachable,screen
USGS-12510500,1905-10-01 00:00:00.000001,2026-08-17 00:00:00.000001,1825,,,,,1825,reachable,screen
USGS-12513000,1952-10-01 00:00:00.000001,2014-09-29 00:00:00.000001,0,0.0,22510.0,1952-10-01 00:00:00,2014-09-29 00:00:00,0,unreachable,individual fetch
USGS-13010065,1983-10-01 00:00:00.000001,2026-08-18 00:00:00.000001,1826,,,,,1826,reachable,screen
USGS-13011000,1903-10-01 00:00:00.000001,2026-08-17 00:00:00.000001,1826,,,,,1826,reachable,screen
USGS-13011500,1917-07-20 00:00:00.000001,2026-08-17 00:00:00.000001,1826,,,,,1826,reachable,screen
USGS-13011820,2017-10-27 00:00:00.000001,2023-09-30 00:00:00.000001,1826,,,,,1826,reachable,screen
USGS-13011900,1965-09-22 00:00:00.000001,2026-08-17 00:00:00.000001,1826,,,,,1826,reachable,screen
USGS-13013650,1995-04-06 00:00:00.000001,2026-08-17 00:00:00.000001,1826,,,,,1826,reachable,screen
USGS-13014300,,,0,0.0,0.0,,,0,unreachable,individual fetch
USGS-13014500,1918-06-16 00:00:00.000001,2026-08-17 00:00:00.000001,1826,,,,,1826,reachable,screen
USGS-13015000,1917-07-13 00:00:00.000001,2026-08-17 00:00:00.000001,979,,,,,979,reachable,screen
USGS-13016305,1995-06-02 00:00:00.000001,2026-08-17 00:00:00.000001,1826,,,,,1826,reachable,screen
USGS-13016450,1994-03-24 00:00:00.000001,2026-08-17 00:00:00.000001,1826,,,,,1826,reachable,screen
USGS-13018300,1962-07-01 00:00:00.000001,2026-08-17 00:00:00.000001,1826,,,,,1826,reachable,screen
USGS-13018350,1989-04-01 00:00:00.000001,2026-08-17 00:00:00.000001,1826,,,,,1826,reachable,screen
USGS-13018750,1975-11-12 00:00:00.000001,2026-08-17 00:00:00.000001,1826,,,,,1826,reachable,screen
USGS-13019500,1917-07-09 00:00:00.000001,2026-08-17 00:00:00.000001,234,,,,,234,reachable,screen
USGS-13022500,1937-03-16 00:00:00.000001,2026-08-17 00:00:00.000001,1826,,,,,1826,reachable,screen
USGS-13023000,1917-07-06 00:00:00.000001,2026-08-17 00:00:00.000001,1826,,,,,1826,reachable,screen
USGS-13025500,1946-04-01 00:00:00.000001,2026-08-17 00:00:00.000001,1642,,,,,1642,reachable,screen
USGS-13027500,1953-10-01 00:00:00.000001,2026-08-17 00:00:00.000001,1826,,,,,1826,reachable,screen
USGS-13032500,1935-03-30 00:00:00.000001,2026-08-17 00:00:00.000001,1823,,,,,1823,reachable,screen
USGS-13037500,1910-10-01 00:00:00.000001,2026-08-17 00:00:00.000001,1826,,,,,1826,reachable,screen
USGS-13038000,1923-05-31 00:00:00.000001,2026-08-17 00:00:00.000001,1825,,,,,1825,reachable,screen
USGS-13038500,1924-04-01 00:00:00.000001,2026-08-17 00:00:00.000001,1826,,,,,1826,reachable,screen
USGS-13039500,1920-05-01 00:00:00.000001,2026-08-17 00:00:00.000001,1826,,,,,1826,reachable,screen
USGS-13042500,1933-01-07 00:00:00.000001,2026-08-17 00:00:00.000001,1826,,,,,1826,reachable,screen
USGS-13046000,1890-04-01 00:00:00.000001,2026-08-17 00:00:00.000001,1826,,,,,1826,reachable,screen
USGS-13046995,1993-11-16 00:00:00.000001,2026-08-17 00:00:00.000001,1826,,,,,1826,reachable,screen
USGS-13047500,1904-10-01 00:00:00.000001,2026-08-17 00:00:00.000001,1826,,,,,1826,reachable,screen
USGS-13047600,1993-11-16 00:00:00.000001,2026-08-17 00:00:00.000001,1826,,,,,1826,reachable,screen
USGS-13049500,1920-04-23 00:00:00.000001,2026-08-17 00:00:00.000001,1826,,,,,1826,reachable,screen
USGS-13050500,1919-03-01 00:00:00.000001,2026-08-17 00:00:00.000001,1826,,,,,1826,reachable,screen
USGS-13052200,1961-10-01 00:00:00.000001,2026-08-16 00:00:00.000001,1826,,,,,1826,reachable,screen
USGS-13055000,1890-01-01 00:00:00.000001,2026-08-17 00:00:00.000001,1826,,,,,1826,reachable,screen
USGS-13055250,1977-04-01 00:00:00.000001,2026-07-31 00:00:00.000001,1826,,,,,1826,reachable,screen
USGS-13055340,1982-10-01 00:00:00.000001,2026-08-16 00:00:00.000001,1826,,,,,1826,reachable,screen
USGS-13056500,1909-04-01 00:00:00.000001,2026-08-17 00:00:00.000001,1826,,,,,1826,reachable,screen
USGS-13057000,1923-05-09 00:00:00.000001,2026-08-16 00:00:00.000001,1826,,,,,1826,reachable,screen
USGS-13057132,1987-10-01 00:00:00.000001,2026-08-17 00:00:00.000001,1826,,,,,1826,reachable,screen
USGS-13057155,1987-10-01 00:00:00.000001,2026-08-17 00:00:00.000001,1826,,,,,1826,reachable,screen
USGS-13057300,1966-06-15 00:00:00.000001,2026-08-17 00:00:00.000001,1826,,,,,1826,reachable,screen
USGS-13057940,1977-08-24 00:00:00.000001,2026-08-17 00:00:00.000001,1826,,,,,1826,reachable,screen
USGS-13058000,1903-04-01 00:00:00.000001,2026-08-17 00:00:00.000001,1826,,,,,1826,reachable,screen
USGS-13058510,1978-03-24 00:00:00.000001,2026-08-17 00:00:00.000001,1825,,,,,1825,reachable,screen
USGS-13058520,1978-04-14 00:00:00.000001,2026-08-17 00:00:00.000001,1826,,,,,1826,reachable,screen
USGS-13058529,1987-10-01 00:00:00.000001,2026-08-17 00:00:00.000001,1826,,,,,1826,reachable,screen
USGS-13058530,1977-12-06 00:00:00.000001,2026-08-17 00:00:00.000001,1826,,,,,1826,reachable,screen
USGS-13060000,1915-03-18 00:00:00.000001,2026-08-17 00:00:00.000001,1826,,,,,1826,reachable,screen
USGS-13062500,1978-08-01 00:00:00.000001,2026-08-17 00:00:00.000001,1826,,,,,1826,reachable,screen
USGS-13063000,1914-03-25 00:00:00.000001,2026-08-17 00:00:00.000001,1284,,,,,1284,reachable,screen
USGS-13066000,1909-07-01 00:00:00.000001,2026-08-17 00:00:00.000001,1826,,,,,1826,reachable,screen
USGS-13068300,2010-11-01 00:00:00.000001,2026-08-16 00:00:00.000001,1796,,,,,1796,reachable,screen
USGS-13068495,1964-04-16 00:00:00.000001,2026-08-17 00:00:00.000001,1826,,,,,1826,reachable,screen
USGS-13068500,1913-04-27 00:00:00.000001,2026-08-16 00:00:00.000001,1824,,,,,1824,reachable,screen
USGS-13068501,1913-04-27 00:00:00.000001,2026-08-19 00:00:00.000001,0,0.0,33472.0,1913-04-27 00:00:00,2026-08-19 00:00:00,0,unreachable,individual fetch
USGS-13069500,1910-06-06 00:00:00.000001,2026-08-17 00:00:00.000001,1826,,,,,1826,reachable,screen
USGS-13071010,2024-04-04 00:00:00.000001,2026-08-19 00:00:00.000001,0,0.0,787.0,2024-04-04 00:00:00,2026-08-19 00:00:00,0,unreachable,individual fetch
USGS-13072400,2024-07-18 00:00:00.000001,2026-08-19 00:00:00.000001,0,0.0,763.0,2024-07-18 00:00:00,2026-08-19 00:00:00,0,unreachable,individual fetch
USGS-13073000,1913-01-01 00:00:00.000001,2026-08-17 00:00:00.000001,1826,,,,,1826,reachable,screen
USGS-13074400,2024-04-02 00:00:00.000001,2026-08-19 00:00:00.000001,0,0.0,856.0,2024-04-02 00:00:00,2026-08-19 00:00:00,0,unreachable,individual fetch
USGS-13074810,2024-08-15 00:00:00.000001,2026-08-19 00:00:00.000001,0,0.0,690.0,2024-08-15 00:00:00,2026-08-19 00:00:00,0,unreachable,individual fetch
USGS-13075000,1954-09-27 00:00:00.000001,2026-08-13 00:00:00.000001,1826,,,,,1826,reachable,screen
USGS-13075500,1897-05-18 00:00:00.000001,2026-08-16 00:00:00.000001,1826,,,,,1826,reachable,screen
USGS-13075910,1985-05-01 00:00:00.000001,2026-08-13 00:00:00.000001,1826,,,,,1826,reachable,screen
USGS-13075983,1980-07-24 00:00:00.000001,2026-08-16 00:00:00.000001,1826,,,,,1826,reachable,screen
USGS-13077000,1907-02-12 00:00:00.000001,2026-08-17 00:00:00.000001,1826,,,,,1826,reachable,screen
USGS-13078000,1946-10-01 00:00:00.000001,2026-08-17 00:00:00.000001,1826,,,,,1826,reachable,screen
USGS-13079300,2020-08-25 00:00:00.000001,2026-08-19 00:00:00.000001,859,,,,,859,reachable,screen
USGS-13081500,1910-04-21 00:00:00.000001,2026-08-17 00:00:00.000001,1826,,,,,1826,reachable,screen
USGS-13082500,1911-04-29 00:00:00.000001,2026-08-17 00:00:00.000001,1826,,,,,1826,reachable,screen
USGS-13087505,1992-11-18 00:00:00.000001,2025-09-30 00:00:00.000001,1826,,,,,1826,reachable,screen
USGS-13087995,1992-10-01 00:00:00.000001,2026-08-17 00:00:00.000001,1826,,,,,1826,reachable,screen
USGS-13088000,1909-05-01 00:00:00.000001,2025-09-30 00:00:00.000001,1826,,,,,1826,reachable,screen
USGS-13089500,1950-04-01 00:00:00.000001,2026-08-17 00:00:00.000001,1826,,,,,1826,reachable,screen
USGS-13090000,1923-10-01 00:00:00.000001,2025-09-30 00:00:00.000001,1825,,,,,1825,reachable,screen
USGS-13090500,1911-09-30 00:00:00.000001,2026-08-17 00:00:00.000001,1826,,,,,1826,reachable,screen
USGS-13092747,1992-10-01 00:00:00.000001,2026-08-17 00:00:00.000001,1826,,,,,1826,reachable,screen
USGS-13093383,2019-12-17 00:00:00.000001,2026-08-19 00:00:00.000001,1111,,,,,1111,reachable,screen
USGS-13094000,1946-12-12 00:00:00.000001,2026-08-17 00:00:00.000001,1826,,,,,1826,reachable,screen
USGS-13105000,1910-06-06 00:00:00.000001,2026-08-17 00:00:00.000001,1826,,,,,1826,reachable,screen
USGS-13108150,1970-04-06 00:00:00.000001,2026-08-18 00:00:00.000001,1826,,,,,1826,reachable,screen
USGS-13112000,1925-05-01 00:00:00.000001,2026-08-17 00:00:00.000001,1826,,,,,1826,reachable,screen
USGS-13116500,1921-04-19 00:00:00.000001,2026-08-17 00:00:00.000001,1826,,,,,1826,reachable,screen
USGS-13117020,1967-04-27 00:00:00.000001,1991-03-31 00:00:00.000001,0,0.0,4546.0,1967-04-27 00:00:00,1991-03-31 00:00:00,0,unreachable,individual fetch
USGS-13118700,1958-01-01 00:00:00.000001,2026-08-17 00:00:00.000001,1826,,,,,1826,reachable,screen
USGS-13118975,2015-05-20 00:00:00.000001,2026-08-17 00:00:00.000001,1826,,,,,1826,reachable,screen
USGS-13119000,1921-04-13 00:00:00.000001,2026-08-17 00:00:00.000001,1826,,,,,1826,reachable,screen
USGS-13120000,1944-04-01 00:00:00.000001,2026-08-17 00:00:00.000001,1826,,,,,1826,reachable,screen
USGS-13120500,1904-05-01 00:00:00.000001,2026-08-17 00:00:00.000001,1826,,,,,1826,reachable,screen
USGS-13122000,1912-12-01 00:00:00.000001,2026-08-19 00:00:00.000001,1376,,,,,1376,reachable,screen
USGS-13124265,2019-03-26 00:00:00.000001,2026-08-19 00:00:00.000001,1377,,,,,1377,reachable,screen
USGS-13127000,1903-12-01 00:00:00.000001,2026-08-17 00:00:00.000001,1826,,,,,1826,reachable,screen
USGS-13128900,1966-08-14 00:00:00.000001,2026-08-19 00:00:00.000001,1377,,,,,1377,reachable,screen
USGS-13130300,2022-06-23 00:00:00.000001,2026-08-19 00:00:00.000001,192,,,,,192,reachable,screen
USGS-13131000,1913-04-29 00:00:00.000001,2026-08-19 00:00:00.000001,0,0.0,1727.0,1913-04-29 00:00:00,2026-08-19 00:00:00,0,unreachable,individual fetch
USGS-13132100,2019-03-25 00:00:00.000001,2026-08-17 00:00:00.000001,1378,,,,,1378,reachable,screen
USGS-13132373,2019-03-25 00:00:00.000001,2026-08-18 00:00:00.000001,1378,,,,,1378,reachable,screen
USGS-13132500,1946-09-01 00:00:00.000001,2026-08-16 00:00:00.000001,1826,,,,,1826,reachable,screen
USGS-13132513,1984-07-20 00:00:00.000001,2026-08-13 00:00:00.000001,1060,,,,,1060,reachable,screen
USGS-13132520,1984-07-11 00:00:00.000001,2026-08-13 00:00:00.000001,1216,,,,,1216,reachable,screen
USGS-13132535,1984-07-12 00:00:00.000001,2026-07-24 00:00:00.000001,1190,,,,,1190,reachable,screen
USGS-13132565,1996-03-29 00:00:00.000001,2026-08-13 00:00:00.000001,1253,,,,,1253,reachable,screen
USGS-13134556,1991-08-16 00:00:00.000001,2025-10-30 00:00:00.000001,1823,,,,,1823,reachable,screen
USGS-13135000,1937-10-01 00:00:00.000001,2025-09-30 00:00:00.000001,1826,,,,,1826,reachable,screen
USGS-13135500,1948-06-01 00:00:00.000001,2026-08-16 00:00:00.000001,1826,,,,,1826,reachable,screen
USGS-13135520,2011-04-20 00:00:00.000001,2026-08-17 00:00:00.000001,1826,,,,,1826,reachable,screen
USGS-13136550,2019-04-26 00:00:00.000001,2026-08-18 00:00:00.000001,1346,,,,,1346,reachable,screen
USGS-13137300,2016-11-18 00:00:00.000001,2026-08-17 00:00:00.000001,1826,,,,,1826,reachable,screen
USGS-13137500,1920-07-20 00:00:00.000001,2026-08-17 00:00:00.000001,1826,,,,,1826,reachable,screen
USGS-13138000,2010-10-20 00:00:00.000001,2026-08-17 00:00:00.000001,1826,,,,,1826,reachable,screen
USGS-13139510,1915-07-01 00:00:00.000001,2026-08-16 00:00:00.000001,1826,,,,,1826,reachable,screen
USGS-13140335,2026-04-21 00:00:00.000001,2026-08-19 00:00:00.000001,0,0.0,121.0,2026-04-21 00:00:00,2026-08-19 00:00:00,0,unreachable,individual fetch
USGS-13140800,1996-09-18 00:00:00.000001,2026-08-17 00:00:00.000001,1826,,,,,1826,reachable,screen
USGS-13141500,1912-06-01 00:00:00.000001,2026-08-17 00:00:00.000001,1826,,,,,1826,reachable,screen
USGS-13142500,1911-04-19 00:00:00.000001,2026-08-17 00:00:00.000001,1826,,,,,1826,reachable,screen
USGS-13147900,1958-10-01 00:00:00.000001,2026-08-17 00:00:00.000001,1826,,,,,1826,reachable,screen
USGS-13148500,1925-05-01 00:00:00.000001,2026-08-17 00:00:00.000001,1823,,,,,1823,reachable,screen
USGS-13150430,1974-10-01 00:00:00.000001,2026-08-16 00:00:00.000001,1826,,,,,1826,reachable,screen
USGS-13152500,1916-03-26 00:00:00.000001,2026-08-17 00:00:00.000001,1826,,,,,1826,reachable,screen
USGS-13153500,1899-04-01 00:00:00.000001,2025-09-30 00:00:00.000001,1826,,,,,1826,reachable,screen
USGS-13153776,1991-08-31 00:00:00.000001,2025-09-30 00:00:00.000001,1826,,,,,1826,reachable,screen
USGS-13154500,1909-06-01 00:00:00.000001,2026-08-16 00:00:00.000001,1826,,,,,1826,reachable,screen
USGS-13159800,1984-03-01 00:00:00.000001,2026-08-16 00:00:00.000001,1826,,,,,1826,reachable,screen
USGS-13161500,1913-06-01 00:00:00.000001,2026-08-17 00:00:00.000001,1826,,,,,1826,reachable,screen
USGS-13161930,2022-09-28 00:00:00.000001,2026-08-19 00:00:00.000001,95,,,,,95,reachable,screen
USGS-13162225,1998-04-22 00:00:00.000001,2026-08-17 00:00:00.000001,1826,,,,,1826,reachable,screen
USGS-13168500,1909-07-01 00:00:00.000001,2026-08-17 00:00:00.000001,1826,,,,,1826,reachable,screen
USGS-13171620,1985-04-01 00:00:00.000001,2025-10-23 00:00:00.000001,1826,,,,,1826,reachable,screen
USGS-13172500,1912-08-29 00:00:00.000001,2026-08-17 00:00:00.000001,1826,,,,,1826,reachable,screen
USGS-13174500,1916-04-01 00:00:00.000001,2026-08-18 00:00:00.000001,1825,,,,,1825,reachable,screen
USGS-13175100,1991-04-22 00:00:00.000001,2026-08-18 00:00:00.000001,1826,,,,,1826,reachable,screen
USGS-13176400,2012-12-05 00:00:00.000001,2026-08-17 00:00:00.000001,1826,,,,,1826,reachable,screen
USGS-13181000,1949-10-01 00:00:00.000001,2026-08-17 00:00:00.000001,1826,,,,,1826,reachable,screen
USGS-13183000,1929-02-25 00:00:00.000001,2026-08-17 00:00:00.000001,1826,,,,,1826,reachable,screen
USGS-13185000,1911-04-01 00:00:00.000001,2026-08-17 00:00:00.000001,1826,,,,,1826,reachable,screen
USGS-13186000,1945-05-01 00:00:00.000001,2026-08-17 00:00:00.000001,1826,,,,,1826,reachable,screen
USGS-13190500,1943-04-08 00:00:00.000001,2026-08-17 00:00:00.000001,1826,,,,,1826,reachable,screen
USGS-13192200,2011-05-05 00:00:00.000001,2019-09-30 00:00:00.000001,638,,,,,638,reachable,screen
USGS-13200000,1950-10-01 00:00:00.000001,2026-08-17 00:00:00.000001,1826,,,,,1826,reachable,screen
USGS-13206000,1938-03-23 00:00:00.000001,2026-08-17 00:00:00.000001,1826,,,,,1826,reachable,screen
USGS-13206305,1999-11-01 00:00:00.000001,2026-08-17 00:00:00.000001,1826,,,,,1826,reachable,screen
USGS-13206400,2010-07-09 00:00:00.000001,2026-08-16 00:00:00.000001,1826,,,,,1826,reachable,screen
USGS-13210045,2023-09-05 00:00:00.000001,2026-08-19 00:00:00.000001,0,0.0,1080.0,2023-09-05 00:00:00,2026-08-19 00:00:00,0,unreachable,individual fetch
USGS-13210050,1974-12-10 00:00:00.000001,2013-09-29 00:00:00.000001,0,0.0,6746.0,1974-12-10 00:00:00,2013-09-29 00:00:00,0,unreachable,individual fetch
USGS-13210810,2026-04-21 00:00:00.000001,2026-08-17 00:00:00.000001,0,0.0,120.0,2026-04-21 00:00:00,2026-08-18 00:00:00,0,unreachable,individual fetch
USGS-13210824,2016-11-22 00:00:00.000001,2026-08-16 00:00:00.000001,1826,,,,,1826,reachable,screen
USGS-13210831,2016-11-22 00:00:00.000001,2026-08-17 00:00:00.000001,1826,,,,,1826,reachable,screen
USGS-13210980,2016-11-30 00:00:00.000001,2026-08-17 00:00:00.000001,1826,,,,,1826,reachable,screen
USGS-13210986,2016-11-28 00:00:00.000001,2026-08-16 00:00:00.000001,1826,,,,,1826,reachable,screen
USGS-132109867,2016-11-29 00:00:00.000001,2026-08-17 00:00:00.000001,1826,,,,,1826,reachable,screen
USGS-13211205,2015-11-17 00:00:00.000001,2026-08-17 00:00:00.000001,1826,,,,,1826,reachable,screen
USGS-13212549,2016-11-29 00:00:00.000001,2026-08-16 00:00:00.000001,1826,,,,,1826,reachable,screen
USGS-13212890,1981-03-26 00:00:00.000001,2026-08-17 00:00:00.000001,1826,,,,,1826,reachable,screen
USGS-13213000,1971-08-26 00:00:00.000001,2026-08-16 00:00:00.000001,1826,,,,,1826,reachable,screen
USGS-13213072,1979-08-01 00:00:00.000001,2026-08-17 00:00:00.000001,1826,,,,,1826,reachable,screen
USGS-13213100,1974-11-26 00:00:00.000001,2026-08-17 00:00:00.000001,1826,,,,,1826,reachable,screen
USGS-13215480,2024-02-14 00:00:00.000001,2026-08-19 00:00:00.000001,0,0.0,918.0,2024-02-14 00:00:00,2026-08-19 00:00:00,0,unreachable,individual fetch
USGS-13233300,1926-05-17 00:00:00.000001,2026-08-17 00:00:00.000001,1826,,,,,1826,reachable,screen
USGS-13235000,1941-06-01 00:00:00.000001,2026-08-17 00:00:00.000001,1826,,,,,1826,reachable,screen
USGS-13236500,1926-10-01 00:00:00.000001,2026-08-17 00:00:00.000001,1826,,,,,1826,reachable,screen
USGS-13237920,1999-10-01 00:00:00.000001,2026-08-17 00:00:00.000001,1826,,,,,1826,reachable,screen
USGS-13239000,1908-09-01 00:00:00.000001,2026-08-17 00:00:00.000001,1826,,,,,1826,reachable,screen
USGS-13240000,1945-10-01 00:00:00.000001,2026-08-17 00:00:00.000001,915,,,,,915,reachable,screen
USGS-13245000,1941-05-01 00:00:00.000001,2025-10-20 00:00:00.000001,1826,,,,,1826,reachable,screen
USGS-13246000,1947-04-21 00:00:00.000001,2026-08-17 00:00:00.000001,1826,,,,,1826,reachable,screen
USGS-13247500,1906-10-01 00:00:00.000001,2026-08-17 00:00:00.000001,1826,,,,,1826,reachable,screen
USGS-13249500,1925-06-11 00:00:00.000001,2026-08-17 00:00:00.000001,1826,,,,,1826,reachable,screen
USGS-13250000,1952-07-11 00:00:00.000001,2026-08-17 00:00:00.000001,1826,,,,,1826,reachable,screen
USGS-13251000,1935-08-01 00:00:00.000001,2026-08-17 00:00:00.000001,1826,,,,,1826,reachable,screen
USGS-13258500,1939-04-01 00:00:00.000001,2026-08-17 00:00:00.000001,1826,,,,,1826,reachable,screen
USGS-13265500,1920-07-14 00:00:00.000001,2026-08-17 00:00:00.000001,1826,,,,,1826,reachable,screen
USGS-13266000,1894-12-05 00:00:00.000001,2026-08-17 00:00:00.000001,1826,,,,,1826,reachable,screen
USGS-13269000,1910-10-01 00:00:00.000001,2026-08-16 00:00:00.000001,1826,,,,,1826,reachable,screen
USGS-13290450,1965-07-15 00:00:00.000001,2025-10-09 00:00:00.000001,1826,,,,,1826,reachable,screen
USGS-13295000,1911-06-01 00:00:00.000001,2026-08-16 00:00:00.000001,1826,,,,,1826,reachable,screen
USGS-13296000,1921-05-01 00:00:00.000001,2026-08-18 00:00:00.000001,1764,,,,,1764,reachable,screen
USGS-13296500,1921-10-01 00:00:00.000001,2026-08-17 00:00:00.000001,1826,,,,,1826,reachable,screen
USGS-13297330,1972-10-01 00:00:00.000001,2026-08-17 00:00:00.000001,1826,,,,,1826,reachable,screen
USGS-13297350,1971-04-16 00:00:00.000001,2026-08-04 00:00:00.000001,1826,,,,,1826,reachable,screen
USGS-13297355,1972-10-01 00:00:00.000001,2026-08-17 00:00:00.000001,1826,,,,,1826,reachable,screen
USGS-13297380,2022-04-20 00:00:00.000001,2026-06-08 00:00:00.000001,256,,,,,256,reachable,screen
USGS-13302005,1984-10-01 00:00:00.000001,2026-08-17 00:00:00.000001,1826,,,,,1826,reachable,screen
USGS-13302500,1912-10-01 00:00:00.000001,2026-08-09 00:00:00.000001,1826,,,,,1826,reachable,screen
USGS-13304050,2021-10-01 00:00:00.000001,2026-08-19 00:00:00.000001,457,,,,,457,reachable,screen
USGS-13304700,2022-08-10 00:00:00.000001,2026-08-19 00:00:00.000001,144,,,,,144,reachable,screen
USGS-13305000,1938-12-01 00:00:00.000001,2026-08-17 00:00:00.000001,1826,,,,,1826,reachable,screen
USGS-13305310,1992-11-18 00:00:00.000001,2026-08-17 00:00:00.000001,1826,,,,,1826,reachable,screen
USGS-13306370,2011-11-01 00:00:00.000001,2026-08-17 00:00:00.000001,1826,,,,,1826,reachable,screen
USGS-13306385,1991-08-09 00:00:00.000001,2026-08-17 00:00:00.000001,1825,,,,,1825,reachable,screen
USGS-13307000,1944-10-01 00:00:00.000001,2026-08-17 00:00:00.000001,1826,,,,,1826,reachable,screen
USGS-13309220,1973-04-01 00:00:00.000001,2026-08-17 00:00:00.000001,1826,,,,,1826,reachable,screen
USGS-13310199,1993-10-01 00:00:00.000001,2026-08-17 00:00:00.000001,1826,,,,,1826,reachable,screen
USGS-13310700,1966-10-01 00:00:00.000001,2026-08-17 00:00:00.000001,1826,,,,,1826,reachable,screen
USGS-13310800,2011-09-17 00:00:00.000001,2026-06-30 00:00:00.000001,1826,,,,,1826,reachable,screen
USGS-13310850,2011-09-16 00:00:00.000001,2026-06-30 00:00:00.000001,1826,,,,,1826,reachable,screen
USGS-13311000,1928-06-15 00:00:00.000001,2026-06-30 00:00:00.000001,1826,,,,,1826,reachable,screen
USGS-13311250,2011-09-15 00:00:00.000001,2026-06-30 00:00:00.000001,1826,,,,,1826,reachable,screen
USGS-13311450,2011-09-17 00:00:00.000001,2026-06-30 00:00:00.000001,1826,,,,,1826,reachable,screen
USGS-13313000,1928-09-01 00:00:00.000001,2026-08-17 00:00:00.000001,1826,,,,,1826,reachable,screen
USGS-13316500,1951-02-01 00:00:00.000001,2026-08-17 00:00:00.000001,1826,,,,,1826,reachable,screen
USGS-13317000,1910-09-01 00:00:00.000001,2026-08-17 00:00:00.000001,1826,,,,,1826,reachable,screen
USGS-13317660,2003-10-01 00:00:00.000001,2026-08-17 00:00:00.000001,1826,,,,,1826,reachable,screen
USGS-13325000,1924-08-01 00:00:00.000001,2026-08-17 00:00:00.000001,1826,,,,,1826,reachable,screen
USGS-13331500,1912-06-01 00:00:00.000001,2026-08-18 00:00:00.000001,1826,,,,,1826,reachable,screen
USGS-13333000,1944-10-01 00:00:00.000001,2026-08-17 00:00:00.000001,1826,,,,,1826,reachable,screen
USGS-13334300,1958-07-22 00:00:00.000001,2026-08-17 00:00:00.000001,1826,,,,,1826,reachable,screen
USGS-13335050,1991-03-22 00:00:00.000001,2026-08-18 00:00:00.000001,1826,,,,,1826,reachable,screen
USGS-13336500,1911-04-11 00:00:00.000001,2026-08-18 00:00:00.000001,1826,,,,,1826,reachable,screen
USGS-13337000,1910-10-01 00:00:00.000001,2026-08-18 00:00:00.000001,1826,,,,,1826,reachable,screen
USGS-13337095,2024-06-04 00:00:00.000001,2026-05-14 00:00:00.000001,0,0.0,708.0,2024-06-04 00:00:00,2026-05-13 00:00:00,0,unreachable,individual fetch
USGS-13338500,1911-10-01 00:00:00.000001,2026-08-17 00:00:00.000001,1826,,,,,1826,reachable,screen
USGS-13338950,2020-03-07 00:00:00.000001,2026-08-19 00:00:00.000001,1030,,,,,1030,reachable,screen
USGS-13339500,1911-11-12 00:00:00.000001,2026-06-30 00:00:00.000001,1826,,,,,1826,reachable,screen
USGS-13340000,1930-10-01 00:00:00.000001,2026-08-17 00:00:00.000001,1826,,,,,1826,reachable,screen
USGS-13340600,1967-04-25 00:00:00.000001,2026-08-17 00:00:00.000001,1826,,,,,1826,reachable,screen
USGS-13341050,1964-10-01 00:00:00.000001,2026-08-17 00:00:00.000001,1826,,,,,1826,reachable,screen
USGS-13341140,2017-03-16 00:00:00.000001,2026-08-19 00:00:00.000001,1826,,,,,1826,reachable,screen
USGS-13341570,2003-08-15 00:00:00.000001,2026-08-19 00:00:00.000001,1826,,,,,1826,reachable,screen
USGS-13342450,1974-10-01 00:00:00.000001,2026-08-13 00:00:00.000001,1826,,,,,1826,reachable,screen
USGS-13342500,1910-10-01 00:00:00.000001,2026-08-17 00:00:00.000001,1826,,,,,1826,reachable,screen
USGS-13344500,1914-10-01 00:00:00.000001,2026-08-17 00:00:00.000001,1826,,,,,1826,reachable,screen
USGS-13345000,1914-10-24 00:00:00.000001,2026-07-24 00:00:00.000001,1826,,,,,1826,reachable,screen
USGS-13346800,1978-10-01 00:00:00.000001,2026-07-07 00:00:00.000001,1826,,,,,1826,reachable,screen
USGS-13348000,1934-02-01 00:00:00.000001,2026-08-17 00:00:00.000001,1826,,,,,1826,reachable,screen
USGS-13351000,1897-10-01 00:00:00.000001,2026-08-17 00:00:00.000001,1826,,,,,1826,reachable,screen
USGS-14013000,1913-10-01 00:00:00.000001,2026-08-17 00:00:00.000001,1826,,,,,1826,reachable,screen
USGS-14013500,1939-10-01 00:00:00.000001,2026-08-17 00:00:00.000001,0,0.0,11807.0,1939-10-01 00:00:00,2026-08-18 00:00:00,0,unreachable,individual fetch
USGS-14013700,1997-11-01 00:00:00.000001,2026-08-17 00:00:00.000001,1826,,,,,1826,reachable,screen
USGS-14015000,1941-04-11 00:00:00.000001,2026-08-18 00:00:00.000001,1826,,,,,1826,reachable,screen
USGS-14015350,2021-02-03 00:00:00.000001,2026-08-19 00:00:00.000001,697,,,,,697,reachable,screen
USGS-14016820,,,0,0.0,0.0,,,0,unreachable,individual fetch
USGS-14018500,1951-10-01 00:00:00.000001,2026-08-17 00:00:00.000001,1826,,,,,1826,reachable,screen
USGS-14020000,1933-04-01 00:00:00.000001,2026-08-17 00:00:00.000001,1826,,,,,1826,reachable,screen
USGS-14020300,1975-08-01 00:00:00.000001,2026-08-17 00:00:00.000001,1826,,,,,1826,reachable,screen
USGS-14020850,1995-10-01 00:00:00.000001,2026-08-17 00:00:00.000001,1826,,,,,1826,reachable,screen
USGS-14033500,1903-11-01 00:00:00.000001,2026-08-17 00:00:00.000001,1826,,,,,1826,reachable,screen
USGS-14034470,1982-10-01 00:00:00.000001,2026-08-17 00:00:00.000001,1826,,,,,1826,reachable,screen
USGS-14034480,1982-05-01 00:00:00.000001,2003-09-30 00:00:00.000001,0,0.0,7823.0,1982-05-01 00:00:00,2003-09-30 00:00:00,0,unreachable,individual fetch
USGS-14034500,1951-10-01 00:00:00.000001,2026-08-17 00:00:00.000001,1826,,,,,1826,reachable,screen
USGS-14034608,2007-10-01 00:00:00.000001,2026-08-17 00:00:00.000001,1826,,,,,1826,reachable,screen
USGS-14036860,1996-10-01 00:00:00.000001,2026-08-17 00:00:00.000001,1236,,,,,1236,reachable,screen
USGS-14038530,1968-10-01 00:00:00.000001,2026-08-17 00:00:00.000001,1826,,,,,1826,reachable,screen
USGS-14043840,2011-10-01 00:00:00.000001,2026-08-17 00:00:00.000001,1826,,,,,1826,reachable,screen
USGS-14044000,1929-10-01 00:00:00.000001,2026-08-17 00:00:00.000001,1826,,,,,1826,reachable,screen
USGS-14046000,1928-10-01 00:00:00.000001,2026-08-18 00:00:00.000001,1826,,,,,1826,reachable,screen
USGS-14046500,1929-10-01 00:00:00.000001,2026-08-17 00:00:00.000001,1826,,,,,1826,reachable,screen
USGS-14046778,2006-03-15 00:00:00.000001,2026-08-17 00:00:00.000001,1825,,,,,1825,reachable,screen
USGS-14048000,1904-12-01 00:00:00.000001,2026-08-17 00:00:00.000001,1826,,,,,1826,reachable,screen
USGS-14056500,1938-06-01 00:00:00.000001,1991-09-29 00:00:00.000001,0,0.0,19479.0,1938-06-01 00:00:00,1991-09-29 00:00:00,0,unreachable,individual fetch
USGS-14064500,1906-04-01 00:00:00.000001,1991-09-29 00:00:00.000001,0,0.0,27350.0,1906-04-01 00:00:00,1991-09-29 00:00:00,0,unreachable,individual fetch
USGS-14070615,2017-10-06 00:00:00.000001,2026-08-17 00:00:00.000001,1826,,,,,1826,reachable,screen
USGS-14070621,2017-10-06 00:00:00.000001,2026-08-17 00:00:00.000001,1826,,,,,1826,reachable,screen
USGS-14070624,2017-10-06 00:00:00.000001,2026-08-17 00:00:00.000001,1826,,,,,1826,reachable,screen
USGS-14070900,2017-09-19 00:00:00.000001,2026-08-17 00:00:00.000001,1826,,,,,1826,reachable,screen
USGS-14076500,1952-07-14 00:00:00.000001,2026-08-17 00:00:00.000001,1826,,,,,1826,reachable,screen
USGS-14087380,2003-10-01 00:00:00.000001,2026-08-17 00:00:00.000001,1826,,,,,1826,reachable,screen
USGS-14087400,1961-10-01 00:00:00.000001,2026-08-17 00:00:00.000001,1826,,,,,1826,reachable,screen
USGS-14091500,1912-03-01 00:00:00.000001,2026-08-17 00:00:00.000001,1826,,,,,1826,reachable,screen
USGS-14092500,1923-12-28 00:00:00.000001,2026-08-17 00:00:00.000001,1826,,,,,1826,reachable,screen
USGS-14092750,1982-07-01 00:00:00.000001,2026-08-18 00:00:00.000001,1826,,,,,1826,reachable,screen
USGS-14093000,1911-06-01 00:00:00.000001,2026-08-17 00:00:00.000001,1826,,,,,1826,reachable,screen
USGS-14096850,1983-10-01 00:00:00.000001,2026-08-17 00:00:00.000001,1826,,,,,1826,reachable,screen
USGS-14097100,1972-10-01 00:00:00.000001,2026-08-17 00:00:00.000001,1826,,,,,1826,reachable,screen
USGS-14101500,1917-10-01 00:00:00.000001,2026-08-17 00:00:00.000001,1186,,,,,1186,reachable,screen
USGS-14103000,1897-10-01 00:00:00.000001,2026-08-17 00:00:00.000001,1826,,,,,1826,reachable,screen
USGS-14105700,1878-06-01 00:00:00.000001,2026-08-17 00:00:00.000001,1826,,,,,1826,reachable,screen
USGS-14107000,1944-10-01 00:00:00.000001,2026-08-17 00:00:00.000001,1826,,,,,1826,reachable,screen
USGS-14111400,1996-10-01 00:00:00.000001,2026-03-30 00:00:00.000001,1826,,,,,1826,reachable,screen
USGS-14113000,1909-07-01 00:00:00.000001,2026-08-17 00:00:00.000001,1826,,,,,1826,reachable,screen
USGS-14113200,1963-04-17 00:00:00.000001,2026-08-17 00:00:00.000001,1826,,,,,1826,reachable,screen
USGS-14120000,1897-10-20 00:00:00.000001,2026-08-17 00:00:00.000001,1826,,,,,1826,reachable,screen
USGS-14123500,1912-11-01 00:00:00.000001,2026-08-18 00:00:00.000001,1826,,,,,1826,reachable,screen
USGS-14137000,1911-09-01 00:00:00.000001,2026-08-17 00:00:00.000001,1826,,,,,1826,reachable,screen
USGS-14138720,1992-10-01 00:00:00.000001,2026-08-17 00:00:00.000001,1826,,,,,1826,reachable,screen
USGS-14138800,1963-10-01 00:00:00.000001,2026-08-18 00:00:00.000001,1826,,,,,1826,reachable,screen
USGS-14138850,1966-07-22 00:00:00.000001,2026-08-17 00:00:00.000001,1826,,,,,1826,reachable,screen
USGS-14138870,1975-10-01 00:00:00.000001,2026-08-17 00:00:00.000001,1826,,,,,1826,reachable,screen
USGS-14138900,1965-08-01 00:00:00.000001,2026-08-17 00:00:00.000001,1826,,,,,1826,reachable,screen
USGS-14139800,1974-10-01 00:00:00.000001,2026-08-17 00:00:00.000001,1826,,,,,1826,reachable,screen
USGS-14140000,1907-10-01 00:00:00.000001,2026-08-17 00:00:00.000001,1826,,,,,1826,reachable,screen
USGS-14141500,1911-05-01 00:00:00.000001,2026-08-17 00:00:00.000001,1826,,,,,1826,reachable,screen
USGS-14142500,1910-10-01 00:00:00.000001,2026-08-17 00:00:00.000001,1826,,,,,1826,reachable,screen
USGS-14142800,1999-10-01 00:00:00.000001,2026-08-17 00:00:00.000001,1826,,,,,1826,reachable,screen
USGS-14144700,1963-10-01 00:00:00.000001,2026-08-18 00:00:00.000001,1780,,,,,1780,reachable,screen
USGS-14144800,1958-10-01 00:00:00.000001,1997-09-30 00:00:00.000001,0,0.0,14245.0,1958-10-01 00:00:00,1997-09-30 00:00:00,0,unreachable,individual fetch
USGS-14145500,1913-10-01 00:00:00.000001,2026-08-17 00:00:00.000001,1826,,,,,1826,reachable,screen
USGS-14147500,1909-10-01 00:00:00.000001,1994-09-30 00:00:00.000001,0,0.0,22980.0,1909-10-01 00:00:00,1994-09-30 00:00:00,0,unreachable,individual fetch
USGS-14148000,1911-03-01 00:00:00.000001,2026-08-17 00:00:00.000001,1826,,,,,1826,reachable,screen
USGS-14150000,1946-10-01 00:00:00.000001,2026-08-18 00:00:00.000001,1826,,,,,1826,reachable,screen
USGS-14150800,1963-09-01 00:00:00.000001,2026-08-17 00:00:00.000001,1826,,,,,1826,reachable,screen
USGS-14151000,1935-10-01 00:00:00.000001,2026-08-17 00:00:00.000001,1826,,,,,1826,reachable,screen
USGS-14152000,1905-09-01 00:00:00.000001,2026-08-17 00:00:00.000001,1826,,,,,1826,reachable,screen
USGS-14152500,1935-10-01 00:00:00.000001,2026-08-17 00:00:00.000001,1188,,,,,1188,reachable,screen
USGS-14153500,1939-01-01 00:00:00.000001,2026-08-17 00:00:00.000001,1826,,,,,1826,reachable,screen
USGS-14154500,1935-10-01 00:00:00.000001,2026-08-17 00:00:00.000001,1826,,,,,1826,reachable,screen
USGS-14155500,1939-01-01 00:00:00.000001,2026-08-17 00:00:00.000001,1826,,,,,1826,reachable,screen
USGS-14157500,1905-10-01 00:00:00.000001,2026-08-18 00:00:00.000001,1826,,,,,1826,reachable,screen
USGS-14158500,1912-10-01 00:00:00.000001,2026-08-17 00:00:00.000001,1826,,,,,1826,reachable,screen
USGS-14158740,2016-07-21 00:00:00.000001,2026-08-17 00:00:00.000001,1826,,,,,1826,reachable,screen
USGS-14158790,1960-10-01 00:00:00.000001,2026-08-17 00:00:00.000001,1826,,,,,1826,reachable,screen
USGS-14158798,2017-08-11 00:00:00.000001,2026-08-17 00:00:00.000001,1826,,,,,1826,reachable,screen
USGS-14158850,1959-10-01 00:00:00.000001,2026-08-17 00:00:00.000001,1826,,,,,1826,reachable,screen
USGS-14159110,2003-01-30 00:00:00.000001,2006-09-30 00:00:00.000001,0,0.0,1340.0,2003-01-30 00:00:00,2006-09-30 00:00:00,0,unreachable,individual fetch
USGS-14159200,1957-10-01 00:00:00.000001,2026-08-17 00:00:00.000001,1826,,,,,1826,reachable,screen
USGS-14159500,1947-10-01 00:00:00.000001,2026-08-18 00:00:00.000001,1826,,,,,1826,reachable,screen
USGS-14161100,1963-09-01 00:00:00.000001,2003-09-29 00:00:00.000001,0,0.0,14639.0,1963-09-01 00:00:00,2003-09-29 00:00:00,0,unreachable,individual fetch
USGS-14161500,1949-10-01 00:00:00.000001,2026-08-17 00:00:00.000001,1826,,,,,1826,reachable,screen
USGS-14162050,2022-01-28 00:00:00.000001,2026-08-19 00:00:00.000001,338,,,,,338,reachable,screen
USGS-14162200,1966-10-01 00:00:00.000001,2026-08-17 00:00:00.000001,1826,,,,,1826,reachable,screen
USGS-14162450,2022-10-29 00:00:00.000001,2025-05-12 00:00:00.000001,64,,,,,64,reachable,screen
USGS-14162500,1910-07-01 00:00:00.000001,2026-08-17 00:00:00.000001,1826,,,,,1826,reachable,screen
USGS-14163000,1951-10-01 00:00:00.000001,2026-08-17 00:00:00.000001,766,,,,,766,reachable,screen
USGS-14163150,1989-10-01 00:00:00.000001,2026-08-17 00:00:00.000001,1826,,,,,1826,reachable,screen
USGS-14163900,1989-10-01 00:00:00.000001,2026-08-17 00:00:00.000001,1826,,,,,1826,reachable,screen
USGS-14164550,2012-10-01 00:00:00.000001,2026-08-17 00:00:00.000001,953,,,,,953,reachable,screen
USGS-14164700,2001-10-01 00:00:00.000001,2026-08-17 00:00:00.000001,1822,,,,,1822,reachable,screen
USGS-14164900,2007-03-22 00:00:00.000001,2026-08-17 00:00:00.000001,1826,,,,,1826,reachable,screen
USGS-14165000,1935-09-01 00:00:00.000001,2026-08-17 00:00:00.000001,1826,,,,,1826,reachable,screen
USGS-14165500,1944-10-01 00:00:00.000001,2026-08-18 00:00:00.000001,1826,,,,,1826,reachable,screen
USGS-14166000,1944-10-01 00:00:00.000001,2026-08-17 00:00:00.000001,1826,,,,,1826,reachable,screen
USGS-14166500,1935-10-01 00:00:00.000001,2026-08-17 00:00:00.000001,1826,,,,,1826,reachable,screen
USGS-14169000,1939-10-01 00:00:00.000001,2026-08-17 00:00:00.000001,1826,,,,,1826,reachable,screen
USGS-14170000,1920-11-13 00:00:00.000001,2026-08-17 00:00:00.000001,1826,,,,,1826,reachable,screen
USGS-14171000,1940-10-01 00:00:00.000001,2026-08-17 00:00:00.000001,1826,,,,,1826,reachable,screen
USGS-14171600,2009-10-01 00:00:00.000001,2026-08-18 00:00:00.000001,1826,,,,,1826,reachable,screen
USGS-14173500,1940-10-01 00:00:00.000001,2026-08-16 00:00:00.000001,0,0.0,16031.0,1940-10-01 00:00:00,2026-08-18 00:00:00,0,unreachable,individual fetch
USGS-14174000,1892-11-01 00:00:00.000001,2026-08-17 00:00:00.000001,1826,,,,,1826,reachable,screen
USGS-14178000,1907-01-01 00:00:00.000001,2026-08-17 00:00:00.000001,1826,,,,,1826,reachable,screen
USGS-14179000,1932-06-01 00:00:00.000001,2026-08-17 00:00:00.000001,1826,,,,,1826,reachable,screen
USGS-14180300,1998-10-01 00:00:00.000001,2026-08-18 00:00:00.000001,1826,,,,,1826,reachable,screen
USGS-14181500,1908-12-01 00:00:00.000001,2026-08-17 00:00:00.000001,1826,,,,,1826,reachable,screen
USGS-14182500,1931-10-01 00:00:00.000001,2026-08-17 00:00:00.000001,1826,,,,,1826,reachable,screen
USGS-14183000,1905-07-01 00:00:00.000001,2026-08-18 00:00:00.000001,1826,,,,,1826,reachable,screen
USGS-14184100,1964-10-01 00:00:00.000001,2026-08-17 00:00:00.000001,1826,,,,,1826,reachable,screen
USGS-14185000,1935-09-01 00:00:00.000001,2026-08-17 00:00:00.000001,1826,,,,,1826,reachable,screen
USGS-14185900,1963-08-01 00:00:00.000001,2026-08-18 00:00:00.000001,1826,,,,,1826,reachable,screen
USGS-14187000,1947-10-01 00:00:00.000001,2026-08-18 00:00:00.000001,1826,,,,,1826,reachable,screen
USGS-14187200,1973-08-01 00:00:00.000001,2026-08-17 00:00:00.000001,1826,,,,,1826,reachable,screen
USGS-14187500,1905-07-01 00:00:00.000001,2026-08-17 00:00:00.000001,1826,,,,,1826,reachable,screen
USGS-14187600,1992-05-01 00:00:00.000001,2026-08-17 00:00:00.000001,1826,,,,,1826,reachable,screen
USGS-14188610,1993-07-15 00:00:00.000001,2026-08-17 00:00:00.000001,1826,,,,,1826,reachable,screen
USGS-14188800,1962-10-01 00:00:00.000001,2026-08-17 00:00:00.000001,1826,,,,,1826,reachable,screen
USGS-14189000,1907-10-01 00:00:00.000001,2026-08-17 00:00:00.000001,1826,,,,,1826,reachable,screen
USGS-14190500,1905-08-01 00:00:00.000001,2026-08-18 00:00:00.000001,1826,,,,,1826,reachable,screen
USGS-14191000,1909-10-01 00:00:00.000001,2026-08-17 00:00:00.000001,1826,,,,,1826,reachable,screen
USGS-14194150,1994-10-01 00:00:00.000001,2026-08-17 00:00:00.000001,1826,,,,,1826,reachable,screen
USGS-14197900,2001-10-01 00:00:00.000001,2026-08-17 00:00:00.000001,1826,,,,,1826,reachable,screen
USGS-14198400,1993-03-31 00:00:00.000001,2026-08-17 00:00:00.000001,1826,,,,,1826,reachable,screen
USGS-14198500,1935-10-01 00:00:00.000001,2026-08-17 00:00:00.000001,0,0.0,22227.0,1935-10-01 00:00:00,2026-08-18 00:00:00,0,unreachable,individual fetch
USGS-14199704,2002-06-07 00:00:00.000001,2026-08-13 00:00:00.000001,1826,,,,,1826,reachable,screen
USGS-14200000,1928-08-01 00:00:00.000001,2026-08-17 00:00:00.000001,1826,,,,,1826,reachable,screen
USGS-14200100,2014-05-21 00:00:00.000001,2017-10-03 00:00:00.000001,0,0.0,1232.0,2014-05-21 00:00:00,2017-10-03 00:00:00,0,unreachable,individual fetch
USGS-14200700,2014-06-12 00:00:00.000001,2022-10-26 00:00:00.000001,1760,,,,,1760,reachable,screen
USGS-14201300,1993-07-01 00:00:00.000001,2023-10-22 00:00:00.000001,1826,,,,,1826,reachable,screen
USGS-14201340,1997-10-01 00:00:00.000001,2026-08-17 00:00:00.000001,1826,,,,,1826,reachable,screen
USGS-14201500,1936-01-01 00:00:00.000001,2026-08-17 00:00:00.000001,1826,,,,,1826,reachable,screen
USGS-14202000,1928-10-01 00:00:00.000001,2026-08-17 00:00:00.000001,1826,,,,,1826,reachable,screen
USGS-14202650,2011-10-01 00:00:00.000001,2026-08-17 00:00:00.000001,120,,,,,120,reachable,screen
USGS-14202980,1975-01-01 00:00:00.000001,2006-10-01 00:00:00.000001,0,0.0,11597.0,1975-01-01 00:00:00,2006-10-01 00:00:00,0,unreachable,individual fetch
USGS-14203500,1939-10-01 00:00:00.000001,2026-08-17 00:00:00.000001,1826,,,,,1826,reachable,screen
USGS-14205350,2020-08-29 00:00:00.000001,2026-08-17 00:00:00.000001,855,,,,,855,reachable,screen
USGS-14206241,2021-07-10 00:00:00.000001,2026-08-17 00:00:00.000001,540,,,,,540,reachable,screen
USGS-14206900,1990-10-01 00:00:00.000001,2026-08-17 00:00:00.000001,1826,,,,,1826,reachable,screen
USGS-14206950,1993-10-01 00:00:00.000001,2026-08-17 00:00:00.000001,1826,,,,,1826,reachable,screen
USGS-14207500,1928-08-01 00:00:00.000001,2026-08-17 00:00:00.000001,1826,,,,,1826,reachable,screen
USGS-14208700,1956-10-01 00:00:00.000001,2026-08-17 00:00:00.000001,1826,,,,,1826,reachable,screen
USGS-14209000,1909-05-01 00:00:00.000001,2026-08-17 00:00:00.000001,1826,,,,,1826,reachable,screen
USGS-14209250,2010-10-01 00:00:00.000001,2026-08-18 00:00:00.000001,1826,,,,,1826,reachable,screen
USGS-14209500,1909-04-01 00:00:00.000001,2026-08-17 00:00:00.000001,1826,,,,,1826,reachable,screen
USGS-14209700,1989-08-18 00:00:00.000001,2024-11-26 00:00:00.000001,570,,,,,570,reachable,screen
USGS-14210000,1908-04-01 00:00:00.000001,2026-08-17 00:00:00.000001,1826,,,,,1826,reachable,screen
USGS-14211010,2001-06-01 00:00:00.000001,2026-08-16 00:00:00.000001,1826,,,,,1826,reachable,screen
USGS-14211315,2001-08-01 00:00:00.000001,2026-08-17 00:00:00.000001,1826,,,,,1826,reachable,screen
USGS-14211400,1998-02-26 00:00:00.000001,2026-08-17 00:00:00.000001,1826,,,,,1826,reachable,screen
USGS-14211499,2000-03-11 00:00:00.000001,2026-08-17 00:00:00.000001,1826,,,,,1826,reachable,screen
USGS-14211500,1940-10-01 00:00:00.000001,2026-08-17 00:00:00.000001,1825,,,,,1825,reachable,screen
USGS-14211542,2019-10-01 00:00:00.000001,2026-08-17 00:00:00.000001,1109,,,,,1109,reachable,screen
USGS-14211550,1989-04-22 00:00:00.000001,2026-08-17 00:00:00.000001,1826,,,,,1826,reachable,screen
USGS-14211720,1972-10-01 00:00:00.000001,2026-08-17 00:00:00.000001,1826,,,,,1826,reachable,screen
USGS-14211814,1992-05-01 00:00:00.000001,2026-08-17 00:00:00.000001,1826,,,,,1826,reachable,screen
USGS-14211820,1988-10-14 00:00:00.000001,2026-08-17 00:00:00.000001,1826,,,,,1826,reachable,screen
USGS-14216000,1927-09-01 00:00:00.000001,2026-08-17 00:00:00.000001,1826,,,,,1826,reachable,screen
USGS-14216500,1927-10-01 00:00:00.000001,2026-08-17 00:00:00.000001,1826,,,,,1826,reachable,screen
USGS-14219000,1922-08-01 00:00:00.000001,2026-08-18 00:00:00.000001,1826,,,,,1826,reachable,screen
USGS-14219800,1959-06-01 00:00:00.000001,2026-08-17 00:00:00.000001,1826,,,,,1826,reachable,screen
USGS-14220500,1909-07-01 00:00:00.000001,2026-08-17 00:00:00.000001,1826,,,,,1826,reachable,screen
USGS-14222500,1929-10-01 00:00:00.000001,2026-08-17 00:00:00.000001,1826,,,,,1826,reachable,screen
USGS-14226500,1911-07-01 00:00:00.000001,2026-08-17 00:00:00.000001,1826,,,,,1826,reachable,screen
USGS-14231000,1910-10-01 00:00:00.000001,2026-08-17 00:00:00.000001,1826,,,,,1826,reachable,screen
USGS-14231900,1996-08-27 00:00:00.000001,2026-08-17 00:00:00.000001,1826,,,,,1826,reachable,screen
USGS-14233500,1947-10-01 00:00:00.000001,2026-08-17 00:00:00.000001,1826,,,,,1826,reachable,screen
USGS-14236200,1956-10-01 00:00:00.000001,2026-08-17 00:00:00.000001,1826,,,,,1826,reachable,screen
USGS-14238000,1934-04-01 00:00:00.000001,2026-08-18 00:00:00.000001,1826,,,,,1826,reachable,screen
USGS-14240525,1989-10-01 00:00:00.000001,2026-08-17 00:00:00.000001,1826,,,,,1826,reachable,screen
USGS-14242580,1981-03-24 00:00:00.000001,2026-08-17 00:00:00.000001,1826,,,,,1826,reachable,screen
USGS-14243000,1926-12-10 00:00:00.000001,2026-08-17 00:00:00.000001,1826,,,,,1826,reachable,screen
USGS-14246900,1968-05-01 00:00:00.000001,2026-08-17 00:00:00.000001,1826,,,,,1826,reachable,screen
USGS-14299800,2001-07-26 00:00:00.000001,2026-08-17 00:00:00.000001,1826,,,,,1826,reachable,screen
USGS-14301000,1939-10-01 00:00:00.000001,2026-08-17 00:00:00.000001,1826,,,,,1826,reachable,screen
USGS-14301340,2024-02-16 00:00:00.000001,2026-08-17 00:00:00.000001,0,0.0,914.0,2024-02-16 00:00:00,2026-08-18 00:00:00,0,unreachable,individual fetch
USGS-14301500,1914-12-01 00:00:00.000001,2026-08-17 00:00:00.000001,1826,,,,,1826,reachable,screen
USGS-14302480,1996-04-01 00:00:00.000001,2026-08-17 00:00:00.000001,1826,,,,,1826,reachable,screen
USGS-14302900,1960-10-01 00:00:00.000001,2026-08-17 00:00:00.000001,1192,,,,,1192,reachable,screen
USGS-14303200,1983-07-01 00:00:00.000001,2026-08-17 00:00:00.000001,1826,,,,,1826,reachable,screen
USGS-14303600,1964-10-01 00:00:00.000001,2026-08-17 00:00:00.000001,1747,,,,,1747,reachable,screen
USGS-14305500,1905-10-01 00:00:00.000001,2026-08-17 00:00:00.000001,1826,,,,,1826,reachable,screen
USGS-14305800,2024-10-22 00:00:00.000001,2026-08-17 00:00:00.000001,0,0.0,666.0,2024-10-22 00:00:00,2026-08-18 00:00:00,0,unreachable,individual fetch
USGS-14306340,1983-07-01 00:00:00.000001,2026-08-17 00:00:00.000001,1826,,,,,1826,reachable,screen
USGS-14306500,1939-10-01 00:00:00.000001,2026-08-17 00:00:00.000001,1826,,,,,1826,reachable,screen
USGS-14307620,1967-10-01 00:00:00.000001,2026-08-18 00:00:00.000001,1826,,,,,1826,reachable,screen
USGS-14308000,1910-10-01 00:00:00.000001,2026-08-17 00:00:00.000001,1826,,,,,1826,reachable,screen
USGS-14308500,1954-10-01 00:00:00.000001,2026-08-17 00:00:00.000001,1826,,,,,1826,reachable,screen
USGS-14308990,1985-10-01 00:00:00.000001,2026-08-17 00:00:00.000001,1825,,,,,1825,reachable,screen
USGS-14309000,1926-04-01 00:00:00.000001,2026-08-17 00:00:00.000001,1826,,,,,1826,reachable,screen
USGS-14309500,1955-10-01 00:00:00.000001,2026-08-17 00:00:00.000001,1826,,,,,1826,reachable,screen
USGS-14310000,1954-10-01 00:00:00.000001,2026-08-17 00:00:00.000001,1826,,,,,1826,reachable,screen
USGS-14312000,1905-12-01 00:00:00.000001,2026-08-17 00:00:00.000001,1826,,,,,1826,reachable,screen
USGS-14313200,2003-10-01 00:00:00.000001,2026-08-17 00:00:00.000001,1826,,,,,1826,reachable,screen
USGS-14313700,2003-10-01 00:00:00.000001,2026-08-17 00:00:00.000001,1826,,,,,1826,reachable,screen
USGS-14314500,1927-10-01 00:00:00.000001,2026-08-17 00:00:00.000001,1826,,,,,1826,reachable,screen
USGS-14314700,2003-10-01 00:00:00.000001,2026-08-17 00:00:00.000001,1826,,,,,1826,reachable,screen
USGS-14315500,1925-10-01 00:00:00.000001,2026-08-17 00:00:00.000001,1826,,,,,1826,reachable,screen
USGS-14315700,2003-10-01 00:00:00.000001,2026-08-17 00:00:00.000001,1826,,,,,1826,reachable,screen
USGS-14315950,2003-10-01 00:00:00.000001,2026-08-17 00:00:00.000001,1825,,,,,1825,reachable,screen
USGS-14316455,2003-10-01 00:00:00.000001,2026-08-17 00:00:00.000001,1826,,,,,1826,reachable,screen
USGS-14316495,1997-10-01 00:00:00.000001,2026-08-17 00:00:00.000001,1826,,,,,1826,reachable,screen
USGS-14316500,1949-09-01 00:00:00.000001,2026-08-17 00:00:00.000001,1826,,,,,1826,reachable,screen
USGS-14316700,1956-10-01 00:00:00.000001,2026-08-17 00:00:00.000001,1826,,,,,1826,reachable,screen
USGS-14317600,1957-10-01 00:00:00.000001,2026-08-17 00:00:00.000001,639,,,,,639,reachable,screen
USGS-14318000,1954-10-01 00:00:00.000001,2023-10-04 00:00:00.000001,1826,,,,,1826,reachable,screen
USGS-14319500,1908-10-01 00:00:00.000001,2026-08-17 00:00:00.000001,1826,,,,,1826,reachable,screen
USGS-14320934,2007-08-30 00:00:00.000001,2026-08-17 00:00:00.000001,1826,,,,,1826,reachable,screen
USGS-14321000,1905-10-01 00:00:00.000001,2026-08-17 00:00:00.000001,1826,,,,,1826,reachable,screen
USGS-14325000,1916-10-01 00:00:00.000001,2026-08-17 00:00:00.000001,1826,,,,,1826,reachable,screen
USGS-14326300,2024-04-04 00:00:00.000001,2026-08-17 00:00:00.000001,0,0.0,867.0,2024-04-04 00:00:00,2026-08-18 00:00:00,0,unreachable,individual fetch
USGS-14328000,1908-01-01 00:00:00.000001,2024-06-09 00:00:00.000001,1826,,,,,1826,reachable,screen
USGS-14330000,1913-10-01 00:00:00.000001,2026-08-17 00:00:00.000001,1826,,,,,1826,reachable,screen
USGS-14332000,1924-10-01 00:00:00.000001,2026-08-17 00:00:00.000001,1826,,,,,1826,reachable,screen
USGS-14335072,2011-12-16 00:00:00.000001,2026-08-17 00:00:00.000001,1826,,,,,1826,reachable,screen
USGS-14337500,1945-10-01 00:00:00.000001,2026-08-17 00:00:00.000001,1826,,,,,1826,reachable,screen
USGS-14337600,1965-10-01 00:00:00.000001,2026-08-17 00:00:00.000001,1826,,,,,1826,reachable,screen
USGS-14338000,1945-11-01 00:00:00.000001,2026-08-07 00:00:00.000001,1826,,,,,1826,reachable,screen
USGS-14339000,1938-10-01 00:00:00.000001,2026-08-17 00:00:00.000001,1826,,,,,1826,reachable,screen
USGS-14353000,1924-10-01 00:00:00.000001,2026-08-17 00:00:00.000001,1826,,,,,1826,reachable,screen
USGS-14353500,1924-10-01 00:00:00.000001,2026-08-17 00:00:00.000001,1826,,,,,1826,reachable,screen
USGS-14354200,1990-07-01 00:00:00.000001,2026-08-17 00:00:00.000001,1826,,,,,1826,reachable,screen
USGS-14357500,1915-03-01 00:00:00.000001,2026-08-17 00:00:00.000001,1826,,,,,1826,reachable,screen
USGS-14359000,1905-09-01 00:00:00.000001,2026-08-17 00:00:00.000001,1826,,,,,1826,reachable,screen
USGS-14361500,1939-01-01 00:00:00.000001,2026-08-17 00:00:00.000001,1826,,,,,1826,reachable,screen
USGS-14362000,1938-10-01 00:00:00.000001,2026-08-17 00:00:00.000001,1826,,,,,1826,reachable,screen
USGS-14362250,1983-07-01 00:00:00.000001,2026-06-15 00:00:00.000001,1826,,,,,1826,reachable,screen
USGS-14366000,1938-10-01 00:00:00.000001,2026-08-17 00:00:00.000001,1826,,,,,1826,reachable,screen
USGS-14369500,1938-10-01 00:00:00.000001,2026-08-17 00:00:00.000001,1826,,,,,1826,reachable,screen
USGS-14372300,1960-10-01 00:00:00.000001,2026-08-17 00:00:00.000001,1826,,,,,1826,reachable,screen
USGS-14375100,1965-10-01 00:00:00.000001,2026-08-17 00:00:00.000001,1826,,,,,1826,reachable,screen
USGS-14377100,1961-10-01 00:00:00.000001,2026-08-17 00:00:00.000001,1826,,,,,1826,reachable,screen
USGS-14400000,1969-10-01 00:00:00.000001,2026-08-17 00:00:00.000001,1826,,,,,1826,reachable,screen
USGS-250802081035500,,,0,0.0,0.0,,,0,unreachable,individual fetch
USGS-251003080435500,1995-10-27 00:00:00.000001,2026-08-17 00:00:00.000001,1785,,,,,1785,reachable,screen
USGS-251032080473400,2007-04-25 00:00:00.000001,2026-08-18 00:00:00.000001,1748,,,,,1748,reachable,screen
USGS-251033080440800,2014-04-11 00:00:00.000001,2026-08-17 00:00:00.000001,1718,,,,,1718,reachable,screen
USGS-251115081075800,,,0,0.0,0.0,,,0,unreachable,individual fetch
USGS-251127080382100,1995-10-08 00:00:00.000001,2025-12-01 00:00:00.000001,1807,,,,,1807,reachable,screen
USGS-251152080370900,2006-05-18 00:00:00.000001,2025-11-19 00:00:00.000001,1809,,,,,1809,reachable,screen
USGS-251154080471900,2014-06-12 00:00:00.000001,2026-08-17 00:00:00.000001,1632,,,,,1632,reachable,screen
USGS-251203080480600,2014-04-18 00:00:00.000001,2026-08-18 00:00:00.000001,1738,,,,,1738,reachable,screen
USGS-251209080350100,1995-10-16 00:00:00.000001,2025-11-17 00:00:00.000001,1817,,,,,1817,reachable,screen
USGS-251241080385300,1999-07-31 00:00:00.000001,2025-12-04 00:00:00.000001,1753,,,,,1753,reachable,screen
USGS-251253080320100,1996-02-01 00:00:00.000001,2026-08-17 00:00:00.000001,1820,,,,,1820,reachable,screen
USGS-251341080291200,1999-04-28 00:00:00.000001,2025-11-18 00:00:00.000001,1729,,,,,1729,reachable,screen
USGS-251355080312800,,,0,0.0,0.0,,,0,unreachable,individual fetch
USGS-251433080265000,,,0,0.0,0.0,,,0,unreachable,individual fetch
USGS-251549080251200,,,0,0.0,0.0,,,0,unreachable,individual fetch
USGS-252230081021300,,,0,0.0,0.0,,,0,unreachable,individual fetch
USGS-252551081050900,,,0,0.0,0.0,,,0,unreachable,individual fetch
USGS-253047080555600,2004-03-18 00:00:00.000001,2025-11-18 00:00:00.000001,1815,,,,,1815,reachable,screen
USGS-254157080213800,2010-09-01 00:00:00.000001,2026-08-17 00:00:00.000001,1814,,,,,1814,reachable,screen
USGS-254543080405401,1963-10-01 00:00:00.000001,2026-08-18 00:00:00.000001,1826,,,,,1826,reachable,screen
USGS-254543080491101,1963-10-01 00:00:00.000001,2026-08-18 00:00:00.000001,1826,,,,,1826,reachable,screen
USGS-255154080371300,2013-11-06 00:00:00.000001,2026-08-17 00:00:00.000001,1663,,,,,1663,reachable,screen
USGS-255327081275900,2007-04-25 00:00:00.000001,2026-08-18 00:00:00.000001,1788,,,,,1788,reachable,screen
USGS-255432081303900,2006-05-13 00:00:00.000001,2026-08-17 00:00:00.000001,1795,,,,,1795,reachable,screen
USGS-255534081324000,2007-04-20 00:00:00.000001,2026-08-17 00:00:00.000001,1784,,,,,1784,reachable,screen
USGS-255654081350200,,,0,0.0,0.0,,,0,unreachable,individual fetch
USGS-261533080571600,1996-10-17 00:00:00.000001,2026-08-17 00:00:00.000001,1742,,,,,1742,reachable,screen
USGS-261543080495000,1997-02-03 00:00:00.000001,2026-08-18 00:00:00.000001,1775,,,,,1775,reachable,screen
USGS-261808081042800,2012-02-23 00:00:00.000001,2026-08-18 00:00:00.000001,1826,,,,,1826,reachable,screen
USGS-262038080584600,2011-07-15 00:00:00.000001,2026-08-17 00:00:00.000001,1805,,,,,1805,reachable,screen
USGS-264514080550700,1976-08-24 00:00:00.000001,2026-08-18 00:00:00.000001,1820,,,,,1820,reachable,screen
USGS-265501080364900,1976-08-11 00:00:00.000001,2026-08-18 00:00:00.000001,1802,,,,,1802,reachable,screen
USGS-295124089542100,2001-01-24 00:00:00.000001,2015-09-29 00:00:00.000001,0,0.0,4885.0,2001-01-24 00:00:00,2015-09-29 00:00:00,0,unreachable,individual fetch
USGS-295308085143700,2020-09-23 00:00:00.000001,2026-08-17 00:00:00.000001,622,,,,,622,reachable,screen
USGS-295323085151700,2020-10-22 00:00:00.000001,2026-08-18 00:00:00.000001,716,,,,,716,reachable,screen
USGS-295501090190400,,,0,0.0,0.0,,,0,unreachable,individual fetch
USGS-301141089320300,2001-08-23 00:00:00.000001,2009-09-29 00:00:00.000001,0,0.0,910.0,2001-08-23 00:00:00,2009-09-29 00:00:00,0,unreachable,individual fetch
USGS-330304090210100,2007-07-10 00:00:00.000001,2012-06-12 00:00:00.000001,0,0.0,100.0,2007-07-10 00:00:00,2012-06-12 00:00:00,0,unreachable,individual fetch
USGS-330339091022000,,,0,0.0,0.0,,,0,unreachable,individual fetch
USGS-330548091055100,,,0,0.0,0.0,,,0,unreachable,individual fetch
USGS-333601090450000,2014-03-27 00:00:00.000001,2023-11-17 00:00:00.000001,0,0.0,816.0,2014-03-27 00:00:00,2023-11-17 00:00:00,0,unreachable,individual fetch
USGS-334334106544910,2022-04-14 00:00:00.000001,2024-04-21 00:00:00.000001,262,,,,,262,reachable,screen
USGS-334606106531010,2022-12-01 00:00:00.000001,2024-03-23 00:00:00.000001,31,,,,,31,reachable,screen
USGS-340229116510601,2015-06-16 00:00:00.000001,2026-08-17 00:00:00.000001,1034,,,,,1034,reachable,screen
USGS-340242116492901,2013-04-17 00:00:00.000001,2026-08-17 00:00:00.000001,642,,,,,642,reachable,screen
USGS-341404090385600,2010-08-03 00:00:00.000001,2021-03-02 00:00:00.000001,161,,,,,161,reachable,screen
USGS-341550090391300,2010-04-03 00:00:00.000001,2026-08-18 00:00:00.000001,1124,,,,,1124,reachable,screen
USGS-351813119150601,,,0,0.0,0.0,,,0,unreachable,individual fetch
USGS-360013118575201,,,0,0.0,0.0,,,0,unreachable,individual fetch
USGS-361240119340701,,,0,0.0,0.0,,,0,unreachable,individual fetch
USGS-362227119531401,,,0,0.0,0.0,,,0,unreachable,individual fetch
USGS-362605114163001,,,0,0.0,0.0,,,0,unreachable,individual fetch
USGS-362734114124201,,,0,0.0,0.0,,,0,unreachable,individual fetch
USGS-373507121472101,2019-04-24 00:00:00.000001,2026-08-17 00:00:00.000001,980,,,,,980,reachable,screen
USGS-373559097165000,,,0,0.0,0.0,,,0,unreachable,individual fetch
USGS-381427121305401,,,0,0.0,0.0,,,0,unreachable,individual fetch
USGS-382628104493700,2001-10-01 00:00:00.000001,2026-08-17 00:00:00.000001,1826,,,,,1826,reachable,screen
USGS-382629104493000,2001-10-01 00:00:00.000001,2026-08-17 00:00:00.000001,1826,,,,,1826,reachable,screen
USGS-383103106594200,2017-11-16 00:00:00.000001,2026-08-19 00:00:00.000001,1826,,,,,1826,reachable,screen
USGS-383619104520401,2003-10-01 00:00:00.000001,2026-08-19 00:00:00.000001,1826,,,,,1826,reachable,screen
USGS-383637104531301,1998-10-01 00:00:00.000001,2026-08-17 00:00:00.000001,652,,,,,652,reachable,screen
USGS-383926107593001,2014-10-01 00:00:00.000001,2026-08-17 00:00:00.000001,1826,,,,,1826,reachable,screen
USGS-384037104472001,1998-10-01 00:00:00.000001,2026-08-18 00:00:00.000001,1826,,,,,1826,reachable,screen
USGS-384047104510301,2002-10-01 00:00:00.000001,2026-08-18 00:00:00.000001,1826,,,,,1826,reachable,screen
USGS-384048104504901,1998-10-01 00:00:00.000001,2026-08-18 00:00:00.000001,1826,,,,,1826,reachable,screen
USGS-385106106571000,2006-10-01 00:00:00.000001,2026-08-17 00:00:00.000001,1826,,,,,1826,reachable,screen
USGS-385450107015700,,,0,0.0,0.0,,,0,unreachable,individual fetch
USGS-391953108130201,2021-03-11 00:00:00.000001,2026-08-17 00:00:00.000001,661,,,,,661,reachable,screen
USGS-393109104464500,1991-10-01 00:00:00.000001,2026-08-17 00:00:00.000001,1826,,,,,1826,reachable,screen
USGS-394220106431500,2006-04-29 00:00:00.000001,2026-08-17 00:00:00.000001,1826,,,,,1826,reachable,screen
USGS-394329104490101,2012-03-01 00:00:00.000001,2026-08-17 00:00:00.000001,1344,,,,,1344,reachable,screen
USGS-394839104570300,1992-01-31 00:00:00.000001,2026-08-07 00:00:00.000001,1826,,,,,1826,reachable,screen
USGS-401530105475401,2021-04-24 00:00:00.000001,2024-10-21 00:00:00.000001,336,,,,,336,reachable,screen
USGS-401723105400000,1991-10-01 00:00:00.000001,2026-08-18 00:00:00.000001,1825,,,,,1825,reachable,screen
USGS-401733105392404,1983-09-30 00:00:00.000001,2026-08-18 00:00:00.000001,1825,,,,,1825,reachable,screen
USGS-402004090030901,2016-10-19 00:00:00.000001,2016-10-27 00:00:00.000001,0,0.0,18.0,2016-10-19 00:00:00,2016-10-27 00:00:00,0,unreachable,individual fetch
USGS-402114105350101,1995-10-01 00:00:00.000001,2026-08-18 00:00:00.000001,1826,,,,,1826,reachable,screen
USGS-402304084230100,,,0,0.0,0.0,,,0,unreachable,individual fetch
USGS-402913084285400,2008-10-01 00:00:00.000001,2026-08-18 00:00:00.000001,1826,,,,,1826,reachable,screen
USGS-402958084363300,2011-11-01 00:00:00.000001,2025-11-18 00:00:00.000001,1826,,,,,1826,reachable,screen
USGS-410014081362600,1998-06-01 00:00:00.000001,2026-08-18 00:00:00.000001,1826,,,,,1826,reachable,screen
USGS-410051081594500,2021-06-10 00:00:00.000001,2026-08-18 00:00:00.000001,570,,,,,570,reachable,screen
USGS-410121081330300,1998-06-12 00:00:00.000001,2026-08-18 00:00:00.000001,1826,,,,,1826,reachable,screen
USGS-410433081312500,1998-06-01 00:00:00.000001,2026-08-18 00:00:00.000001,1826,,,,,1826,reachable,screen
USGS-411403112200801,2005-03-01 00:00:00.000001,2007-07-05 00:00:00.000001,0,0.0,563.0,2005-03-01 00:00:00,2007-07-05 00:00:00,0,unreachable,individual fetch
USGS-411607084241200,2021-06-16 00:00:00.000001,2026-08-17 00:00:00.000001,564,,,,,564,reachable,screen
USGS-411610084240800,2023-08-20 00:00:00.000001,2026-08-18 00:00:00.000001,0,0.0,1058.0,2023-08-20 00:00:00,2026-08-18 00:00:00,0,unreachable,individual fetch
USGS-411955088280601,2013-11-28 00:00:00.000001,2021-12-06 00:00:00.000001,259,,,,,259,reachable,screen
USGS-412122083061400,,,0,0.0,0.0,,,0,unreachable,individual fetch
USGS-412141081412100,2009-10-01 00:00:00.000001,2024-09-29 00:00:00.000001,1826,,,,,1826,reachable,screen
USGS-412325081415500,2009-10-01 00:00:00.000001,2024-09-29 00:00:00.000001,1823,,,,,1823,reachable,screen
USGS-412453081395500,2013-07-01 00:00:00.000001,2026-08-18 00:00:00.000001,1826,,,,,1826,reachable,screen
USGS-412624081450700,2014-05-08 00:00:00.000001,2026-08-18 00:00:00.000001,1826,,,,,1826,reachable,screen
USGS-423815118453900,,,0,0.0,0.0,,,0,unreachable,individual fetch
USGS-425037087583301,,,0,0.0,0.0,,,0,unreachable,individual fetch
USGS-435300103270800,,,0,0.0,0.0,,,0,unreachable,individual fetch
USGS-441344122095400,2020-06-12 00:00:00.000001,2020-12-02 00:00:00.000001,173,,,,,173,reachable,screen
USGS-441400122123000,2020-06-12 00:00:00.000001,2020-12-01 00:00:00.000001,172,,,,,172,reachable,screen
USGS-441504122105500,2020-06-13 00:00:00.000001,2020-12-02 00:00:00.000001,173,,,,,173,reachable,screen
USGS-441520088045002,2014-03-12 00:00:00.000001,2026-08-18 00:00:00.000001,1374,,,,,1374,reachable,screen
USGS-452736122294900,2018-11-07 00:00:00.000001,2019-10-09 00:00:00.000001,337,,,,,337,reachable,screen
USGS-452755122234100,2013-01-01 00:00:00.000001,2019-10-14 00:00:00.000001,652,,,,,652,reachable,screen
USGS-452807122215001,2015-10-28 00:00:00.000001,2018-10-16 00:00:00.000001,289,,,,,289,reachable,screen
USGS-463138110580001,2020-04-18 00:00:00.000001,2020-07-13 00:00:00.000001,87,,,,,87,reachable,screen
USGS-480608115242901,2011-10-01 00:00:00.000001,2026-08-17 00:00:00.000001,1268,,,,,1268,reachable,screen
